close,score,num_confs,pattern_code,bias_bull,hour,dow,datetime,prob_win
3340.849,0,0,-1,1,6,4,2025-07-18 06:45:00+00:00,0.5394981369868005
3340.96,1,1,2,1,6,4,2025-07-18 06:50:00+00:00,0.5740907607133982
3342.043,1,1,-1,1,6,4,2025-07-18 06:55:00+00:00,0.5460994986775838
3342.476,1,1,2,1,7,4,2025-07-18 07:00:00+00:00,0.5294415419149949
3343.86,0,0,-1,1,7,4,2025-07-18 07:05:00+00:00,0.5254683457036556
3343.999,1,1,2,1,7,4,2025-07-18 07:10:00+00:00,0.5294415419149949
3344.719,0,0,-1,1,7,4,2025-07-18 07:15:00+00:00,0.5254683457036556
3346.023,0,0,-1,1,7,4,2025-07-18 07:20:00+00:00,0.5254683457036556
3345.377,1,1,-1,1,7,4,2025-07-18 07:25:00+00:00,0.5382944858401733
3346.363,2,2,1,1,7,4,2025-07-18 07:30:00+00:00,0.5207023197527442
3348.345,0,0,-1,1,7,4,2025-07-18 07:35:00+00:00,0.5254683457036556
3347.927,4,4,3,1,7,4,2025-07-18 07:40:00+00:00,0.4426930863023094
3348.309,2,2,-1,1,7,4,2025-07-18 07:45:00+00:00,0.5142050327139861
3348.855,0,0,-1,1,7,4,2025-07-18 07:50:00+00:00,0.5254683457036556
3349.823,2,2,-1,1,7,4,2025-07-18 07:55:00+00:00,0.5142050327139861
3349.91,1,1,2,1,8,4,2025-07-18 08:00:00+00:00,0.5294415419149949
3347.884,3,3,0,1,8,4,2025-07-18 08:05:00+00:00,0.4928274675876027
3347.231,0,0,-1,1,8,4,2025-07-18 08:10:00+00:00,0.5428946082484494
3346.686,2,2,-1,0,8,4,2025-07-18 08:15:00+00:00,0.5319121486334876
3347.047,2,2,2,0,8,4,2025-07-18 08:20:00+00:00,0.5189865200648272
3348.538,1,1,-1,0,8,4,2025-07-18 08:25:00+00:00,0.5328200282356809
3348.518,3,3,2,0,8,4,2025-07-18 08:30:00+00:00,0.4907125179069647
3347.802,3,3,0,0,8,4,2025-07-18 08:35:00+00:00,0.4998766322916937
3349.044,1,1,1,0,8,4,2025-07-18 08:40:00+00:00,0.535454469363242
3348.796,2,2,-1,0,8,4,2025-07-18 08:45:00+00:00,0.5319121486334876
3348.696,1,1,-1,0,8,4,2025-07-18 08:50:00+00:00,0.5328200282356809
3347.467,2,2,-1,0,8,4,2025-07-18 08:55:00+00:00,0.5319121486334876
3349.123,1,1,1,0,9,4,2025-07-18 09:00:00+00:00,0.537479525074939
3352.009,3,3,-1,1,9,4,2025-07-18 09:05:00+00:00,0.4928274675876027
3352.186,2,2,2,1,9,4,2025-07-18 09:10:00+00:00,0.5118179730725794
3351.474,3,3,0,1,9,4,2025-07-18 09:15:00+00:00,0.4928274675876027
3351.993,3,3,2,1,9,4,2025-07-18 09:20:00+00:00,0.4901683660837242
3351.888,3,3,3,1,9,4,2025-07-18 09:25:00+00:00,0.4903002190430018
3353.429,3,3,1,1,9,4,2025-07-18 09:30:00+00:00,0.4993322818267399
3354.449,3,3,-1,1,9,4,2025-07-18 09:35:00+00:00,0.4928274675876027
3353.374,3,3,0,1,9,4,2025-07-18 09:40:00+00:00,0.4928274675876027
3353.038,2,2,-1,1,9,4,2025-07-18 09:45:00+00:00,0.5144760046849097
3352.689,3,3,3,1,9,4,2025-07-18 09:50:00+00:00,0.4903002190430018
3352.322,1,1,-1,1,9,4,2025-07-18 09:55:00+00:00,0.53856407888256
3349.696,0,0,-1,1,10,4,2025-07-18 10:00:00+00:00,0.5399901052263136
3350.009,4,4,2,0,10,4,2025-07-18 10:05:00+00:00,0.4554832745770344
3351.366,1,1,-1,0,10,4,2025-07-18 10:10:00+00:00,0.5140825030473551
3350.129,2,2,-1,0,10,4,2025-07-18 10:15:00+00:00,0.5110729397902846
3351.041,2,2,-1,0,10,4,2025-07-18 10:20:00+00:00,0.5110729397902846
3350.493,1,1,-1,0,10,4,2025-07-18 10:25:00+00:00,0.5140825030473551
3351.265,2,2,1,0,10,4,2025-07-18 10:30:00+00:00,0.5352244605710558
3352.634,1,1,-1,0,10,4,2025-07-18 10:35:00+00:00,0.5140825030473551
3351.814,4,4,-1,1,10,4,2025-07-18 10:40:00+00:00,0.4637501886647852
3351.53,1,1,-1,1,10,4,2025-07-18 10:45:00+00:00,0.53565559452967
3351.007,1,1,-1,1,10,4,2025-07-18 10:50:00+00:00,0.53565559452967
3351.349,3,3,2,1,10,4,2025-07-18 10:55:00+00:00,0.5009396774025289
3352.453,2,2,-1,1,11,4,2025-07-18 11:00:00+00:00,0.5087942027220592
3352.685,3,3,-1,1,11,4,2025-07-18 11:05:00+00:00,0.4891625750684599
3352.924,3,3,2,1,11,4,2025-07-18 11:10:00+00:00,0.5001981835479058
3352.934,2,2,2,1,11,4,2025-07-18 11:15:00+00:00,0.5198220215998594
3353.456,3,3,-1,1,11,4,2025-07-18 11:20:00+00:00,0.4891625750684599
3353.016,2,2,-1,1,11,4,2025-07-18 11:25:00+00:00,0.5087942027220592
3353.535,4,4,1,0,11,4,2025-07-18 11:30:00+00:00,0.4509909476552571
3354.954,1,1,-1,0,11,4,2025-07-18 11:35:00+00:00,0.5113239532847247
3355.783,2,2,-1,0,11,4,2025-07-18 11:40:00+00:00,0.5083136457032096
3355.993,4,4,-1,1,11,4,2025-07-18 11:45:00+00:00,0.4637501886647852
3354.389,3,3,0,1,11,4,2025-07-18 11:50:00+00:00,0.4891625750684599
3354.435,4,4,2,1,11,4,2025-07-18 11:55:00+00:00,0.4549432913170073
3358.182,4,4,-1,1,12,4,2025-07-18 12:00:00+00:00,0.4637501886647852
3357.713,3,3,-1,1,12,4,2025-07-18 12:05:00+00:00,0.4891625750684599
3359.32,5,5,1,1,12,4,2025-07-18 12:10:00+00:00,0.4553973577895742
3359.022,3,3,-1,1,12,4,2025-07-18 12:15:00+00:00,0.4891625750684599
3357.829,5,5,-1,1,12,4,2025-07-18 12:20:00+00:00,0.4186760690718329
3357.919,5,5,2,1,12,4,2025-07-18 12:25:00+00:00,0.4651140536657129
3358.985,3,3,-1,1,12,4,2025-07-18 12:30:00+00:00,0.4891625750684599
3358.598,5,5,3,1,12,4,2025-07-18 12:35:00+00:00,0.4651140536657129
3360.589,5,5,1,1,12,4,2025-07-18 12:40:00+00:00,0.4553973577895742
3358.824,3,3,-1,1,12,4,2025-07-18 12:45:00+00:00,0.4891625750684599
3359.755,5,5,-1,1,12,4,2025-07-18 12:50:00+00:00,0.4186760690718329
3359.916,4,4,2,1,12,4,2025-07-18 12:55:00+00:00,0.4549432913170073
3357.955,5,5,0,0,13,4,2025-07-18 13:00:00+00:00,0.4505828163037124
3358.758,3,3,-1,0,13,4,2025-07-18 13:05:00+00:00,0.4931415808235598
3360.038,3,3,-1,0,13,4,2025-07-18 13:10:00+00:00,0.4931415808235598
3358.605,4,4,0,0,13,4,2025-07-18 13:15:00+00:00,0.4479529195120866
3357.979,5,5,-1,0,13,4,2025-07-18 13:20:00+00:00,0.4224997814826965
3358.133,4,4,-1,0,13,4,2025-07-18 13:25:00+00:00,0.4677117434303058
3356.063,3,3,0,0,13,4,2025-07-18 13:30:00+00:00,0.4931415808235598
3353.308,3,3,-1,0,13,4,2025-07-18 13:35:00+00:00,0.4931415808235598
3355.39,3,3,-1,0,13,4,2025-07-18 13:40:00+00:00,0.4931415808235598
3354.066,2,2,-1,0,13,4,2025-07-18 13:45:00+00:00,0.5497644753199267
3354.619,2,2,-1,0,13,4,2025-07-18 13:50:00+00:00,0.5497644753199267
3355.534,4,4,-1,0,13,4,2025-07-18 13:55:00+00:00,0.4677117434303058
3355.851,3,3,2,0,14,4,2025-07-18 14:00:00+00:00,0.4906760822460783
3356.753,4,4,-1,1,14,4,2025-07-18 14:05:00+00:00,0.4584492856885968
3354.944,3,3,0,1,14,4,2025-07-18 14:10:00+00:00,0.4838332790231241
3353.331,3,3,-1,0,14,4,2025-07-18 14:15:00+00:00,0.4908783105631826
3355.571,4,4,1,0,14,4,2025-07-18 14:20:00+00:00,0.4457146676606163
3354.133,3,3,-1,0,14,4,2025-07-18 14:25:00+00:00,0.4908783105631826
3355.473,3,3,-1,0,14,4,2025-07-18 14:30:00+00:00,0.4908783105631826
3355.319,5,5,3,1,14,4,2025-07-18 14:35:00+00:00,0.4616357841513537
3354.911,3,3,3,1,14,4,2025-07-18 14:40:00+00:00,0.4901319319425145
3355.202,3,3,2,1,14,4,2025-07-18 14:45:00+00:00,0.4901319319425145
3354.712,4,4,0,1,14,4,2025-07-18 14:50:00+00:00,0.4387592174602397
3354.707,2,2,2,1,14,4,2025-07-18 14:55:00+00:00,0.5174986719742637
3354.393,2,2,0,1,15,4,2025-07-18 15:00:00+00:00,0.509558529288303
3354.258,1,1,-1,1,15,4,2025-07-18 15:05:00+00:00,0.5326148570629732
3353.028,2,2,-1,1,15,4,2025-07-18 15:10:00+00:00,0.509558529288303
3353.735,4,4,-1,0,15,4,2025-07-18 15:15:00+00:00,0.4686551713853848
3353.967,3,3,2,0,15,4,2025-07-18 15:20:00+00:00,0.5279543983954481
3353.857,4,4,3,0,15,4,2025-07-18 15:25:00+00:00,0.4643751564153135
3352.627,3,3,-1,0,15,4,2025-07-18 15:30:00+00:00,0.4940886899463214
3353.656,2,2,-1,0,15,4,2025-07-18 15:35:00+00:00,0.5516523710455968
3355.235,1,1,-1,0,15,4,2025-07-18 15:40:00+00:00,0.5535829948170473
3355.119,5,5,3,1,15,4,2025-07-18 15:45:00+00:00,0.464829525473763
3354.41,3,3,-1,1,15,4,2025-07-18 15:50:00+00:00,0.4870416601853423
3353.654,2,2,-1,1,15,4,2025-07-18 15:55:00+00:00,0.509558529288303
3354.729,3,3,1,1,16,4,2025-07-18 16:00:00+00:00,0.5041547940543144
3353.248,3,3,0,1,16,4,2025-07-18 16:05:00+00:00,0.4976496011066507
3351.42,2,2,-1,0,16,4,2025-07-18 16:10:00+00:00,0.5292176819957273
3353.417,3,3,1,0,16,4,2025-07-18 16:15:00+00:00,0.5046991021874551
3352.894,4,4,3,0,16,4,2025-07-18 16:20:00+00:00,0.48165048805187
3353.527,3,3,1,0,16,4,2025-07-18 16:25:00+00:00,0.5046991021874551
3356.355,2,2,-1,0,16,4,2025-07-18 16:30:00+00:00,0.5292176819957273
3355.097,4,4,-1,1,16,4,2025-07-18 16:35:00+00:00,0.4801276510756102
3354.479,3,3,-1,1,16,4,2025-07-18 16:40:00+00:00,0.4976496011066507
3354.642,3,3,2,1,16,4,2025-07-18 16:45:00+00:00,0.5470941117320566
3352.757,4,4,0,0,16,4,2025-07-18 16:50:00+00:00,0.461381292993592
3353.732,2,2,-1,0,16,4,2025-07-18 16:55:00+00:00,0.5292176819957273
3352.677,3,3,0,0,17,4,2025-07-18 17:00:00+00:00,0.5009609129675338
3352.912,2,2,-1,0,17,4,2025-07-18 17:05:00+00:00,0.5029497967624985
3352.208,2,2,0,0,17,4,2025-07-18 17:10:00+00:00,0.5029497967624985
3352.411,2,2,-1,0,17,4,2025-07-18 17:15:00+00:00,0.5029497967624985
3352.023,4,4,0,0,17,4,2025-07-18 17:20:00+00:00,0.4576674818682648
3351.816,1,1,-1,0,17,4,2025-07-18 17:25:00+00:00,0.5156830007651482
3351.888,3,3,2,0,17,4,2025-07-18 17:30:00+00:00,0.5395078451798575
3351.816,2,2,3,0,17,4,2025-07-18 17:35:00+00:00,0.5414837127951935
3351.491,1,1,-1,0,17,4,2025-07-18 17:40:00+00:00,0.5156830007651482
3351.182,0,0,-1,0,17,4,2025-07-18 17:45:00+00:00,0.5232381342101535
3351.331,1,1,-1,0,17,4,2025-07-18 17:50:00+00:00,0.5156830007651482
3352.223,1,1,-1,0,17,4,2025-07-18 17:55:00+00:00,0.5156830007651482
3352.911,2,2,-1,0,18,4,2025-07-18 18:00:00+00:00,0.502362757401561
3351.089,1,1,0,0,18,4,2025-07-18 18:05:00+00:00,0.4941639912656829
3350.489,0,0,-1,0,18,4,2025-07-18 18:10:00+00:00,0.528042571127843
3351.125,4,4,1,0,18,4,2025-07-18 18:15:00+00:00,0.4570846921882196
3352.018,2,2,-1,0,18,4,2025-07-18 18:20:00+00:00,0.502362757401561
3351.674,2,2,-1,0,18,4,2025-07-18 18:25:00+00:00,0.502362757401561
3351.99,4,4,1,0,18,4,2025-07-18 18:30:00+00:00,0.4570846921882196
3352.147,1,1,-1,0,18,4,2025-07-18 18:35:00+00:00,0.4941639912656829
3351.409,2,2,0,0,18,4,2025-07-18 18:40:00+00:00,0.502362757401561
3351.731,4,4,-1,0,18,4,2025-07-18 18:45:00+00:00,0.4828481842727212
3351.33,2,2,0,0,18,4,2025-07-18 18:50:00+00:00,0.502362757401561
3351.365,3,3,2,0,18,4,2025-07-18 18:55:00+00:00,0.538924400594876
3352.417,1,1,-1,0,19,4,2025-07-18 19:00:00+00:00,0.5020985400111196
3351.848,4,4,-1,1,19,4,2025-07-18 19:05:00+00:00,0.4699018261888738
3351.491,3,3,-1,0,19,4,2025-07-18 19:10:00+00:00,0.5017390786468698
3351.398,2,2,3,0,19,4,2025-07-18 19:15:00+00:00,0.5543066779119681
3350.931,0,0,-1,0,19,4,2025-07-18 19:20:00+00:00,0.5359447411989018
3350.685,1,1,3,0,19,4,2025-07-18 19:25:00+00:00,0.5441440203156194
3349.102,0,0,-1,0,19,4,2025-07-18 19:30:00+00:00,0.5359447411989018
3348.662,2,2,-1,0,19,4,2025-07-18 19:35:00+00:00,0.5133912552330506
3349.32,2,2,1,0,19,4,2025-07-18 19:40:00+00:00,0.5158869395635753
3348.841,2,2,-1,0,19,4,2025-07-18 19:45:00+00:00,0.5133912552330506
3348.165,0,0,-1,0,19,4,2025-07-18 19:50:00+00:00,0.5359447411989018
3348.325,4,4,2,0,19,4,2025-07-18 19:55:00+00:00,0.4788289265485139
3348.077,1,1,3,0,20,4,2025-07-18 20:00:00+00:00,0.5441440203156194
3349.136,2,2,1,0,20,4,2025-07-18 20:05:00+00:00,0.5158869395635753
3349.946,0,0,-1,0,20,4,2025-07-18 20:10:00+00:00,0.5359447411989018
3349.916,4,4,3,1,20,4,2025-07-18 20:15:00+00:00,0.4653836101506315
3349.852,2,2,3,1,20,4,2025-07-18 20:20:00+00:00,0.5577479323768934
3349.82,2,2,3,1,20,4,2025-07-18 20:25:00+00:00,0.5577479323768934
3349.316,2,2,-1,1,20,4,2025-07-18 20:30:00+00:00,0.508543116407468
3349.727,1,1,-1,1,20,4,2025-07-18 20:35:00+00:00,0.5230824294455692
3351.062,0,0,-1,1,20,4,2025-07-18 20:40:00+00:00,0.5577281981211542
3351.654,3,3,-1,1,20,4,2025-07-18 20:45:00+00:00,0.4933047810374504
3350.811,2,2,0,1,20,4,2025-07-18 20:50:00+00:00,0.5044833683141287
3350.395,1,1,-1,1,20,4,2025-07-18 20:55:00+00:00,0.5230824294455692
3347.114,0,0,-1,1,22,6,2025-07-20 22:05:00+00:00,0.5654806458878306
3346.941,1,1,3,1,22,6,2025-07-20 22:10:00+00:00,0.5735916548977261
3345.478,0,0,-1,1,22,6,2025-07-20 22:15:00+00:00,0.5654806458878306
3347.636,4,4,1,0,22,6,2025-07-20 22:20:00+00:00,0.5200110419740007
3347.958,1,1,-1,0,22,6,2025-07-20 22:25:00+00:00,0.5365526994502223
3348.082,1,1,2,0,22,6,2025-07-20 22:30:00+00:00,0.5645095823881293
3347.6,3,3,0,0,22,6,2025-07-20 22:35:00+00:00,0.5145421066749492
3347.479,2,2,3,0,22,6,2025-07-20 22:40:00+00:00,0.5726217528673088
3346.892,0,0,-1,0,22,6,2025-07-20 22:45:00+00:00,0.5557618067589796
3347.143,3,3,2,0,22,6,2025-07-20 22:50:00+00:00,0.5481086974998245
3347.755,1,1,-1,0,22,6,2025-07-20 22:55:00+00:00,0.5365526994502223
3347.095,4,4,3,1,23,6,2025-07-20 23:00:00+00:00,0.5846736560847232
3346.842,0,0,-1,1,23,6,2025-07-20 23:05:00+00:00,0.5479429541381535
3346.166,0,0,-1,1,23,6,2025-07-20 23:10:00+00:00,0.5479429541381535
3345.992,2,2,-1,0,23,6,2025-07-20 23:15:00+00:00,0.4907512948271521
3346.211,2,2,2,0,23,6,2025-07-20 23:20:00+00:00,0.5387115203029401
3346.513,2,2,-1,0,23,6,2025-07-20 23:25:00+00:00,0.4907512948271521
3346.486,3,3,2,0,23,6,2025-07-20 23:30:00+00:00,0.5307745150601572
3346.747,0,0,-1,0,23,6,2025-07-20 23:35:00+00:00,0.4749042418106287
3346.907,0,0,-1,0,23,6,2025-07-20 23:40:00+00:00,0.4749042418106287
3347.692,0,0,-1,0,23,6,2025-07-20 23:45:00+00:00,0.4749042418106287
3349.286,2,2,-1,1,23,6,2025-07-20 23:50:00+00:00,0.5544750340347787
3349.122,1,1,-1,1,23,6,2025-07-20 23:55:00+00:00,0.5375719714276818
3348.701,2,2,-1,1,0,0,2025-07-21 00:00:00+00:00,0.4750556442152475
3349.852,1,1,1,1,0,0,2025-07-21 00:05:00+00:00,0.5194228863810326
3350.332,1,1,2,1,0,0,2025-07-21 00:10:00+00:00,0.5320189549483254
3350.834,2,2,-1,1,0,0,2025-07-21 00:15:00+00:00,0.4750556442152475
3350.319,1,1,-1,1,0,0,2025-07-21 00:20:00+00:00,0.512667118144172
3351.775,2,2,1,1,0,0,2025-07-21 00:25:00+00:00,0.4903483424926873
3353.048,1,1,-1,1,0,0,2025-07-21 00:30:00+00:00,0.512667118144172
3353.67,1,1,-1,1,0,0,2025-07-21 00:35:00+00:00,0.512667118144172
3353.565,4,4,3,1,0,0,2025-07-21 00:40:00+00:00,0.435089057496821
3354.094,2,2,1,1,0,0,2025-07-21 00:45:00+00:00,0.4903483424926873
3353.082,5,5,0,0,0,0,2025-07-21 00:50:00+00:00,0.4974943420324768
3352.272,1,1,-1,0,0,0,2025-07-21 00:55:00+00:00,0.4843528502315465
3353.913,5,5,1,0,1,0,2025-07-21 01:00:00+00:00,0.4702887440650979
3357.297,2,2,-1,0,1,0,2025-07-21 01:05:00+00:00,0.48541948465804
3356.962,3,3,-1,0,1,0,2025-07-21 01:10:00+00:00,0.5037619225001537
3356.723,5,5,3,0,1,0,2025-07-21 01:15:00+00:00,0.4835086202459908
3357.676,3,3,1,0,1,0,2025-07-21 01:20:00+00:00,0.5017271350179527
3358.059,2,2,-1,0,1,0,2025-07-21 01:25:00+00:00,0.48541948465804
3358.13,5,5,2,1,1,0,2025-07-21 01:30:00+00:00,0.4638035532488359
3357.409,4,4,0,1,1,0,2025-07-21 01:35:00+00:00,0.4315606369253443
3356.775,3,3,-1,1,1,0,2025-07-21 01:40:00+00:00,0.4843800194205421
3356.798,6,6,3,0,1,0,2025-07-21 01:45:00+00:00,0.2515840465738477
3357.024,4,4,1,0,1,0,2025-07-21 01:50:00+00:00,0.4486621084567965
3356.425,4,4,0,0,1,0,2025-07-21 01:55:00+00:00,0.4506763385536966
3355.288,1,1,-1,0,2,0,2025-07-21 02:00:00+00:00,0.4834326877735304
3354.578,1,1,-1,0,2,0,2025-07-21 02:05:00+00:00,0.4834326877735304
3354.256,3,3,-1,0,2,0,2025-07-21 02:10:00+00:00,0.5011093185685249
3355.569,4,4,1,0,2,0,2025-07-21 02:15:00+00:00,0.4486621084567965
3356.226,3,3,-1,0,2,0,2025-07-21 02:20:00+00:00,0.5011093185685249
3356.972,2,2,-1,0,2,0,2025-07-21 02:25:00+00:00,0.4827695021409409
3354.496,4,4,0,0,2,0,2025-07-21 02:30:00+00:00,0.4480508780860833
3354.104,1,1,-1,0,2,0,2025-07-21 02:35:00+00:00,0.4834326877735304
3353.023,1,1,-1,0,2,0,2025-07-21 02:40:00+00:00,0.4834326877735304
3352.565,3,3,-1,0,2,0,2025-07-21 02:45:00+00:00,0.5011093185685249
3353.389,3,3,1,0,2,0,2025-07-21 02:50:00+00:00,0.5017271350179527
3354.098,2,2,-1,0,2,0,2025-07-21 02:55:00+00:00,0.4827695021409409
3353.983,4,4,3,0,3,0,2025-07-21 03:00:00+00:00,0.4676644136427542
3354.602,2,2,1,0,3,0,2025-07-21 03:05:00+00:00,0.5036316996534888
3356.267,2,2,-1,0,3,0,2025-07-21 03:10:00+00:00,0.5055037991491503
3355.731,5,5,-1,1,3,0,2025-07-21 03:15:00+00:00,0.4018034414261379
3354.924,2,2,-1,1,3,0,2025-07-21 03:20:00+00:00,0.4918515635628364
3354.798,2,2,-1,1,3,0,2025-07-21 03:25:00+00:00,0.4918515635628364
3353.62,1,1,-1,1,3,0,2025-07-21 03:30:00+00:00,0.5125439187744583
3352.046,1,1,-1,1,3,0,2025-07-21 03:35:00+00:00,0.5125439187744583
3352.513,2,2,-1,1,3,0,2025-07-21 03:40:00+00:00,0.4918515635628364
3351.476,2,2,0,1,3,0,2025-07-21 03:45:00+00:00,0.4918515635628364
3351.282,1,1,3,1,3,0,2025-07-21 03:50:00+00:00,0.526169060627844
3351.286,2,2,2,1,3,0,2025-07-21 03:55:00+00:00,0.5116020528910271
3351.118,1,1,3,1,4,0,2025-07-21 04:00:00+00:00,0.5236361639337863
3352.128,5,5,1,0,4,0,2025-07-21 04:05:00+00:00,0.4574001023368727
3351.265,1,1,-1,0,4,0,2025-07-21 04:10:00+00:00,0.5170716365683116
3352.577,3,3,1,0,4,0,2025-07-21 04:15:00+00:00,0.5000262475412968
3353.329,1,1,-1,0,4,0,2025-07-21 04:20:00+00:00,0.5170716365683116
3354.745,1,1,-1,0,4,0,2025-07-21 04:25:00+00:00,0.5170716365683116
3355.754,2,2,-1,0,4,0,2025-07-21 04:30:00+00:00,0.5169795536807296
3355.737,4,4,3,0,4,0,2025-07-21 04:35:00+00:00,0.4659710121266371
3356.836,3,3,1,0,4,0,2025-07-21 04:40:00+00:00,0.5000262475412968
3356.884,3,3,2,0,4,0,2025-07-21 04:45:00+00:00,0.5213792864437693
3358.034,2,2,-1,0,4,0,2025-07-21 04:50:00+00:00,0.5169795536807296
3357.812,3,3,-1,0,4,0,2025-07-21 04:55:00+00:00,0.5000262475412968
3359.043,3,3,1,0,5,0,2025-07-21 05:00:00+00:00,0.4870522511534974
3359.649,2,2,-1,0,5,0,2025-07-21 05:05:00+00:00,0.5169795536807296
3362.843,2,2,-1,0,5,0,2025-07-21 05:10:00+00:00,0.5169795536807296
3363.835,2,2,-1,0,5,0,2025-07-21 05:15:00+00:00,0.5169795536807296
3365.115,2,2,-1,0,5,0,2025-07-21 05:20:00+00:00,0.5169795536807296
3367.073,2,2,-1,0,5,0,2025-07-21 05:25:00+00:00,0.5169795536807296
3368.962,3,3,-1,0,5,0,2025-07-21 05:30:00+00:00,0.4870522511534974
3367.119,5,5,-1,1,5,0,2025-07-21 05:35:00+00:00,0.4007625874002936
3367.292,5,5,2,1,5,0,2025-07-21 05:40:00+00:00,0.4655155641301213
3367.514,5,5,2,1,5,0,2025-07-21 05:45:00+00:00,0.4655155641301213
3367.173,5,5,3,1,5,0,2025-07-21 05:50:00+00:00,0.4655155641301213
3366.661,2,2,-1,1,5,0,2025-07-21 05:55:00+00:00,0.4907688182826035
3366.063,5,5,3,1,6,0,2025-07-21 06:00:00+00:00,0.4811482224684369
3367.339,6,6,1,0,6,0,2025-07-21 06:05:00+00:00,0.2486522050957904
3366.853,3,3,-1,0,6,0,2025-07-21 06:10:00+00:00,0.4948083277448235
3367.804,5,5,1,1,6,0,2025-07-21 06:15:00+00:00,0.4669409227959783
3368.235,2,2,-1,1,6,0,2025-07-21 06:20:00+00:00,0.4985265588094286
3369.842,2,2,-1,1,6,0,2025-07-21 06:25:00+00:00,0.4985265588094286
3370.001,2,2,-1,1,6,0,2025-07-21 06:30:00+00:00,0.4985265588094286
3369.363,6,6,0,1,6,0,2025-07-21 06:35:00+00:00,0.382166287385216
3368.905,4,4,-1,1,6,0,2025-07-21 06:40:00+00:00,0.4515679725612681
3370.225,3,3,1,1,6,0,2025-07-21 06:45:00+00:00,0.4936241512050858
3369.109,4,4,-1,1,6,0,2025-07-21 06:50:00+00:00,0.4515679725612681
3368.384,2,2,-1,1,6,0,2025-07-21 06:55:00+00:00,0.4985265588094286
3369.873,6,6,1,0,7,0,2025-07-21 07:00:00+00:00,0.2426238754740376
3369.187,3,3,-1,0,7,0,2025-07-21 07:05:00+00:00,0.4866777738113614
3368.216,2,2,-1,0,7,0,2025-07-21 07:10:00+00:00,0.5233216138745658
3366.645,2,2,-1,0,7,0,2025-07-21 07:15:00+00:00,0.5233216138745658
3364.974,4,4,-1,0,7,0,2025-07-21 07:20:00+00:00,0.4511282954231531
3365.996,3,3,-1,0,7,0,2025-07-21 07:25:00+00:00,0.4866777738113614
3366.666,3,3,-1,0,7,0,2025-07-21 07:30:00+00:00,0.4866777738113614
3366.904,4,4,-1,0,7,0,2025-07-21 07:35:00+00:00,0.4511282954231531
3365.689,4,4,0,0,7,0,2025-07-21 07:40:00+00:00,0.4315021228172707
3365.879,3,3,-1,0,7,0,2025-07-21 07:45:00+00:00,0.4866777738113614
3364.473,3,3,0,0,7,0,2025-07-21 07:50:00+00:00,0.4866777738113614
3364.763,4,4,2,0,7,0,2025-07-21 07:55:00+00:00,0.4215499623512416
3364.212,5,5,0,0,8,0,2025-07-21 08:00:00+00:00,0.4512931346191804
3363.873,2,2,-1,0,8,0,2025-07-21 08:05:00+00:00,0.5225966182303055
3364.095,4,4,-1,0,8,0,2025-07-21 08:10:00+00:00,0.450408811551724
3364.214,4,4,2,0,8,0,2025-07-21 08:15:00+00:00,0.4215499623512416
3365.063,4,4,-1,0,8,0,2025-07-21 08:20:00+00:00,0.450408811551724
3365.527,2,2,-1,0,8,0,2025-07-21 08:25:00+00:00,0.5225966182303055
3365.916,4,4,2,0,8,0,2025-07-21 08:30:00+00:00,0.4215499623512416
3365.395,6,6,0,1,8,0,2025-07-21 08:35:00+00:00,0.3799402274353252
3365.187,5,5,-1,0,8,0,2025-07-21 08:40:00+00:00,0.4029337961649749
3366.207,3,3,1,0,8,0,2025-07-21 08:45:00+00:00,0.4859517905662738
3365.86,4,4,-1,0,8,0,2025-07-21 08:50:00+00:00,0.450408811551724
3365.909,4,4,2,0,8,0,2025-07-21 08:55:00+00:00,0.4215499623512416
3366.068,5,5,2,0,9,0,2025-07-21 09:00:00+00:00,0.4448389166566123
3364.622,4,4,0,0,9,0,2025-07-21 09:05:00+00:00,0.434783178697943
3365.47,5,5,-1,1,9,0,2025-07-21 09:10:00+00:00,0.3673974832414942
3365.821,3,3,-1,1,9,0,2025-07-21 09:15:00+00:00,0.4738603931215714
3365.735,3,3,-1,1,9,0,2025-07-21 09:20:00+00:00,0.4738603931215714
3365.062,3,3,-1,1,9,0,2025-07-21 09:25:00+00:00,0.4738603931215714
3364.0,4,4,-1,0,9,0,2025-07-21 09:30:00+00:00,0.4544392922441966
3363.61,2,2,-1,0,9,0,2025-07-21 09:35:00+00:00,0.4724970042852149
3364.058,6,6,2,0,9,0,2025-07-21 09:40:00+00:00,0.2413949352495487
3364.15,4,4,2,0,9,0,2025-07-21 09:45:00+00:00,0.4255221451790333
3365.26,3,3,-1,0,9,0,2025-07-21 09:50:00+00:00,0.4805382958608004
3366.005,2,2,-1,0,9,0,2025-07-21 09:55:00+00:00,0.4724970042852149
3367.582,2,2,-1,0,10,0,2025-07-21 10:00:00+00:00,0.481343977181927
3367.14,5,5,-1,1,10,0,2025-07-21 10:05:00+00:00,0.3662517815709973
3367.445,3,3,-1,1,10,0,2025-07-21 10:10:00+00:00,0.4709447081122815
3366.361,4,4,0,1,10,0,2025-07-21 10:15:00+00:00,0.4253550762396209
3365.483,2,2,-1,1,10,0,2025-07-21 10:20:00+00:00,0.4792866661744114
3365.364,3,3,3,1,10,0,2025-07-21 10:25:00+00:00,0.5118917316485473
3363.18,2,2,-1,1,10,0,2025-07-21 10:30:00+00:00,0.4792866661744114
3363.809,5,5,-1,0,10,0,2025-07-21 10:35:00+00:00,0.3684473192000034
3363.569,3,3,-1,0,10,0,2025-07-21 10:40:00+00:00,0.4776188215679268
3364.102,4,4,1,0,10,0,2025-07-21 10:45:00+00:00,0.4319105560273172
3364.879,3,3,-1,0,10,0,2025-07-21 10:50:00+00:00,0.4776188215679268
3365.996,2,2,-1,0,10,0,2025-07-21 10:55:00+00:00,0.481343977181927
3366.975,2,2,-1,0,11,0,2025-07-21 11:00:00+00:00,0.4897570453747293
3367.892,2,2,-1,0,11,0,2025-07-21 11:05:00+00:00,0.4897570453747293
3369.397,2,2,-1,0,11,0,2025-07-21 11:10:00+00:00,0.4897570453747293
3370.33,2,2,-1,0,11,0,2025-07-21 11:15:00+00:00,0.4897570453747293
3371.713,2,2,-1,0,11,0,2025-07-21 11:20:00+00:00,0.4897570453747293
3373.498,4,4,-1,1,11,0,2025-07-21 11:25:00+00:00,0.4449204732250081
3371.99,4,4,-1,1,11,0,2025-07-21 11:30:00+00:00,0.4449204732250081
3371.704,3,3,-1,1,11,0,2025-07-21 11:35:00+00:00,0.4696459042140226
3373.827,3,3,1,1,11,0,2025-07-21 11:40:00+00:00,0.4761319919682708
3373.94,5,5,2,1,11,0,2025-07-21 11:45:00+00:00,0.4465515828783533
3373.659,5,5,3,1,11,0,2025-07-21 11:50:00+00:00,0.4465515828783533
3375.302,3,3,1,1,11,0,2025-07-21 11:55:00+00:00,0.4761319919682708
3376.071,4,4,-1,1,12,0,2025-07-21 12:00:00+00:00,0.4449204732250081
3375.903,4,4,3,1,12,0,2025-07-21 12:05:00+00:00,0.4658283823134305
3376.003,5,5,2,1,12,0,2025-07-21 12:10:00+00:00,0.4465515828783533
3378.159,2,2,-1,1,12,0,2025-07-21 12:15:00+00:00,0.4764430747288263
3380.895,2,2,-1,1,12,0,2025-07-21 12:20:00+00:00,0.4764430747288263
3381.604,2,2,-1,1,12,0,2025-07-21 12:25:00+00:00,0.4764430747288263
3383.937,2,2,-1,1,12,0,2025-07-21 12:30:00+00:00,0.4764430747288263
3385.096,2,2,-1,1,12,0,2025-07-21 12:35:00+00:00,0.4764430747288263
3385.846,4,4,-1,1,12,0,2025-07-21 12:40:00+00:00,0.4449204732250081
3386.451,3,3,2,1,12,0,2025-07-21 12:45:00+00:00,0.5105889861284107
3387.018,4,4,-1,1,12,0,2025-07-21 12:50:00+00:00,0.4449204732250081
3387.23,3,3,2,1,12,0,2025-07-21 12:55:00+00:00,0.5105889861284107
3388.677,3,3,-1,1,13,0,2025-07-21 13:00:00+00:00,0.4564648157966919
3387.554,5,5,-1,1,13,0,2025-07-21 13:05:00+00:00,0.3893318204618569
3386.668,3,3,-1,1,13,0,2025-07-21 13:10:00+00:00,0.4564648157966919
3389.14,4,4,1,1,13,0,2025-07-21 13:15:00+00:00,0.4187702315286737
3388.239,5,5,-1,1,13,0,2025-07-21 13:20:00+00:00,0.3893318204618569
3386.932,3,3,-1,1,13,0,2025-07-21 13:25:00+00:00,0.4564648157966919
3386.691,5,5,-1,0,13,0,2025-07-21 13:30:00+00:00,0.4042812885881161
3388.442,4,4,1,0,13,0,2025-07-21 13:35:00+00:00,0.4319105560273172
3389.285,2,2,-1,0,13,0,2025-07-21 13:40:00+00:00,0.4830047107014497
3391.252,4,4,-1,1,13,0,2025-07-21 13:45:00+00:00,0.4318682490725056
3389.669,3,3,-1,1,13,0,2025-07-21 13:50:00+00:00,0.4564648157966919
3388.615,3,3,-1,1,13,0,2025-07-21 13:55:00+00:00,0.4564648157966919
3388.755,5,5,2,1,14,0,2025-07-21 14:00:00+00:00,0.4399540276063564
3391.434,2,2,-1,1,14,0,2025-07-21 14:05:00+00:00,0.4764430747288263
3394.674,2,2,-1,1,14,0,2025-07-21 14:10:00+00:00,0.4764430747288263
3394.727,3,3,2,1,14,0,2025-07-21 14:15:00+00:00,0.4973363587479096
3396.015,3,3,-1,1,14,0,2025-07-21 14:20:00+00:00,0.4564648157966919
3397.714,3,3,-1,1,14,0,2025-07-21 14:25:00+00:00,0.4564648157966919
3399.736,3,3,-1,1,14,0,2025-07-21 14:30:00+00:00,0.4564648157966919
3399.957,4,4,2,1,14,0,2025-07-21 14:35:00+00:00,0.4526629891249278
3399.751,7,7,3,1,14,0,2025-07-21 14:40:00+00:00,0.3763171382187408
3398.189,5,5,-1,1,14,0,2025-07-21 14:45:00+00:00,0.3893318204618569
3399.984,4,4,1,1,14,0,2025-07-21 14:50:00+00:00,0.4187702315286737
3400.342,5,5,2,1,14,0,2025-07-21 14:55:00+00:00,0.4399540276063564
3399.446,5,5,0,1,15,0,2025-07-21 15:00:00+00:00,0.4175675236980531
3399.094,5,5,3,1,15,0,2025-07-21 15:05:00+00:00,0.4399540276063564
3396.728,3,3,-1,1,15,0,2025-07-21 15:10:00+00:00,0.4564648157966919
3398.658,6,6,-1,0,15,0,2025-07-21 15:15:00+00:00,0.4086473126170681
3400.482,3,3,-1,0,15,0,2025-07-21 15:20:00+00:00,0.4763181828959815
3400.036,6,6,-1,1,15,0,2025-07-21 15:25:00+00:00,0.280163662897614
3400.381,5,5,2,1,15,0,2025-07-21 15:30:00+00:00,0.4399540276063564
3396.783,6,6,0,1,15,0,2025-07-21 15:35:00+00:00,0.300393065723938
3396.626,4,4,3,1,15,0,2025-07-21 15:40:00+00:00,0.4295338448991133
3398.729,6,6,1,1,15,0,2025-07-21 15:45:00+00:00,0.304472077990331
3397.965,4,4,-1,1,15,0,2025-07-21 15:50:00+00:00,0.4318682490725056
3397.994,7,7,2,1,15,0,2025-07-21 15:55:00+00:00,0.3206740334635588
3397.747,6,6,3,1,16,0,2025-07-21 16:00:00+00:00,0.3426151073468182
3398.22,5,5,1,1,16,0,2025-07-21 16:05:00+00:00,0.4422105045936797
3397.863,6,6,3,1,16,0,2025-07-21 16:10:00+00:00,0.3426151073468182
3398.087,7,7,2,0,16,0,2025-07-21 16:15:00+00:00,0.4459884001900023
3397.93,5,5,3,0,16,0,2025-07-21 16:20:00+00:00,0.4521396871352686
3396.961,4,4,-1,0,16,0,2025-07-21 16:25:00+00:00,0.4631554699222483
3398.371,4,4,1,0,16,0,2025-07-21 16:30:00+00:00,0.4375537055378036
3396.883,6,6,0,1,16,0,2025-07-21 16:35:00+00:00,0.3162894958682494
3395.848,3,3,-1,1,16,0,2025-07-21 16:40:00+00:00,0.4756208735267575
3395.622,3,3,-1,1,16,0,2025-07-21 16:45:00+00:00,0.4756208735267575
3394.647,4,4,-1,0,16,0,2025-07-21 16:50:00+00:00,0.4631554699222483
3395.595,5,5,1,0,16,0,2025-07-21 16:55:00+00:00,0.4404469919290427
3394.258,4,4,0,0,17,0,2025-07-21 17:00:00+00:00,0.4328336471953022
3393.558,2,2,-1,0,17,0,2025-07-21 17:05:00+00:00,0.4610021208988765
3393.114,2,2,-1,0,17,0,2025-07-21 17:10:00+00:00,0.4610021208988765
3392.284,2,2,-1,0,17,0,2025-07-21 17:15:00+00:00,0.4610021208988765
3391.826,3,3,3,0,17,0,2025-07-21 17:20:00+00:00,0.5296984966193298
3392.251,5,5,-1,0,17,0,2025-07-21 17:25:00+00:00,0.3953568985252555
3392.667,4,4,-1,0,17,0,2025-07-21 17:30:00+00:00,0.4583843144009338
3392.578,4,4,3,0,17,0,2025-07-21 17:35:00+00:00,0.4660690530602819
3391.994,4,4,-1,0,17,0,2025-07-21 17:40:00+00:00,0.4583843144009338
3392.771,3,3,1,0,17,0,2025-07-21 17:45:00+00:00,0.49110497219949
3393.081,2,2,-1,0,17,0,2025-07-21 17:50:00+00:00,0.4610021208988765
3393.224,2,2,-1,0,17,0,2025-07-21 17:55:00+00:00,0.4610021208988765
3394.253,2,2,-1,0,18,0,2025-07-21 18:00:00+00:00,0.4610021208988765
3394.235,6,6,2,1,18,0,2025-07-21 18:05:00+00:00,0.3078781364185695
3394.013,5,5,3,1,18,0,2025-07-21 18:10:00+00:00,0.447309890658968
3394.815,4,4,1,1,18,0,2025-07-21 18:15:00+00:00,0.4453536046701206
3394.68,4,4,3,1,18,0,2025-07-21 18:20:00+00:00,0.456264122562374
3394.462,4,4,-1,1,18,0,2025-07-21 18:25:00+00:00,0.4513921625170656
3394.016,3,3,-1,1,18,0,2025-07-21 18:30:00+00:00,0.4708339285090482
3394.17,5,5,2,1,18,0,2025-07-21 18:35:00+00:00,0.447309890658968
3393.593,3,3,0,1,18,0,2025-07-21 18:40:00+00:00,0.4708339285090482
3394.409,6,6,1,0,18,0,2025-07-21 18:45:00+00:00,0.4262888747160115
3394.47,3,3,2,0,18,0,2025-07-21 18:50:00+00:00,0.5296984966193298
3395.333,3,3,-1,0,18,0,2025-07-21 18:55:00+00:00,0.4778649145196142
3395.937,3,3,-1,0,19,0,2025-07-21 19:00:00+00:00,0.4805849406446651
3396.21,4,4,2,0,19,0,2025-07-21 19:05:00+00:00,0.468782218421364
3397.302,3,3,-1,0,19,0,2025-07-21 19:10:00+00:00,0.4805849406446651
3398.489,3,3,-1,0,19,0,2025-07-21 19:15:00+00:00,0.4805849406446651
3397.643,6,6,-1,1,19,0,2025-07-21 19:20:00+00:00,0.289707259095716
3398.256,5,5,-1,1,19,0,2025-07-21 19:25:00+00:00,0.3953618935544615
3399.49,3,3,-1,1,19,0,2025-07-21 19:30:00+00:00,0.4735502306982083
3399.199,6,6,-1,1,19,0,2025-07-21 19:35:00+00:00,0.289707259095716
3397.95,4,4,-1,1,19,0,2025-07-21 19:40:00+00:00,0.4476345674745404
3397.391,3,3,-1,1,19,0,2025-07-21 19:45:00+00:00,0.4735502306982083
3397.661,7,7,2,0,19,0,2025-07-21 19:50:00+00:00,0.2978488407310002
3398.811,4,4,-1,0,19,0,2025-07-21 19:55:00+00:00,0.4546167471466196
3398.558,6,6,3,0,20,0,2025-07-21 20:00:00+00:00,0.2847183788923187
3398.364,5,5,-1,0,20,0,2025-07-21 20:05:00+00:00,0.393258767154424
3398.355,6,6,3,0,20,0,2025-07-21 20:10:00+00:00,0.2847183788923187
3398.038,6,6,-1,0,20,0,2025-07-21 20:15:00+00:00,0.2610657513129478
3398.038,4,4,2,0,20,0,2025-07-21 20:20:00+00:00,0.4638835609775701
3397.931,5,5,3,0,20,0,2025-07-21 20:25:00+00:00,0.443373118835212
3397.42,3,3,-1,0,20,0,2025-07-21 20:30:00+00:00,0.4750651735104161
3397.878,6,6,-1,0,20,0,2025-07-21 20:35:00+00:00,0.2610657513129478
3397.988,7,7,2,1,20,0,2025-07-21 20:40:00+00:00,0.3190953025666125
3397.186,4,4,0,1,20,0,2025-07-21 20:45:00+00:00,0.4198815635198282
3397.435,6,6,-1,0,20,0,2025-07-21 20:50:00+00:00,0.2610657513129478
3397.578,5,5,2,0,20,0,2025-07-21 20:55:00+00:00,0.443373118835212
3398.96,4,4,3,0,22,0,2025-07-21 22:00:00+00:00,0.5374653633166453
3398.701,4,4,-1,0,22,0,2025-07-21 22:05:00+00:00,0.5039440184620124
3399.234,6,6,1,1,22,0,2025-07-21 22:10:00+00:00,0.3223936454575865
3399.403,3,3,-1,1,22,0,2025-07-21 22:15:00+00:00,0.4949346780672116
3399.741,3,3,-1,1,22,0,2025-07-21 22:20:00+00:00,0.4949346780672116
3399.984,3,3,-1,1,22,0,2025-07-21 22:25:00+00:00,0.4949346780672116
3400.3,3,3,-1,1,22,0,2025-07-21 22:30:00+00:00,0.4949346780672116
3401.018,3,3,-1,1,22,0,2025-07-21 22:35:00+00:00,0.4949346780672116
3400.017,7,7,0,1,22,0,2025-07-21 22:40:00+00:00,0.3109642959224002
3399.429,3,3,-1,1,22,0,2025-07-21 22:45:00+00:00,0.4949346780672116
3398.975,3,3,-1,1,22,0,2025-07-21 22:50:00+00:00,0.4949346780672116
3399.329,5,5,-1,1,22,0,2025-07-21 22:55:00+00:00,0.4260775712529347
3400.2,4,4,-1,1,23,0,2025-07-21 23:00:00+00:00,0.5081170330659648
3400.683,3,3,-1,1,23,0,2025-07-21 23:05:00+00:00,0.5061574961968385
3400.533,7,7,3,1,23,0,2025-07-21 23:10:00+00:00,0.3713231452537704
3400.187,5,5,-1,1,23,0,2025-07-21 23:15:00+00:00,0.4448772555022628
3401.392,4,4,1,1,23,0,2025-07-21 23:20:00+00:00,0.5228622243684231
3401.395,4,4,2,1,23,0,2025-07-21 23:25:00+00:00,0.5639006921948524
3399.479,6,6,0,1,23,0,2025-07-21 23:30:00+00:00,0.3502303571102445
3394.566,2,2,-1,1,23,0,2025-07-21 23:35:00+00:00,0.5192602369096276
3394.384,5,5,3,0,23,0,2025-07-21 23:40:00+00:00,0.5114772561270681
3395.968,6,6,1,0,23,0,2025-07-21 23:45:00+00:00,0.3072035421340581
3395.371,4,4,-1,0,23,0,2025-07-21 23:50:00+00:00,0.4826925856880808
3396.532,5,5,1,0,23,0,2025-07-21 23:55:00+00:00,0.4858652944059083
3391.961,3,3,0,0,0,1,2025-07-22 00:00:00+00:00,0.5257188074825887
3392.021,6,6,2,0,0,1,2025-07-22 00:05:00+00:00,0.2507544613242087
3391.573,3,3,3,0,0,1,2025-07-22 00:10:00+00:00,0.5518551375818006
3393.417,4,4,1,0,0,1,2025-07-22 00:15:00+00:00,0.4567892510475603
3393.389,4,4,3,0,0,1,2025-07-22 00:20:00+00:00,0.4781930191371303
3394.992,3,3,1,0,0,1,2025-07-22 00:25:00+00:00,0.5305063373042417
3395.494,5,5,-1,1,0,1,2025-07-22 00:30:00+00:00,0.3737609397326237
3394.654,5,5,0,1,0,1,2025-07-22 00:35:00+00:00,0.4018578977622973
3395.571,5,5,1,1,0,1,2025-07-22 00:40:00+00:00,0.4256077416342131
3394.424,4,4,0,1,0,1,2025-07-22 00:45:00+00:00,0.3968010886649651
3394.286,3,3,3,1,0,1,2025-07-22 00:50:00+00:00,0.4809085869979268
3394.481,6,6,2,0,0,1,2025-07-22 00:55:00+00:00,0.2507544613242087
3394.364,5,5,3,0,1,1,2025-07-22 01:00:00+00:00,0.4601662214808408
3392.829,2,2,-1,0,1,1,2025-07-22 01:05:00+00:00,0.492602321691246
3392.249,4,4,-1,0,1,1,2025-07-22 01:10:00+00:00,0.4471950835030274
3391.876,4,4,3,0,1,1,2025-07-22 01:15:00+00:00,0.4467601167143067
3391.148,3,3,-1,0,1,1,2025-07-22 01:20:00+00:00,0.4803511065091045
3391.712,3,3,-1,0,1,1,2025-07-22 01:25:00+00:00,0.4803511065091045
3391.22,5,5,3,0,1,1,2025-07-22 01:30:00+00:00,0.4601662214808408
3390.385,2,2,-1,0,1,1,2025-07-22 01:35:00+00:00,0.492602321691246
3388.242,4,4,-1,0,1,1,2025-07-22 01:40:00+00:00,0.4471950835030274
3388.435,4,4,2,0,1,1,2025-07-22 01:45:00+00:00,0.4215874956866953
3387.229,4,4,0,0,1,1,2025-07-22 01:50:00+00:00,0.427606715743873
3385.964,4,4,-1,0,1,1,2025-07-22 01:55:00+00:00,0.4471950835030274
3386.545,3,3,-1,0,2,1,2025-07-22 02:00:00+00:00,0.4777031068968311
3387.325,3,3,-1,0,2,1,2025-07-22 02:05:00+00:00,0.4777031068968311
3389.054,2,2,-1,0,2,1,2025-07-22 02:10:00+00:00,0.4899504623057293
3388.712,4,4,3,0,2,1,2025-07-22 02:15:00+00:00,0.4467601167143067
3391.071,3,3,1,0,2,1,2025-07-22 02:20:00+00:00,0.4783197334556678
3391.122,2,2,-1,0,2,1,2025-07-22 02:25:00+00:00,0.4899504623057293
