datetime,session,thr_used,prob_cal,trade,direction,setup_grade,score,primary_score,total_confluence,hour,dow,atr
2024-01-01 20:00:00,NY,0.7,0.7615894039735099,1,LONG,B,0.0,0.0,0.0,20.0,0.0,7.488071428571369
2024-01-02 04:00:00,Off,0.7,0.6428571428571429,0,LONG,B,0.0,0.0,0.0,4.0,1.0,7.732285714285646
2024-01-02 12:00:00,London,0.7,0.7615894039735099,1,LONG,A+,0.0,0.0,3.0,12.0,1.0,8.314714285714217
2024-01-02 20:00:00,NY,0.7,0.725,1,LONG,B,0.0,0.0,1.0,20.0,1.0,7.666499999999944
2024-01-03 04:00:00,Off,0.7,0.725,0,LONG,B,0.0,0.0,1.0,4.0,2.0,7.783571428571382
2024-01-03 20:00:00,NY,0.7,0.7615894039735099,1,LONG,B,0.0,0.0,1.0,20.0,2.0,9.10528571428571
2024-01-04 00:00:00,Off,0.7,0.7615894039735099,0,LONG,A,0.0,0.0,2.0,0.0,3.0,9.2465
2024-01-04 04:00:00,Off,0.7,0.7615894039735099,0,LONG,A,0.0,0.0,2.0,4.0,3.0,9.517285714285745
2024-01-04 08:00:00,London,0.7,0.7615894039735099,1,LONG,A+,0.0,0.0,3.0,8.0,3.0,9.371785714285725
2024-01-04 16:00:00,London,0.7,0.7615894039735099,1,LONG,A+,0.0,0.0,3.0,16.0,3.0,9.29735714285716
2024-01-04 20:00:00,NY,0.7,0.7615894039735099,1,LONG,B,0.0,0.0,1.0,20.0,3.0,8.396428571428617
2024-01-05 08:00:00,London,0.7,0.6428571428571429,0,LONG,A,0.0,0.0,2.0,8.0,4.0,8.395571428571477
2024-01-05 16:00:00,London,0.7,0.725,1,LONG,A+,0.0,0.0,3.0,16.0,4.0,10.724714285714333
2024-01-05 20:00:00,NY,0.7,0.6428571428571429,0,LONG,B,0.0,0.0,1.0,20.0,4.0,9.746642857142904
2024-01-07 20:00:00,NY,0.7,0.725,1,LONG,B,0.0,0.0,1.0,20.0,6.0,9.097857142857183
2024-01-08 00:00:00,Off,0.7,0.772093023255814,0,LONG,A,0.0,0.0,2.0,0.0,0.0,9.40564285714288
2024-01-08 04:00:00,Off,0.7,0.772093023255814,0,LONG,A+,0.0,0.0,3.0,4.0,0.0,9.668785714285734
2024-01-12 16:00:00,London,0.7,0.725,1,LONG,A+,0.0,0.0,3.0,16.0,4.0,10.418357142857158
2024-01-12 20:00:00,NY,0.7,0.725,1,LONG,A,0.0,0.0,2.0,20.0,4.0,9.870142857142858
2024-01-14 20:00:00,NY,0.7,0.725,1,LONG,B,0.0,0.0,1.0,20.0,6.0,9.483071428571456
2024-01-15 00:00:00,Off,0.7,0.772093023255814,0,LONG,A+,0.0,0.0,3.0,0.0,0.0,9.936142857142888
2024-01-15 04:00:00,Off,0.7,0.772093023255814,0,LONG,A,0.0,0.0,2.0,4.0,0.0,9.87000000000002
2024-01-15 08:00:00,London,0.7,0.772093023255814,1,LONG,A+,0.0,0.0,3.0,8.0,0.0,10.035357142857167
2024-01-15 20:00:00,NY,0.7,0.7615894039735099,1,LONG,B,0.0,0.0,1.0,20.0,0.0,7.676785714285708
2024-01-16 00:00:00,Off,0.7,0.772093023255814,0,LONG,A+,0.0,0.0,4.0,0.0,1.0,7.259642857142841
2024-01-16 08:00:00,London,0.7,0.772093023255814,1,LONG,A+,0.0,0.0,4.0,8.0,1.0,7.489785714285729
2024-01-16 20:00:00,NY,0.7,0.7615894039735099,1,LONG,A,0.0,0.0,2.0,20.0,1.0,6.958357142857137
2024-02-01 20:00:00,NY,0.7,0.7615894039735099,1,LONG,A+,1.0,1.0,1.0,20.0,3.0,10.077928571428597
2024-02-02 00:00:00,Off,0.7,0.6428571428571429,0,LONG,A+,1.0,1.0,1.0,0.0,4.0,10.033000000000031
2024-02-02 04:00:00,Off,0.7,0.6,0,LONG,A+,1.0,1.0,1.0,4.0,4.0,10.106214285714325
2024-02-02 16:00:00,London,0.7,0.75,1,LONG,B,0.0,0.0,1.0,16.0,4.0,11.83071428571431
2024-02-02 20:00:00,NY,0.7,0.7615894039735099,1,LONG,B,0.0,0.0,0.0,20.0,4.0,10.675714285714305
2024-02-04 20:00:00,NY,0.7,0.7615894039735099,1,LONG,B,0.0,0.0,0.0,20.0,6.0,9.88607142857146
2024-02-05 00:00:00,Off,0.7,0.7615894039735099,0,LONG,B,0.0,0.0,1.0,0.0,0.0,9.493071428571444
2024-02-05 08:00:00,London,0.7,0.7615894039735099,1,LONG,B,0.0,0.0,1.0,8.0,0.0,9.37942857142858
2024-02-05 16:00:00,London,0.7,0.7615894039735099,1,LONG,A,0.0,0.0,2.0,16.0,0.0,8.449428571428582
2024-02-05 20:00:00,NY,0.7,0.772093023255814,1,LONG,B,0.0,0.0,1.0,20.0,0.0,7.644785714285717
2024-02-06 08:00:00,London,0.7,0.7615894039735099,1,LONG,A,0.0,0.0,2.0,8.0,1.0,8.035500000000038
2024-02-06 12:00:00,London,0.7,0.725,1,LONG,A+,0.0,0.0,3.0,12.0,1.0,8.716785714285736
2024-02-06 20:00:00,NY,0.7,0.772093023255814,1,LONG,B,0.0,0.0,1.0,20.0,1.0,6.853785714285745
2024-02-07 00:00:00,Off,0.7,0.772093023255814,0,LONG,B,0.0,0.0,0.0,0.0,2.0,6.728571428571464
2024-02-07 04:00:00,Off,0.7,0.772093023255814,0,LONG,A+,1.0,1.0,1.0,4.0,2.0,6.772571428571447
2024-02-07 16:00:00,London,0.7,0.725,1,LONG,A+,0.0,0.0,3.0,16.0,2.0,6.882428571428607
2024-02-08 00:00:00,Off,0.7,0.7615894039735099,0,LONG,A,0.0,0.0,2.0,0.0,3.0,5.933428571428619
2024-02-08 20:00:00,NY,0.7,0.772093023255814,1,LONG,B,0.0,0.0,1.0,20.0,3.0,6.337500000000026
2024-02-09 00:00:00,Off,0.7,0.772093023255814,0,LONG,B,0.0,0.0,1.0,0.0,4.0,6.077785714285743
2024-02-09 08:00:00,London,0.7,0.6428571428571429,0,LONG,A+,0.0,0.0,3.0,8.0,4.0,6.199357142857171
2024-02-09 16:00:00,London,0.7,0.725,1,LONG,A+,0.0,0.0,3.0,16.0,4.0,7.142071428571447
2024-02-11 20:00:00,NY,0.7,0.772093023255814,1,LONG,B,0.0,0.0,1.0,20.0,6.0,5.992071428571437
2024-02-12 04:00:00,Off,0.7,0.772093023255814,0,LONG,A,0.0,0.0,2.0,4.0,0.0,5.920071428571434
2024-02-12 16:00:00,London,0.7,0.7615894039735099,1,SHORT,A+,0.0,0.0,4.0,16.0,0.0,6.211071428571439
2024-02-13 08:00:00,London,0.7,0.7615894039735099,1,SHORT,A+,0.0,0.0,3.0,8.0,1.0,6.429642857142848
2024-02-13 20:00:00,NY,0.7,0.725,1,SHORT,A+,1.0,1.0,1.0,20.0,1.0,8.350428571428584
2024-02-14 04:00:00,Off,0.7,0.725,0,SHORT,A+,1.0,1.0,1.0,4.0,2.0,8.631571428571435
2024-02-14 08:00:00,London,0.7,0.725,1,SHORT,A,0.0,0.0,2.0,8.0,2.0,8.820214285714282
2024-02-22 12:00:00,London,0.7,0.725,1,SHORT,A,0.0,0.0,2.0,12.0,3.0,5.596071428571463
2024-02-22 20:00:00,NY,0.7,0.7615894039735099,1,SHORT,A+,1.0,1.0,1.0,20.0,3.0,5.3186428571429065
2024-02-23 00:00:00,Off,0.7,0.7615894039735099,0,SHORT,B,0.0,0.0,0.0,0.0,4.0,5.3522142857143375
2024-02-23 04:00:00,Off,0.7,0.7615894039735099,0,SHORT,B,0.0,0.0,0.0,4.0,4.0,5.826357142857205
2024-02-23 12:00:00,London,0.7,0.725,1,SHORT,A+,0.0,0.0,3.0,12.0,4.0,6.1262142857143385
2024-02-23 20:00:00,NY,0.7,0.772093023255814,1,SHORT,B,0.0,0.0,1.0,20.0,4.0,6.2709285714286125
2024-02-25 20:00:00,NY,0.7,0.772093023255814,1,SHORT,B,0.0,0.0,1.0,20.0,6.0,5.97685714285717
2024-02-26 00:00:00,Off,0.7,0.772093023255814,0,SHORT,A+,0.0,0.0,3.0,0.0,0.0,6.069571428571456
2024-02-26 12:00:00,London,0.7,0.7615894039735099,1,SHORT,A+,0.0,0.0,4.0,12.0,0.0,6.178714285714299
2024-02-27 00:00:00,Off,0.7,0.772093023255814,0,SHORT,A,0.0,0.0,2.0,0.0,1.0,5.693857142857122
2024-02-27 04:00:00,Off,0.7,0.7615894039735099,0,LONG,A,0.0,0.0,2.0,4.0,1.0,5.607214285714268
2024-02-27 16:00:00,London,0.7,0.6428571428571429,0,LONG,A+,0.0,0.0,3.0,16.0,1.0,5.130857142857118
2024-02-28 16:00:00,London,0.7,0.6428571428571429,0,LONG,A+,0.0,0.0,3.0,16.0,2.0,5.2230714285714
2024-02-28 20:00:00,NY,0.7,0.725,1,LONG,B,0.0,0.0,1.0,20.0,2.0,4.791714285714257
2024-02-29 08:00:00,London,0.7,0.6428571428571429,0,LONG,A+,0.0,0.0,3.0,8.0,3.0,5.0759285714285625
2024-02-29 16:00:00,London,0.7,0.6428571428571429,0,LONG,A+,0.0,0.0,3.0,16.0,3.0,6.460357142857106
2024-02-29 20:00:00,NY,0.7,0.7615894039735099,1,LONG,B,0.0,0.0,1.0,20.0,3.0,6.213928571428547
2024-03-01 00:00:00,Off,0.7,0.772093023255814,0,LONG,B,0.0,0.0,1.0,0.0,4.0,6.023857142857098
2024-03-01 04:00:00,Off,0.7,0.6428571428571429,0,LONG,A,0.0,0.0,2.0,4.0,4.0,6.259285714285641
2024-03-01 20:00:00,NY,0.7,0.6428571428571429,0,LONG,B,0.0,0.0,0.0,20.0,4.0,9.17335714285712
2024-03-03 20:00:00,NY,0.7,0.725,1,LONG,A+,1.0,1.0,1.0,20.0,6.0,9.097285714285704
2024-03-04 04:00:00,Off,0.7,0.7615894039735099,0,LONG,A+,1.0,1.0,1.0,4.0,0.0,9.559857142857124
2024-03-04 08:00:00,London,0.7,0.7615894039735099,1,LONG,A,0.0,0.0,2.0,8.0,0.0,9.715285714285724
2024-03-04 16:00:00,London,0.7,0.7615894039735099,1,LONG,A,0.0,0.0,2.0,16.0,0.0,10.377571428571498
2024-03-04 20:00:00,NY,0.7,0.772093023255814,1,LONG,B,0.0,0.0,0.0,20.0,0.0,10.381071428571529
2024-03-05 00:00:00,Off,0.7,0.772093023255814,0,LONG,B,0.0,0.0,1.0,0.0,1.0,10.65085714285723
2024-03-05 12:00:00,London,0.7,0.7615894039735099,1,LONG,A,0.0,0.0,2.0,12.0,1.0,11.572642857142926
2024-03-05 20:00:00,NY,0.7,0.725,1,LONG,B,0.0,0.0,0.0,20.0,1.0,9.494142857142933
2024-03-06 00:00:00,Off,0.7,0.7615894039735099,0,LONG,B,0.0,0.0,0.0,0.0,2.0,9.639642857142915
2024-03-06 04:00:00,Off,0.7,0.7615894039735099,0,LONG,A+,1.0,1.0,1.0,4.0,2.0,9.864285714285772
2024-03-06 08:00:00,London,0.7,0.7615894039735099,1,LONG,B,0.0,0.0,1.0,8.0,2.0,10.104785714285786
2024-03-06 12:00:00,London,0.7,0.772093023255814,1,LONG,A,0.0,0.0,2.0,12.0,2.0,10.835571428571516
2024-03-06 20:00:00,NY,0.7,0.7615894039735099,1,LONG,B,0.0,0.0,0.0,20.0,2.0,9.897071428571442
2024-03-07 04:00:00,Off,0.7,0.772093023255814,0,LONG,A,0.0,0.0,2.0,4.0,3.0,9.966214285714289
2024-03-07 12:00:00,London,0.7,0.772093023255814,1,LONG,A,0.0,0.0,2.0,12.0,3.0,10.680142857142885
2024-03-07 20:00:00,NY,0.7,0.7615894039735099,1,LONG,B,0.0,0.0,0.0,20.0,3.0,9.360357142857213
2024-03-08 00:00:00,Off,0.7,0.6428571428571429,0,LONG,A+,1.0,1.0,1.0,0.0,4.0,9.255785714285755
2024-03-08 04:00:00,Off,0.7,0.6428571428571429,0,LONG,B,0.0,0.0,0.0,4.0,4.0,9.356214285714325
2024-03-08 12:00:00,London,0.7,0.725,1,LONG,A,0.0,0.0,2.0,12.0,4.0,11.34257142857148
2024-03-08 20:00:00,NY,0.7,0.6428571428571429,0,LONG,A+,1.0,1.0,1.0,20.0,4.0,11.608857142857168
2024-03-10 20:00:00,NY,0.7,0.7615894039735099,1,LONG,B,0.0,0.0,0.0,20.0,6.0,11.170500000000043
2024-03-11 04:00:00,Off,0.7,0.772093023255814,0,LONG,B,0.0,0.0,0.0,4.0,0.0,11.305714285714364
2024-03-11 12:00:00,London,0.7,0.772093023255814,1,LONG,A,0.0,0.0,2.0,12.0,0.0,11.424000000000076
2024-03-11 16:00:00,London,0.7,0.7615894039735099,1,LONG,B,0.0,0.0,1.0,16.0,0.0,10.758928571428635
2024-03-11 20:00:00,NY,0.7,0.7615894039735099,1,LONG,B,0.0,0.0,0.0,20.0,0.0,10.216357142857175
2024-03-12 00:00:00,Off,0.7,0.6428571428571429,0,LONG,A+,1.0,1.0,1.0,0.0,1.0,10.51735714285717
2024-03-12 08:00:00,London,0.7,0.725,1,LONG,B,0.0,0.0,1.0,8.0,1.0,10.429500000000028
2024-03-12 12:00:00,London,0.7,0.772093023255814,1,LONG,A,0.0,0.0,2.0,12.0,1.0,11.815428571428615
2024-03-13 04:00:00,Off,0.7,0.725,0,LONG,B,0.0,0.0,1.0,4.0,2.0,9.288857142857198
2024-03-13 08:00:00,London,0.7,0.725,1,LONG,A,0.0,0.0,2.0,8.0,2.0,8.897357142857215
2024-03-13 12:00:00,London,0.7,0.7615894039735099,1,LONG,A+,0.0,0.0,3.0,12.0,2.0,9.41250000000004
2024-03-13 20:00:00,NY,0.7,0.7615894039735099,1,LONG,B,0.0,0.0,1.0,20.0,2.0,9.118500000000008
2024-03-14 00:00:00,Off,0.7,0.725,0,LONG,A+,1.0,1.0,1.0,0.0,3.0,8.996928571428564
2024-03-14 04:00:00,Off,0.7,0.6428571428571429,0,LONG,B,0.0,0.0,0.0,4.0,3.0,9.068785714285728
2024-03-14 16:00:00,London,0.7,0.725,1,LONG,B,0.0,0.0,1.0,16.0,3.0,9.718214285714309
2024-03-14 20:00:00,NY,0.7,0.772093023255814,1,LONG,B,0.0,0.0,0.0,20.0,3.0,7.832642857142899
2024-03-15 00:00:00,Off,0.7,0.6428571428571429,0,LONG,A+,1.0,1.0,1.0,0.0,4.0,7.0672142857143045
2024-03-15 04:00:00,Off,0.7,0.6428571428571429,0,LONG,B,0.0,0.0,1.0,4.0,4.0,7.155142857142891
2024-03-15 12:00:00,London,0.7,0.6428571428571429,0,LONG,A+,0.0,0.0,3.0,12.0,4.0,7.802857142857159
2024-03-15 16:00:00,London,0.7,0.6,0,LONG,A,0.0,0.0,2.0,16.0,4.0,7.92328571428571
2024-03-15 20:00:00,NY,0.7,0.725,1,LONG,B,0.0,0.0,1.0,20.0,4.0,7.188000000000004
2024-03-17 20:00:00,NY,0.7,0.7615894039735099,1,LONG,B,0.0,0.0,1.0,20.0,6.0,6.701642857142848
2024-03-21 12:00:00,London,0.7,0.9444444444444444,1,LONG,A,0.0,0.0,2.0,12.0,3.0,14.6310714285714
2024-03-21 16:00:00,London,0.7,0.772093023255814,1,LONG,B,0.0,0.0,0.0,16.0,3.0,14.73657142857139
2024-03-21 20:00:00,NY,0.7,0.772093023255814,1,LONG,A+,1.0,1.0,1.0,20.0,3.0,14.146214285714256
2024-03-22 04:00:00,Off,0.7,0.6428571428571429,0,LONG,B,0.0,0.0,0.0,4.0,4.0,15.617428571428588
2024-03-22 08:00:00,London,0.7,0.6,0,LONG,B,0.0,0.0,0.0,8.0,4.0,15.641285714285718
2024-03-22 12:00:00,London,0.7,0.725,1,LONG,A,0.0,0.0,2.0,12.0,4.0,16.41342857142857
2024-03-22 20:00:00,NY,0.7,0.725,1,LONG,B,0.0,0.0,1.0,20.0,4.0,15.89450000000001
2024-03-24 20:00:00,NY,0.7,0.772093023255814,1,LONG,B,0.0,0.0,1.0,20.0,6.0,13.78614285714288
2024-03-25 00:00:00,Off,0.7,0.772093023255814,0,LONG,A+,0.0,0.0,3.0,0.0,0.0,12.799928571428577
2024-03-25 08:00:00,London,0.7,0.772093023255814,1,LONG,A,0.0,0.0,2.0,8.0,0.0,11.91650000000001
2024-03-25 12:00:00,London,0.7,0.7615894039735099,1,LONG,A+,0.0,0.0,3.0,12.0,0.0,11.634785714285726
2024-03-25 16:00:00,London,0.7,0.725,1,LONG,B,0.0,0.0,1.0,16.0,0.0,9.107357142857122
2024-03-25 20:00:00,NY,0.7,0.7615894039735099,1,LONG,B,0.0,0.0,1.0,20.0,0.0,8.50571428571428
2024-03-26 12:00:00,London,0.7,0.772093023255814,1,LONG,A+,0.0,0.0,3.0,12.0,1.0,10.6790714285714
2024-03-26 16:00:00,London,0.7,0.7615894039735099,1,LONG,A,0.0,0.0,2.0,16.0,1.0,9.98728571428569
2024-03-27 00:00:00,Off,0.7,0.772093023255814,0,LONG,A,0.0,0.0,2.0,0.0,2.0,9.974928571428563
2024-03-27 08:00:00,London,0.7,0.772093023255814,1,LONG,A+,0.0,0.0,3.0,8.0,2.0,10.548642857142829
2024-03-27 12:00:00,London,0.7,0.772093023255814,1,LONG,A+,0.0,0.0,3.0,12.0,2.0,10.807285714285692
2024-03-27 16:00:00,London,0.7,0.7615894039735099,1,LONG,A,0.0,0.0,2.0,16.0,2.0,10.607071428571414
2024-03-27 20:00:00,NY,0.7,0.725,1,LONG,B,0.0,0.0,1.0,20.0,2.0,10.212928571428554
2024-03-28 00:00:00,Off,0.7,0.725,0,LONG,A+,1.0,1.0,1.0,0.0,3.0,10.355928571428583
2024-03-28 04:00:00,Off,0.7,0.772093023255814,0,LONG,B,0.0,0.0,0.0,4.0,3.0,10.744214285714309
2024-03-28 16:00:00,London,0.7,0.772093023255814,1,LONG,A,0.0,0.0,2.0,16.0,3.0,11.461928571428611
2024-03-28 20:00:00,NY,0.7,0.772093023255814,1,LONG,B,0.0,0.0,0.0,20.0,3.0,10.822285714285758
2024-03-31 20:00:00,NY,0.7,0.725,1,LONG,A+,1.0,1.0,1.0,20.0,6.0,11.521000000000056
2024-04-01 04:00:00,Off,0.7,0.772093023255814,0,LONG,B,0.0,0.0,1.0,4.0,0.0,12.6788571428572
2024-04-01 08:00:00,London,0.7,0.772093023255814,1,LONG,A,0.0,0.0,2.0,8.0,0.0,13.355642857142907
2024-04-01 12:00:00,London,0.7,0.9444444444444444,1,LONG,A+,0.0,0.0,3.0,12.0,0.0,13.94692857142864
2024-04-01 16:00:00,London,0.7,0.9444444444444444,1,LONG,A,0.0,0.0,2.0,16.0,0.0,13.821642857142932
2024-04-01 20:00:00,NY,0.7,0.9444444444444444,1,LONG,A,0.0,0.0,2.0,20.0,0.0,14.35742857142863
2024-04-02 00:00:00,Off,0.7,0.9444444444444444,0,LONG,A+,0.0,0.0,4.0,0.0,1.0,14.580642857142916
2024-04-02 04:00:00,Off,0.7,0.9444444444444444,0,LONG,A,0.0,0.0,2.0,4.0,1.0,14.60250000000003
2024-04-02 08:00:00,London,0.7,0.772093023255814,1,LONG,A+,0.0,0.0,3.0,8.0,1.0,14.869428571428603
2024-04-02 20:00:00,NY,0.7,0.7615894039735099,1,LONG,A+,1.0,1.0,1.0,20.0,1.0,15.864071428571476
2024-04-03 04:00:00,Off,0.7,0.725,0,LONG,A+,1.0,1.0,1.0,4.0,2.0,15.612071428571458
2024-04-03 08:00:00,London,0.7,0.772093023255814,1,LONG,A,0.0,0.0,2.0,8.0,2.0,14.694071428571435
2024-04-03 20:00:00,NY,0.7,0.772093023255814,1,LONG,B,0.0,0.0,0.0,20.0,2.0,14.303071428571457
2024-04-04 04:00:00,Off,0.7,0.7615894039735099,0,LONG,A+,1.0,1.0,1.0,4.0,3.0,13.85250000000006
2024-04-04 08:00:00,London,0.7,0.772093023255814,1,LONG,B,0.0,0.0,1.0,8.0,3.0,13.696928571428607
2024-04-04 12:00:00,London,0.7,0.9444444444444444,1,LONG,A,0.0,0.0,2.0,12.0,3.0,14.213571428571443
2024-04-04 20:00:00,NY,0.7,0.9444444444444444,1,LONG,B,0.0,0.0,0.0,20.0,3.0,13.947571428571402
2024-04-05 08:00:00,London,0.7,0.725,1,LONG,B,0.0,0.0,0.0,8.0,4.0,13.868428571428469
2024-04-05 16:00:00,London,0.7,0.6428571428571429,0,LONG,B,0.0,0.0,1.0,16.0,4.0,16.22264285714274
2024-04-05 20:00:00,NY,0.7,0.6428571428571429,0,LONG,A+,1.0,1.0,1.0,20.0,4.0,15.092428571428496
2024-04-07 20:00:00,NY,0.7,0.7615894039735099,1,LONG,B,0.0,0.0,1.0,20.0,6.0,15.605999999999929
2024-04-08 04:00:00,Off,0.7,0.772093023255814,0,LONG,A+,0.0,0.0,3.0,4.0,0.0,19.26721428571416
2024-04-08 12:00:00,London,0.7,0.772093023255814,1,LONG,A+,0.0,0.0,3.0,12.0,0.0,20.293857142856982
2024-04-09 00:00:00,Off,0.7,0.7615894039735099,0,LONG,B,0.0,0.0,1.0,0.0,1.0,18.84221428571413
2024-04-09 12:00:00,London,0.7,0.7615894039735099,1,LONG,A+,0.0,0.0,3.0,12.0,1.0,19.41278571428565
2024-04-09 16:00:00,London,0.7,0.7615894039735099,1,LONG,A+,0.0,0.0,3.0,16.0,1.0,16.78778571428565
2024-04-09 20:00:00,NY,0.7,0.7615894039735099,1,LONG,B,0.0,0.0,0.0,20.0,1.0,16.435714285714248
2024-04-10 00:00:00,Off,0.7,0.772093023255814,0,LONG,A,0.0,0.0,2.0,0.0,2.0,16.69978571428565
2024-04-10 04:00:00,Off,0.7,0.725,0,LONG,A+,1.0,1.0,1.0,4.0,2.0,15.5491428571428
2024-04-10 16:00:00,London,0.7,0.9444444444444444,1,LONG,A+,0.0,0.0,3.0,16.0,2.0,14.722999999999988
2024-04-10 20:00:00,NY,0.7,0.772093023255814,1,LONG,B,0.0,0.0,1.0,20.0,2.0,13.890000000000002
2024-04-11 00:00:00,Off,0.7,0.9444444444444444,0,LONG,A,0.0,0.0,2.0,0.0,3.0,13.721000000000004
2024-04-11 04:00:00,Off,0.7,0.9444444444444444,0,LONG,A,0.0,0.0,2.0,4.0,3.0,14.317214285714304
2024-04-11 08:00:00,London,0.7,0.772093023255814,1,LONG,A,0.0,0.0,2.0,8.0,3.0,14.557142857142903
2024-04-11 12:00:00,London,0.7,0.9444444444444444,1,LONG,A+,0.0,0.0,3.0,12.0,3.0,14.688500000000042
2024-04-11 20:00:00,NY,0.7,0.772093023255814,1,LONG,A+,1.0,1.0,1.0,20.0,3.0,14.56235714285718
2024-04-12 00:00:00,Off,0.7,0.7615894039735099,0,LONG,A,0.0,0.0,2.0,0.0,4.0,15.231142857142911
2024-04-12 08:00:00,London,0.7,0.6,0,LONG,B,0.0,0.0,1.0,8.0,4.0,16.09435714285717
2024-04-12 16:00:00,London,0.7,0.725,1,LONG,A+,0.0,0.0,3.0,16.0,4.0,22.578071428571416
2024-04-12 20:00:00,NY,0.7,0.725,1,LONG,B,0.0,0.0,1.0,20.0,4.0,20.459785714285708
2024-04-14 20:00:00,NY,0.7,0.7615894039735099,1,LONG,B,0.0,0.0,1.0,20.0,6.0,21.032071428571435
2024-04-15 00:00:00,Off,0.7,0.772093023255814,0,LONG,A+,0.0,0.0,3.0,0.0,0.0,21.735428571428592
2024-04-15 04:00:00,Off,0.7,0.772093023255814,0,LONG,A,0.0,0.0,2.0,4.0,0.0,21.657857142857143
2024-04-15 08:00:00,London,0.7,0.75,1,LONG,B,0.0,0.0,1.0,8.0,0.0,21.962642857142846
2024-04-15 16:00:00,London,0.7,0.772093023255814,1,LONG,A+,0.0,0.0,3.0,16.0,0.0,25.43778571428568
2024-04-15 20:00:00,NY,0.7,0.772093023255814,1,LONG,B,0.0,0.0,1.0,20.0,0.0,24.00521428571424
2024-04-16 00:00:00,Off,0.7,0.7615894039735099,0,LONG,B,0.0,0.0,1.0,0.0,1.0,24.15035714285708
2024-04-16 08:00:00,London,0.7,0.725,1,LONG,B,0.0,0.0,1.0,8.0,1.0,23.99357142857136
2024-04-16 12:00:00,London,0.7,0.7615894039735099,1,LONG,A+,0.0,0.0,3.0,12.0,1.0,25.37021428571422
2024-04-17 04:00:00,Off,0.7,0.7615894039735099,0,LONG,B,0.0,0.0,1.0,4.0,2.0,18.5489285714285
2024-04-17 08:00:00,London,0.7,0.7615894039735099,1,LONG,A,0.0,0.0,2.0,8.0,2.0,18.14064285714276
2024-04-17 16:00:00,London,0.7,0.772093023255814,1,LONG,A+,0.0,0.0,3.0,16.0,2.0,18.97978571428565
2024-04-18 04:00:00,Off,0.7,0.7615894039735099,0,LONG,B,0.0,0.0,1.0,4.0,3.0,15.22785714285708
2024-04-18 08:00:00,London,0.7,0.725,1,LONG,B,0.0,0.0,1.0,8.0,3.0,15.089428571428536
2024-04-18 12:00:00,London,0.7,0.9444444444444444,1,LONG,A+,0.0,0.0,3.0,12.0,3.0,14.894357142857125
2024-04-19 04:00:00,Off,0.7,0.725,0,LONG,A+,0.0,0.0,3.0,4.0,4.0,15.256857142857111
2024-04-19 08:00:00,London,0.7,0.6428571428571429,0,LONG,A,0.0,0.0,2.0,8.0,4.0,15.823357142857114
2024-04-19 12:00:00,London,0.7,0.725,1,LONG,A+,0.0,0.0,3.0,12.0,4.0,16.704499999999957
2024-04-19 16:00:00,London,0.7,0.6428571428571429,0,LONG,B,0.0,0.0,1.0,16.0,4.0,16.95814285714284
2024-04-19 20:00:00,NY,0.7,0.725,1,LONG,B,0.0,0.0,1.0,20.0,4.0,16.05514285714282
2024-04-21 20:00:00,NY,0.7,0.772093023255814,1,LONG,B,0.0,0.0,1.0,20.0,6.0,15.006642857142811
2024-04-22 04:00:00,Off,0.7,0.772093023255814,0,LONG,A+,0.0,0.0,3.0,4.0,0.0,16.175714285714257
2024-04-22 08:00:00,London,0.7,0.725,1,LONG,A+,1.0,1.0,1.0,8.0,0.0,17.344357142857103
2024-04-22 12:00:00,London,0.7,0.772093023255814,1,LONG,A,0.0,0.0,2.0,12.0,0.0,18.141785714285657
2024-04-22 16:00:00,London,0.7,0.7615894039735099,1,LONG,B,0.0,0.0,0.0,16.0,0.0,17.325928571428513
2024-04-22 20:00:00,NY,0.7,0.772093023255814,1,LONG,B,0.0,0.0,0.0,20.0,0.0,17.135999999999935
2024-04-23 00:00:00,Off,0.7,0.772093023255814,0,LONG,A,0.0,0.0,2.0,0.0,1.0,19.5830714285714
2024-04-23 04:00:00,Off,0.7,0.7615894039735099,0,LONG,B,0.0,0.0,1.0,4.0,1.0,17.56335714285712
2024-05-06 20:00:00,NY,0.7,0.772093023255814,1,LONG,B,0.0,0.0,1.0,20.0,0.0,12.669071428571442
2024-05-07 04:00:00,Off,0.7,0.772093023255814,0,LONG,B,0.0,0.0,1.0,4.0,1.0,13.117642857142885
2024-05-07 08:00:00,London,0.7,0.7615894039735099,1,LONG,B,0.0,0.0,1.0,8.0,1.0,12.913214285714307
2024-05-07 12:00:00,London,0.7,0.772093023255814,1,LONG,A+,0.0,0.0,3.0,12.0,1.0,13.402071428571457
2024-05-08 04:00:00,Off,0.7,0.772093023255814,0,LONG,B,0.0,0.0,1.0,4.0,2.0,11.331714285714302
2024-05-08 12:00:00,London,0.7,0.772093023255814,1,LONG,A+,0.0,0.0,3.0,12.0,2.0,10.512928571428606
2024-05-09 00:00:00,Off,0.7,0.7615894039735099,0,LONG,B,0.0,0.0,1.0,0.0,3.0,9.545857142857228
2024-05-09 12:00:00,London,0.7,0.772093023255814,1,LONG,A+,0.0,0.0,3.0,12.0,3.0,11.33471428571436
2024-05-09 20:00:00,NY,0.7,0.772093023255814,1,LONG,A+,1.0,1.0,1.0,20.0,3.0,11.199214285714366
2024-05-10 04:00:00,Off,0.7,0.7615894039735099,0,LONG,A,0.0,0.0,2.0,4.0,4.0,12.539714285714354
2024-05-10 16:00:00,London,0.7,0.725,1,LONG,B,0.0,0.0,1.0,16.0,4.0,12.48357142857146
2024-05-10 20:00:00,NY,0.7,0.7615894039735099,1,LONG,B,0.0,0.0,1.0,20.0,4.0,11.889428571428589
2024-05-13 00:00:00,Off,0.7,0.7615894039735099,0,LONG,B,0.0,0.0,1.0,0.0,0.0,11.671785714285727
2024-05-13 04:00:00,Off,0.7,0.772093023255814,0,LONG,A,0.0,0.0,2.0,4.0,0.0,12.058214285714287
2024-05-13 08:00:00,London,0.7,0.772093023255814,1,LONG,A+,0.0,0.0,3.0,8.0,0.0,12.032785714285705
2024-05-13 16:00:00,London,0.7,0.7615894039735099,1,LONG,B,0.0,0.0,1.0,16.0,0.0,10.943071428571397
2024-05-14 00:00:00,Off,0.7,0.7615894039735099,0,LONG,B,0.0,0.0,1.0,0.0,1.0,10.489928571428534
2024-05-14 04:00:00,Off,0.7,0.772093023255814,0,LONG,A,0.0,0.0,2.0,4.0,1.0,10.486571428571422
2024-05-14 12:00:00,London,0.7,0.772093023255814,1,LONG,A+,0.0,0.0,3.0,12.0,1.0,10.426785714285709
2024-05-14 16:00:00,London,0.7,0.7615894039735099,1,LONG,A,0.0,0.0,2.0,16.0,1.0,10.003785714285709
2024-05-15 04:00:00,Off,0.7,0.772093023255814,0,LONG,A,0.0,0.0,2.0,4.0,2.0,10.078285714285746
2024-05-15 08:00:00,London,0.7,0.7615894039735099,1,LONG,A+,0.0,0.0,3.0,8.0,2.0,10.26557142857145
2024-05-15 12:00:00,London,0.7,0.772093023255814,1,LONG,A+,0.0,0.0,3.0,12.0,2.0,11.932357142857168
2024-05-15 16:00:00,London,0.7,0.772093023255814,1,LONG,A,0.0,0.0,2.0,16.0,2.0,12.022000000000032
2024-05-15 20:00:00,NY,0.7,0.7615894039735099,1,LONG,A+,1.0,1.0,1.0,20.0,2.0,11.22785714285718
2024-05-16 12:00:00,London,0.7,0.772093023255814,1,LONG,A+,0.0,0.0,3.0,12.0,3.0,12.587714285714323
2024-05-16 16:00:00,London,0.7,0.772093023255814,1,LONG,B,0.0,0.0,1.0,16.0,3.0,12.270500000000052
2024-05-17 00:00:00,Off,0.7,0.6428571428571429,0,LONG,A+,1.0,1.0,1.0,0.0,4.0,10.651500000000071
2024-05-17 04:00:00,Off,0.7,0.725,0,LONG,B,0.0,0.0,0.0,4.0,4.0,11.211928571428643
2024-05-17 08:00:00,London,0.7,0.6,0,LONG,B,0.0,0.0,1.0,8.0,4.0,11.402857142857233
2024-05-17 12:00:00,London,0.7,0.7615894039735099,1,LONG,A,0.0,0.0,2.0,12.0,4.0,13.032928571428686
2024-05-17 20:00:00,NY,0.7,0.6428571428571429,0,LONG,A+,1.0,1.0,1.0,20.0,4.0,11.351071428571524
2024-05-19 20:00:00,NY,0.7,0.7615894039735099,1,LONG,B,0.0,0.0,0.0,20.0,6.0,11.21107142857152
2024-05-20 12:00:00,London,0.7,0.9444444444444444,1,LONG,A,0.0,0.0,2.0,12.0,0.0,14.623071428571524
2024-05-20 16:00:00,London,0.7,0.772093023255814,1,LONG,B,0.0,0.0,0.0,16.0,0.0,14.585071428571544
2024-05-20 20:00:00,NY,0.7,0.772093023255814,1,LONG,A+,1.0,1.0,1.0,20.0,0.0,14.65842857142869
2024-05-21 04:00:00,Off,0.7,0.772093023255814,0,LONG,A,0.0,0.0,2.0,4.0,1.0,16.772571428571545
2024-05-21 20:00:00,NY,0.7,0.772093023255814,1,LONG,B,0.0,0.0,1.0,20.0,1.0,14.671500000000083
2024-05-22 00:00:00,Off,0.7,0.772093023255814,0,LONG,B,0.0,0.0,1.0,0.0,2.0,15.006428571428614
2024-05-22 04:00:00,Off,0.7,0.772093023255814,0,LONG,B,0.0,0.0,1.0,4.0,2.0,14.71050000000004
2024-05-22 12:00:00,London,0.7,0.772093023255814,1,LONG,A,0.0,0.0,2.0,12.0,2.0,15.080142857142878
2024-05-22 16:00:00,London,0.7,0.772093023255814,1,LONG,A,0.0,0.0,2.0,16.0,2.0,15.112071428571458
2024-05-22 20:00:00,NY,0.7,0.772093023255814,1,LONG,B,0.0,0.0,0.0,20.0,2.0,13.810214285714308
2024-05-23 08:00:00,London,0.7,0.772093023255814,1,LONG,B,0.0,0.0,0.0,8.0,3.0,13.902142857142833
2024-05-23 16:00:00,London,0.7,0.7615894039735099,1,LONG,A+,1.0,1.0,1.0,16.0,3.0,15.57742857142856
2024-05-23 20:00:00,NY,0.7,0.7615894039735099,1,LONG,A+,1.0,1.0,1.0,20.0,3.0,15.062785714285676
2024-06-07 08:00:00,London,0.7,0.7615894039735099,1,LONG,A+,0.0,0.0,3.0,8.0,4.0,14.243857142857223
2024-06-21 20:00:00,NY,0.7,0.6428571428571429,0,SHORT,B,0.0,0.0,1.0,20.0,4.0,11.71049999999991
2024-06-24 04:00:00,Off,0.7,0.772093023255814,0,SHORT,B,0.0,0.0,1.0,4.0,0.0,12.296071428571397
2024-06-24 08:00:00,London,0.7,0.772093023255814,1,SHORT,A+,0.0,0.0,3.0,8.0,0.0,12.298000000000002
2024-06-24 12:00:00,London,0.7,0.772093023255814,1,SHORT,A+,0.0,0.0,3.0,12.0,0.0,12.350357142857124
2024-06-24 16:00:00,London,0.7,0.7615894039735099,1,SHORT,B,0.0,0.0,1.0,16.0,0.0,10.748857142857135
2024-06-25 00:00:00,Off,0.7,0.772093023255814,0,SHORT,A,0.0,0.0,2.0,0.0,1.0,10.80292857142857
2024-06-25 16:00:00,London,0.7,0.7615894039735099,1,SHORT,A,0.0,0.0,2.0,16.0,1.0,9.053785714285723
2024-06-26 04:00:00,Off,0.7,0.772093023255814,0,SHORT,A,0.0,0.0,2.0,4.0,2.0,9.499785714285704
2024-06-26 08:00:00,London,0.7,0.7615894039735099,1,SHORT,A,0.0,0.0,2.0,8.0,2.0,9.87649999999998
2024-06-28 16:00:00,London,0.7,0.725,1,SHORT,A,0.0,0.0,2.0,16.0,4.0,9.918071428571466
2024-06-28 20:00:00,NY,0.7,0.6428571428571429,0,SHORT,B,0.0,0.0,1.0,20.0,4.0,8.465714285714316
2024-06-30 20:00:00,NY,0.7,0.725,1,SHORT,B,0.0,0.0,1.0,20.0,6.0,8.299857142857165
2024-07-01 12:00:00,London,0.7,0.772093023255814,1,SHORT,A+,0.0,0.0,3.0,12.0,0.0,10.013642857142909
2024-07-01 16:00:00,London,0.7,0.7615894039735099,1,SHORT,A,0.0,0.0,2.0,16.0,0.0,9.329714285714315
2024-07-01 20:00:00,NY,0.7,0.772093023255814,1,SHORT,B,0.0,0.0,1.0,20.0,0.0,9.028785714285732
2024-07-02 00:00:00,Off,0.7,0.7615894039735099,0,SHORT,B,0.0,0.0,1.0,0.0,1.0,9.418071428571434
2024-07-02 04:00:00,Off,0.7,0.725,0,SHORT,B,0.0,0.0,1.0,4.0,1.0,9.362499999999986
2024-07-02 16:00:00,London,0.7,0.6428571428571429,0,SHORT,B,0.0,0.0,1.0,16.0,1.0,9.639642857142851
2024-07-02 20:00:00,NY,0.7,0.7615894039735099,1,SHORT,B,0.0,0.0,1.0,20.0,1.0,9.142928571428554
2024-07-03 16:00:00,London,0.7,0.7615894039735099,1,SHORT,A,0.0,0.0,2.0,16.0,2.0,10.36342857142852
2024-07-03 20:00:00,NY,0.7,0.725,1,LONG,B,0.0,0.0,1.0,20.0,2.0,9.36699999999993
2024-07-04 04:00:00,Off,0.7,0.7615894039735099,0,LONG,B,0.0,0.0,1.0,4.0,3.0,9.965571428571366
2024-07-04 08:00:00,London,0.7,0.6428571428571429,0,LONG,B,0.0,0.0,1.0,8.0,3.0,9.675642857142812
2024-07-04 16:00:00,London,0.7,0.6428571428571429,0,LONG,B,0.0,0.0,1.0,16.0,3.0,8.78599999999996
2024-07-04 20:00:00,NY,0.7,0.772093023255814,1,LONG,B,0.0,0.0,1.0,20.0,3.0,7.766499999999951
2024-07-05 20:00:00,NY,0.7,0.6,0,LONG,A+,1.0,1.0,1.0,20.0,4.0,8.556857142857163
2024-07-08 00:00:00,Off,0.7,0.7615894039735099,0,LONG,A+,0.0,0.0,3.0,0.0,0.0,8.722785714285724
2024-07-08 04:00:00,Off,0.7,0.772093023255814,0,LONG,A+,0.0,0.0,3.0,4.0,0.0,9.013285714285724
2024-07-08 08:00:00,London,0.7,0.7615894039735099,1,LONG,A+,0.0,0.0,3.0,8.0,0.0,9.108142857142834
2024-07-08 12:00:00,London,0.7,0.772093023255814,1,LONG,A+,0.0,0.0,3.0,12.0,0.0,10.822214285714283
2024-07-08 16:00:00,London,0.7,0.772093023255814,1,LONG,A+,0.0,0.0,3.0,16.0,0.0,10.99807142857146
2024-07-08 20:00:00,NY,0.7,0.772093023255814,1,LONG,B,0.0,0.0,1.0,20.0,0.0,11.128285714285736
2024-07-09 00:00:00,Off,0.7,0.772093023255814,0,LONG,A,0.0,0.0,2.0,0.0,1.0,11.414785714285731
2024-07-09 04:00:00,Off,0.7,0.7615894039735099,0,LONG,B,0.0,0.0,1.0,4.0,1.0,11.660071428571428
2024-07-09 16:00:00,London,0.7,0.772093023255814,1,LONG,A+,0.0,0.0,3.0,16.0,1.0,10.665785714285708
2024-07-09 20:00:00,NY,0.7,0.725,1,LONG,B,0.0,0.0,1.0,20.0,1.0,10.21849999999998
2024-07-10 00:00:00,Off,0.7,0.7615894039735099,0,LONG,B,0.0,0.0,1.0,0.0,2.0,10.469357142857104
2024-07-10 04:00:00,Off,0.7,0.7615894039735099,0,LONG,B,0.0,0.0,1.0,4.0,2.0,10.584071428571374
2024-07-10 08:00:00,London,0.7,0.725,1,LONG,B,0.0,0.0,1.0,8.0,2.0,10.336357142857066
2024-07-10 20:00:00,NY,0.7,0.725,1,LONG,B,0.0,0.0,1.0,20.0,2.0,8.694714285714229
2024-07-11 00:00:00,Off,0.7,0.6428571428571429,0,LONG,B,0.0,0.0,0.0,0.0,3.0,8.693928571428485
2024-07-11 08:00:00,London,0.7,0.6,0,LONG,B,0.0,0.0,1.0,8.0,3.0,8.603357142857053
2024-07-11 16:00:00,London,0.7,0.772093023255814,1,LONG,A+,0.0,0.0,3.0,16.0,3.0,11.24885714285704
2024-07-12 04:00:00,Off,0.7,0.725,0,LONG,A,0.0,0.0,2.0,4.0,4.0,10.548857142857027
2024-07-12 08:00:00,London,0.7,0.725,1,LONG,A+,0.0,0.0,3.0,8.0,4.0,10.768142857142752
2024-07-14 20:00:00,NY,0.7,0.7615894039735099,1,LONG,B,0.0,0.0,1.0,20.0,6.0,10.584999999999908
2024-07-15 00:00:00,Off,0.7,0.772093023255814,0,LONG,A,0.0,0.0,2.0,0.0,0.0,10.944928571428491
2024-07-15 12:00:00,London,0.7,0.772093023255814,1,LONG,A+,0.0,0.0,3.0,12.0,0.0,13.30299999999995
2024-07-15 16:00:00,London,0.7,0.772093023255814,1,LONG,A+,0.0,0.0,3.0,16.0,0.0,11.417214285714246
2024-07-15 20:00:00,NY,0.7,0.772093023255814,1,LONG,B,0.0,0.0,1.0,20.0,0.0,10.909285714285684
2024-07-16 00:00:00,Off,0.7,0.772093023255814,0,LONG,A,0.0,0.0,2.0,0.0,1.0,11.384071428571392
2024-07-16 08:00:00,London,0.7,0.772093023255814,1,LONG,A,0.0,0.0,2.0,8.0,1.0,11.72592857142854
2024-07-17 16:00:00,London,0.7,0.772093023255814,1,LONG,A,0.0,0.0,2.0,16.0,2.0,15.507785714285708
2024-07-17 20:00:00,NY,0.7,0.772093023255814,1,LONG,B,0.0,0.0,0.0,20.0,2.0,13.981785714285706
2024-07-18 00:00:00,Off,0.7,0.772093023255814,0,LONG,B,0.0,0.0,0.0,0.0,3.0,13.375785714285712
2024-07-18 04:00:00,Off,0.7,0.772093023255814,0,LONG,B,0.0,0.0,0.0,4.0,3.0,13.966928571428555
2024-07-18 08:00:00,London,0.7,0.772093023255814,1,LONG,A+,1.0,1.0,1.0,8.0,3.0,14.01485714285715
2024-07-18 12:00:00,London,0.7,0.9444444444444444,1,LONG,A,0.0,0.0,2.0,12.0,3.0,13.872642857142864
2024-07-18 16:00:00,London,0.7,1.0,1,LONG,A,0.0,0.0,2.0,16.0,3.0,14.732785714285717
2024-07-18 20:00:00,NY,0.7,0.772093023255814,1,LONG,B,0.0,0.0,0.0,20.0,3.0,12.478857142857157
2024-07-19 00:00:00,Off,0.7,0.7615894039735099,0,LONG,A,0.0,0.0,2.0,0.0,4.0,13.195142857142889
2024-07-19 04:00:00,Off,0.7,0.772093023255814,0,LONG,A,0.0,0.0,2.0,4.0,4.0,14.109142857142874
2024-07-19 08:00:00,London,0.7,0.6428571428571429,0,LONG,A+,1.0,1.0,1.0,8.0,4.0,13.735928571428596
2024-07-19 12:00:00,London,0.7,0.772093023255814,1,LONG,A,0.0,0.0,2.0,12.0,4.0,14.019142857142892
2024-07-19 16:00:00,London,0.7,0.7615894039735099,1,LONG,B,0.0,0.0,1.0,16.0,4.0,13.886428571428626
2024-07-19 20:00:00,NY,0.7,0.7615894039735099,1,LONG,B,0.0,0.0,1.0,20.0,4.0,12.245357142857204
2024-07-21 20:00:00,NY,0.7,0.772093023255814,1,LONG,B,0.0,0.0,0.0,20.0,6.0,12.0868571428572
2024-07-22 00:00:00,Off,0.7,0.772093023255814,0,LONG,B,0.0,0.0,1.0,0.0,0.0,12.39650000000006
2024-07-22 04:00:00,Off,0.7,0.772093023255814,0,LONG,B,0.0,0.0,1.0,4.0,0.0,12.175857142857208
2024-07-22 08:00:00,London,0.7,0.772093023255814,1,LONG,A,0.0,0.0,2.0,8.0,0.0,12.172642857142916
2024-07-22 20:00:00,NY,0.7,0.772093023255814,1,LONG,B,0.0,0.0,0.0,20.0,0.0,11.361142857142925
2024-07-23 04:00:00,Off,0.7,0.7615894039735099,0,LONG,B,0.0,0.0,1.0,4.0,1.0,10.977928571428654
2024-07-23 08:00:00,London,0.7,0.6428571428571429,0,LONG,B,0.0,0.0,1.0,8.0,1.0,10.91814285714294
2024-07-23 12:00:00,London,0.7,0.772093023255814,1,LONG,A,0.0,0.0,2.0,12.0,1.0,10.670714285714372
2024-07-23 16:00:00,London,0.7,0.725,1,LONG,B,0.0,0.0,0.0,16.0,1.0,9.94550000000007
2024-07-23 20:00:00,NY,0.7,0.725,1,LONG,B,0.0,0.0,0.0,20.0,1.0,9.54142857142863
2024-07-24 00:00:00,Off,0.7,0.772093023255814,0,LONG,B,0.0,0.0,1.0,0.0,2.0,10.304714285714324
2024-07-24 04:00:00,Off,0.7,0.7615894039735099,0,LONG,B,0.0,0.0,0.0,4.0,2.0,10.0311428571429
2024-07-24 08:00:00,London,0.7,0.725,1,LONG,A+,1.0,1.0,1.0,8.0,2.0,9.965000000000048
2024-07-25 12:00:00,London,0.7,0.9444444444444444,1,LONG,A,0.0,0.0,2.0,12.0,3.0,14.211857142857168
2024-08-02 20:00:00,NY,0.7,0.725,1,LONG,B,0.0,0.0,0.0,20.0,4.0,18.388000000000016
2024-08-04 20:00:00,NY,0.7,0.6428571428571429,0,LONG,A+,1.0,1.0,1.0,20.0,6.0,16.89978571428573
2024-08-14 20:00:00,NY,0.7,0.772093023255814,1,LONG,B,0.0,0.0,1.0,20.0,2.0,12.33957142857139
2024-08-15 00:00:00,Off,0.7,0.772093023255814,0,LONG,B,0.0,0.0,1.0,0.0,3.0,11.831928571428534
2024-08-15 04:00:00,Off,0.7,0.772093023255814,0,LONG,B,0.0,0.0,0.0,4.0,3.0,12.018714285714234
2024-08-15 08:00:00,London,0.7,0.725,1,LONG,B,0.0,0.0,0.0,8.0,3.0,11.62478571428567
2024-08-15 16:00:00,London,0.7,0.772093023255814,1,LONG,B,0.0,0.0,1.0,16.0,3.0,13.824071428571347
2024-08-15 20:00:00,NY,0.7,0.772093023255814,1,LONG,B,0.0,0.0,1.0,20.0,3.0,12.904071428571342
2024-08-16 08:00:00,London,0.7,0.725,1,LONG,A,0.0,0.0,2.0,8.0,4.0,13.263857142857075
2024-08-16 12:00:00,London,0.7,0.772093023255814,1,LONG,A,0.0,0.0,2.0,12.0,4.0,14.451357142857075
2024-08-18 20:00:00,NY,0.7,0.7615894039735099,1,LONG,A+,1.0,1.0,1.0,20.0,6.0,12.2036428571428
2024-08-19 00:00:00,Off,0.7,0.772093023255814,0,LONG,A+,0.0,0.0,3.0,0.0,0.0,12.83142857142853
2024-08-19 08:00:00,London,0.7,0.772093023255814,1,LONG,A,0.0,0.0,2.0,8.0,0.0,13.722357142857096
2024-08-19 16:00:00,London,0.7,0.772093023255814,1,LONG,B,0.0,0.0,0.0,16.0,0.0,12.1900714285714
2024-08-20 00:00:00,Off,0.7,0.772093023255814,0,LONG,A,0.0,0.0,2.0,0.0,1.0,12.27492857142855
2024-08-20 16:00:00,London,0.7,0.772093023255814,1,LONG,A+,0.0,0.0,3.0,16.0,1.0,12.714214285714304
2024-08-20 20:00:00,NY,0.7,0.772093023255814,1,LONG,B,0.0,0.0,0.0,20.0,1.0,11.773999999999983
2024-08-21 00:00:00,Off,0.7,0.772093023255814,0,LONG,B,0.0,0.0,1.0,0.0,2.0,12.12714285714284
2024-08-21 04:00:00,Off,0.7,0.772093023255814,0,LONG,A+,1.0,1.0,1.0,4.0,2.0,12.557071428571394
2024-08-21 08:00:00,London,0.7,0.7615894039735099,1,LONG,A+,1.0,1.0,1.0,8.0,2.0,12.347428571428509
2024-08-21 12:00:00,London,0.7,0.772093023255814,1,LONG,A,0.0,0.0,2.0,12.0,2.0,13.323142857142816
2024-08-21 16:00:00,London,0.7,0.772093023255814,1,LONG,A,0.0,0.0,2.0,16.0,2.0,12.99585714285711
2024-08-21 20:00:00,NY,0.7,0.772093023255814,1,LONG,B,0.0,0.0,0.0,20.0,2.0,11.876999999999953
2024-08-22 00:00:00,Off,0.7,0.772093023255814,0,LONG,A,0.0,0.0,2.0,0.0,3.0,12.448499999999967
2024-08-22 04:00:00,Off,0.7,0.772093023255814,0,LONG,B,0.0,0.0,1.0,4.0,3.0,13.00799999999994
2024-08-22 16:00:00,London,0.7,1.0,1,LONG,A,0.0,0.0,2.0,16.0,3.0,13.824785714285683
2024-08-22 20:00:00,NY,0.7,0.772093023255814,1,LONG,B,0.0,0.0,1.0,20.0,3.0,12.345214285714226
2024-08-23 00:00:00,Off,0.7,0.7615894039735099,0,LONG,B,0.0,0.0,1.0,0.0,4.0,11.817999999999952
2024-08-23 08:00:00,London,0.7,0.725,1,LONG,A,0.0,0.0,2.0,8.0,4.0,11.91378571428569
2024-08-23 12:00:00,London,0.7,0.7615894039735099,1,LONG,A+,0.0,0.0,3.0,12.0,4.0,12.79442857142856
2024-08-23 20:00:00,NY,0.7,0.7615894039735099,1,LONG,B,0.0,0.0,1.0,20.0,4.0,11.753428571428556
2024-08-25 20:00:00,NY,0.7,0.7615894039735099,1,LONG,B,0.0,0.0,1.0,20.0,6.0,11.002928571428551
2024-08-26 00:00:00,Off,0.7,0.772093023255814,0,LONG,A,0.0,0.0,2.0,0.0,0.0,11.21764285714286
2024-08-27 00:00:00,Off,0.7,0.772093023255814,0,LONG,A,0.0,0.0,2.0,0.0,1.0,9.563928571428573
2024-08-28 00:00:00,Off,0.7,0.6428571428571429,0,LONG,A+,1.0,1.0,1.0,0.0,2.0,10.551357142857146
2024-08-28 04:00:00,Off,0.7,0.772093023255814,0,LONG,A,0.0,0.0,2.0,4.0,2.0,11.0735
2024-08-28 08:00:00,London,0.7,0.772093023255814,1,LONG,A,0.0,0.0,2.0,8.0,2.0,11.292857142857104
2024-08-28 16:00:00,London,0.7,0.772093023255814,1,LONG,A,0.0,0.0,2.0,16.0,2.0,12.079857142857106
2024-08-28 20:00:00,NY,0.7,0.772093023255814,1,LONG,B,0.0,0.0,1.0,20.0,2.0,11.330714285714228
2024-08-29 00:00:00,Off,0.7,0.772093023255814,0,LONG,B,0.0,0.0,1.0,0.0,3.0,11.25371428571423
2024-08-29 04:00:00,Off,0.7,0.7615894039735099,0,LONG,B,0.0,0.0,1.0,4.0,3.0,11.515785714285682
2024-08-29 12:00:00,London,0.7,0.772093023255814,1,LONG,A+,0.0,0.0,3.0,12.0,3.0,12.062499999999934
2024-08-29 20:00:00,NY,0.7,0.772093023255814,1,LONG,B,0.0,0.0,1.0,20.0,3.0,11.171142857142806
2024-08-30 00:00:00,Off,0.7,0.725,0,LONG,B,0.0,0.0,1.0,0.0,4.0,10.578857142857098
2024-08-30 04:00:00,Off,0.7,0.725,0,LONG,A,0.0,0.0,2.0,4.0,4.0,11.057571428571398
2024-09-01 20:00:00,NY,0.7,0.7615894039735099,1,LONG,B,0.0,0.0,1.0,20.0,6.0,10.077071428571506
2024-09-02 04:00:00,Off,0.7,0.772093023255814,0,LONG,A,0.0,0.0,2.0,4.0,0.0,10.542928571428677
2024-09-02 12:00:00,London,0.7,0.772093023255814,1,LONG,A+,0.0,0.0,3.0,12.0,0.0,10.47335714285727
2024-09-02 16:00:00,London,0.7,0.75,1,LONG,A,0.0,0.0,2.0,16.0,0.0,9.128000000000124
2024-09-02 20:00:00,NY,0.7,0.7615894039735099,1,LONG,B,0.0,0.0,0.0,20.0,0.0,8.579714285714415
2024-09-03 00:00:00,Off,0.7,0.7615894039735099,0,LONG,A+,0.0,0.0,3.0,0.0,1.0,8.909000000000137
2024-09-03 04:00:00,Off,0.7,0.7615894039735099,0,LONG,A+,0.0,0.0,4.0,4.0,1.0,9.016285714285816
2024-09-03 20:00:00,NY,0.7,0.725,1,LONG,B,0.0,0.0,1.0,20.0,1.0,9.317142857142894
2024-09-04 00:00:00,Off,0.7,0.7615894039735099,0,LONG,B,0.0,0.0,1.0,0.0,2.0,9.596785714285716
2024-09-06 20:00:00,NY,0.7,0.7615894039735099,1,LONG,A,0.0,0.0,2.0,20.0,4.0,10.365785714285789
2024-09-09 00:00:00,Off,0.7,0.772093023255814,0,LONG,A+,0.0,0.0,4.0,0.0,0.0,10.216571428571472
2024-09-09 04:00:00,Off,0.7,0.772093023255814,0,LONG,A+,0.0,0.0,4.0,4.0,0.0,10.87135714285718
2024-09-09 08:00:00,London,0.7,0.7615894039735099,1,LONG,A+,0.0,0.0,3.0,8.0,0.0,10.538000000000045
2024-09-09 12:00:00,London,0.7,0.772093023255814,1,LONG,A+,0.0,0.0,5.0,12.0,0.0,10.508928571428603
2024-09-09 16:00:00,London,0.7,0.7615894039735099,1,LONG,A,0.0,0.0,2.0,16.0,0.0,9.631714285714322
2024-09-09 20:00:00,NY,0.7,0.772093023255814,1,LONG,A,0.0,0.0,2.0,20.0,0.0,9.03928571428576
2024-09-10 08:00:00,London,0.7,0.725,1,LONG,A,0.0,0.0,2.0,8.0,1.0,9.647428571428623
2024-09-10 12:00:00,London,0.7,0.772093023255814,1,LONG,A+,0.0,0.0,3.0,12.0,1.0,10.495071428571496
2024-09-10 16:00:00,London,0.7,0.725,1,LONG,A,0.0,0.0,2.0,16.0,1.0,8.923642857142893
2024-09-10 20:00:00,NY,0.7,0.725,1,LONG,B,0.0,0.0,1.0,20.0,1.0,7.657357142857173
2024-09-11 16:00:00,London,0.7,0.725,1,LONG,A,0.0,0.0,2.0,16.0,2.0,9.371357142857116
2024-09-11 20:00:00,NY,0.7,0.725,1,LONG,B,0.0,0.0,1.0,20.0,2.0,8.69714285714284
2024-09-12 00:00:00,Off,0.7,0.725,0,LONG,A+,1.0,1.0,1.0,0.0,3.0,8.531928571428548
2024-09-12 04:00:00,Off,0.7,0.725,0,LONG,B,0.0,0.0,0.0,4.0,3.0,8.912999999999979
2024-09-12 08:00:00,London,0.7,0.6428571428571429,0,LONG,B,0.0,0.0,1.0,8.0,3.0,9.053142857142868
2024-09-12 20:00:00,NY,0.7,0.7615894039735099,1,LONG,A+,1.0,1.0,1.0,20.0,3.0,10.46357142857138
2024-09-13 08:00:00,London,0.7,0.6428571428571429,0,LONG,B,0.0,0.0,0.0,8.0,4.0,11.40321428571422
2024-09-13 20:00:00,NY,0.7,0.7615894039735099,1,LONG,B,0.0,0.0,0.0,20.0,4.0,10.629071428571349
2024-09-15 20:00:00,NY,0.7,0.7615894039735099,1,LONG,B,0.0,0.0,0.0,20.0,6.0,10.10285714285708
2024-09-16 00:00:00,Off,0.7,0.7615894039735099,0,LONG,A+,1.0,1.0,1.0,0.0,0.0,10.639857142857084
2024-09-16 12:00:00,London,0.7,0.772093023255814,1,LONG,A,0.0,0.0,2.0,12.0,0.0,11.756285714285598
2024-09-16 16:00:00,London,0.7,0.6428571428571429,0,LONG,B,0.0,0.0,1.0,16.0,0.0,9.49064285714277
2024-09-16 20:00:00,NY,0.7,0.7615894039735099,1,LONG,B,0.0,0.0,0.0,20.0,0.0,8.619785714285594
2024-09-17 00:00:00,Off,0.7,0.75,0,LONG,A+,1.0,1.0,1.0,0.0,1.0,9.063928571428471
2024-09-17 08:00:00,London,0.7,0.725,1,LONG,A,0.0,0.0,2.0,8.0,1.0,9.45649999999994
2024-09-17 12:00:00,London,0.7,0.7615894039735099,1,LONG,A,0.0,0.0,2.0,12.0,1.0,10.254357142857089
2024-09-17 16:00:00,London,0.7,0.725,1,LONG,A,0.0,0.0,2.0,16.0,1.0,9.792571428571364
2024-09-17 20:00:00,NY,0.7,0.725,1,LONG,B,0.0,0.0,0.0,20.0,1.0,9.690071428571368
2024-09-18 04:00:00,Off,0.7,0.725,0,LONG,A+,1.0,1.0,1.0,4.0,2.0,10.34628571428568
2024-09-18 08:00:00,London,0.7,0.725,1,LONG,B,0.0,0.0,0.0,8.0,2.0,10.534999999999952
2024-09-18 20:00:00,NY,0.7,0.772093023255814,1,LONG,B,0.0,0.0,1.0,20.0,2.0,13.453999999999985
2024-09-19 04:00:00,Off,0.7,0.772093023255814,0,LONG,A+,0.0,0.0,3.0,4.0,3.0,15.896071428571434
2024-09-19 08:00:00,London,0.7,0.7615894039735099,1,LONG,A+,0.0,0.0,3.0,8.0,3.0,16.186571428571433
2024-09-19 12:00:00,London,0.7,0.772093023255814,1,LONG,A+,0.0,0.0,3.0,12.0,3.0,16.83071428571426
2024-09-19 20:00:00,NY,0.7,0.772093023255814,1,LONG,B,0.0,0.0,1.0,20.0,3.0,15.089857142857127
2024-09-20 16:00:00,London,0.7,0.6428571428571429,0,LONG,B,0.0,0.0,1.0,16.0,4.0,16.651071428571477
2024-09-22 20:00:00,NY,0.7,0.772093023255814,1,LONG,B,0.0,0.0,0.0,20.0,6.0,12.4838571428572
2024-09-23 08:00:00,London,0.7,0.7615894039735099,1,LONG,B,0.0,0.0,1.0,8.0,0.0,11.75092857142863
2024-09-23 12:00:00,London,0.7,0.772093023255814,1,LONG,A,0.0,0.0,2.0,12.0,0.0,11.838714285714332
2024-09-23 16:00:00,London,0.7,0.772093023255814,1,LONG,B,0.0,0.0,0.0,16.0,0.0,10.682000000000048
2024-09-23 20:00:00,NY,0.7,0.772093023255814,1,LONG,B,0.0,0.0,0.0,20.0,0.0,10.396785714285768
2024-09-24 04:00:00,Off,0.7,0.7615894039735099,0,LONG,A,0.0,0.0,2.0,4.0,1.0,11.615428571428668
2024-09-24 08:00:00,London,0.7,0.7615894039735099,1,LONG,A,0.0,0.0,2.0,8.0,1.0,11.217857142857222
2024-09-24 20:00:00,NY,0.7,0.772093023255814,1,LONG,B,0.0,0.0,0.0,20.0,1.0,12.139071428571436
2024-09-25 08:00:00,London,0.7,0.7615894039735099,1,LONG,B,0.0,0.0,0.0,8.0,2.0,12.885499999999997
2024-09-25 16:00:00,London,0.7,0.772093023255814,1,LONG,B,0.0,0.0,0.0,16.0,2.0,12.733214285714244
2024-09-25 20:00:00,NY,0.7,0.772093023255814,1,LONG,A+,1.0,1.0,1.0,20.0,2.0,11.966142857142811
2024-09-26 00:00:00,Off,0.7,0.7615894039735099,0,LONG,A+,1.0,1.0,1.0,0.0,3.0,12.108999999999956
2024-09-26 04:00:00,Off,0.7,0.772093023255814,0,LONG,B,0.0,0.0,0.0,4.0,3.0,12.55949999999994
2024-09-26 12:00:00,London,0.7,0.9444444444444444,1,LONG,A,0.0,0.0,2.0,12.0,3.0,14.028357142857072
2024-09-26 16:00:00,London,0.7,0.772093023255814,1,LONG,B,0.0,0.0,1.0,16.0,3.0,14.172571428571375
2024-09-26 20:00:00,NY,0.7,0.772093023255814,1,LONG,B,0.0,0.0,0.0,20.0,3.0,12.615857142857132
2024-09-27 08:00:00,London,0.7,0.6,0,LONG,B,0.0,0.0,0.0,8.0,4.0,11.704285714285756
2024-09-27 12:00:00,London,0.7,0.7615894039735099,1,LONG,A+,0.0,0.0,3.0,12.0,4.0,13.072785714285764
2024-09-27 16:00:00,London,0.7,0.7615894039735099,1,LONG,B,0.0,0.0,1.0,16.0,4.0,13.60471428571431
2024-09-27 20:00:00,NY,0.7,0.7615894039735099,1,LONG,B,0.0,0.0,0.0,20.0,4.0,13.288785714285725
2024-09-29 20:00:00,NY,0.7,0.772093023255814,1,LONG,B,0.0,0.0,0.0,20.0,6.0,12.839285714285747
2024-09-30 08:00:00,London,0.7,0.7615894039735099,1,LONG,A,0.0,0.0,2.0,8.0,0.0,15.023857142857196
2024-09-30 12:00:00,London,0.7,0.9444444444444444,1,LONG,A,0.0,0.0,2.0,12.0,0.0,14.63164285714291
2024-10-01 00:00:00,Off,0.7,0.772093023255814,0,LONG,B,0.0,0.0,1.0,0.0,1.0,13.2795
2024-10-01 04:00:00,Off,0.7,0.772093023255814,0,LONG,B,0.0,0.0,1.0,4.0,1.0,13.441357142857148
2024-10-01 08:00:00,London,0.7,0.772093023255814,1,LONG,A+,0.0,0.0,3.0,8.0,1.0,13.19564285714286
2024-10-01 12:00:00,London,0.7,0.772093023255814,1,LONG,A+,0.0,0.0,3.0,12.0,1.0,14.123571428571395
2024-10-02 04:00:00,Off,0.7,0.772093023255814,0,LONG,A,0.0,0.0,2.0,4.0,2.0,12.84264285714286
2024-10-02 16:00:00,London,0.7,0.772093023255814,1,LONG,B,0.0,0.0,1.0,16.0,2.0,12.209428571428557
2024-10-02 20:00:00,NY,0.7,0.772093023255814,1,LONG,B,0.0,0.0,1.0,20.0,2.0,11.313357142857123
2024-10-03 04:00:00,Off,0.7,0.772093023255814,0,LONG,A,0.0,0.0,2.0,4.0,3.0,11.379928571428536
2024-10-03 08:00:00,London,0.7,0.7615894039735099,1,LONG,A,0.0,0.0,2.0,8.0,3.0,11.524428571428546
2024-10-03 16:00:00,London,0.7,0.772093023255814,1,LONG,A,0.0,0.0,2.0,16.0,3.0,12.281428571428544
2024-10-03 20:00:00,NY,0.7,0.772093023255814,1,LONG,B,0.0,0.0,1.0,20.0,3.0,10.839000000000008
2024-10-04 04:00:00,Off,0.7,0.6,0,LONG,A+,1.0,1.0,1.0,4.0,4.0,10.514142857142817
2024-10-04 08:00:00,London,0.7,0.6,0,LONG,A+,1.0,1.0,1.0,8.0,4.0,10.426714285714263
2024-10-04 16:00:00,London,0.7,0.7615894039735099,1,LONG,A,0.0,0.0,2.0,16.0,4.0,12.584214285714229
2024-10-04 20:00:00,NY,0.7,0.725,1,LONG,B,0.0,0.0,1.0,20.0,4.0,11.287071428571348
2024-10-07 00:00:00,Off,0.7,0.772093023255814,0,LONG,A,0.0,0.0,2.0,0.0,0.0,11.082071428571355
2024-10-07 08:00:00,London,0.7,0.7615894039735099,1,LONG,A,0.0,0.0,2.0,8.0,0.0,10.97964285714277
2024-10-07 16:00:00,London,0.7,0.772093023255814,1,LONG,A,0.0,0.0,2.0,16.0,0.0,11.395357142857067
2024-10-07 20:00:00,NY,0.7,0.772093023255814,1,LONG,B,0.0,0.0,1.0,20.0,0.0,10.9512857142856
2024-10-08 08:00:00,London,0.7,0.772093023255814,1,LONG,A+,0.0,0.0,4.0,8.0,1.0,13.260142857142748
2024-10-23 16:00:00,London,0.7,0.772093023255814,1,LONG,A+,0.0,0.0,3.0,16.0,2.0,12.811071428571363
2024-10-23 20:00:00,NY,0.7,0.7615894039735099,1,LONG,B,0.0,0.0,1.0,20.0,2.0,11.669857142857088
2024-10-24 00:00:00,Off,0.7,0.772093023255814,0,LONG,A,0.0,0.0,2.0,0.0,3.0,11.49264285714282
2024-10-24 04:00:00,Off,0.7,0.772093023255814,0,LONG,B,0.0,0.0,1.0,4.0,3.0,12.235285714285672
2024-10-24 08:00:00,London,0.7,0.7615894039735099,1,LONG,B,0.0,0.0,1.0,8.0,3.0,11.857571428571386
2024-10-24 12:00:00,London,0.7,0.772093023255814,1,LONG,A+,0.0,0.0,3.0,12.0,3.0,12.765999999999948
2024-10-24 16:00:00,London,0.7,0.772093023255814,1,LONG,A,0.0,0.0,2.0,16.0,3.0,12.913357142857064
2024-10-24 20:00:00,NY,0.7,0.772093023255814,1,LONG,B,0.0,0.0,1.0,20.0,3.0,12.257214285714197
2024-10-25 00:00:00,Off,0.7,0.7615894039735099,0,LONG,B,0.0,0.0,1.0,0.0,4.0,12.187857142857084
2024-10-25 16:00:00,London,0.7,0.725,1,LONG,B,0.0,0.0,1.0,16.0,4.0,13.546214285714248
2024-10-27 20:00:00,NY,0.7,0.7615894039735099,1,LONG,B,0.0,0.0,1.0,20.0,6.0,11.318857142857109
2024-10-28 00:00:00,Off,0.7,0.772093023255814,0,LONG,A+,0.0,0.0,3.0,0.0,0.0,11.599071428571376
2024-10-28 08:00:00,London,0.7,0.772093023255814,1,LONG,A,0.0,0.0,2.0,8.0,0.0,11.97742857142852
2024-10-28 16:00:00,London,0.7,0.7615894039735099,1,LONG,B,0.0,0.0,1.0,16.0,0.0,11.38499999999996
2024-10-29 00:00:00,Off,0.7,0.772093023255814,0,LONG,A+,0.0,0.0,4.0,0.0,1.0,11.6484285714286
2024-10-29 20:00:00,NY,0.7,0.7615894039735099,1,LONG,A+,1.0,1.0,1.0,20.0,1.0,11.24107142857146
2024-10-30 04:00:00,Off,0.7,0.7615894039735099,0,LONG,A+,1.0,1.0,1.0,4.0,2.0,11.083857142857209
2024-10-30 08:00:00,London,0.7,0.725,1,LONG,A+,1.0,1.0,1.0,8.0,2.0,10.842428571428629
2024-10-30 20:00:00,NY,0.7,0.725,1,LONG,B,0.0,0.0,0.0,20.0,2.0,9.688000000000004
2024-10-31 00:00:00,Off,0.7,0.7615894039735099,0,LONG,B,0.0,0.0,0.0,0.0,3.0,9.796214285714282
2024-10-31 04:00:00,Off,0.7,0.772093023255814,0,LONG,B,0.0,0.0,1.0,4.0,3.0,10.075571428571427
2024-10-31 08:00:00,London,0.7,0.6428571428571429,0,LONG,B,0.0,0.0,1.0,8.0,3.0,9.743642857142827
2024-10-31 16:00:00,London,0.7,0.772093023255814,1,LONG,A+,0.0,0.0,3.0,16.0,3.0,12.868785714285682
2024-11-01 00:00:00,Off,0.7,0.7615894039735099,0,LONG,A+,0.0,0.0,3.0,0.0,4.0,11.277214285714276
2024-11-01 04:00:00,Off,0.7,0.7615894039735099,0,LONG,A,0.0,0.0,2.0,4.0,4.0,11.780142857142826
2024-11-01 20:00:00,NY,0.7,0.7615894039735099,1,LONG,B,0.0,0.0,1.0,20.0,4.0,12.14814285714283
2024-11-03 20:00:00,NY,0.7,0.772093023255814,1,LONG,B,0.0,0.0,1.0,20.0,6.0,12.195499999999972
2024-11-04 00:00:00,Off,0.7,0.772093023255814,0,LONG,A,0.0,0.0,2.0,0.0,0.0,12.461999999999987
2024-11-04 04:00:00,Off,0.7,0.772093023255814,0,LONG,B,0.0,0.0,1.0,4.0,0.0,12.691714285714268
2024-11-04 08:00:00,London,0.7,0.772093023255814,1,LONG,A,0.0,0.0,2.0,8.0,0.0,13.04407142857141
2024-11-04 16:00:00,London,0.7,0.772093023255814,1,LONG,A,0.0,0.0,2.0,16.0,0.0,10.058928571428591
2024-11-04 20:00:00,NY,0.7,0.7615894039735099,1,LONG,B,0.0,0.0,1.0,20.0,0.0,9.403571428571436
2024-11-05 00:00:00,Off,0.7,0.772093023255814,0,LONG,B,0.0,0.0,1.0,0.0,1.0,9.909571428571423
2024-11-05 04:00:00,Off,0.7,0.7615894039735099,0,LONG,A+,1.0,1.0,1.0,4.0,1.0,10.100285714285716
2024-11-05 08:00:00,London,0.7,0.6428571428571429,0,LONG,B,0.0,0.0,0.0,8.0,1.0,10.266214285714309
2024-11-05 20:00:00,NY,0.7,0.725,1,LONG,B,0.0,0.0,0.0,20.0,1.0,9.24878571428576
2024-11-06 04:00:00,Off,0.7,0.772093023255814,0,LONG,A,0.0,0.0,2.0,4.0,2.0,12.83050000000006
2024-11-06 12:00:00,London,0.7,0.772093023255814,1,LONG,A,0.0,0.0,2.0,12.0,2.0,18.311785714285765
2024-11-06 16:00:00,London,0.7,0.7615894039735099,1,LONG,B,0.0,0.0,1.0,16.0,2.0,18.543714285714323
2024-11-06 20:00:00,NY,0.7,0.7615894039735099,1,LONG,B,0.0,0.0,0.0,20.0,2.0,18.41342857142857
2024-11-25 04:00:00,Off,0.7,0.772093023255814,0,SHORT,A,0.0,0.0,2.0,4.0,0.0,16.805285714285706
2024-11-25 08:00:00,London,0.7,0.7615894039735099,1,SHORT,A,0.0,0.0,2.0,8.0,0.0,17.630857142857135
2024-11-25 20:00:00,NY,0.7,0.7615894039735099,1,SHORT,A+,1.0,1.0,1.0,20.0,0.0,22.91199999999997
2024-11-26 00:00:00,Off,0.7,0.772093023255814,0,SHORT,A+,0.0,0.0,3.0,0.0,1.0,24.332785714285688
2024-11-26 04:00:00,Off,0.7,0.7615894039735099,0,SHORT,B,0.0,0.0,0.0,4.0,1.0,24.25714285714285
2024-11-26 08:00:00,London,0.7,0.7615894039735099,1,SHORT,A,0.0,0.0,2.0,8.0,1.0,24.60157142857143
2024-11-26 12:00:00,London,0.7,0.772093023255814,1,SHORT,A+,0.0,0.0,3.0,12.0,1.0,25.227
2024-11-26 16:00:00,London,0.7,0.7615894039735099,1,SHORT,B,0.0,0.0,1.0,16.0,1.0,24.606857142857148
2024-11-27 00:00:00,Off,0.7,0.772093023255814,0,SHORT,B,0.0,0.0,1.0,0.0,2.0,24.532071428571435
2024-11-27 04:00:00,Off,0.7,0.7615894039735099,0,SHORT,B,0.0,0.0,1.0,4.0,2.0,24.62200000000004
2024-11-27 08:00:00,London,0.7,0.7615894039735099,1,SHORT,A+,0.0,0.0,3.0,8.0,2.0,21.021071428571467
2024-11-27 16:00:00,London,0.7,0.772093023255814,1,SHORT,A,0.0,0.0,2.0,16.0,2.0,20.54992857142861
2024-11-27 20:00:00,NY,0.7,0.7615894039735099,1,SHORT,B,0.0,0.0,1.0,20.0,2.0,16.493285714285776
2024-11-28 08:00:00,London,0.7,0.772093023255814,1,SHORT,B,0.0,0.0,1.0,8.0,3.0,14.395642857142873
2024-11-28 12:00:00,London,0.7,0.9444444444444444,1,SHORT,A,0.0,0.0,2.0,12.0,3.0,13.763071428571427
2024-11-28 16:00:00,London,0.7,0.772093023255814,1,SHORT,B,0.0,0.0,1.0,16.0,3.0,12.632357142857147
2024-11-29 16:00:00,London,0.7,0.725,1,SHORT,B,0.0,0.0,1.0,16.0,4.0,12.13921428571429
2024-12-01 20:00:00,NY,0.7,0.7615894039735099,1,SHORT,B,0.0,0.0,1.0,20.0,6.0,11.39028571428571
2024-12-02 00:00:00,Off,0.7,0.772093023255814,0,SHORT,A+,0.0,0.0,3.0,0.0,0.0,12.403142857142871
2024-12-02 08:00:00,London,0.7,0.772093023255814,1,SHORT,A+,0.0,0.0,3.0,8.0,0.0,13.065214285714289
2024-12-02 20:00:00,NY,0.7,0.772093023255814,1,SHORT,B,0.0,0.0,1.0,20.0,0.0,12.95550000000006
2024-12-03 00:00:00,Off,0.7,0.772093023255814,0,SHORT,A,0.0,0.0,2.0,0.0,1.0,13.406428571428608
2024-12-03 04:00:00,Off,0.7,0.772093023255814,0,SHORT,B,0.0,0.0,1.0,4.0,1.0,14.08735714285714
2024-12-03 12:00:00,London,0.7,0.772093023255814,1,SHORT,A+,0.0,0.0,3.0,12.0,1.0,13.551071428571406
2024-12-03 16:00:00,London,0.7,0.772093023255814,1,SHORT,A+,0.0,0.0,3.0,16.0,1.0,13.471142857142857
2024-12-03 20:00:00,NY,0.7,0.772093023255814,1,SHORT,B,0.0,0.0,1.0,20.0,1.0,12.697428571428548
2024-12-04 00:00:00,Off,0.7,0.772093023255814,0,SHORT,B,0.0,0.0,1.0,0.0,2.0,12.943357142857137
2024-12-04 16:00:00,London,0.7,0.772093023255814,1,SHORT,A+,0.0,0.0,3.0,16.0,2.0,12.02349999999998
2024-12-04 20:00:00,NY,0.7,0.772093023255814,1,SHORT,A,0.0,0.0,2.0,20.0,2.0,11.248499999999988
2024-12-05 00:00:00,Off,0.7,0.772093023255814,0,SHORT,A,0.0,0.0,2.0,0.0,3.0,10.913928571428576
2024-12-05 16:00:00,London,0.7,0.772093023255814,1,SHORT,A,0.0,0.0,2.0,16.0,3.0,12.462428571428584
2024-12-05 20:00:00,NY,0.7,0.772093023255814,1,SHORT,B,0.0,0.0,0.0,20.0,3.0,11.41721428571431
2024-12-12 04:00:00,Off,0.7,0.772093023255814,0,LONG,B,0.0,0.0,1.0,4.0,3.0,14.439000000000012
2024-12-12 08:00:00,London,0.7,0.772093023255814,1,LONG,A,0.0,0.0,2.0,8.0,3.0,14.31714285714286
2024-12-12 12:00:00,London,0.7,0.772093023255814,1,LONG,A,0.0,0.0,2.0,12.0,3.0,16.25292857142855
2024-12-12 16:00:00,London,0.7,0.772093023255814,1,LONG,A,0.0,0.0,2.0,16.0,3.0,15.826142857142877
2024-12-12 20:00:00,NY,0.7,0.9444444444444444,1,LONG,B,0.0,0.0,1.0,20.0,3.0,14.730000000000018
2024-12-13 04:00:00,Off,0.7,0.6428571428571429,0,LONG,B,0.0,0.0,1.0,4.0,4.0,15.07985714285717
2024-12-13 08:00:00,London,0.7,0.6,0,LONG,B,0.0,0.0,1.0,8.0,4.0,15.674357142857192
2024-12-13 12:00:00,London,0.7,0.6428571428571429,0,LONG,B,0.0,0.0,1.0,12.0,4.0,15.363285714285732
2024-12-13 16:00:00,London,0.7,0.6,0,LONG,A+,1.0,1.0,1.0,16.0,4.0,15.28342857142856
2024-12-13 20:00:00,NY,0.7,0.7615894039735099,1,LONG,A+,1.0,1.0,1.0,20.0,4.0,14.011500000000035
2024-12-15 20:00:00,NY,0.7,0.772093023255814,1,LONG,B,0.0,0.0,1.0,20.0,6.0,13.644571428571483
2024-12-16 12:00:00,London,0.7,0.772093023255814,1,LONG,A+,0.0,0.0,3.0,12.0,0.0,12.983357142857196
2024-12-16 16:00:00,London,0.7,0.772093023255814,1,LONG,A+,0.0,0.0,3.0,16.0,0.0,10.838500000000067
2024-12-16 20:00:00,NY,0.7,0.772093023255814,1,LONG,B,0.0,0.0,1.0,20.0,0.0,10.298000000000034
2024-12-17 12:00:00,London,0.7,0.7615894039735099,1,LONG,A,0.0,0.0,2.0,12.0,1.0,10.432928571428617
2024-12-17 20:00:00,NY,0.7,0.725,1,LONG,B,0.0,0.0,0.0,20.0,1.0,9.454857142857204
2024-12-18 04:00:00,Off,0.7,0.7615894039735099,0,LONG,B,0.0,0.0,1.0,4.0,2.0,9.538714285714311
2024-12-26 16:00:00,London,0.7,0.7615894039735099,1,SHORT,A+,0.0,0.0,4.0,16.0,3.0,8.125642857142793
2024-12-26 20:00:00,NY,0.7,0.772093023255814,1,SHORT,A,0.0,0.0,2.0,20.0,3.0,8.184142857142758
2024-12-27 00:00:00,Off,0.7,0.7615894039735099,0,SHORT,A+,0.0,0.0,4.0,0.0,4.0,8.048642857142795
2024-12-27 08:00:00,London,0.7,0.6428571428571429,0,SHORT,A+,0.0,0.0,4.0,8.0,4.0,8.256714285714224
2024-12-27 12:00:00,London,0.7,0.725,1,SHORT,A+,0.0,0.0,3.0,12.0,4.0,9.322499999999923
2024-12-27 16:00:00,London,0.7,0.6428571428571429,0,SHORT,A+,0.0,0.0,3.0,16.0,4.0,9.315142857142778
2024-12-27 20:00:00,NY,0.7,0.6428571428571429,0,SHORT,B,0.0,0.0,1.0,20.0,4.0,9.458571428571336
2024-12-29 20:00:00,NY,0.7,0.725,1,SHORT,B,0.0,0.0,1.0,20.0,6.0,9.222357142857064
2024-12-30 00:00:00,Off,0.7,0.772093023255814,0,SHORT,A,0.0,0.0,2.0,0.0,0.0,9.358642857142806
2025-01-03 04:00:00,Off,0.7,0.725,0,SHORT,B,0.0,0.0,1.0,4.0,4.0,10.43371428571436
2025-01-03 08:00:00,London,0.7,0.6,0,SHORT,B,0.0,0.0,1.0,8.0,4.0,10.277714285714344
2025-01-03 16:00:00,London,0.7,0.725,1,SHORT,A+,0.0,0.0,3.0,16.0,4.0,10.01514285714292
2025-01-05 20:00:00,NY,0.7,0.7615894039735099,1,SHORT,B,0.0,0.0,0.0,20.0,6.0,9.919500000000037
2025-01-06 00:00:00,Off,0.7,0.772093023255814,0,SHORT,A+,0.0,0.0,3.0,0.0,0.0,10.252857142857206
2025-01-06 04:00:00,Off,0.7,0.772093023255814,0,SHORT,A+,0.0,0.0,3.0,4.0,0.0,10.3918571428572
2025-01-07 00:00:00,Off,0.7,0.772093023255814,0,SHORT,A,0.0,0.0,2.0,0.0,1.0,11.956
2025-01-07 08:00:00,London,0.7,0.7615894039735099,1,SHORT,A+,0.0,0.0,3.0,8.0,1.0,11.724999999999977
2025-01-08 08:00:00,London,0.7,0.772093023255814,1,SHORT,A,0.0,0.0,2.0,8.0,2.0,12.3143571428571
2025-01-08 16:00:00,London,0.7,0.772093023255814,1,SHORT,A,0.0,0.0,2.0,16.0,2.0,12.543928571428555
2025-01-08 20:00:00,NY,0.7,0.7615894039735099,1,SHORT,B,0.0,0.0,0.0,20.0,2.0,10.499000000000024
2025-01-09 00:00:00,Off,0.7,0.7615894039735099,0,SHORT,B,0.0,0.0,0.0,0.0,3.0,10.334714285714329
2025-01-09 04:00:00,Off,0.7,0.7615894039735099,0,SHORT,B,0.0,0.0,1.0,4.0,3.0,10.877642857142908
2025-01-09 16:00:00,London,0.7,0.772093023255814,1,LONG,B,0.0,0.0,1.0,16.0,3.0,11.394500000000107
2025-01-09 20:00:00,NY,0.7,0.7615894039735099,1,LONG,A+,1.0,1.0,1.0,20.0,3.0,9.999214285714386
2025-01-10 00:00:00,Off,0.7,0.6428571428571429,0,LONG,A+,1.0,1.0,1.0,0.0,4.0,9.72414285714295
2025-01-10 16:00:00,London,0.7,0.7615894039735099,1,LONG,A,0.0,0.0,2.0,16.0,4.0,12.220857142857312
2025-01-10 20:00:00,NY,0.7,0.725,1,LONG,B,0.0,0.0,0.0,20.0,4.0,11.309785714285876
2025-01-12 20:00:00,NY,0.7,0.7615894039735099,1,LONG,B,0.0,0.0,0.0,20.0,6.0,10.105142857143036
2025-01-13 04:00:00,Off,0.7,0.772093023255814,0,LONG,A,0.0,0.0,2.0,4.0,0.0,10.801357142857276
2025-01-13 08:00:00,London,0.7,0.7615894039735099,1,LONG,A,0.0,0.0,2.0,8.0,0.0,11.000285714285836
2025-01-13 12:00:00,London,0.7,0.772093023255814,1,LONG,A,0.0,0.0,2.0,12.0,0.0,11.236428571428664
2025-01-14 00:00:00,Off,0.7,0.7615894039735099,0,LONG,B,0.0,0.0,1.0,0.0,1.0,11.52042857142864
2025-01-14 12:00:00,London,0.7,0.772093023255814,1,LONG,A+,0.0,0.0,3.0,12.0,1.0,12.41114285714288
2025-01-14 20:00:00,NY,0.7,0.725,1,LONG,B,0.0,0.0,1.0,20.0,1.0,10.169500000000005
2025-01-15 00:00:00,Off,0.7,0.772093023255814,0,LONG,B,0.0,0.0,1.0,0.0,2.0,10.004071428571413
2025-01-15 04:00:00,Off,0.7,0.7615894039735099,0,LONG,B,0.0,0.0,1.0,4.0,2.0,10.436214285714252
2025-01-15 08:00:00,London,0.7,0.772093023255814,1,LONG,A,0.0,0.0,2.0,8.0,2.0,9.99699999999994
2025-01-15 12:00:00,London,0.7,0.772093023255814,1,LONG,A+,0.0,0.0,3.0,12.0,2.0,10.808857142857116
2025-01-15 20:00:00,NY,0.7,0.6428571428571429,0,LONG,A+,1.0,1.0,1.0,20.0,2.0,10.27135714285711
2025-01-16 08:00:00,London,0.7,0.7615894039735099,1,LONG,B,0.0,0.0,1.0,8.0,3.0,10.670499999999947
2025-01-16 20:00:00,NY,0.7,0.772093023255814,1,LONG,B,0.0,0.0,1.0,20.0,3.0,10.783999999999976
2025-01-17 08:00:00,London,0.7,0.6,0,LONG,B,0.0,0.0,1.0,8.0,4.0,10.973214285714253
2025-01-17 16:00:00,London,0.7,0.6428571428571429,0,LONG,A+,1.0,1.0,1.0,16.0,4.0,11.617285714285702
2025-01-17 20:00:00,NY,0.7,0.725,1,LONG,B,0.0,0.0,0.0,20.0,4.0,10.576571428571404
2025-01-19 20:00:00,NY,0.7,0.7615894039735099,1,LONG,B,0.0,0.0,0.0,20.0,6.0,10.100214285714271
2025-01-20 04:00:00,Off,0.7,0.7615894039735099,0,LONG,B,0.0,0.0,1.0,4.0,0.0,10.956
2025-01-20 08:00:00,London,0.7,0.7615894039735099,1,LONG,A,0.0,0.0,2.0,8.0,0.0,10.912714285714303
2025-01-20 12:00:00,London,0.7,0.772093023255814,1,LONG,A+,0.0,0.0,3.0,12.0,0.0,10.6285
2025-01-20 20:00:00,NY,0.7,0.7615894039735099,1,LONG,B,0.0,0.0,1.0,20.0,0.0,9.392214285714315
2025-01-21 08:00:00,London,0.7,0.7615894039735099,1,LONG,A+,0.0,0.0,3.0,8.0,1.0,11.368714285714336
2025-01-21 16:00:00,London,0.7,0.725,1,LONG,A+,1.0,1.0,1.0,16.0,1.0,11.64692857142862
2025-01-21 20:00:00,NY,0.7,0.7615894039735099,1,LONG,A+,1.0,1.0,1.0,20.0,1.0,11.032285714285765
2025-01-23 00:00:00,Off,0.7,0.772093023255814,0,LONG,A+,0.0,0.0,3.0,0.0,3.0,10.67928571428573
2025-01-23 04:00:00,Off,0.7,0.772093023255814,0,LONG,A,0.0,0.0,2.0,4.0,3.0,10.77921428571426
2025-01-23 08:00:00,London,0.7,0.772093023255814,1,LONG,A+,0.0,0.0,4.0,8.0,3.0,10.048999999999978
2025-01-24 00:00:00,Off,0.7,0.7615894039735099,0,LONG,A+,0.0,0.0,3.0,0.0,4.0,10.74057142857136
2025-01-24 16:00:00,London,0.7,0.6428571428571429,0,LONG,B,0.0,0.0,1.0,16.0,4.0,10.302357142857122
2025-01-24 20:00:00,NY,0.7,0.6428571428571429,0,LONG,B,0.0,0.0,1.0,20.0,4.0,9.807571428571398
2025-01-26 20:00:00,NY,0.7,0.725,1,LONG,B,0.0,0.0,1.0,20.0,6.0,9.844999999999995
2025-01-27 04:00:00,Off,0.7,0.772093023255814,0,LONG,A+,0.0,0.0,4.0,4.0,0.0,11.456071428571445
2025-02-05 20:00:00,NY,0.7,0.772093023255814,1,LONG,B,0.0,0.0,0.0,20.0,2.0,14.313214285714205
2025-02-06 04:00:00,Off,0.7,0.9444444444444444,0,LONG,A,0.0,0.0,2.0,4.0,3.0,14.801214285714227
2025-02-06 08:00:00,London,0.7,0.7615894039735099,1,LONG,A+,0.0,0.0,3.0,8.0,3.0,15.255642857142805
2025-02-06 16:00:00,London,0.7,0.772093023255814,1,LONG,A,0.0,0.0,2.0,16.0,3.0,16.46492857142854
2025-02-06 20:00:00,NY,0.7,0.9444444444444444,1,LONG,B,0.0,0.0,1.0,20.0,3.0,14.618142857142857
2025-02-07 00:00:00,Off,0.7,0.772093023255814,0,LONG,B,0.0,0.0,1.0,0.0,4.0,14.647785714285712
2025-02-07 04:00:00,Off,0.7,0.6428571428571429,0,LONG,B,0.0,0.0,1.0,4.0,4.0,15.086142857142834
2025-02-07 12:00:00,London,0.7,0.725,1,LONG,A+,0.0,0.0,3.0,12.0,4.0,16.145571428571397
2025-02-09 20:00:00,NY,0.7,0.7615894039735099,1,LONG,B,0.0,0.0,1.0,20.0,6.0,15.230142857142871
2025-02-10 00:00:00,Off,0.7,0.772093023255814,0,LONG,A,0.0,0.0,2.0,0.0,0.0,15.204785714285729
2025-02-10 04:00:00,Off,0.7,0.725,0,LONG,A+,1.0,1.0,1.0,4.0,0.0,16.1062857142857
2025-02-11 08:00:00,London,0.7,0.7615894039735099,1,LONG,A+,0.0,0.0,3.0,8.0,1.0,18.08849999999997
2025-02-11 12:00:00,London,0.7,0.7615894039735099,1,LONG,A+,0.0,0.0,3.0,12.0,1.0,19.331142857142822
2025-02-11 20:00:00,NY,0.7,0.7615894039735099,1,LONG,B,0.0,0.0,1.0,20.0,1.0,16.005571428571393
2025-02-12 00:00:00,Off,0.7,0.7615894039735099,0,LONG,B,0.0,0.0,0.0,0.0,2.0,16.767642857142814
2025-02-12 04:00:00,Off,0.7,0.7615894039735099,0,LONG,B,0.0,0.0,0.0,4.0,2.0,16.889571428571376
2025-02-12 08:00:00,London,0.7,0.6428571428571429,0,LONG,A+,1.0,1.0,1.0,8.0,2.0,17.1809285714285
2025-02-12 20:00:00,NY,0.7,0.7615894039735099,1,LONG,B,0.0,0.0,1.0,20.0,2.0,17.883428571428503
2025-02-13 00:00:00,Off,0.7,0.772093023255814,0,LONG,B,0.0,0.0,1.0,0.0,3.0,18.101571428571333
2025-02-13 04:00:00,Off,0.7,0.7615894039735099,0,LONG,B,0.0,0.0,1.0,4.0,3.0,17.492642857142755
2025-02-13 16:00:00,London,0.7,0.772093023255814,1,LONG,A,0.0,0.0,2.0,16.0,3.0,15.146071428571336
2025-02-13 20:00:00,NY,0.7,0.9444444444444444,1,LONG,B,0.0,0.0,1.0,20.0,3.0,13.914928571428488
2025-02-14 00:00:00,Off,0.7,0.772093023255814,0,LONG,B,0.0,0.0,1.0,0.0,4.0,14.029857142857022
2025-02-14 12:00:00,London,0.7,0.725,1,LONG,A+,0.0,0.0,4.0,12.0,4.0,16.186785714285634
2025-02-14 16:00:00,London,0.7,0.725,1,LONG,A+,0.0,0.0,3.0,16.0,4.0,16.92942857142852
2025-02-17 00:00:00,Off,0.7,0.772093023255814,0,LONG,A,0.0,0.0,2.0,0.0,0.0,16.089999999999982
2025-02-17 04:00:00,Off,0.7,0.772093023255814,0,LONG,B,0.0,0.0,1.0,4.0,0.0,16.124357142857175
2025-02-17 08:00:00,London,0.7,0.7615894039735099,1,LONG,A+,0.0,0.0,3.0,8.0,0.0,16.208214285714316
2025-02-17 12:00:00,London,0.7,0.772093023255814,1,LONG,A+,0.0,0.0,4.0,12.0,0.0,16.113500000000027
2025-02-17 16:00:00,London,0.7,0.7615894039735099,1,LONG,B,0.0,0.0,1.0,16.0,0.0,15.341571428571472
2025-02-18 00:00:00,Off,0.7,0.7615894039735099,0,LONG,B,0.0,0.0,1.0,0.0,1.0,15.278214285714316
2025-02-18 04:00:00,Off,0.7,0.7615894039735099,0,LONG,B,0.0,0.0,1.0,4.0,1.0,15.116857142857205
2025-02-18 12:00:00,London,0.7,0.7701141202076951,1,LONG,A+,0.0,0.0,3.0,12.0,1.0,15.223000000000022
2025-02-18 20:00:00,NY,0.7,0.772093023255814,1,LONG,B,0.0,0.0,1.0,20.0,1.0,11.75957142857143
2025-02-19 00:00:00,Off,0.7,0.772093023255814,0,LONG,A,0.0,0.0,2.0,0.0,2.0,12.21342857142856
2025-02-19 08:00:00,London,0.7,0.7615894039735099,1,LONG,A,0.0,0.0,2.0,8.0,2.0,10.908857142857157
2025-02-19 12:00:00,London,0.7,0.772093023255814,1,LONG,A+,0.0,0.0,3.0,12.0,2.0,10.834785714285706
2025-02-19 16:00:00,London,0.7,0.772093023255814,1,LONG,A,0.0,0.0,2.0,16.0,2.0,10.999285714285731
2025-02-19 20:00:00,NY,0.7,0.7615894039735099,1,LONG,B,0.0,0.0,0.0,20.0,2.0,10.817642857142866
2025-02-20 00:00:00,Off,0.7,0.772093023255814,0,LONG,B,0.0,0.0,1.0,0.0,3.0,11.204928571428582
2025-02-20 04:00:00,Off,0.7,0.772093023255814,0,LONG,B,0.0,0.0,1.0,4.0,3.0,12.103214285714298
2025-02-20 12:00:00,London,0.7,0.772093023255814,1,LONG,A,0.0,0.0,2.0,12.0,3.0,12.617357142857143
2025-02-20 20:00:00,NY,0.7,0.772093023255814,1,LONG,B,0.0,0.0,0.0,20.0,3.0,12.331000000000031
2025-02-21 04:00:00,Off,0.7,0.75,0,LONG,B,0.0,0.0,1.0,4.0,4.0,13.48328571428572
2025-02-21 20:00:00,NY,0.7,0.7615894039735099,1,LONG,B,0.0,0.0,1.0,20.0,4.0,13.773000000000009
2025-02-23 20:00:00,NY,0.7,0.772093023255814,1,LONG,B,0.0,0.0,1.0,20.0,6.0,13.085857142857126
2025-02-25 04:00:00,Off,0.7,0.772093023255814,0,LONG,B,0.0,0.0,1.0,4.0,1.0,13.63807142857146
2025-02-25 08:00:00,London,0.7,0.772093023255814,1,LONG,B,0.0,0.0,1.0,8.0,1.0,13.858142857142932
2025-03-07 16:00:00,London,0.7,0.725,1,LONG,A+,0.0,0.0,3.0,16.0,4.0,15.610999999999974
2025-03-07 20:00:00,NY,0.7,0.7615894039735099,1,LONG,B,0.0,0.0,1.0,20.0,4.0,14.0683571428571
2025-03-09 20:00:00,NY,0.7,0.772093023255814,1,LONG,B,0.0,0.0,1.0,20.0,6.0,13.25471428571424
2025-03-10 04:00:00,Off,0.7,0.772093023255814,0,LONG,B,0.0,0.0,1.0,4.0,0.0,13.55207142857135
2025-03-10 08:00:00,London,0.7,0.772093023255814,1,LONG,A+,0.0,0.0,3.0,8.0,0.0,14.019928571428506
2025-03-14 16:00:00,London,0.7,0.6,0,LONG,A+,1.0,1.0,1.0,16.0,4.0,15.263428571428578
2025-03-14 20:00:00,NY,0.7,0.7615894039735099,1,LONG,A+,1.0,1.0,1.0,20.0,4.0,14.094357142857136
2025-03-16 20:00:00,NY,0.7,0.772093023255814,1,LONG,B,0.0,0.0,0.0,20.0,6.0,13.764357142857111
2025-03-17 00:00:00,Off,0.7,0.772093023255814,0,LONG,A+,1.0,1.0,1.0,0.0,0.0,13.717857142857124
2025-03-17 04:00:00,Off,0.7,0.772093023255814,0,LONG,B,0.0,0.0,0.0,4.0,0.0,13.571214285714277
2025-03-17 12:00:00,London,0.7,0.9444444444444444,1,LONG,A,0.0,0.0,2.0,12.0,0.0,14.04178571428575
2025-03-17 16:00:00,London,0.7,0.772093023255814,1,LONG,A,0.0,0.0,2.0,16.0,0.0,11.774642857142908
2025-03-17 20:00:00,NY,0.7,0.772093023255814,1,LONG,B,0.0,0.0,1.0,20.0,0.0,11.351285714285757
2025-03-18 12:00:00,London,0.7,0.7615894039735099,1,LONG,A,0.0,0.0,2.0,12.0,1.0,11.528357142857203
2025-03-18 16:00:00,London,0.7,0.6428571428571429,0,LONG,A+,1.0,1.0,1.0,16.0,1.0,10.594071428571494
2025-03-18 20:00:00,NY,0.7,0.7615894039735099,1,LONG,B,0.0,0.0,0.0,20.0,1.0,10.322214285714349
2025-03-19 00:00:00,Off,0.7,0.7615894039735099,0,LONG,A+,1.0,1.0,1.0,0.0,2.0,10.650928571428624
2025-03-19 04:00:00,Off,0.7,0.772093023255814,0,LONG,A,0.0,0.0,2.0,4.0,2.0,10.867571428571509
2025-03-20 08:00:00,London,0.7,0.772093023255814,1,LONG,A,0.0,0.0,2.0,8.0,3.0,13.20457142857143
2025-03-20 12:00:00,London,0.7,0.772093023255814,1,LONG,A,0.0,0.0,2.0,12.0,3.0,13.17292857142859
2025-03-20 16:00:00,London,0.7,0.772093023255814,1,LONG,A+,1.0,1.0,1.0,16.0,3.0,13.101357142857166
2025-03-20 20:00:00,NY,0.7,0.772093023255814,1,LONG,B,0.0,0.0,0.0,20.0,3.0,12.349500000000036
2025-03-21 00:00:00,Off,0.7,0.7615894039735099,0,LONG,B,0.0,0.0,0.0,0.0,4.0,13.014000000000026
2025-03-21 04:00:00,Off,0.7,0.7615894039735099,0,LONG,B,0.0,0.0,0.0,4.0,4.0,13.58021428571432
2025-03-21 08:00:00,London,0.7,0.6428571428571429,0,LONG,B,0.0,0.0,1.0,8.0,4.0,13.499214285714354
2025-03-21 16:00:00,London,0.7,0.725,1,LONG,A,0.0,0.0,2.0,16.0,4.0,15.054285714285763
2025-03-21 20:00:00,NY,0.7,0.7615894039735099,1,LONG,B,0.0,0.0,1.0,20.0,4.0,14.267857142857142
2025-03-23 20:00:00,NY,0.7,0.772093023255814,1,LONG,A,0.0,0.0,2.0,20.0,6.0,12.951642857142849
2025-03-24 00:00:00,Off,0.7,0.9444444444444444,0,LONG,A+,0.0,0.0,4.0,0.0,0.0,13.299642857142835
2025-03-24 04:00:00,Off,0.7,0.772093023255814,0,LONG,A,0.0,0.0,2.0,4.0,0.0,13.387142857142862
2025-03-24 20:00:00,NY,0.7,0.8771483394876003,1,LONG,A,0.0,0.0,2.0,20.0,0.0,13.067142857142828
2025-03-25 00:00:00,Off,0.7,0.772093023255814,0,LONG,A,0.0,0.0,2.0,0.0,1.0,13.470142857142816
2025-03-25 04:00:00,Off,0.7,0.772093023255814,0,LONG,A,0.0,0.0,2.0,4.0,1.0,12.972071428571391
2025-03-25 20:00:00,NY,0.7,0.772093023255814,1,LONG,B,0.0,0.0,1.0,20.0,1.0,11.25621428571422
2025-03-26 08:00:00,London,0.7,0.772093023255814,1,LONG,A,0.0,0.0,2.0,8.0,2.0,12.898857142857098
2025-03-26 12:00:00,London,0.7,0.772093023255814,1,LONG,A+,0.0,0.0,3.0,12.0,2.0,13.274071428571396
2025-03-26 20:00:00,NY,0.7,0.7615894039735099,1,LONG,B,0.0,0.0,1.0,20.0,2.0,11.56899999999996
2025-03-27 12:00:00,London,0.7,0.9444444444444444,1,LONG,A+,0.0,0.0,3.0,12.0,3.0,13.83792857142862
2025-03-27 20:00:00,NY,0.7,0.772093023255814,1,LONG,A+,1.0,1.0,1.0,20.0,3.0,12.121642857142888
2025-03-28 04:00:00,Off,0.7,0.7615894039735099,0,LONG,B,0.0,0.0,1.0,4.0,4.0,13.88521428571432
2025-03-28 08:00:00,London,0.7,0.725,1,LONG,B,0.0,0.0,1.0,8.0,4.0,14.19628571428575
2025-03-28 16:00:00,London,0.7,0.772093023255814,1,LONG,A,0.0,0.0,2.0,16.0,4.0,14.201714285714322
2025-03-28 20:00:00,NY,0.7,0.7615894039735099,1,LONG,A+,1.0,1.0,1.0,20.0,4.0,13.315142857142876
2025-03-30 20:00:00,NY,0.7,0.772093023255814,1,LONG,B,0.0,0.0,0.0,20.0,6.0,13.827928571428597
2025-03-31 08:00:00,London,0.7,0.7615894039735099,1,LONG,A,0.0,0.0,2.0,8.0,0.0,16.90307142857143
2025-03-31 12:00:00,London,0.7,0.772093023255814,1,LONG,A,0.0,0.0,2.0,12.0,0.0,17.284785714285686
2025-03-31 16:00:00,London,0.7,0.7615894039735099,1,LONG,A+,1.0,1.0,1.0,16.0,0.0,16.32478571428565
2025-03-31 20:00:00,NY,0.7,0.772093023255814,1,LONG,B,0.0,0.0,0.0,20.0,0.0,16.06285714285712
2025-04-01 08:00:00,London,0.7,0.6428571428571429,0,LONG,A+,1.0,1.0,1.0,8.0,1.0,17.857000000000003
2025-04-01 20:00:00,NY,0.7,0.7615894039735099,1,LONG,B,0.0,0.0,0.0,20.0,1.0,18.36835714285712
2025-04-02 04:00:00,Off,0.7,0.7615894039735099,0,LONG,B,0.0,0.0,0.0,4.0,2.0,19.99592857142856
2025-04-02 08:00:00,London,0.7,0.725,1,LONG,B,0.0,0.0,1.0,8.0,2.0,19.20628571428571
2025-04-02 12:00:00,London,0.7,0.772093023255814,1,LONG,A,0.0,0.0,2.0,12.0,2.0,18.73199999999997
2025-04-02 16:00:00,London,0.7,0.6428571428571429,0,LONG,A+,1.0,1.0,1.0,16.0,2.0,18.75821428571427
2025-04-03 00:00:00,Off,0.7,0.772093023255814,0,LONG,A,0.0,0.0,2.0,0.0,3.0,22.094285714285725
2025-04-03 04:00:00,Off,0.7,0.772093023255814,0,LONG,A,0.0,0.0,2.0,4.0,3.0,24.015714285714303
2025-04-03 08:00:00,London,0.7,0.7615894039735099,1,LONG,A,0.0,0.0,2.0,8.0,3.0,25.426785714285707
2025-04-03 12:00:00,London,0.7,0.772093023255814,1,LONG,A,0.0,0.0,2.0,12.0,3.0,29.46857142857139
2025-04-03 16:00:00,London,0.7,0.7615894039735099,1,LONG,B,0.0,0.0,0.0,16.0,3.0,29.591999999999967
2025-04-03 20:00:00,NY,0.7,0.7615894039735099,1,LONG,A+,1.0,1.0,1.0,20.0,3.0,28.812
2025-04-04 04:00:00,Off,0.7,0.6,0,LONG,A+,1.0,1.0,1.0,4.0,4.0,29.91385714285713
2025-04-04 08:00:00,London,0.7,0.6428571428571429,0,LONG,A,0.0,0.0,2.0,8.0,4.0,32.456928571428534
2025-04-04 16:00:00,London,0.7,0.725,1,LONG,A,0.0,0.0,2.0,16.0,4.0,38.05507142857141
2025-04-04 20:00:00,NY,0.7,0.725,1,LONG,B,0.0,0.0,0.0,20.0,4.0,37.44635714285716
2025-04-06 20:00:00,NY,0.7,0.7615894039735099,1,LONG,B,0.0,0.0,1.0,20.0,6.0,40.71628571428573
2025-04-07 00:00:00,Off,0.7,0.772093023255814,0,LONG,A,0.0,0.0,2.0,0.0,0.0,42.29100000000004
2025-04-07 04:00:00,Off,0.7,0.772093023255814,0,LONG,A,0.0,0.0,2.0,4.0,0.0,42.8148571428572
2025-04-14 04:00:00,Off,0.7,0.772093023255814,0,LONG,B,0.0,0.0,0.0,4.0,0.0,27.85892857142861
2025-04-14 08:00:00,London,0.7,0.725,1,LONG,B,0.0,0.0,1.0,8.0,0.0,27.821571428571456
2025-04-14 16:00:00,London,0.7,0.7615894039735099,1,LONG,B,0.0,0.0,1.0,16.0,0.0,25.793928571428587
2025-04-15 04:00:00,Off,0.7,0.7615894039735099,0,LONG,B,0.0,0.0,1.0,4.0,1.0,22.87700000000005
2025-04-15 08:00:00,London,0.7,0.725,1,LONG,B,0.0,0.0,1.0,8.0,1.0,21.68471428571433
2025-04-15 16:00:00,London,0.7,0.7615894039735099,1,LONG,B,0.0,0.0,1.0,16.0,1.0,19.19700000000002
2025-04-16 08:00:00,London,0.7,0.7615894039735099,1,LONG,A,0.0,0.0,2.0,8.0,2.0,21.178142857142834
2025-04-16 16:00:00,London,0.7,0.7615894039735099,1,LONG,B,0.0,0.0,1.0,16.0,2.0,21.90478571428568
2025-04-17 00:00:00,Off,0.7,0.772093023255814,0,LONG,A,0.0,0.0,2.0,0.0,3.0,22.31414285714284
2025-04-17 04:00:00,Off,0.7,0.772093023255814,0,LONG,A+,0.0,0.0,3.0,4.0,3.0,23.97278571428569
2025-04-17 08:00:00,London,0.7,0.725,1,LONG,B,0.0,0.0,1.0,8.0,3.0,24.15321428571425
2025-04-17 16:00:00,London,0.7,0.772093023255814,1,LONG,B,0.0,0.0,1.0,16.0,3.0,28.11342857142849
2025-04-17 20:00:00,NY,0.7,0.772093023255814,1,LONG,B,0.0,0.0,1.0,20.0,3.0,27.80357142857133
2025-04-20 20:00:00,NY,0.7,0.7615894039735099,1,LONG,B,0.0,0.0,1.0,20.0,6.0,28.73507142857134
2025-04-21 12:00:00,London,0.7,0.772093023255814,1,LONG,A,0.0,0.0,2.0,12.0,0.0,28.930785714285644
2025-04-21 20:00:00,NY,0.7,0.772093023255814,1,LONG,B,0.0,0.0,0.0,20.0,0.0,28.70478571428563
2025-04-22 00:00:00,Off,0.7,0.772093023255814,0,LONG,A,0.0,0.0,2.0,0.0,1.0,32.93685714285708
2025-04-22 08:00:00,London,0.7,0.7615894039735099,1,LONG,A,0.0,0.0,2.0,8.0,1.0,33.09542857142849
2025-04-22 12:00:00,London,0.7,0.7615894039735099,1,LONG,A+,0.0,0.0,3.0,12.0,1.0,35.57378571428564
2025-04-22 16:00:00,London,0.7,0.7615894039735099,1,LONG,A+,0.0,0.0,3.0,16.0,1.0,35.27442857142852
2025-04-22 20:00:00,NY,0.7,0.7615894039735099,1,LONG,B,0.0,0.0,1.0,20.0,1.0,38.08042857142852
2025-04-23 00:00:00,Off,0.7,0.772093023255814,0,LONG,A+,0.0,0.0,3.0,0.0,2.0,41.40628571428569
2025-04-23 08:00:00,London,0.7,0.725,1,LONG,B,0.0,0.0,0.0,8.0,2.0,43.51542857142853
2025-05-07 00:00:00,Off,0.7,0.772093023255814,0,LONG,A,0.0,0.0,2.0,0.0,2.0,31.747142857142894
2025-05-07 04:00:00,Off,0.7,0.7615894039735099,0,LONG,B,0.0,0.0,0.0,4.0,2.0,32.29407142857148
2025-05-07 08:00:00,London,0.7,0.6428571428571429,0,LONG,A+,1.0,1.0,1.0,8.0,2.0,31.791714285714303
2025-05-07 16:00:00,London,0.7,0.772093023255814,1,LONG,A,0.0,0.0,2.0,16.0,2.0,30.839571428571453
2025-05-07 20:00:00,NY,0.7,0.7615894039735099,1,LONG,A+,1.0,1.0,1.0,20.0,2.0,30.383857142857128
2025-05-08 00:00:00,Off,0.7,0.772093023255814,0,LONG,A,0.0,0.0,2.0,0.0,3.0,31.02328571428575
2025-05-08 04:00:00,Off,0.7,0.772093023255814,0,LONG,A,0.0,0.0,2.0,4.0,3.0,35.92135714285717
2025-05-08 08:00:00,London,0.7,0.725,1,LONG,B,0.0,0.0,0.0,8.0,3.0,32.522571428571446
2025-05-08 16:00:00,London,0.7,0.772093023255814,1,LONG,A,0.0,0.0,2.0,16.0,3.0,35.28192857142858
2025-05-08 20:00:00,NY,0.7,0.772093023255814,1,LONG,B,0.0,0.0,0.0,20.0,3.0,34.81407142857146
2025-05-09 00:00:00,Off,0.7,0.7615894039735099,0,LONG,A,0.0,0.0,2.0,0.0,4.0,36.17414285714286
2025-05-09 04:00:00,Off,0.7,0.6383536465298847,0,LONG,A+,1.0,1.0,1.0,4.0,4.0,33.744785714285726
2025-05-09 08:00:00,London,0.7,0.6,0,LONG,B,0.0,0.0,0.0,8.0,4.0,32.06435714285713
2025-05-09 12:00:00,London,0.7,0.725,1,LONG,A,0.0,0.0,2.0,12.0,4.0,32.29885714285712
2025-05-09 16:00:00,London,0.7,0.6428571428571429,0,LONG,A+,1.0,1.0,1.0,16.0,4.0,32.14892857142858
2025-05-09 20:00:00,NY,0.7,0.725,1,LONG,B,0.0,0.0,0.0,20.0,4.0,30.9115
2025-05-11 20:00:00,NY,0.7,0.725,1,LONG,A+,1.0,1.0,1.0,20.0,6.0,32.81921428571426
2025-05-12 00:00:00,Off,0.7,0.772093023255814,0,LONG,A,0.0,0.0,2.0,0.0,0.0,34.09028571428569
2025-05-12 04:00:00,Off,0.7,0.772093023255814,0,LONG,A,0.0,0.0,2.0,4.0,0.0,35.98399999999996
2025-05-12 12:00:00,London,0.7,0.772093023255814,1,LONG,A,0.0,0.0,2.0,12.0,0.0,33.098642857142785
2025-05-12 16:00:00,London,0.7,0.7615894039735099,1,LONG,B,0.0,0.0,0.0,16.0,0.0,31.4571428571428
2025-05-12 20:00:00,NY,0.7,0.772093023255814,1,LONG,B,0.0,0.0,0.0,20.0,0.0,29.32364285714279
2025-05-13 04:00:00,Off,0.7,0.725,0,LONG,A+,1.0,1.0,1.0,4.0,1.0,28.58314285714277
2025-05-13 08:00:00,London,0.7,0.725,1,LONG,B,0.0,0.0,1.0,8.0,1.0,27.750142857142787
2025-05-13 16:00:00,London,0.7,0.7615894039735099,1,LONG,B,0.0,0.0,1.0,16.0,1.0,27.92207142857137
2025-05-13 20:00:00,NY,0.7,0.7615894039735099,1,LONG,B,0.0,0.0,0.0,20.0,1.0,26.993999999999915
2025-05-14 00:00:00,Off,0.7,0.772093023255814,0,LONG,A,0.0,0.0,2.0,0.0,2.0,28.656928571428484
2025-05-14 04:00:00,Off,0.7,0.7615894039735099,0,LONG,B,0.0,0.0,1.0,4.0,2.0,25.538785714285627
2025-05-14 12:00:00,London,0.7,0.772093023255814,1,LONG,A,0.0,0.0,2.0,12.0,2.0,23.631571428571338
2025-05-14 20:00:00,NY,0.7,0.7615894039735099,1,LONG,B,0.0,0.0,0.0,20.0,2.0,22.06992857142849
2025-05-22 04:00:00,Off,0.7,0.7615894039735099,0,LONG,B,0.0,0.0,0.0,4.0,3.0,23.16942857142853
2025-05-22 08:00:00,London,0.7,0.7615894039735099,1,LONG,A+,0.0,0.0,3.0,8.0,3.0,24.50292857142855
2025-05-23 04:00:00,Off,0.7,0.6428571428571429,0,LONG,B,0.0,0.0,1.0,4.0,4.0,23.783571428571445
2025-05-23 20:00:00,NY,0.7,0.725,1,LONG,B,0.0,0.0,1.0,20.0,4.0,22.350357142857224
2025-05-25 20:00:00,NY,0.7,0.7615894039735099,1,LONG,B,0.0,0.0,1.0,20.0,6.0,21.83714285714294
2025-05-26 00:00:00,Off,0.7,0.772093023255814,0,LONG,A+,0.0,0.0,3.0,0.0,0.0,22.867142857142944
2025-05-26 08:00:00,London,0.7,0.75,1,LONG,B,0.0,0.0,1.0,8.0,0.0,22.363642857142946
2025-05-26 16:00:00,London,0.7,0.7615894039735099,1,LONG,B,0.0,0.0,1.0,16.0,0.0,17.934714285714367
2025-05-27 00:00:00,Off,0.7,0.772093023255814,0,LONG,A,0.0,0.0,2.0,0.0,1.0,17.739000000000065
2025-05-27 04:00:00,Off,0.7,0.772093023255814,0,LONG,A+,0.0,0.0,3.0,4.0,1.0,19.66671428571437
2025-05-27 16:00:00,London,0.7,0.7615894039735099,1,LONG,B,0.0,0.0,1.0,16.0,1.0,17.498357142857166
2025-05-27 20:00:00,NY,0.7,0.7615894039735099,1,LONG,B,0.0,0.0,1.0,20.0,1.0,17.76742857142858
2025-05-28 08:00:00,London,0.7,0.725,1,LONG,B,0.0,0.0,1.0,8.0,2.0,19.491285714285727
2025-05-28 12:00:00,London,0.7,0.772093023255814,1,LONG,A+,0.0,0.0,3.0,12.0,2.0,19.783071428571443
2025-06-03 16:00:00,London,0.7,0.7615894039735099,1,LONG,B,0.0,0.0,1.0,16.0,1.0,19.961214285714245
2025-06-03 20:00:00,NY,0.7,0.7615894039735099,1,LONG,B,0.0,0.0,1.0,20.0,1.0,19.77314285714283
2025-06-04 04:00:00,Off,0.7,0.772093023255814,0,LONG,A,0.0,0.0,2.0,4.0,2.0,20.428571428571395
2025-06-04 08:00:00,London,0.7,0.7615894039735099,1,LONG,A,0.0,0.0,2.0,8.0,2.0,20.980999999999995
2025-06-04 20:00:00,NY,0.7,0.7615894039735099,1,LONG,B,0.0,0.0,1.0,20.0,2.0,18.51092857142862
2025-06-05 04:00:00,Off,0.7,0.7615894039735099,0,LONG,B,0.0,0.0,1.0,4.0,3.0,18.6863571428572
2025-06-05 16:00:00,London,0.7,0.772093023255814,1,LONG,A+,0.0,0.0,3.0,16.0,3.0,22.91214285714292
2025-06-05 20:00:00,NY,0.7,0.772093023255814,1,LONG,B,0.0,0.0,1.0,20.0,3.0,21.592071428571508
2025-06-06 00:00:00,Off,0.7,0.725,0,LONG,B,0.0,0.0,1.0,0.0,4.0,21.93464285714296
2025-06-06 12:00:00,London,0.7,0.725,1,LONG,A+,0.0,0.0,3.0,12.0,4.0,24.326714285714388
2025-06-06 20:00:00,NY,0.7,0.6428571428571429,0,LONG,A+,1.0,1.0,1.0,20.0,4.0,21.87514285714295
2025-06-08 20:00:00,NY,0.7,0.6428571428571429,0,LONG,A+,1.0,1.0,1.0,20.0,6.0,21.91742857142868
2025-06-16 04:00:00,Off,0.7,0.7615894039735099,0,LONG,B,0.0,0.0,1.0,4.0,0.0,24.217214285714267
2025-06-16 08:00:00,London,0.7,0.7615894039735099,1,LONG,B,0.0,0.0,0.0,8.0,0.0,22.48014285714284
2025-06-16 16:00:00,London,0.7,0.7615894039735099,1,LONG,B,0.0,0.0,0.0,16.0,0.0,21.941285714285705
2025-06-16 20:00:00,NY,0.7,0.772093023255814,1,LONG,B,0.0,0.0,0.0,20.0,0.0,22.40071428571429
2025-06-17 00:00:00,Off,0.7,0.772093023255814,0,LONG,A,0.0,0.0,2.0,0.0,1.0,23.33585714285713
2025-06-17 16:00:00,London,0.7,0.725,1,LONG,B,0.0,0.0,1.0,16.0,1.0,21.19007142857137
2025-06-17 20:00:00,NY,0.7,0.7615894039735099,1,LONG,B,0.0,0.0,0.0,20.0,1.0,20.64321428571423
2025-06-18 00:00:00,Off,0.7,0.725,0,LONG,A+,1.0,1.0,1.0,0.0,2.0,21.71578571428563
2025-06-18 08:00:00,London,0.7,0.725,1,LONG,B,0.0,0.0,0.0,8.0,2.0,21.441499999999937
2025-06-18 20:00:00,NY,0.7,0.7615894039735099,1,LONG,B,0.0,0.0,0.0,20.0,2.0,21.53685714285705
2025-06-19 04:00:00,Off,0.7,0.772093023255814,0,LONG,A,0.0,0.0,2.0,4.0,3.0,21.835714285714143
2025-06-19 08:00:00,London,0.7,0.725,1,LONG,B,0.0,0.0,0.0,8.0,3.0,20.906999999999893
2025-06-19 12:00:00,London,0.7,0.7615894039735099,1,LONG,B,0.0,0.0,1.0,12.0,3.0,20.6392142857142
2025-06-19 16:00:00,London,0.7,0.7615894039735099,1,LONG,A+,1.0,1.0,1.0,16.0,3.0,19.463928571428465
2025-06-19 20:00:00,NY,0.7,0.772093023255814,1,LONG,B,0.0,0.0,0.0,20.0,3.0,18.0392857142856
2025-06-20 00:00:00,Off,0.7,0.7615894039735099,0,LONG,A,0.0,0.0,2.0,0.0,4.0,18.74142857142845
2025-06-20 08:00:00,London,0.7,0.6,0,LONG,B,0.0,0.0,0.0,8.0,4.0,18.494999999999923
2025-06-20 12:00:00,London,0.7,0.725,1,LONG,A,0.0,0.0,2.0,12.0,4.0,19.18185714285704
2025-06-20 16:00:00,London,0.7,0.6428571428571429,0,LONG,B,0.0,0.0,0.0,16.0,4.0,18.880214285714143
2025-06-20 20:00:00,NY,0.7,0.725,1,LONG,B,0.0,0.0,0.0,20.0,4.0,17.566285714285577
2025-06-22 20:00:00,NY,0.7,0.7615894039735099,1,LONG,B,0.0,0.0,0.0,20.0,6.0,16.66821428571419
2025-06-23 00:00:00,Off,0.7,0.772093023255814,0,LONG,A,0.0,0.0,2.0,0.0,0.0,16.972999999999892
2025-06-23 04:00:00,Off,0.7,0.7615894039735099,0,LONG,B,0.0,0.0,1.0,4.0,0.0,16.96107142857136
2025-06-24 00:00:00,Off,0.7,0.772093023255814,0,LONG,A+,0.0,0.0,3.0,0.0,1.0,21.341499999999964
2025-06-24 08:00:00,London,0.7,0.725,1,LONG,B,0.0,0.0,1.0,8.0,1.0,21.978214285714262
2025-07-03 00:00:00,Off,0.7,0.9444444444444444,0,LONG,A,0.0,0.0,2.0,0.0,3.0,14.808357142857046
2025-07-04 00:00:00,Off,0.7,0.725,0,LONG,B,0.0,0.0,1.0,0.0,4.0,15.738857142857114
2025-07-04 04:00:00,Off,0.7,0.725,0,LONG,A,0.0,0.0,2.0,4.0,4.0,15.857357142857122
2025-07-04 12:00:00,London,0.7,0.772093023255814,1,LONG,A,0.0,0.0,2.0,12.0,4.0,14.9407857142857
2025-07-07 16:00:00,London,0.7,0.772093023255814,1,LONG,A,0.0,0.0,2.0,16.0,0.0,15.460428571428595
2025-07-08 00:00:00,Off,0.7,0.772093023255814,0,LONG,A,0.0,0.0,2.0,0.0,1.0,13.345714285714296
2025-07-08 04:00:00,Off,0.7,0.772093023255814,0,LONG,B,0.0,0.0,1.0,4.0,1.0,13.61578571428572
2025-07-08 12:00:00,London,0.7,0.7701141202076951,1,LONG,A+,0.0,0.0,4.0,12.0,1.0,16.114142857142888
2025-07-08 16:00:00,London,0.7,0.7615894039735099,1,LONG,A+,0.0,0.0,3.0,16.0,1.0,16.23607142857145
2025-07-08 20:00:00,NY,0.7,0.7615894039735099,1,LONG,B,0.0,0.0,1.0,20.0,1.0,16.210857142857158
2025-07-09 00:00:00,Off,0.7,0.772093023255814,0,LONG,A,0.0,0.0,2.0,0.0,2.0,17.59450000000002
2025-07-14 08:00:00,London,0.7,0.772093023255814,1,LONG,B,0.0,0.0,1.0,8.0,0.0,14.653928571428551
2025-07-14 12:00:00,London,0.7,0.772093023255814,1,LONG,A+,0.0,0.0,3.0,12.0,0.0,15.628714285714263
2025-07-14 16:00:00,London,0.7,0.772093023255814,1,LONG,B,0.0,0.0,0.0,16.0,0.0,14.856428571428523
2025-07-14 20:00:00,NY,0.7,0.772093023255814,1,LONG,A+,1.0,1.0,1.0,20.0,0.0,14.25192857142854
2025-07-15 00:00:00,Off,0.7,0.772093023255814,0,LONG,B,0.0,0.0,0.0,0.0,1.0,14.890499999999976
2025-07-15 04:00:00,Off,0.7,0.772093023255814,0,LONG,B,0.0,0.0,1.0,4.0,1.0,14.564428571428577
2025-07-15 12:00:00,London,0.7,0.7615894039735099,1,LONG,A,0.0,0.0,2.0,12.0,1.0,15.670285714285717
2025-07-15 16:00:00,London,0.7,0.772093023255814,1,LONG,B,0.0,0.0,1.0,16.0,1.0,14.764928571428625
2025-07-15 20:00:00,NY,0.7,0.772093023255814,1,LONG,B,0.0,0.0,0.0,20.0,1.0,14.505714285714314
2025-07-16 00:00:00,Off,0.7,0.772093023255814,0,LONG,A+,1.0,1.0,1.0,0.0,2.0,14.838428571428592
2025-07-16 04:00:00,Off,0.7,0.772093023255814,0,LONG,B,0.0,0.0,0.0,4.0,2.0,14.14164285714287
2025-07-16 08:00:00,London,0.7,0.7615894039735099,1,LONG,B,0.0,0.0,0.0,8.0,2.0,13.420142857142862
2025-07-16 16:00:00,London,0.7,0.772093023255814,1,LONG,A,0.0,0.0,2.0,16.0,2.0,16.596714285714306
2025-07-16 20:00:00,NY,0.7,0.7615894039735099,1,LONG,B,0.0,0.0,0.0,20.0,2.0,15.26307142857146
2025-07-17 00:00:00,Off,0.7,0.7615894039735099,0,LONG,B,0.0,0.0,1.0,0.0,3.0,15.446500000000048
2025-07-17 04:00:00,Off,0.7,0.7615894039735099,0,LONG,B,0.0,0.0,1.0,4.0,3.0,16.459214285714356
2025-07-17 16:00:00,London,0.7,0.772093023255814,1,LONG,B,0.0,0.0,1.0,16.0,3.0,17.2085714285715
2025-07-18 08:00:00,London,0.7,0.6428571428571429,0,LONG,A,0.0,0.0,2.0,8.0,4.0,15.983000000000011
2025-07-18 16:00:00,London,0.7,0.6428571428571429,0,LONG,B,0.0,0.0,1.0,16.0,4.0,16.09042857142858
2025-07-18 20:00:00,NY,0.7,0.7615894039735099,1,LONG,A,0.0,0.0,2.0,20.0,4.0,12.251428571428573
2025-07-20 20:00:00,NY,0.7,0.7615894039735099,1,LONG,A,0.0,0.0,2.0,20.0,6.0,11.31292857142856
