datetime,is_win,prob_win
2024-01-01 20:00:00,1,0.724418957282426
2024-01-02 04:00:00,0,0.5671809865030062
2024-01-02 12:00:00,1,0.7423698947332168
2024-01-02 20:00:00,1,0.6635564066772335
2024-01-03 04:00:00,0,0.6231776722901735
2024-01-03 20:00:00,1,0.7355092556087878
2024-01-04 00:00:00,1,0.771778046153118
2024-01-04 04:00:00,1,0.8214904977225906
2024-01-04 08:00:00,1,0.7308208142786949
2024-01-04 16:00:00,0,0.7907489047321509
2024-01-04 20:00:00,0,0.7976999300061555
2024-01-05 08:00:00,1,0.4235938766699707
2024-01-05 16:00:00,0,0.6759288357747851
2024-01-05 20:00:00,0,0.5282272834248433
2024-01-07 20:00:00,1,0.6746072299188326
2024-01-08 00:00:00,1,0.924747261084095
2024-01-08 04:00:00,1,0.9293214293011738
2024-01-12 16:00:00,1,0.6197701625921087
2024-01-12 20:00:00,0,0.6904826754590461
2024-01-14 20:00:00,1,0.6415219776672445
2024-01-15 00:00:00,0,0.9592230583436636
2024-01-15 04:00:00,1,0.9271012425838214
2024-01-15 08:00:00,1,0.906207365816653
2024-01-15 20:00:00,0,0.8466252755021583
2024-01-16 00:00:00,0,0.910198867297226
2024-01-16 08:00:00,0,0.9401833194337347
2024-01-16 20:00:00,0,0.7612867876245717
2024-02-01 20:00:00,1,0.8132549370100536
2024-02-02 00:00:00,1,0.41975279237862717
2024-02-02 04:00:00,0,0.37186498837640447
2024-02-02 16:00:00,1,0.7211290491683671
2024-02-02 20:00:00,1,0.8364614583621227
2024-02-04 20:00:00,0,0.7913854259128639
2024-02-05 00:00:00,0,0.8359004134145511
2024-02-05 08:00:00,0,0.7460953592499573
2024-02-05 16:00:00,0,0.8026520097500215
2024-02-05 20:00:00,1,0.8587834803952706
2024-02-06 08:00:00,1,0.8237027910592142
2024-02-06 12:00:00,0,0.7103271452550022
2024-02-06 20:00:00,1,0.85734966389476
2024-02-07 00:00:00,1,0.9263360056740119
2024-02-07 04:00:00,1,0.8640446056412954
2024-02-07 16:00:00,1,0.691727763527095
2024-02-08 00:00:00,1,0.8246876832999286
2024-02-08 20:00:00,0,0.9054727366503
2024-02-09 00:00:00,0,0.9461952530693527
2024-02-09 08:00:00,0,0.41855266528264146
2024-02-09 16:00:00,1,0.6049993465268217
2024-02-11 20:00:00,1,0.9056359294785591
2024-02-12 04:00:00,0,0.931364117031469
2024-02-12 16:00:00,1,0.8257661181288003
2024-02-13 08:00:00,0,0.8007845274580254
2024-02-13 20:00:00,1,0.698712387719334
2024-02-14 04:00:00,1,0.6319872862515
2024-02-14 08:00:00,1,0.6448482560465766
2024-02-22 12:00:00,1,0.6870753961155227
2024-02-22 20:00:00,1,0.7840280063277546
2024-02-23 00:00:00,0,0.8507575959345217
2024-02-23 04:00:00,1,0.726985720391761
2024-02-23 12:00:00,1,0.6238253525121723
2024-02-23 20:00:00,0,0.8879332540068258
2024-02-25 20:00:00,0,0.9483604933313576
2024-02-26 00:00:00,1,0.9345222843428204
2024-02-26 12:00:00,1,0.7618222422994442
2024-02-27 00:00:00,1,0.8717634907348267
2024-02-27 04:00:00,0,0.7974760315461344
2024-02-27 16:00:00,1,0.46518965564241554
2024-02-28 16:00:00,1,0.49961622100341363
2024-02-28 20:00:00,1,0.6890545938902929
2024-02-29 08:00:00,1,0.4397668307270218
2024-02-29 16:00:00,0,0.45042366213297547
2024-02-29 20:00:00,1,0.7693151150270536
2024-03-01 00:00:00,1,0.8706698195270367
2024-03-01 04:00:00,1,0.4706508018933799
2024-03-01 20:00:00,1,0.5275591273234544
2024-03-03 20:00:00,1,0.674969431673217
2024-03-04 04:00:00,0,0.7509444141654017
2024-03-04 08:00:00,1,0.7578582568112192
2024-03-04 16:00:00,1,0.8541158970566097
2024-03-04 20:00:00,1,0.870644812680024
2024-03-05 00:00:00,1,0.8867562154717374
2024-03-05 12:00:00,1,0.7801995927123968
2024-03-05 20:00:00,0,0.6811841533804638
2024-03-06 00:00:00,1,0.7947243640979613
2024-03-06 04:00:00,1,0.7234564303397638
2024-03-06 08:00:00,1,0.7239358580512215
2024-03-06 12:00:00,1,0.8895757970236473
2024-03-06 20:00:00,1,0.7851487576041831
2024-03-07 04:00:00,1,0.9231932172064045
2024-03-07 12:00:00,1,0.9436894879899183
2024-03-07 20:00:00,1,0.7837912644970497
2024-03-08 00:00:00,1,0.4908435648974805
2024-03-08 04:00:00,1,0.44480974035279364
2024-03-08 12:00:00,1,0.5963991837930243
2024-03-08 20:00:00,1,0.4552617502533936
2024-03-10 20:00:00,1,0.7908235928213769
2024-03-11 04:00:00,1,0.9030282314432267
2024-03-11 12:00:00,0,0.8713841780712336
2024-03-11 16:00:00,1,0.7912482883249691
2024-03-11 20:00:00,0,0.8083746073907606
2024-03-12 00:00:00,1,0.5415681957416754
2024-03-12 08:00:00,1,0.593680388504332
2024-03-12 12:00:00,0,0.9204295426673178
2024-03-13 04:00:00,1,0.6945568103234812
2024-03-13 08:00:00,1,0.6552176509992196
2024-03-13 12:00:00,1,0.8375956867785284
2024-03-13 20:00:00,1,0.7362186300951294
2024-03-14 00:00:00,0,0.7074000614090316
2024-03-14 04:00:00,0,0.5481703154798176
2024-03-14 16:00:00,0,0.6967336623487628
2024-03-14 20:00:00,1,0.9282010759040537
2024-03-15 00:00:00,1,0.3980724616288698
2024-03-15 04:00:00,0,0.4970934141886201
2024-03-15 12:00:00,1,0.5349549288081833
2024-03-15 16:00:00,1,0.32636184955030356
2024-03-15 20:00:00,0,0.6565507768936566
2024-03-17 20:00:00,0,0.83399421912995
2024-03-21 12:00:00,1,0.9796079310202869
2024-03-21 16:00:00,0,0.9587492441970049
2024-03-21 20:00:00,0,0.9270229969988824
2024-03-22 04:00:00,1,0.5712217190925761
2024-03-22 08:00:00,1,0.3490759552281408
2024-03-22 12:00:00,1,0.6186293525963125
2024-03-22 20:00:00,1,0.5937729329156887
2024-03-24 20:00:00,1,0.9205499396245063
2024-03-25 00:00:00,1,0.9549411752669394
2024-03-25 08:00:00,1,0.8891290407438754
2024-03-25 12:00:00,1,0.8122314405415998
2024-03-25 16:00:00,1,0.6143418158185441
2024-03-25 20:00:00,1,0.8060873035440647
2024-03-26 12:00:00,1,0.8975738494285874
2024-03-26 16:00:00,1,0.8187940762572523
2024-03-27 00:00:00,1,0.9474536600669534
2024-03-27 08:00:00,1,0.8688986383518736
2024-03-27 12:00:00,1,0.8982350456922019
2024-03-27 16:00:00,1,0.8514233507296018
2024-03-27 20:00:00,1,0.6755376057379826
2024-03-28 00:00:00,1,0.6797049104319214
2024-03-28 04:00:00,1,0.8800183006423216
2024-03-28 16:00:00,1,0.88288621786134
2024-03-28 20:00:00,1,0.9195893153236796
2024-03-31 20:00:00,1,0.6332341370914358
2024-04-01 04:00:00,1,0.9344859149960992
2024-04-01 08:00:00,1,0.9120505528401219
2024-04-01 12:00:00,1,0.9689680614837121
2024-04-01 16:00:00,1,0.970380992351645
2024-04-01 20:00:00,1,0.9795850121113862
2024-04-02 00:00:00,1,0.977334076079024
2024-04-02 04:00:00,1,0.9655335553545128
2024-04-02 08:00:00,1,0.9362215004279464
2024-04-02 20:00:00,1,0.7312225022333713
2024-04-03 04:00:00,1,0.6401293734505016
2024-04-03 08:00:00,1,0.9467019602785056
2024-04-03 20:00:00,1,0.9588027772387768
2024-04-04 04:00:00,1,0.8369600210198319
2024-04-04 08:00:00,1,0.8898076973856023
2024-04-04 12:00:00,1,0.9796079310202869
2024-04-04 20:00:00,1,0.9728067861614741
2024-04-05 08:00:00,1,0.6850374210971201
2024-04-05 16:00:00,1,0.4606707369119304
2024-04-05 20:00:00,0,0.4304958922129574
2024-04-07 20:00:00,1,0.7489388894388204
2024-04-08 04:00:00,0,0.8982850010581025
2024-04-08 12:00:00,1,0.8773624857777769
2024-04-09 00:00:00,1,0.8412713017840918
2024-04-09 12:00:00,1,0.855997630200102
2024-04-09 16:00:00,1,0.8537108505141867
2024-04-09 20:00:00,0,0.8375716405648244
2024-04-10 00:00:00,1,0.9064515105907104
2024-04-10 04:00:00,0,0.6408504223133189
2024-04-10 16:00:00,1,0.9680940261051248
2024-04-10 20:00:00,1,0.9537606674884367
2024-04-11 00:00:00,1,0.9764840349985879
2024-04-11 04:00:00,1,0.9710599816047047
2024-04-11 08:00:00,1,0.9433678032849155
2024-04-11 12:00:00,1,0.9791918745344604
2024-04-11 20:00:00,1,0.9533611440510986
2024-04-12 00:00:00,1,0.7741296523744748
2024-04-12 08:00:00,0,0.31568099512780556
2024-04-12 16:00:00,1,0.6204401241625056
2024-04-12 20:00:00,1,0.5916170862669864
2024-04-14 20:00:00,1,0.7472559939258687
2024-04-15 00:00:00,1,0.9123606132603472
2024-04-15 04:00:00,1,0.8882321724372114
2024-04-15 08:00:00,1,0.7214541829980513
2024-04-15 16:00:00,1,0.8842918075232606
2024-04-15 20:00:00,1,0.8944362879975895
2024-04-16 00:00:00,0,0.8412713017840918
2024-04-16 08:00:00,1,0.6081350838460992
2024-04-16 12:00:00,0,0.855997630200102
2024-04-17 04:00:00,1,0.8065900912474441
2024-04-17 08:00:00,0,0.8027477772197537
2024-04-17 16:00:00,1,0.8789208080500045
2024-04-18 04:00:00,1,0.8281295445741808
2024-04-18 08:00:00,1,0.6695570190038298
2024-04-18 12:00:00,1,0.9791918745344604
2024-04-19 04:00:00,0,0.6712197887946141
2024-04-19 08:00:00,1,0.47740755030738113
2024-04-19 12:00:00,1,0.6137522313529069
2024-04-19 16:00:00,1,0.4786041692442406
2024-04-19 20:00:00,0,0.5937729329156887
2024-04-21 20:00:00,0,0.9205499396245063
2024-04-22 04:00:00,1,0.8990980598767263
2024-04-22 08:00:00,1,0.6135609575524588
2024-04-22 12:00:00,1,0.8693111351876684
2024-04-22 16:00:00,1,0.8536428302027174
2024-04-22 20:00:00,0,0.9035388806670316
2024-04-23 00:00:00,1,0.8988885104381065
2024-04-23 04:00:00,1,0.7458601451566085
2024-05-06 20:00:00,0,0.9534084208256218
2024-05-07 04:00:00,0,0.8952498582245279
2024-05-07 08:00:00,1,0.7794536956512864
2024-05-07 12:00:00,1,0.9426933052161148
2024-05-08 04:00:00,1,0.8697522774933005
2024-05-08 12:00:00,0,0.8976672511987536
2024-05-09 00:00:00,1,0.7509005447484153
2024-05-09 12:00:00,1,0.9376777612178704
2024-05-09 20:00:00,1,0.8931264224319866
2024-05-10 04:00:00,1,0.7957596120638658
2024-05-10 16:00:00,1,0.6491680427248285
2024-05-10 20:00:00,1,0.775550172468919
2024-05-13 00:00:00,0,0.8368456817601262
2024-05-13 04:00:00,1,0.9546723967819872
2024-05-13 08:00:00,0,0.8991103642081846
2024-05-13 16:00:00,1,0.7693854154358307
2024-05-14 00:00:00,1,0.8336880410824808
2024-05-14 04:00:00,1,0.8867404569809647
2024-05-14 12:00:00,1,0.873699188552979
2024-05-14 16:00:00,1,0.8187940762572523
2024-05-15 04:00:00,1,0.9430266095206485
2024-05-15 08:00:00,1,0.8238257570294288
2024-05-15 12:00:00,1,0.9395395340801148
2024-05-15 16:00:00,1,0.9338437430000973
2024-05-15 20:00:00,0,0.7808332986169501
2024-05-16 12:00:00,1,0.9532444817345788
2024-05-16 16:00:00,1,0.9281018033282407
2024-05-17 00:00:00,1,0.4419175498406647
2024-05-17 04:00:00,1,0.6461335826429633
2024-05-17 08:00:00,1,0.29111419376560704
2024-05-17 12:00:00,1,0.7262703026789942
2024-05-17 20:00:00,1,0.5008751862274738
2024-05-19 20:00:00,1,0.7908235928213769
2024-05-20 12:00:00,1,0.9667025205497342
2024-05-20 16:00:00,1,0.961357216046202
2024-05-20 20:00:00,0,0.9229108591375617
2024-05-21 04:00:00,1,0.8757958219554054
2024-05-21 20:00:00,1,0.9521538888758465
2024-05-22 00:00:00,1,0.9621965003728248
2024-05-22 04:00:00,0,0.9489120944636634
2024-05-22 12:00:00,1,0.882333382049798
2024-05-22 16:00:00,1,0.8825135520379308
2024-05-22 20:00:00,0,0.9588027772387768
2024-05-23 08:00:00,0,0.9039945801983519
2024-05-23 16:00:00,1,0.7893686665862186
2024-05-23 20:00:00,1,0.7699465455430333
2024-06-07 08:00:00,0,0.7894755360204562
2024-06-21 20:00:00,1,0.5091288841782805
2024-06-24 04:00:00,1,0.9350784213642781
2024-06-24 08:00:00,1,0.9087863830882892
2024-06-24 12:00:00,1,0.9379280440103518
2024-06-24 16:00:00,0,0.8215230995754059
2024-06-25 00:00:00,0,0.9371391182953435
2024-06-25 16:00:00,0,0.7757332114153489
2024-06-26 04:00:00,1,0.8660404531038762
2024-06-26 08:00:00,0,0.8455485640035351
2024-06-28 16:00:00,1,0.6124196737306518
2024-06-28 20:00:00,0,0.511725936068692
2024-06-30 20:00:00,1,0.6483383583042339
2024-07-01 12:00:00,1,0.9324941487380592
2024-07-01 16:00:00,1,0.8026552890845808
2024-07-01 20:00:00,1,0.906169468386724
2024-07-02 00:00:00,1,0.7754666775301116
2024-07-02 04:00:00,0,0.7032234806401122
2024-07-02 16:00:00,0,0.5136384544539891
2024-07-02 20:00:00,1,0.7424537112093709
2024-07-03 16:00:00,1,0.8553197541376579
2024-07-03 20:00:00,0,0.6625493541710384
2024-07-04 04:00:00,1,0.8368426810807602
2024-07-04 08:00:00,0,0.5561763976482966
2024-07-04 16:00:00,0,0.5498555389011587
2024-07-04 20:00:00,1,0.878181121746003
2024-07-05 20:00:00,0,0.3787609239710497
2024-07-08 00:00:00,1,0.7713239144536445
2024-07-08 04:00:00,0,0.879558918103936
2024-07-08 08:00:00,1,0.7647050892806783
2024-07-08 12:00:00,1,0.8804773466392932
2024-07-08 16:00:00,1,0.8926460457131417
2024-07-08 20:00:00,1,0.9234074906081852
2024-07-09 00:00:00,1,0.927238626442201
2024-07-09 04:00:00,1,0.767195687530194
2024-07-09 16:00:00,1,0.8734570045789251
2024-07-09 20:00:00,1,0.6786293792554204
2024-07-10 00:00:00,1,0.8500069450118132
2024-07-10 04:00:00,1,0.8152765936277354
2024-07-10 08:00:00,0,0.6469035518050987
2024-07-10 20:00:00,1,0.7111691164340381
2024-07-11 00:00:00,1,0.5108222773796438
2024-07-11 08:00:00,1,0.2406322555272625
2024-07-11 16:00:00,0,0.9372683800448588
2024-07-12 04:00:00,1,0.7111863931342715
2024-07-12 08:00:00,1,0.5986680473243073
2024-07-14 20:00:00,1,0.7752227666734206
2024-07-15 00:00:00,1,0.8945514830383667
2024-07-15 12:00:00,1,0.9519180891311053
2024-07-15 16:00:00,1,0.8735913554133847
2024-07-15 20:00:00,1,0.8729892349718414
2024-07-16 00:00:00,1,0.9260508623063294
2024-07-16 08:00:00,1,0.8709160660318901
2024-07-17 16:00:00,1,0.8825135520379308
2024-07-17 20:00:00,1,0.9588027772387768
2024-07-18 00:00:00,1,0.9480713785047091
2024-07-18 04:00:00,1,0.9572487594940605
2024-07-18 08:00:00,1,0.8719258660046691
2024-07-18 12:00:00,0,0.9796079310202869
2024-07-18 16:00:00,1,0.9812208774694633
2024-07-18 20:00:00,0,0.9551145928543925
2024-07-19 00:00:00,0,0.854726826454107
2024-07-19 04:00:00,1,0.8910736304571114
2024-07-19 08:00:00,0,0.5711977233782151
2024-07-19 12:00:00,0,0.869073086334193
2024-07-19 16:00:00,1,0.7824797852427537
2024-07-19 20:00:00,1,0.775550172468919
2024-07-21 20:00:00,0,0.8757163606234402
2024-07-22 00:00:00,0,0.9257094790564449
2024-07-22 04:00:00,1,0.9135747162875066
2024-07-22 08:00:00,1,0.8891290407438754
2024-07-22 20:00:00,1,0.9199365615565225
2024-07-23 04:00:00,1,0.753077191388558
2024-07-23 08:00:00,1,0.5419295512714943
2024-07-23 12:00:00,1,0.8881140957173174
2024-07-23 16:00:00,1,0.6731374288089842
2024-07-23 20:00:00,1,0.6914325912493267
2024-07-24 00:00:00,1,0.8629649233138496
2024-07-24 04:00:00,1,0.8496730314714722
2024-07-24 08:00:00,0,0.7132943172489656
2024-07-25 12:00:00,1,0.9796079310202869
2024-08-02 20:00:00,1,0.5914187330504574
2024-08-04 20:00:00,0,0.5681164291969631
2024-08-14 20:00:00,1,0.9255325128931176
2024-08-15 00:00:00,1,0.9379057985851932
2024-08-15 04:00:00,1,0.9269132874754393
2024-08-15 08:00:00,0,0.6233270106319861
2024-08-15 16:00:00,1,0.9625159790734633
2024-08-15 20:00:00,1,0.9565446388455476
2024-08-16 08:00:00,1,0.6842749453663085
2024-08-16 12:00:00,1,0.869073086334193
2024-08-18 20:00:00,0,0.8553043010069779
2024-08-19 00:00:00,1,0.9549411752669394
2024-08-19 08:00:00,1,0.9415943999641365
2024-08-19 16:00:00,1,0.9221852919910015
2024-08-20 00:00:00,1,0.9577901974229878
2024-08-20 16:00:00,1,0.913728034012033
2024-08-20 20:00:00,1,0.9300732765308173
2024-08-21 00:00:00,1,0.9218436356995956
2024-08-21 04:00:00,1,0.8776004857700418
2024-08-21 08:00:00,1,0.8449155031319455
2024-08-21 12:00:00,1,0.9536320745431058
2024-08-21 16:00:00,1,0.9300214985754532
2024-08-21 20:00:00,1,0.9326304003826281
2024-08-22 00:00:00,1,0.9544376092137146
2024-08-22 04:00:00,0,0.894323568620738
2024-08-22 16:00:00,1,0.9812208774694633
2024-08-22 20:00:00,1,0.959199094959204
2024-08-23 00:00:00,1,0.8264899886970118
2024-08-23 08:00:00,1,0.6792556382057463
2024-08-23 12:00:00,1,0.7221514768742948
2024-08-23 20:00:00,1,0.7691341472122536
2024-08-25 20:00:00,1,0.7977572175600901
2024-08-26 00:00:00,1,0.9308233837224416
2024-08-27 00:00:00,1,0.8770059918344961
2024-08-28 00:00:00,0,0.5569642201510172
2024-08-28 04:00:00,1,0.9318672935038862
2024-08-28 08:00:00,1,0.8614842596464344
2024-08-28 16:00:00,1,0.9338437430000973
2024-08-28 20:00:00,1,0.8719475467744744
2024-08-29 00:00:00,1,0.8989279454029347
2024-08-29 04:00:00,1,0.8007008822680314
2024-08-29 12:00:00,0,0.9553099530455205
2024-08-29 20:00:00,0,0.9413474209417354
2024-08-30 00:00:00,1,0.6965585304702498
2024-08-30 04:00:00,0,0.7021277658842804
2024-09-01 20:00:00,0,0.756376878168965
2024-09-02 04:00:00,1,0.891575733478783
2024-09-02 12:00:00,0,0.8803392315177606
2024-09-02 16:00:00,0,0.7217239135802332
2024-09-02 20:00:00,0,0.8139789684877229
2024-09-03 00:00:00,1,0.8401899664430791
2024-09-03 04:00:00,0,0.8472619940255138
2024-09-03 20:00:00,1,0.681205469628806
2024-09-04 00:00:00,1,0.809564231588531
2024-09-06 20:00:00,1,0.7317852281031865
2024-09-09 00:00:00,0,0.9136274802548311
2024-09-09 04:00:00,1,0.9043332920287692
2024-09-09 08:00:00,1,0.8511596317250566
2024-09-09 12:00:00,1,0.8803392315177606
2024-09-09 16:00:00,1,0.7495275920310337
2024-09-09 20:00:00,1,0.9242793485775771
2024-09-10 08:00:00,1,0.7029684002809176
2024-09-10 12:00:00,1,0.8715679610863626
2024-09-10 16:00:00,1,0.6591268409775223
2024-09-10 20:00:00,1,0.6635564066772335
2024-09-11 16:00:00,0,0.7157211132314221
2024-09-11 20:00:00,1,0.7111691164340381
2024-09-12 00:00:00,1,0.6231929793847595
2024-09-12 04:00:00,1,0.5991963252391823
2024-09-12 08:00:00,1,0.432200127688413
2024-09-12 20:00:00,1,0.8194808842517449
2024-09-13 08:00:00,1,0.38379889233347736
2024-09-13 20:00:00,1,0.7413600850833155
2024-09-15 20:00:00,1,0.7521379162908736
2024-09-16 00:00:00,1,0.7654675401306829
2024-09-16 12:00:00,1,0.9255054172705608
2024-09-16 16:00:00,1,0.5681328509704572
2024-09-16 20:00:00,1,0.8139789684877229
2024-09-17 00:00:00,1,0.7185213732880381
2024-09-17 08:00:00,1,0.6382103374738308
2024-09-17 12:00:00,1,0.7833105410309862
2024-09-17 16:00:00,1,0.7002715472554913
2024-09-17 20:00:00,1,0.7024907665769555
2024-09-18 04:00:00,1,0.6436483227347848
2024-09-18 08:00:00,0,0.6444483561241972
2024-09-18 20:00:00,1,0.9271451792346161
2024-09-19 04:00:00,1,0.8870184328814057
2024-09-19 08:00:00,1,0.7958176760652664
2024-09-19 12:00:00,0,0.9151230999693544
2024-09-19 20:00:00,1,0.9033750703487995
2024-09-20 16:00:00,1,0.45845276073597474
2024-09-22 20:00:00,1,0.8757163606234402
2024-09-23 08:00:00,1,0.8104749108277356
2024-09-23 12:00:00,1,0.9279826168495068
2024-09-23 16:00:00,1,0.8581442537309244
2024-09-23 20:00:00,1,0.870644812680024
2024-09-24 04:00:00,1,0.826955235333435
2024-09-24 08:00:00,1,0.827663518643281
2024-09-24 20:00:00,0,0.9300732765308173
2024-09-25 08:00:00,1,0.8041801285546523
2024-09-25 16:00:00,0,0.8749046928673737
2024-09-25 20:00:00,1,0.9214889726175849
2024-09-26 00:00:00,1,0.8419929402306997
2024-09-26 04:00:00,1,0.9269132874754393
2024-09-26 12:00:00,1,0.9796079310202869
2024-09-26 16:00:00,0,0.9625422286964728
2024-09-26 20:00:00,0,0.9522076443163826
2024-09-27 08:00:00,1,0.2549461654900629
2024-09-27 12:00:00,1,0.7221514768742948
2024-09-27 16:00:00,1,0.7632325810527355
2024-09-27 20:00:00,1,0.7777677324708506
2024-09-29 20:00:00,0,0.8657300796292983
2024-09-30 08:00:00,1,0.790836975198832
2024-09-30 12:00:00,1,0.9667025205497342
2024-10-01 00:00:00,1,0.936922228515504
2024-10-01 04:00:00,1,0.9127500814894803
2024-10-01 08:00:00,1,0.8719640177310445
2024-10-01 12:00:00,0,0.9628868762317238
2024-10-02 04:00:00,1,0.942548840180645
2024-10-02 16:00:00,1,0.8702342765639398
2024-10-02 20:00:00,0,0.8719475467744744
2024-10-03 04:00:00,1,0.9220732042229609
2024-10-03 08:00:00,1,0.7374441541482721
2024-10-03 16:00:00,0,0.9590114632905209
2024-10-03 20:00:00,1,0.9281428205901128
2024-10-04 04:00:00,1,0.3056387796086571
2024-10-04 08:00:00,0,0.3357133212361478
2024-10-04 16:00:00,1,0.7380372978211022
2024-10-04 20:00:00,0,0.6533281686534536
2024-10-07 00:00:00,1,0.9308233837224416
2024-10-07 08:00:00,0,0.7673207786208301
2024-10-07 16:00:00,1,0.8875835407395796
2024-10-07 20:00:00,1,0.8754577177777265
2024-10-08 08:00:00,0,0.9029809593895224
2024-10-23 16:00:00,1,0.9283588552115085
2024-10-23 20:00:00,1,0.7945938089229875
2024-10-24 00:00:00,1,0.875372104590834
2024-10-24 04:00:00,1,0.9233537111246423
2024-10-24 08:00:00,1,0.8344109686196208
2024-10-24 12:00:00,1,0.9532444817345788
2024-10-24 16:00:00,0,0.9571093865012441
2024-10-24 20:00:00,1,0.959199094959204
2024-10-25 00:00:00,1,0.8264899886970118
2024-10-25 16:00:00,0,0.689382878109473
2024-10-27 20:00:00,0,0.7886724424602641
2024-10-28 00:00:00,1,0.8887606612271783
2024-10-28 08:00:00,1,0.8891290407438754
2024-10-28 16:00:00,1,0.8405046728732721
2024-10-29 00:00:00,1,0.8897916738887013
2024-10-29 20:00:00,1,0.7809569905207433
2024-10-30 04:00:00,1,0.7648623957995548
2024-10-30 08:00:00,1,0.6419019044089557
2024-10-30 20:00:00,1,0.6965866875328215
2024-10-31 00:00:00,1,0.8303762656642539
2024-10-31 04:00:00,1,0.8670747444695582
2024-10-31 08:00:00,0,0.5861625200930465
2024-10-31 16:00:00,1,0.956059926346174
2024-11-01 00:00:00,1,0.7880474286322365
2024-11-01 04:00:00,0,0.8323454336631217
2024-11-01 20:00:00,1,0.775550172468919
2024-11-03 20:00:00,1,0.8758056792029703
2024-11-04 00:00:00,1,0.9521801078100942
2024-11-04 04:00:00,1,0.9344859149960992
2024-11-04 08:00:00,0,0.8835592553108675
2024-11-04 16:00:00,0,0.8601048249664233
2024-11-04 20:00:00,0,0.798145684583782
2024-11-05 00:00:00,1,0.8778316047289796
2024-11-05 04:00:00,1,0.7471837941297156
2024-11-05 08:00:00,1,0.4854395603936357
2024-11-05 20:00:00,0,0.7160244100207731
2024-11-06 04:00:00,0,0.942548840180645
2024-11-06 12:00:00,1,0.8814030539869304
2024-11-06 16:00:00,0,0.7553458628631785
2024-11-06 20:00:00,1,0.8451152122527731
2024-11-25 04:00:00,1,0.8979716085078164
2024-11-25 08:00:00,0,0.807354946395718
2024-11-25 20:00:00,1,0.8086574014543093
2024-11-26 00:00:00,1,0.9188127674859952
2024-11-26 04:00:00,1,0.8003957901012054
2024-11-26 08:00:00,1,0.7719353718974603
2024-11-26 12:00:00,1,0.8663708831420727
2024-11-26 16:00:00,1,0.7322337081504304
2024-11-27 00:00:00,1,0.8575985307833461
2024-11-27 04:00:00,1,0.7994342826169133
2024-11-27 08:00:00,0,0.8107035389893243
2024-11-27 16:00:00,1,0.8792367171038272
2024-11-27 20:00:00,1,0.8201187385965586
2024-11-28 08:00:00,1,0.8973972463939136
2024-11-28 12:00:00,1,0.9795462082397984
2024-11-28 16:00:00,1,0.920144198384704
2024-11-29 16:00:00,0,0.6475523836742315
2024-12-01 20:00:00,1,0.7787291388333358
2024-12-02 00:00:00,1,0.9587845184146002
2024-12-02 08:00:00,1,0.9040976018139211
2024-12-02 20:00:00,1,0.9507048368378129
2024-12-03 00:00:00,1,0.9621907320134966
2024-12-03 04:00:00,1,0.9407936250680029
2024-12-03 12:00:00,1,0.9471896137464193
2024-12-03 16:00:00,1,0.9432554375149578
2024-12-03 20:00:00,1,0.9139393852703338
2024-12-04 00:00:00,1,0.9313093286098938
2024-12-04 16:00:00,0,0.9308217112306308
2024-12-04 20:00:00,0,0.9157677114682206
2024-12-05 00:00:00,0,0.9023390651500036
2024-12-05 16:00:00,1,0.9594412021902631
2024-12-05 20:00:00,1,0.9230727458230776
2024-12-12 04:00:00,1,0.9550950501041165
2024-12-12 08:00:00,1,0.9433678032849155
2024-12-12 12:00:00,1,0.9173905551614147
2024-12-12 16:00:00,0,0.9265386408074419
2024-12-12 20:00:00,1,0.9753229224662173
2024-12-13 04:00:00,1,0.5714227720245645
2024-12-13 08:00:00,1,0.31568099512780556
2024-12-13 12:00:00,1,0.4524947952118249
2024-12-13 16:00:00,0,0.3568120740767494
2024-12-13 20:00:00,1,0.7459359565002065
2024-12-15 20:00:00,1,0.9205499396245063
2024-12-16 12:00:00,1,0.9322193772215168
2024-12-16 16:00:00,0,0.8675776981940615
2024-12-16 20:00:00,0,0.8618264064425809
2024-12-17 12:00:00,1,0.8453526693421956
2024-12-17 20:00:00,1,0.6550876999371145
2024-12-18 04:00:00,0,0.7605380826856528
2024-12-26 16:00:00,1,0.8158425615599308
2024-12-26 20:00:00,1,0.9232179997774129
2024-12-27 00:00:00,0,0.7316398825790033
2024-12-27 08:00:00,1,0.5152955588732918
2024-12-27 12:00:00,1,0.6100500068240141
2024-12-27 16:00:00,1,0.5195626607528481
2024-12-27 20:00:00,1,0.488070727613574
2024-12-29 20:00:00,1,0.7085086133901418
2024-12-30 00:00:00,0,0.8768733039122534
2025-01-03 04:00:00,1,0.6329310872683673
2025-01-03 08:00:00,0,0.34286916016040914
2025-01-03 16:00:00,1,0.6490238642446651
2025-01-05 20:00:00,1,0.7325424737154477
2025-01-06 00:00:00,0,0.9242519281076688
2025-01-06 04:00:00,1,0.9376220173428861
2025-01-07 00:00:00,1,0.9590124151174382
2025-01-07 08:00:00,1,0.7547447653102018
2025-01-08 08:00:00,1,0.9027030416307033
2025-01-08 16:00:00,1,0.9316125326493749
2025-01-08 20:00:00,0,0.7915415717464045
2025-01-09 00:00:00,1,0.8457585527605257
2025-01-09 04:00:00,1,0.8341106000629989
2025-01-09 16:00:00,1,0.8767662824376461
2025-01-09 20:00:00,1,0.8132549370100536
2025-01-10 00:00:00,1,0.4208681583308758
2025-01-10 16:00:00,1,0.7380372978211022
2025-01-10 20:00:00,1,0.6436547668180428
2025-01-12 20:00:00,0,0.7521379162908736
2025-01-13 04:00:00,1,0.91511764127724
2025-01-13 08:00:00,1,0.8433196094171165
2025-01-13 12:00:00,1,0.8928835490762711
2025-01-14 00:00:00,1,0.8153318605122744
2025-01-14 12:00:00,1,0.925601165432155
2025-01-14 20:00:00,0,0.6786293792554204
2025-01-15 00:00:00,1,0.8898887179033119
2025-01-15 04:00:00,1,0.8167547224607864
2025-01-15 08:00:00,1,0.877580815621979
2025-01-15 12:00:00,1,0.8952687230348976
2025-01-15 20:00:00,1,0.5359373871426838
2025-01-16 08:00:00,1,0.7769885921832893
2025-01-16 20:00:00,0,0.9302505852203697
2025-01-17 08:00:00,1,0.33864754419750276
2025-01-17 16:00:00,0,0.4066202568002221
2025-01-17 20:00:00,0,0.6299330744441505
2025-01-19 20:00:00,1,0.7521379162908736
2025-01-20 04:00:00,1,0.8555370121902051
2025-01-20 08:00:00,1,0.7673207786208301
2025-01-20 12:00:00,1,0.904763119660213
2025-01-20 20:00:00,1,0.798145684583782
2025-01-21 08:00:00,1,0.8455324527749762
2025-01-21 16:00:00,1,0.6355013775616978
2025-01-21 20:00:00,1,0.7809569905207433
2025-01-23 00:00:00,1,0.9398567714573512
2025-01-23 04:00:00,1,0.9191260084182028
2025-01-23 08:00:00,1,0.8951685780263576
2025-01-24 00:00:00,1,0.8435721177727298
2025-01-24 16:00:00,0,0.4842683521418913
2025-01-24 20:00:00,0,0.5282272834248433
2025-01-26 20:00:00,0,0.6945843431867856
2025-01-27 04:00:00,0,0.8729387558660684
2025-02-05 20:00:00,1,0.9588027772387768
2025-02-06 04:00:00,1,0.9710599816047047
2025-02-06 08:00:00,0,0.7958176760652664
2025-02-06 16:00:00,1,0.925928479447615
2025-02-06 20:00:00,1,0.9753229224662173
2025-02-07 00:00:00,1,0.8960188782684388
2025-02-07 04:00:00,1,0.5714227720245645
2025-02-07 12:00:00,0,0.6158670975289573
2025-02-09 20:00:00,1,0.7489388894388204
2025-02-10 00:00:00,1,0.9043250134480585
2025-02-10 04:00:00,1,0.7112249116082638
2025-02-11 08:00:00,1,0.7708131738712838
2025-02-11 12:00:00,0,0.855997630200102
2025-02-11 20:00:00,0,0.8247900695048649
2025-02-12 00:00:00,1,0.8522919755789442
2025-02-12 04:00:00,1,0.8080893929438578
2025-02-12 08:00:00,1,0.5633443016432074
2025-02-12 20:00:00,1,0.8286456310349491
2025-02-13 00:00:00,1,0.8608830052866342
2025-02-13 04:00:00,1,0.8268547542595185
2025-02-13 16:00:00,1,0.9265386408074419
2025-02-13 20:00:00,1,0.9753229224662173
2025-02-14 00:00:00,1,0.8960188782684388
2025-02-14 12:00:00,1,0.6158670975289573
2025-02-14 16:00:00,1,0.6204401241625056
2025-02-17 00:00:00,1,0.9043250134480585
2025-02-17 04:00:00,1,0.8627484968067959
2025-02-17 08:00:00,1,0.8077538952068085
2025-02-17 12:00:00,1,0.8783201341674072
2025-02-17 16:00:00,1,0.8418546835071498
2025-02-18 00:00:00,1,0.8424601727977862
2025-02-18 04:00:00,1,0.7901950838879015
2025-02-18 12:00:00,1,0.8570949380209818
2025-02-18 20:00:00,1,0.9241897248688176
2025-02-19 00:00:00,1,0.9587668198015796
2025-02-19 08:00:00,1,0.8014781001770576
2025-02-19 12:00:00,1,0.8952687230348976
2025-02-19 16:00:00,1,0.8940658568187239
2025-02-19 20:00:00,1,0.8556415569313237
2025-02-20 00:00:00,1,0.9005080072684355
2025-02-20 04:00:00,1,0.9233537111246423
2025-02-20 12:00:00,1,0.954155063356419
2025-02-20 20:00:00,0,0.9551145928543925
2025-02-21 04:00:00,1,0.7213038648726343
2025-02-21 20:00:00,1,0.8502376612860006
2025-02-23 20:00:00,1,0.8658254754129266
2025-02-25 04:00:00,1,0.9440266237691041
2025-02-25 08:00:00,0,0.8736080969684289
2025-03-07 16:00:00,1,0.6225408921209125
2025-03-07 20:00:00,1,0.8502376612860006
2025-03-09 20:00:00,0,0.8772779767904128
2025-03-10 04:00:00,1,0.9458277631142314
2025-03-10 08:00:00,0,0.9478503016425907
2025-03-14 16:00:00,1,0.3175342762631249
2025-03-14 20:00:00,1,0.7789742729218403
2025-03-16 20:00:00,1,0.9204898789981918
2025-03-17 00:00:00,1,0.877641630832355
2025-03-17 04:00:00,1,0.9491537342414106
2025-03-17 12:00:00,1,0.9667025205497342
2025-03-17 16:00:00,1,0.9355294639118754
2025-03-17 20:00:00,1,0.9193966656788151
2025-03-18 12:00:00,1,0.7801995927123968
2025-03-18 16:00:00,0,0.5640075937417205
2025-03-18 20:00:00,1,0.7990085656732067
2025-03-19 00:00:00,1,0.7666752407514137
2025-03-19 04:00:00,1,0.8983598520500528
2025-03-20 08:00:00,1,0.8837424197209032
2025-03-20 12:00:00,1,0.954155063356419
2025-03-20 16:00:00,1,0.9336136253213462
2025-03-20 20:00:00,1,0.9551145928543925
2025-03-21 00:00:00,1,0.8110206677986431
2025-03-21 04:00:00,1,0.7701870694739964
2025-03-21 08:00:00,0,0.5225415669311233
2025-03-21 16:00:00,1,0.6284604801099529
2025-03-21 20:00:00,1,0.8502376612860006
2025-03-23 20:00:00,0,0.8889785665738512
2025-03-24 00:00:00,1,0.9666261218088402
2025-03-24 04:00:00,0,0.9606197057872897
2025-03-24 20:00:00,1,0.9645001365709255
2025-03-25 00:00:00,1,0.9610594409189133
2025-03-25 04:00:00,1,0.9405496293036505
2025-03-25 20:00:00,1,0.8694767990037058
2025-03-26 08:00:00,1,0.8901782953301653
2025-03-26 12:00:00,1,0.9543158215531716
2025-03-26 20:00:00,1,0.7945938089229875
2025-03-27 12:00:00,1,0.9791918745344604
2025-03-27 20:00:00,1,0.9517083905637606
2025-03-28 04:00:00,1,0.8439321759089147
2025-03-28 08:00:00,1,0.6852145158121498
2025-03-28 16:00:00,1,0.8678979598795834
2025-03-28 20:00:00,1,0.7459359565002065
2025-03-30 20:00:00,1,0.9204898789981918
2025-03-31 08:00:00,1,0.7893559375679234
2025-03-31 12:00:00,1,0.8693111351876684
2025-03-31 16:00:00,1,0.7599418137167322
2025-03-31 20:00:00,1,0.9043144161209566
2025-04-01 08:00:00,0,0.5353924033736203
2025-04-01 20:00:00,1,0.8375716405648244
2025-04-02 04:00:00,1,0.8080893929438578
2025-04-02 08:00:00,1,0.6189669479590675
2025-04-02 12:00:00,1,0.8814030539869304
2025-04-02 16:00:00,1,0.576652978625017
2025-04-03 00:00:00,1,0.9061207811382461
2025-04-03 04:00:00,1,0.8848961415897666
2025-04-03 08:00:00,1,0.7923832157188819
2025-04-03 12:00:00,1,0.9167112411692068
2025-04-03 16:00:00,1,0.8449378413108878
2025-04-03 20:00:00,0,0.8502712404818394
2025-04-04 04:00:00,1,0.27467940940414576
2025-04-04 08:00:00,0,0.47517998946983797
2025-04-04 16:00:00,1,0.6263728850306902
2025-04-04 20:00:00,0,0.5914187330504574
2025-04-06 20:00:00,1,0.7472559939258687
2025-04-07 00:00:00,1,0.9035495547250295
2025-04-07 04:00:00,0,0.8882321724372114
2025-04-14 04:00:00,1,0.86946651185949
2025-04-14 08:00:00,0,0.6700753501902937
2025-04-14 16:00:00,1,0.8406621073936499
2025-04-15 04:00:00,1,0.7887107154851103
2025-04-15 08:00:00,1,0.6081350838460992
2025-04-15 16:00:00,1,0.7439302572166474
2025-04-16 08:00:00,1,0.8027477772197537
2025-04-16 16:00:00,1,0.7553458628631785
2025-04-17 00:00:00,0,0.9061207811382461
2025-04-17 04:00:00,1,0.8861203661420686
2025-04-17 08:00:00,0,0.6675781958902234
2025-04-17 16:00:00,1,0.8575529785738776
2025-04-17 20:00:00,1,0.9025927415330877
2025-04-20 20:00:00,1,0.7472559939258687
2025-04-21 12:00:00,1,0.8693111351876684
2025-04-21 20:00:00,1,0.9035388806670316
2025-04-22 00:00:00,0,0.8988885104381065
2025-04-22 08:00:00,1,0.7516450661336178
2025-04-22 12:00:00,1,0.855997630200102
2025-04-22 16:00:00,1,0.8537108505141867
2025-04-22 20:00:00,1,0.8234957890297524
2025-04-23 00:00:00,1,0.9154586122363148
2025-04-23 08:00:00,0,0.6470607773790085
2025-05-07 00:00:00,1,0.9116470779482237
2025-05-07 04:00:00,1,0.8080893929438578
2025-05-07 08:00:00,1,0.4857002046923069
2025-05-07 16:00:00,1,0.8815844573049108
2025-05-07 20:00:00,1,0.7380510597238422
2025-05-08 00:00:00,1,0.9061207811382461
2025-05-08 04:00:00,1,0.8848961415897666
2025-05-08 08:00:00,0,0.6788853685566439
2025-05-08 16:00:00,1,0.925928479447615
2025-05-08 20:00:00,1,0.8934708364560525
2025-05-09 00:00:00,1,0.7725643358295431
2025-05-09 04:00:00,1,0.38326949465307986
2025-05-09 08:00:00,1,0.3470495323611519
2025-05-09 12:00:00,1,0.6186293525963125
2025-05-09 16:00:00,1,0.393232278061222
2025-05-09 20:00:00,0,0.5914187330504574
2025-05-11 20:00:00,1,0.6473162735089446
2025-05-12 00:00:00,0,0.9035495547250295
2025-05-12 04:00:00,1,0.8882321724372114
2025-05-12 12:00:00,0,0.8693111351876684
2025-05-12 16:00:00,1,0.8536428302027174
2025-05-12 20:00:00,1,0.9035388806670316
2025-05-13 04:00:00,1,0.6321733355159023
2025-05-13 08:00:00,1,0.6081350838460992
2025-05-13 16:00:00,1,0.7439302572166474
2025-05-13 20:00:00,0,0.8375716405648244
2025-05-14 00:00:00,1,0.9116470779482237
2025-05-14 04:00:00,0,0.7852101517172382
2025-05-14 12:00:00,1,0.8814030539869304
2025-05-14 20:00:00,1,0.8451152122527731
2025-05-22 04:00:00,1,0.8340906432183254
2025-05-22 08:00:00,1,0.7943627353255842
2025-05-23 04:00:00,1,0.5181772076732359
2025-05-23 20:00:00,0,0.5916170862669864
2025-05-25 20:00:00,1,0.7472559939258687
2025-05-26 00:00:00,0,0.9123606132603472
2025-05-26 08:00:00,1,0.7214541829980513
2025-05-26 16:00:00,1,0.8406621073936499
2025-05-27 00:00:00,0,0.8988885104381065
2025-05-27 04:00:00,1,0.8770375077425411
2025-05-27 16:00:00,1,0.7439302572166474
2025-05-27 20:00:00,1,0.8234957890297524
2025-05-28 08:00:00,1,0.640658200083272
2025-05-28 12:00:00,0,0.8830212469558237
2025-06-03 16:00:00,1,0.7439302572166474
2025-06-03 20:00:00,1,0.8234957890297524
2025-06-04 04:00:00,1,0.8912233629864399
2025-06-04 08:00:00,1,0.8027477772197537
2025-06-04 20:00:00,0,0.8286456310349491
2025-06-05 04:00:00,0,0.8268547542595185
2025-06-05 16:00:00,1,0.924176517092358
2025-06-05 20:00:00,1,0.9025927415330877
2025-06-06 00:00:00,0,0.6780224837306164
2025-06-06 12:00:00,0,0.6137522313529069
2025-06-06 20:00:00,1,0.4283078224391243
2025-06-08 20:00:00,1,0.5681164291969631
2025-06-16 04:00:00,1,0.8280218503464384
2025-06-16 08:00:00,0,0.7382401193220169
2025-06-16 16:00:00,1,0.8536428302027174
2025-06-16 20:00:00,0,0.9035388806670316
2025-06-17 00:00:00,1,0.8988885104381065
2025-06-17 16:00:00,1,0.7132040958813297
2025-06-17 20:00:00,1,0.8375716405648244
2025-06-18 00:00:00,0,0.6913490188825523
2025-06-18 08:00:00,0,0.6470607773790085
2025-06-18 20:00:00,0,0.8451152122527731
2025-06-19 04:00:00,1,0.8848961415897666
2025-06-19 08:00:00,0,0.6788853685566439
2025-06-19 12:00:00,1,0.8413828930791258
2025-06-19 16:00:00,0,0.8148574521190534
2025-06-19 20:00:00,1,0.8934708364560525
2025-06-20 00:00:00,1,0.7725643358295431
2025-06-20 08:00:00,1,0.3470495323611519
2025-06-20 12:00:00,1,0.6186293525963125
2025-06-20 16:00:00,1,0.4783993198353636
2025-06-20 20:00:00,1,0.5914187330504574
2025-06-22 20:00:00,0,0.7471009207275895
2025-06-23 00:00:00,1,0.9035495547250295
2025-06-23 04:00:00,0,0.8280218503464384
2025-06-24 00:00:00,0,0.9080820536622163
2025-06-24 08:00:00,1,0.6081350838460992
2025-07-03 00:00:00,0,0.9768127178017577
2025-07-04 00:00:00,1,0.6799689394397984
2025-07-04 04:00:00,0,0.6685494771770476
2025-07-04 12:00:00,1,0.869073086334193
2025-07-07 16:00:00,1,0.893072716649739
2025-07-08 00:00:00,1,0.9610594409189133
2025-07-08 04:00:00,0,0.9440266237691041
2025-07-08 12:00:00,1,0.8570949380209818
2025-07-08 16:00:00,1,0.8548226283971839
2025-07-08 20:00:00,1,0.8247900695048649
2025-07-09 00:00:00,1,0.9116470779482237
2025-07-14 08:00:00,1,0.9202281476169797
2025-07-14 12:00:00,1,0.8783201341674072
2025-07-14 16:00:00,1,0.961357216046202
2025-07-14 20:00:00,1,0.9523780956010354
2025-07-15 00:00:00,1,0.9618874751934977
2025-07-15 04:00:00,0,0.9289332943739423
2025-07-15 12:00:00,1,0.8479435971121225
2025-07-15 16:00:00,1,0.9138455474953803
2025-07-15 20:00:00,1,0.9565113590057128
2025-07-16 00:00:00,1,0.9088934572382317
2025-07-16 04:00:00,1,0.9493773674931897
2025-07-16 08:00:00,1,0.8363491072077132
2025-07-16 16:00:00,1,0.8815844573049108
2025-07-16 20:00:00,0,0.8462805532662228
2025-07-17 00:00:00,1,0.8498368081321812
2025-07-17 04:00:00,1,0.8055099503217884
2025-07-17 16:00:00,1,0.8575529785738776
2025-07-18 08:00:00,1,0.47740755030738113
2025-07-18 16:00:00,1,0.4808330754504379
2025-07-18 20:00:00,0,0.8427686587399877
2025-07-20 20:00:00,1,0.8196967571589251
