datetime,session,is_win,prob_win,prob_cal
2024-01-01 20:00:00,NY,1,0.8730612945133618,0.754933132151531
2024-01-02 04:00:00,Other,0,0.7782626329881516,0.755772925484208
2024-01-02 12:00:00,London,1,0.8929063974284353,0.7547570835898355
2024-01-02 20:00:00,NY,1,0.935248029037101,0.7543811800000477
2024-01-03 04:00:00,Other,0,0.8898509644074529,0.7547841943043091
2024-01-03 20:00:00,NY,1,0.7155500184951354,0.7563274064373293
2024-01-04 00:00:00,Other,1,0.5896232255851369,0.757438223614352
2024-01-04 04:00:00,Other,1,0.6775896881926012,0.7566626223206255
2024-01-04 08:00:00,London,1,0.6794356488993134,0.7566463284541751
2024-01-04 16:00:00,London,0,0.8001547738855179,0.7555791625713424
2024-01-04 20:00:00,NY,0,0.72256920018543,0.7562653879463249
2024-01-05 08:00:00,London,1,0.400311708942871,0.759101678055516
2024-01-05 16:00:00,London,0,0.7850971258729802,0.7557124459335747
2024-01-05 20:00:00,NY,0,0.4602883975306993,0.7585755150673645
2024-01-07 20:00:00,NY,1,0.77792113510242,0.7557759471892511
2024-01-08 00:00:00,Other,1,0.9549449477057902,0.7542061809042903
2024-01-08 04:00:00,Other,1,0.8896958868173654,0.7547855702465683
2024-01-12 16:00:00,London,1,0.8373031952283001,0.7552501315163064
2024-01-12 20:00:00,NY,0,0.5814569355875565,0.7575101405775008
2024-01-14 20:00:00,NY,1,0.7511745156758303,0.7560125329848099
2024-01-15 00:00:00,Other,0,0.9740648431461306,0.7540362280509099
2024-01-15 04:00:00,Other,1,0.9728668237596164,0.7540468793259176
2024-01-15 08:00:00,London,1,0.925970919211207,0.7544635742261901
2024-01-15 20:00:00,NY,0,0.9519533745759572,0.7542327652249712
2024-01-16 00:00:00,Other,0,0.9172232245304328,0.7545412493953013
2024-01-16 08:00:00,London,0,0.9414224553555492,0.75432633178133
2024-01-16 20:00:00,NY,0,0.8942435608672529,0.7547452183646008
2024-02-01 20:00:00,NY,1,0.9613882516075286,0.7541489165338866
2024-02-02 00:00:00,Other,1,0.7212264248178311,0.7562772529633053
2024-02-02 04:00:00,Other,0,0.728055929398973,0.7562169021021943
2024-02-02 16:00:00,London,1,0.7940459955049949,0.7556332405929352
2024-02-02 20:00:00,NY,1,0.6974623040335429,0.7564871724535953
2024-02-04 20:00:00,NY,0,0.7515822394804014,0.7560089276509585
2024-02-05 00:00:00,Other,0,0.9072159775239668,0.7546300884277741
2024-02-05 08:00:00,London,0,0.935727314465862,0.7543769227419383
2024-02-05 16:00:00,London,0,0.9223958201799424,0.754495321327188
2024-02-05 20:00:00,NY,1,0.927792817847243,0.7544473945881994
2024-02-06 08:00:00,London,1,0.9351161572371948,0.7543823513440359
2024-02-06 12:00:00,London,0,0.7101997578582413,0.7563746718703395
2024-02-06 20:00:00,NY,1,0.9130632561222888,0.7545781820243601
2024-02-07 00:00:00,Other,1,0.927677720623469,0.7544484167472529
2024-02-07 04:00:00,Other,1,0.9418268781086612,0.7543227389541063
2024-02-07 16:00:00,London,1,0.8342445287426081,0.7552772340490682
2024-02-08 00:00:00,Other,1,0.9349905312435072,0.7543834672064906
2024-02-08 20:00:00,NY,0,0.9524094141915688,0.7542287127989596
2024-02-09 00:00:00,Other,0,0.9748627236980986,0.7540291341325266
2024-02-09 08:00:00,London,0,0.3964419061857828,0.7591356001306573
2024-02-09 16:00:00,London,1,0.5165022232322594,0.7580816520909517
2024-02-11 20:00:00,NY,1,0.9570369823516798,0.7541875890922323
2024-02-12 04:00:00,Other,0,0.9613282774016624,0.7541494495915095
2024-02-12 16:00:00,London,1,0.7152679267751264,0.7563298986556751
2024-02-13 08:00:00,London,0,0.9132952569332576,0.7545761223959357
2024-02-13 20:00:00,NY,1,0.6409112446665758,0.7569862209506628
2024-02-14 04:00:00,Other,1,0.6489947087861807,0.7569149290217785
2024-02-14 08:00:00,London,1,0.7984231878159714,0.7555944922764681
2024-02-22 12:00:00,London,1,0.6021116337526636,0.7573282156003637
2024-02-22 20:00:00,NY,1,0.8869124134846944,0.7548102660206141
2024-02-23 00:00:00,Other,0,0.930151036106627,0.7544264510173143
2024-02-23 04:00:00,Other,1,0.8674451548837822,0.754982938179142
2024-02-23 12:00:00,London,1,0.6215872000627507,0.7571565913842871
2024-02-23 20:00:00,NY,0,0.8710328584301574,0.7549511218704973
2024-02-25 20:00:00,NY,0,0.9623801451555892,0.7541401003572464
2024-02-26 00:00:00,Other,1,0.98419455373815,0.7539461550369305
2024-02-26 12:00:00,London,1,0.737537367705345,0.7561330998870719
2024-02-27 00:00:00,Other,1,0.9657047759658252,0.7541105487244756
2024-02-27 04:00:00,Other,0,0.8746919780659744,0.7549186693587707
2024-02-27 16:00:00,London,1,0.4064689903935644,0.7590476975837412
2024-02-28 16:00:00,London,1,0.5814574724244485,0.7575101358502883
2024-02-28 20:00:00,NY,1,0.6812228198428063,0.7566305528061723
2024-02-29 08:00:00,London,1,0.2507843704297853,0.7604100383544378
2024-02-29 16:00:00,London,0,0.3429108398645736,0.7596045103059613
2024-02-29 20:00:00,NY,1,0.5280511511524472,0.7579801045894745
2024-03-01 00:00:00,Other,1,0.7815962938475498,0.755743426637583
2024-03-01 04:00:00,Other,1,0.3224891791079549,0.7597832311652419
2024-03-01 20:00:00,NY,1,0.7902548517211948,0.7556667976598489
2024-03-03 20:00:00,NY,1,0.9390166360938098,0.7543477039635814
2024-03-04 04:00:00,Other,0,0.8736841871459383,0.7549276076853698
2024-03-04 08:00:00,London,1,0.8331292055763084,0.7552871163094708
2024-03-04 16:00:00,London,1,0.9170627725168228,0.7545426739743702
2024-03-04 20:00:00,NY,1,0.967183810392852,0.7540974012676669
2024-03-05 00:00:00,Other,1,0.8897338242956883,0.7547852336427758
2024-03-05 12:00:00,London,1,0.7288915969888518,0.7562095167923629
2024-03-05 20:00:00,NY,0,0.9305246744127864,0.7544231325877899
2024-03-06 00:00:00,Other,1,0.8716166784499625,0.7549459442004979
2024-03-06 04:00:00,Other,1,0.8178248602844435,0.7554226923810292
2024-03-06 08:00:00,London,1,0.844927319423742,0.7551825660959642
2024-03-06 12:00:00,London,1,0.8599020700318569,0.7550498223185805
2024-03-06 20:00:00,NY,1,0.9412281562246166,0.7543280578912142
2024-03-07 04:00:00,Other,1,0.936762893163236,0.754367724032809
2024-03-07 12:00:00,London,1,0.9280954822094688,0.7544447066632923
2024-03-07 20:00:00,NY,1,0.9463972160826676,0.754282134338083
2024-03-08 00:00:00,Other,1,0.7998053159681343,0.7555822563693579
2024-03-08 04:00:00,Other,1,0.8322030017309011,0.7552953226833597
2024-03-08 12:00:00,London,1,0.6295987616900208,0.7570859673006276
2024-03-08 20:00:00,NY,1,0.7149722321682732,0.756332511033989
2024-03-10 20:00:00,NY,1,0.9535209739928712,0.7542188351485196
2024-03-11 04:00:00,Other,1,0.9528445066155256,0.7542248464703669
2024-03-11 12:00:00,London,0,0.7976975452252132,0.7556009161858724
2024-03-11 16:00:00,London,1,0.8254940526166873,0.7553547599233544
2024-03-11 20:00:00,NY,0,0.939698387642278,0.7543416477264007
2024-03-12 00:00:00,Other,1,0.7428292264075094,0.7560863190168717
2024-03-12 08:00:00,London,1,0.8340974121818181,0.755278537582818
2024-03-12 12:00:00,London,0,0.931928701756564,0.7544106625954705
2024-03-13 04:00:00,Other,1,0.8625727223576273,0.7550261431944325
2024-03-13 08:00:00,London,1,0.7571615906633488,0.7559595881189947
2024-03-13 12:00:00,London,1,0.8799742329214874,0.7548718162394001
2024-03-13 20:00:00,NY,1,0.9242650489258232,0.7544787228054898
2024-03-14 00:00:00,Other,0,0.8657332591785343,0.7549981185510227
2024-03-14 04:00:00,Other,0,0.8526913142705149,0.7551137481807821
2024-03-14 16:00:00,London,0,0.8642816491935128,0.7550109903207189
2024-03-14 20:00:00,NY,1,0.967719735620364,0.7540926371955157
2024-03-15 00:00:00,Other,1,0.4830320084321194,0.7583757853472163
2024-03-15 04:00:00,Other,0,0.7384208059144586,0.756125290575889
2024-03-15 12:00:00,London,1,0.4832458023496443,0.7583739073188833
2024-03-15 16:00:00,London,1,0.4971602412028845,0.7582516574281696
2024-03-15 20:00:00,NY,0,0.772296291370379,0.7558257143355919
2024-03-17 20:00:00,NY,0,0.9445891714655,0.754298198233151
2024-03-21 12:00:00,London,1,0.9774075976576764,0.7540065068570387
2024-03-21 16:00:00,London,0,0.9835758013919816,0.7539516575971676
2024-03-21 20:00:00,NY,0,0.9869606528733476,0.7539215551232641
2024-03-22 04:00:00,Other,1,0.9026222954625528,0.7546708614341877
2024-03-22 08:00:00,London,1,0.7022558275093675,0.7564448389125149
2024-03-22 12:00:00,London,1,0.8801516524348479,0.7548702424394945
2024-03-22 20:00:00,NY,1,0.8974093070098405,0.7547171257953003
2024-03-24 20:00:00,NY,1,0.9807081664469528,0.7539771583720676
2024-03-25 00:00:00,Other,1,0.9622079935147396,0.7541416304956723
2024-03-25 08:00:00,London,1,0.9435860158471086,0.7543071106428354
2024-03-25 12:00:00,London,1,0.8732196841072106,0.7549317273942123
2024-03-25 16:00:00,London,1,0.941817437628925,0.7543228228222262
2024-03-25 20:00:00,NY,1,0.9428553950917652,0.7543136016136736
2024-03-26 12:00:00,London,1,0.951449305059758,0.754237244398374
2024-03-26 16:00:00,London,1,0.9289775362285844,0.7544368731370354
2024-03-27 00:00:00,Other,1,0.9679335414930011,0.7540907365648805
2024-03-27 08:00:00,London,1,0.9642777642805614,0.7541232332908406
2024-03-27 12:00:00,London,1,0.943888389649331,0.7543044242638417
2024-03-27 16:00:00,London,1,0.936934220255237,0.7543662021675146
2024-03-27 20:00:00,NY,1,0.9347562855179092,0.7543855478655617
2024-03-28 00:00:00,Other,1,0.943011421872844,0.754312215452407
2024-03-28 04:00:00,Other,1,0.9679969203862644,0.7540901731553193
2024-03-28 16:00:00,London,1,0.8692677862994268,0.7549667751512152
2024-03-28 20:00:00,NY,1,0.9732979139110056,0.7540430466526556
2024-03-31 20:00:00,NY,1,0.7571703440733404,0.7559595107051962
2024-04-01 04:00:00,Other,1,0.9544944954464148,0.7542101839279958
2024-04-01 08:00:00,London,1,0.8136498410480189,0.7554596686592882
2024-04-01 12:00:00,London,1,0.9613087258371584,0.7541496233678897
2024-04-01 16:00:00,London,1,0.9248593340386496,0.7544734454680746
2024-04-01 20:00:00,NY,1,0.977877944988034,0.7540023246973129
2024-04-02 00:00:00,Other,1,0.945273243404549,0.754292120557202
2024-04-02 04:00:00,Other,1,0.935771664522408,0.7543765287995563
2024-04-02 08:00:00,London,1,0.9000957234920552,0.7546932850541649
2024-04-02 20:00:00,NY,1,0.9688368926270504,0.7540827061016282
2024-04-03 04:00:00,Other,1,0.8953671951719046,0.7547352475754103
2024-04-03 08:00:00,London,1,0.921608362118436,0.7545023136314308
2024-04-03 20:00:00,NY,1,0.9766972156358712,0.7540128232283162
2024-04-04 04:00:00,Other,1,0.9317890257747492,0.7544119031591153
2024-04-04 08:00:00,London,1,0.9099377286935072,0.7546059283125275
2024-04-04 12:00:00,London,1,0.9542619954449584,0.7542122500632014
2024-04-04 20:00:00,NY,1,0.9858402894993658,0.7539315191169872
2024-04-05 08:00:00,London,1,0.7795862245889059,0.7557612135959755
2024-04-05 16:00:00,London,1,0.7880831958514187,0.755686018528279
2024-04-05 20:00:00,NY,0,0.8376391658100285,0.7552471543914763
2024-04-07 20:00:00,NY,1,0.9682990538328132,0.754087487314314
2024-04-08 04:00:00,Other,0,0.811590966325365,0.7554779017999775
2024-04-08 12:00:00,London,1,0.8375676622234768,0.7552477880058562
2024-04-09 00:00:00,Other,1,0.8778305530398454,0.7548908312138785
2024-04-09 12:00:00,London,1,0.8692953405419731,0.7549665307956864
2024-04-09 16:00:00,London,1,0.9045437837180392,0.7546538070764305
2024-04-09 20:00:00,NY,0,0.9717095874567764,0.7540571677141523
2024-04-10 00:00:00,Other,1,0.9262221391783728,0.7544613432731786
2024-04-10 04:00:00,Other,0,0.8843622916724542,0.7548328899590114
2024-04-10 16:00:00,London,1,0.9639557186064556,0.7541260958621351
2024-04-10 20:00:00,NY,1,0.9659280742394472,0.7541085638082039
2024-04-11 00:00:00,Other,1,0.9663491493914648,0.7541048208080107
2024-04-11 04:00:00,Other,1,0.9618549076942547,0.754144768814434
2024-04-11 08:00:00,London,1,0.922551828569088,0.7544939360208066
2024-04-11 12:00:00,London,1,0.9510857943503486,0.7542404745288076
2024-04-11 20:00:00,NY,1,0.9685672231647036,0.7540851033836387
2024-04-12 00:00:00,Other,1,0.8529808716947922,0.7551111813705866
2024-04-12 08:00:00,London,0,0.5140078232052877,0.7581035810605082
2024-04-12 16:00:00,London,1,0.8398945448788365,0.7552271682429975
2024-04-12 20:00:00,NY,1,0.8431789684687894,0.755198061194947
2024-04-14 20:00:00,NY,1,0.9664904690597936,0.7541035645876728
2024-04-15 00:00:00,Other,1,0.8436733332554577,0.7551936798584825
2024-04-15 04:00:00,Other,1,0.7766336905923008,0.755787338767444
2024-04-15 08:00:00,London,1,0.742551470377525,0.7560887745753823
2024-04-15 16:00:00,London,1,0.902268882710339,0.7546739980966709
2024-04-15 20:00:00,NY,1,0.949415448055832,0.7542553167398275
2024-04-16 00:00:00,Other,0,0.8687297795493412,0.7549715462500745
2024-04-16 08:00:00,London,1,0.6854785403299775,0.7565929840779017
2024-04-16 12:00:00,London,0,0.8692953405419731,0.7549665307956864
2024-04-17 04:00:00,Other,1,0.8564144092251684,0.7550807430544536
2024-04-17 08:00:00,London,0,0.6278746591530504,0.757101166908879
2024-04-17 16:00:00,London,1,0.9223923348197236,0.7544953522760516
2024-04-18 04:00:00,Other,1,0.9292711285364252,0.7544342657048577
2024-04-18 08:00:00,London,1,0.8586396160932225,0.7550610152266803
2024-04-18 12:00:00,London,1,0.9510857943503486,0.7542404745288076
2024-04-19 04:00:00,Other,0,0.8424747265171978,0.7552043024883837
2024-04-19 08:00:00,London,1,0.551626703788895,0.7577727192346211
2024-04-19 12:00:00,London,1,0.7976938589902617,0.7556009488187801
2024-04-19 16:00:00,London,1,0.8076304724271082,0.7555129728600417
2024-04-19 20:00:00,NY,0,0.8310894938280682,0.7553051883669462
2024-04-21 20:00:00,NY,0,0.9694938261905044,0.7540768660900299
2024-04-22 04:00:00,Other,1,0.9465620299848684,0.7542806699843397
2024-04-22 08:00:00,London,1,0.8222401371137453,0.755383584135393
2024-04-22 12:00:00,London,1,0.9256126036411332,0.7544667562155256
2024-04-22 16:00:00,London,1,0.93746389146369,0.7543614971607898
2024-04-22 20:00:00,NY,0,0.9647058602799372,0.7541194280339585
2024-04-23 00:00:00,Other,1,0.8314455069590945,0.755302034118707
2024-04-23 04:00:00,Other,1,0.8779219981569131,0.7548900200932535
2024-05-06 20:00:00,NY,0,0.9749966720017614,0.7540279431909575
2024-05-07 04:00:00,Other,0,0.9657862470021236,0.754109824523148
2024-05-07 08:00:00,London,1,0.8838682164403221,0.7548372730876476
2024-05-07 12:00:00,London,1,0.9585640424353024,0.7541740175836575
2024-05-08 04:00:00,Other,1,0.934892467821008,0.7543843382443202
2024-05-08 12:00:00,London,0,0.9603863779256636,0.7541578211999331
2024-05-09 00:00:00,Other,1,0.9082324433738904,0.7546210657730985
2024-05-09 12:00:00,London,1,0.964141846451612,0.7541244414280368
2024-05-09 20:00:00,NY,1,0.9650445689646971,0.7541164172943223
2024-05-10 04:00:00,Other,1,0.9577127937241044,0.7541815829862509
2024-05-10 16:00:00,London,1,0.7539455270242473,0.755988029360879
2024-05-10 20:00:00,NY,1,0.9455000343655254,0.7542901055976702
2024-05-13 00:00:00,Other,0,0.963991539475645,0.7541257774618503
2024-05-13 04:00:00,Other,1,0.9888797607765168,0.7539044868336111
2024-05-13 08:00:00,London,0,0.962373941875682,0.7541401554940785
2024-05-13 16:00:00,London,1,0.9440517614147352,0.7543029728121371
2024-05-14 00:00:00,Other,1,0.9674805763769498,0.7540947631936054
2024-05-14 04:00:00,Other,1,0.953000753465438,0.7542234580159061
2024-05-14 12:00:00,London,1,0.9589772981521416,0.7541703447510272
2024-05-14 16:00:00,London,1,0.9289775362285844,0.7544368731370354
2024-05-15 04:00:00,Other,1,0.9442412335744164,0.7543012894681922
2024-05-15 08:00:00,London,1,0.951616942064906,0.7542357547781692
2024-05-15 12:00:00,London,1,0.9388097557097916,0.7543495417343956
2024-05-15 16:00:00,London,1,0.9533153168958732,0.7542206626987239
2024-05-15 20:00:00,NY,0,0.9037031030521976,0.7546612687187108
2024-05-16 12:00:00,London,1,0.8470364315455411,0.7551638727991836
2024-05-16 16:00:00,London,1,0.9689267109182363,0.7540819076400057
2024-05-17 00:00:00,Other,1,0.6611555280984137,0.7568076502076965
2024-05-17 04:00:00,Other,1,0.9042914444138884,0.754656046784349
2024-05-17 08:00:00,London,1,0.4009010131488116,0.7590965120225008
2024-05-17 12:00:00,London,1,0.5659662938753762,0.7576465200836375
2024-05-17 20:00:00,NY,1,0.8119310948227202,0.7554748897273442
2024-05-19 20:00:00,NY,1,0.9535209739928712,0.7542188351485196
2024-05-20 12:00:00,London,1,0.9351262475406316,0.7543822617176053
2024-05-20 16:00:00,London,1,0.9644397667042802,0.7541217932894383
2024-05-20 20:00:00,NY,0,0.9811130575222674,0.7539735579393788
2024-05-21 04:00:00,Other,1,0.9160472550929484,0.7545516901535656
2024-05-21 20:00:00,NY,1,0.9694470551088662,0.7540772818789383
2024-05-22 00:00:00,Other,1,0.967249274469479,0.7540968193323871
2024-05-22 04:00:00,Other,0,0.9638620712274062,0.754126928262515
2024-05-22 12:00:00,London,1,0.96471138126874,0.7541193789587706
2024-05-22 16:00:00,London,1,0.9753394839082123,0.7540248952141714
2024-05-22 20:00:00,NY,0,0.9776247863631148,0.7540045756989388
2024-05-23 08:00:00,London,0,0.9700766677293424,0.7540716846638775
2024-05-23 16:00:00,London,1,0.958188839306522,0.7541773521898089
2024-05-23 20:00:00,NY,1,0.9838492610423836,0.7539492257326535
2024-06-07 08:00:00,London,0,0.7411672923558751,0.7561010114322179
2024-06-21 20:00:00,NY,1,0.7858465813047252,0.7557058132626778
2024-06-24 04:00:00,Other,1,0.9921742344573626,0.7538751843648295
2024-06-24 08:00:00,London,1,0.9809271646451514,0.7539752109680988
2024-06-24 12:00:00,London,1,0.9814417787727476,0.753970634809236
2024-06-24 16:00:00,London,0,0.9591546745060984,0.7541687682977016
2024-06-25 00:00:00,Other,0,0.9546308369033452,0.7542089723101526
2024-06-25 16:00:00,London,0,0.9159296685730368,0.7545527341203658
2024-06-26 04:00:00,Other,1,0.941657004673478,0.7543242480869212
2024-06-26 08:00:00,London,0,0.964797029495418,0.754118617644514
2024-06-28 16:00:00,London,1,0.876831556107807,0.7548996922252185
2024-06-28 20:00:00,NY,0,0.8549549326995274,0.7550936816287074
2024-06-30 20:00:00,NY,1,0.954145046768789,0.7542132893352295
2024-07-01 12:00:00,London,1,0.9731910260108178,0.754043996959716
2024-07-01 16:00:00,London,1,0.9306945925381354,0.7544216234677326
2024-07-01 20:00:00,NY,1,0.9697406317301228,0.7540746720126378
2024-07-02 00:00:00,Other,1,0.9411984070980536,0.7543283221750577
2024-07-02 04:00:00,Other,0,0.9380142726347358,0.754356608125529
2024-07-02 16:00:00,London,0,0.9372780692588416,0.7543631478043875
2024-07-02 20:00:00,NY,1,0.9559259913198946,0.7541974625345439
2024-07-03 16:00:00,London,1,0.9556026857756144,0.7542003357196173
2024-07-03 20:00:00,NY,0,0.9488462398776144,0.7542603744199723
2024-07-04 04:00:00,Other,1,0.962875292805071,0.7541356992919959
2024-07-04 08:00:00,London,0,0.8721298329344305,0.7549413931743073
2024-07-04 16:00:00,London,0,0.9182983650539324,0.7545317035769367
2024-07-04 20:00:00,NY,1,0.9750928441051228,0.7540270881172201
2024-07-05 20:00:00,NY,0,0.644602890721698,0.7569536643231362
2024-07-08 00:00:00,Other,1,0.8043102658634017,0.7555423714105639
2024-07-08 04:00:00,Other,0,0.9377339385082052,0.7543590983414276
2024-07-08 08:00:00,London,1,0.9202942535567548,0.7545139820766813
2024-07-08 12:00:00,London,1,0.93840744138951,0.7543531155677852
2024-07-08 16:00:00,London,1,0.9425435215951178,0.7543163723206773
2024-07-08 20:00:00,NY,1,0.975601634377069,0.7540225643895562
2024-07-09 00:00:00,Other,1,0.9616285811917532,0.7541467804491525
2024-07-09 04:00:00,Other,1,0.9511646756368488,0.7542397735977108
2024-07-09 16:00:00,London,1,0.9447583767893388,0.754296694928288
2024-07-09 20:00:00,NY,1,0.938997430979611,0.7543478745678622
2024-07-10 00:00:00,Other,1,0.97015328131624,0.7540710035682371
2024-07-10 04:00:00,Other,1,0.9668305624546868,0.7541005414080276
2024-07-10 08:00:00,London,0,0.94155547300111,0.7543251500776965
2024-07-10 20:00:00,NY,1,0.932769487089872,0.7544031948821501
2024-07-11 00:00:00,Other,1,0.8201429106397712,0.7554021608133812
2024-07-11 08:00:00,London,1,0.5088270683423877,0.7581491222030204
2024-07-11 16:00:00,London,0,0.940814619579102,0.754331731630762
2024-07-12 04:00:00,Other,1,0.8878328016639043,0.7548021002584392
2024-07-12 08:00:00,London,1,0.6594274128386938,0.7568228970398582
2024-07-14 20:00:00,NY,1,0.965086743620432,0.7541160424072807
2024-07-15 00:00:00,Other,1,0.8711920253270635,0.7549497102892532
2024-07-15 12:00:00,London,1,0.9026217751282642,0.7546708660523573
2024-07-15 16:00:00,London,1,0.8086648378429587,0.7555038136510023
2024-07-15 20:00:00,NY,1,0.953115416547689,0.7542224390834043
2024-07-16 00:00:00,Other,1,0.8612872507715621,0.7550375409179292
2024-07-16 08:00:00,London,1,0.9169974997366224,0.7545432534995394
2024-07-17 16:00:00,London,1,0.951423930072564,0.7542374698796434
2024-07-17 20:00:00,NY,1,0.9766972156358712,0.7540128232283162
2024-07-18 00:00:00,Other,1,0.9761277958137112,0.7540178861534033
2024-07-18 04:00:00,Other,1,0.98209920869886,0.7539647885905806
2024-07-18 08:00:00,London,1,0.9636804031872211,0.7541285430438367
2024-07-18 12:00:00,London,0,0.9542619954449584,0.7542122500632014
2024-07-18 16:00:00,London,1,0.9731200111895544,0.7540446283290264
2024-07-18 20:00:00,NY,0,0.9790475387361236,0.7539919248816273
2024-07-19 00:00:00,Other,0,0.9400467205396688,0.7543385533247163
2024-07-19 04:00:00,Other,1,0.9612529656248212,0.7541501189701196
2024-07-19 08:00:00,London,0,0.8557242399825932,0.755086861611239
2024-07-19 12:00:00,London,0,0.898594804780373,0.7547066052272161
2024-07-19 16:00:00,London,1,0.9021372124041336,0.7546751667100307
2024-07-19 20:00:00,NY,1,0.9487481027731977,0.7542612464068239
2024-07-21 20:00:00,NY,0,0.9845449836087418,0.7539430386298015
2024-07-22 00:00:00,Other,0,0.9826265724855292,0.7539600989219828
2024-07-22 04:00:00,Other,1,0.9819180207105388,0.7539663998204579
2024-07-22 08:00:00,London,1,0.9389531631889564,0.7543482678104465
2024-07-22 20:00:00,NY,1,0.9602633528708232,0.7541589146332015
2024-07-23 04:00:00,Other,1,0.9346556825107586,0.7543864414558464
2024-07-23 08:00:00,London,1,0.8755708670415305,0.7549108741130744
2024-07-23 12:00:00,London,1,0.9385776019048973,0.7543516040043647
2024-07-23 16:00:00,London,1,0.9343725536826688,0.7543889562910725
2024-07-23 20:00:00,NY,1,0.9340139642671648,0.7543921413649579
2024-07-24 00:00:00,Other,1,0.9593905033400564,0.7541666723304942
2024-07-24 04:00:00,Other,1,0.9584681434444488,0.7541748698858602
2024-07-24 08:00:00,London,0,0.924335790838904,0.7544780946111227
2024-07-25 12:00:00,London,1,0.9542619954449584,0.7542122500632014
2024-08-02 20:00:00,NY,1,0.8781393505497722,0.7548880921644628
2024-08-04 20:00:00,NY,0,0.9686217322727664,0.7540846188150094
2024-08-14 20:00:00,NY,1,0.983663810533422,0.7539508749375524
2024-08-15 00:00:00,Other,1,0.989354171966194,0.753900267360857
2024-08-15 04:00:00,Other,1,0.989982444455238,0.7538946793513684
2024-08-15 08:00:00,London,0,0.8782691214894045,0.754886941083545
2024-08-15 16:00:00,London,1,0.9866142209305452,0.7539246361577777
2024-08-15 20:00:00,NY,1,0.9805365397131588,0.7539786845261444
2024-08-16 08:00:00,London,1,0.6857835747722091,0.7565902911381182
2024-08-16 12:00:00,London,1,0.8164665568868877,0.7554347226817023
2024-08-18 20:00:00,NY,0,0.9542750259672784,0.7542121342664325
2024-08-19 00:00:00,Other,1,0.91881988033384,0.7545270731244367
2024-08-19 08:00:00,London,1,0.8591692687452827,0.7550563193719163
2024-08-19 16:00:00,London,1,0.966141590774761,0.7541066658324899
2024-08-20 00:00:00,Other,1,0.976903885436106,0.7540109856322857
2024-08-20 16:00:00,London,1,0.8769013516759168,0.7548990731519475
2024-08-20 20:00:00,NY,1,0.982973920433187,0.7539570100407387
2024-08-21 00:00:00,Other,1,0.9581146527982212,0.7541780115164866
2024-08-21 04:00:00,Other,1,0.94956241528308,0.7542540108560679
2024-08-21 08:00:00,London,1,0.9452585231235404,0.7542922513414407
2024-08-21 12:00:00,London,1,0.9327689174465672,0.7544031999416776
2024-08-21 16:00:00,London,1,0.8669008637794126,0.7549877647928648
2024-08-21 20:00:00,NY,1,0.9809823535588438,0.7539747202084978
2024-08-22 00:00:00,Other,1,0.9470167983496858,0.7542766293859562
2024-08-22 04:00:00,Other,0,0.9074815013233984,0.7546277315285326
2024-08-22 16:00:00,London,1,0.988014947265584,0.7539121784683035
2024-08-22 20:00:00,NY,1,0.9934873994995872,0.7538635038539974
2024-08-23 00:00:00,Other,1,0.9661699703866018,0.7541064135617573
2024-08-23 08:00:00,London,1,0.8417711075706208,0.7552105381530806
2024-08-23 12:00:00,London,1,0.5606748526503582,0.7576930939417983
2024-08-23 20:00:00,NY,1,0.9070484488796208,0.7546315754735622
2024-08-25 20:00:00,NY,1,0.9616354046671212,0.7541467198009162
2024-08-26 00:00:00,Other,1,0.8985072926654443,0.7547073818541566
2024-08-27 00:00:00,Other,1,0.89737059668886,0.7547174693206025
2024-08-28 00:00:00,Other,0,0.7446144190451403,0.7560705362596383
2024-08-28 04:00:00,Other,1,0.9262083350128772,0.7544614658611007
2024-08-28 08:00:00,London,1,0.765906901469505,0.7558822376576648
2024-08-28 16:00:00,London,1,0.9208370532395156,0.7545091624073157
2024-08-28 20:00:00,NY,1,0.9603041250906034,0.7541585522545226
2024-08-29 00:00:00,Other,1,0.9575299496210844,0.7541832079776349
2024-08-29 04:00:00,Other,1,0.9203142409977616,0.754513804603765
2024-08-29 12:00:00,London,0,0.9387900979303292,0.7543497163589438
2024-08-29 20:00:00,NY,0,0.974627005476935,0.7540312299064689
2024-08-30 00:00:00,Other,1,0.9107677255096008,0.7545985603766617
2024-08-30 04:00:00,Other,0,0.8801626544762406,0.7548701448456547
2024-09-01 20:00:00,NY,0,0.9722618480509418,0.754052257887592
2024-09-02 04:00:00,Other,1,0.9624223295772184,0.7541397254077382
2024-09-02 12:00:00,London,0,0.9349706234539328,0.7543836440354643
2024-09-02 16:00:00,London,0,0.9366521341081292,0.7543687078806072
2024-09-02 20:00:00,NY,0,0.9277788343840376,0.7544475187731334
2024-09-03 00:00:00,Other,1,0.936909148219063,0.7543664248779413
2024-09-03 04:00:00,Other,0,0.917297029388526,0.7545405941142974
2024-09-03 20:00:00,NY,1,0.9591174903059092,0.7541690987772435
2024-09-04 00:00:00,Other,1,0.9419310277873676,0.754321813699238
2024-09-06 20:00:00,NY,1,0.9086928949178132,0.7546169785032986
2024-09-09 00:00:00,Other,0,0.9455274857825454,0.7542898617005342
2024-09-09 04:00:00,Other,1,0.9615090153122156,0.75414784316986
2024-09-09 08:00:00,London,1,0.9264271580729784,0.7544595225975729
2024-09-09 12:00:00,London,1,0.923911510159772,0.7544818622443629
2024-09-09 16:00:00,London,1,0.9433602674994452,0.7543091162455365
2024-09-09 20:00:00,NY,1,0.9785471702319288,0.7539963741039577
2024-09-10 08:00:00,London,1,0.8944447201167621,0.7547434333586894
2024-09-10 12:00:00,London,1,0.9533754158550184,0.7542201286365794
2024-09-10 16:00:00,London,1,0.8929901826326856,0.7547563401391294
2024-09-10 20:00:00,NY,1,0.8953641303447513,0.7547352747721268
2024-09-11 16:00:00,London,0,0.911020069568352,0.7545963202724036
2024-09-11 20:00:00,NY,1,0.932769487089872,0.7544031948821501
2024-09-12 00:00:00,Other,1,0.863687546654729,0.7550162582369607
2024-09-12 04:00:00,Other,1,0.8900950079819103,0.7547820289914238
2024-09-12 08:00:00,London,1,0.8244749660366981,0.7553637875613739
2024-09-12 20:00:00,NY,1,0.937785698020295,0.7543586385615133
2024-09-13 08:00:00,London,1,0.510076698361811,0.7581381379329704
2024-09-13 20:00:00,NY,1,0.8489071087146155,0.7551472919709196
2024-09-15 20:00:00,NY,1,0.9543002927938216,0.7542119097306723
2024-09-16 00:00:00,Other,1,0.8783232061751755,0.7548864613460184
2024-09-16 12:00:00,London,1,0.928332567452102,0.7544426011246037
2024-09-16 16:00:00,London,1,0.8132871927116826,0.7554628802949553
2024-09-16 20:00:00,NY,1,0.920102485117991,0.7545156848267297
2024-09-17 00:00:00,Other,1,0.8734540718985793,0.7549296485988963
2024-09-17 08:00:00,London,1,0.8515755596580612,0.7551236387270223
2024-09-17 12:00:00,London,1,0.9262087148735052,0.7544614624877481
2024-09-17 16:00:00,London,1,0.9199524901820656,0.7545170166559977
2024-09-17 20:00:00,NY,1,0.9335150604252828,0.754396572697598
2024-09-18 04:00:00,Other,1,0.9283070486772376,0.7544428277557758
2024-09-18 08:00:00,London,0,0.888337339211072,0.7547976238805151
2024-09-18 20:00:00,NY,1,0.9742997094232012,0.7540341398802269
2024-09-19 04:00:00,Other,1,0.9045514450621182,0.7546537390758171
2024-09-19 08:00:00,London,1,0.8431988701014934,0.7551978848166019
2024-09-19 12:00:00,London,0,0.9397892616092628,0.7543408404535996
2024-09-19 20:00:00,NY,1,0.9778497659302982,0.7540025752567341
2024-09-20 16:00:00,London,1,0.7938806406065186,0.7556347042862881
2024-09-22 20:00:00,NY,1,0.9696443608815332,0.7540755278527458
2024-09-23 08:00:00,London,1,0.8767531203446035,0.7549003879340987
2024-09-23 12:00:00,London,1,0.9297315413436829,0.754430176680121
2024-09-23 16:00:00,London,1,0.9322247036002244,0.7544080335745579
2024-09-23 20:00:00,NY,1,0.967183810392852,0.7540974012676669
2024-09-24 04:00:00,Other,1,0.8588238269394842,0.7550593820360922
2024-09-24 08:00:00,London,1,0.8639588522214392,0.7550138525758698
2024-09-24 20:00:00,NY,0,0.982973920433187,0.7539570100407387
2024-09-25 08:00:00,London,1,0.8264864371488969,0.755345968610521
2024-09-25 16:00:00,London,0,0.8979495971839992,0.7547123310880284
2024-09-25 20:00:00,NY,1,0.9815910548576428,0.7539693073746325
2024-09-26 00:00:00,Other,1,0.9450025849208878,0.754294525249973
2024-09-26 04:00:00,Other,1,0.9760668228107744,0.7540184282830665
2024-09-26 12:00:00,London,1,0.9542619954449584,0.7542122500632014
2024-09-26 16:00:00,London,0,0.9660491952574052,0.7541074871492395
2024-09-26 20:00:00,NY,0,0.9706729805024192,0.7540663834031299
2024-09-27 08:00:00,London,1,0.4560876874969732,0.758612392523495
2024-09-27 12:00:00,London,1,0.5678944762983432,0.7576295472213864
2024-09-27 16:00:00,London,1,0.8183324125189448,0.7554181969601222
2024-09-27 20:00:00,NY,1,0.8346033140450978,0.7552740549940135
2024-09-29 20:00:00,NY,0,0.950692719563854,0.7542439673313299
2024-09-30 08:00:00,London,1,0.7899265810144805,0.7556697031803362
2024-09-30 12:00:00,London,1,0.9665405967947474,0.7541031189906252
2024-10-01 00:00:00,Other,1,0.981122845362416,0.7539734709020502
2024-10-01 04:00:00,Other,1,0.9571487605633604,0.7541865956979228
2024-10-01 08:00:00,London,1,0.6898817604532607,0.756554109109261
2024-10-01 12:00:00,London,0,0.9391728801560084,0.754346316001885
2024-10-02 04:00:00,Other,1,0.8902087156927496,0.7547810200984512
2024-10-02 16:00:00,London,1,0.9432422271340029,0.7543101649401828
2024-10-02 20:00:00,NY,0,0.9269207618077034,0.7544551390994613
2024-10-03 04:00:00,Other,1,0.9609500272477388,0.7541528115043262
2024-10-03 08:00:00,London,1,0.8602098183677775,0.7550470937715279
2024-10-03 16:00:00,London,0,0.9842479762479736,0.753945679947041
2024-10-03 20:00:00,NY,1,0.9865399047960222,0.7539252970939513
2024-10-04 04:00:00,Other,1,0.6694934744518953,0.756734076977111
2024-10-04 08:00:00,London,0,0.6775429746927005,0.7566630346402385
2024-10-04 16:00:00,London,1,0.8364979935446656,0.7552572665233062
2024-10-04 20:00:00,NY,0,0.8690385586296245,0.7549688079732967
2024-10-07 00:00:00,Other,1,0.9548627121457208,0.7542069117084249
2024-10-07 08:00:00,London,0,0.8768407399133075,0.7548996107666895
2024-10-07 16:00:00,London,1,0.8971368538139672,0.7547195436078348
2024-10-07 20:00:00,NY,1,0.9709744380288912,0.7540637033960954
2024-10-08 08:00:00,London,0,0.9252795148995956,0.7544697141553213
2024-10-23 16:00:00,London,1,0.9276746991026208,0.7544484435808319
2024-10-23 20:00:00,NY,1,0.880867280822082,0.7548638943881676
2024-10-24 00:00:00,Other,1,0.8693138395241967,0.7549663667435946
2024-10-24 04:00:00,Other,1,0.9802611768316686,0.7539811331184344
2024-10-24 08:00:00,London,1,0.9415841018953096,0.7543248957435078
2024-10-24 12:00:00,London,1,0.8251388906562894,0.7553579061719051
2024-10-24 16:00:00,London,0,0.8959260177671169,0.7547302886517221
2024-10-24 20:00:00,NY,1,0.986452565421536,0.7539260738517678
2024-10-25 00:00:00,Other,1,0.9661699703866018,0.7541064135617573
2024-10-25 16:00:00,London,0,0.7706110534085536,0.7558406235437464
2024-10-27 20:00:00,NY,0,0.9510043043454997,0.7542411986392954
2024-10-28 00:00:00,Other,1,0.9120745553299988,0.7545869592605685
2024-10-28 08:00:00,London,1,0.8762838493959827,0.7549045502417997
2024-10-28 16:00:00,London,1,0.8648015332133272,0.755006380438435
2024-10-29 00:00:00,Other,1,0.8924016416599541,0.7547615624037108
2024-10-29 20:00:00,NY,1,0.9037031030521976,0.7546612687187108
2024-10-30 04:00:00,Other,1,0.8978506628164077,0.7547132090678823
2024-10-30 08:00:00,London,1,0.8636025140825412,0.755017012215811
2024-10-30 20:00:00,NY,1,0.9189499843447414,0.7545259179421138
2024-10-31 00:00:00,Other,1,0.9246481825370192,0.7544753205325916
2024-10-31 04:00:00,Other,1,0.9224181703829184,0.7544951228646022
2024-10-31 08:00:00,London,0,0.7342780949314984,0.7561619093503434
2024-10-31 16:00:00,London,1,0.949230270763955,0.7542569621341351
2024-11-01 00:00:00,Other,1,0.8809653024862657,0.7548630248688021
2024-11-01 04:00:00,Other,0,0.983402946256386,0.7539531947818517
2024-11-01 20:00:00,NY,1,0.9455000343655254,0.7542901055976702
2024-11-03 20:00:00,NY,1,0.9892611467463842,0.753901094742696
2024-11-04 00:00:00,Other,1,0.9671451271957956,0.7540977451370025
2024-11-04 04:00:00,Other,1,0.9751226481897752,0.7540268231263518
2024-11-04 08:00:00,London,0,0.846050335388212,0.7551726127998492
2024-11-04 16:00:00,London,0,0.9387093952209468,0.7543504332586802
2024-11-04 20:00:00,NY,0,0.9678663809930814,0.754091333590257
2024-11-05 00:00:00,Other,1,0.9611676093732672,0.7541508776235413
2024-11-05 04:00:00,Other,1,0.9492445593492712,0.7542568351730605
2024-11-05 08:00:00,London,1,0.8715136577463543,0.7549468578559442
2024-11-05 20:00:00,NY,0,0.9425944622559236,0.7543159197615525
2024-11-06 04:00:00,Other,0,0.9560126784839198,0.7541966921502603
2024-11-06 12:00:00,London,1,0.8888086275914728,0.7547934424473204
2024-11-06 16:00:00,London,0,0.9009902834018028,0.7546853458891571
2024-11-06 20:00:00,NY,1,0.9473271000616424,0.7542738723421827
2024-11-25 04:00:00,Other,1,0.9559249568863726,0.7541974717274905
2024-11-25 08:00:00,London,0,0.907843743559573,0.7546245160917404
2024-11-25 20:00:00,NY,1,0.9710587185384456,0.7540629541249716
2024-11-26 00:00:00,Other,1,0.9443704892133132,0.7543001411066447
2024-11-26 04:00:00,Other,1,0.9261528778185352,0.7544619583484214
2024-11-26 08:00:00,London,1,0.8617667521292767,0.7550332894275822
2024-11-26 12:00:00,London,1,0.9621394283178218,0.7541422399231182
2024-11-26 16:00:00,London,1,0.9556616192319988,0.7541998119853828
2024-11-27 00:00:00,Other,1,0.9432065070770302,0.7543104822838486
2024-11-27 04:00:00,Other,1,0.935638231668075,0.7543777140246378
2024-11-27 08:00:00,London,0,0.8898207052770901,0.7547844627820411
2024-11-27 16:00:00,London,1,0.95723070680877,0.7541858674242743
2024-11-27 20:00:00,NY,1,0.9782013532624348,0.7539994490391653
2024-11-28 08:00:00,London,1,0.9804588197009996,0.753979375632656
2024-11-28 12:00:00,London,1,0.9862179832867248,0.7539281601134781
2024-11-28 16:00:00,London,1,0.976686417714534,0.7540129192373355
2024-11-29 16:00:00,London,0,0.9404102467587448,0.7543353239257234
2024-12-01 20:00:00,NY,1,0.9485714172792072,0.7542628163218162
2024-12-02 00:00:00,Other,1,0.990605781869868,0.7538891351511835
2024-12-02 08:00:00,London,1,0.9417763669586932,0.7543231876890412
2024-12-02 20:00:00,NY,1,0.9757135557723364,0.7540215692727726
2024-12-03 00:00:00,Other,1,0.985472188448216,0.7539347927781876
2024-12-03 04:00:00,Other,1,0.9844606607434796,0.7539437885237227
2024-12-03 12:00:00,London,1,0.977575002177966,0.7540050183615908
2024-12-03 16:00:00,London,1,0.9799432063028972,0.7539839605676407
2024-12-03 20:00:00,NY,1,0.9703852871528272,0.7540689410260137
2024-12-04 00:00:00,Other,1,0.9731635651466596,0.7540442411053149
2024-12-04 16:00:00,London,0,0.9841245441809364,0.7539467776355866
2024-12-04 20:00:00,NY,0,0.9626938801205738,0.7541373117647892
2024-12-05 00:00:00,Other,0,0.9715112514087252,0.7540589309880578
2024-12-05 16:00:00,London,1,0.978914194074318,0.7539931105731592
2024-12-05 20:00:00,NY,1,0.9751845917579618,0.7540262723797534
2024-12-12 04:00:00,Other,1,0.9719873620179142,0.7540546981909358
2024-12-12 08:00:00,London,1,0.9146888158072212,0.7545637505839777
2024-12-12 12:00:00,London,1,0.9674110442071276,0.7540953812951776
2024-12-12 16:00:00,London,0,0.9829501314813012,0.7539572215909645
2024-12-12 20:00:00,NY,1,0.9920394895688038,0.7538763828900309
2024-12-13 04:00:00,Other,1,0.9319899277015224,0.7544101188021386
2024-12-13 08:00:00,London,1,0.703974653217868,0.7564296580533929
2024-12-13 12:00:00,London,1,0.8484633082564882,0.7551512256841926
2024-12-13 16:00:00,London,0,0.8552273248569469,0.7550912668485223
2024-12-13 20:00:00,NY,1,0.8798288635341524,0.754873105733557
2024-12-15 20:00:00,NY,1,0.9814508543252098,0.7539705541052047
2024-12-16 12:00:00,London,1,0.8930227231940289,0.7547560513967685
2024-12-16 16:00:00,London,0,0.9333427693779096,0.754398102997885
2024-12-16 20:00:00,NY,0,0.9701293124701766,0.7540712166516821
2024-12-17 12:00:00,London,1,0.9479923134749882,0.7542679618227205
2024-12-17 20:00:00,NY,1,0.9328073679772392,0.7544028584269012
2024-12-18 04:00:00,Other,0,0.922662666257474,0.754492951813113
2024-12-26 16:00:00,London,1,0.9115050121636432,0.7545920153097534
2024-12-26 20:00:00,NY,1,0.9829316366439552,0.7539573860616405
2024-12-27 00:00:00,Other,0,0.8672904236289696,0.754984310297018
2024-12-27 08:00:00,London,1,0.7289397622839321,0.756209091121327
2024-12-27 12:00:00,London,1,0.8032230222964147,0.7555519978174245
2024-12-27 16:00:00,London,1,0.7566381817668045,0.7559642170357592
2024-12-27 20:00:00,NY,1,0.8284799354819709,0.7553283080087434
2024-12-29 20:00:00,NY,1,0.9434312779452912,0.75430848537282
2024-12-30 00:00:00,Other,0,0.9427596363540434,0.7543144523435598
2025-01-03 04:00:00,Other,1,0.9484716595242976,0.7542637027028303
2025-01-03 08:00:00,London,0,0.8003582126340585,0.7555773614884972
2025-01-03 16:00:00,London,1,0.8620376598126789,0.7550308874073395
2025-01-05 20:00:00,NY,1,0.9552428944483876,0.7542035331236958
2025-01-06 00:00:00,Other,0,0.9773320078998804,0.7540071789695794
2025-01-06 04:00:00,Other,1,0.98147275199136,0.7539703593809048
2025-01-07 00:00:00,Other,1,0.9931915588076076,0.7538661353687568
2025-01-07 08:00:00,London,1,0.9031853167996468,0.7546658643658792
2025-01-08 08:00:00,London,1,0.9683671175862666,0.7540868822530524
2025-01-08 16:00:00,London,1,0.9706805111613196,0.7540663164545722
2025-01-08 20:00:00,NY,0,0.9609136590134536,0.7541531347460066
2025-01-09 00:00:00,Other,1,0.9588643819654988,0.7541713483034417
2025-01-09 04:00:00,Other,1,0.9641633779253606,0.7541242500407973
2025-01-09 16:00:00,London,1,0.9054549929588565,0.7546457192696285
2025-01-09 20:00:00,NY,1,0.9492151402214136,0.7542570965763636
2025-01-10 00:00:00,Other,1,0.6122178784091511,0.7572391667948861
2025-01-10 16:00:00,London,1,0.8391606918427583,0.7552336714375129
2025-01-10 20:00:00,NY,1,0.7943439894377797,0.7556306027865006
2025-01-12 20:00:00,NY,0,0.9543002927938216,0.7542119097306723
2025-01-13 04:00:00,Other,1,0.8944607874438573,0.7547432907833417
2025-01-13 08:00:00,London,1,0.9269653302621148,0.7544547433021758
2025-01-13 12:00:00,London,1,0.9312399563252646,0.7544167798019493
2025-01-14 00:00:00,Other,1,0.9552369627544872,0.7542035858374116
2025-01-14 12:00:00,London,1,0.965948421839474,0.7541083829362178
2025-01-14 20:00:00,NY,0,0.938997430979611,0.7543478745678622
2025-01-15 00:00:00,Other,1,0.9737116247802352,0.7540393684547313
2025-01-15 04:00:00,Other,1,0.9682158565130222,0.7540882269059463
2025-01-15 08:00:00,London,1,0.9329959019661844,0.754401183877287
2025-01-15 12:00:00,London,1,0.943888389649331,0.7543044242638417
2025-01-15 20:00:00,NY,1,0.8390134500409081,0.7552349762379407
2025-01-16 08:00:00,London,1,0.8736987544714742,0.7549274784860188
2025-01-16 20:00:00,NY,0,0.9704208596847416,0.7540686247835895
2025-01-17 08:00:00,London,1,0.551791626020789,0.7577712680494231
2025-01-17 16:00:00,London,0,0.6105432854410888,0.757253923612667
2025-01-17 20:00:00,NY,0,0.854451711680876,0.7550981426845267
2025-01-19 20:00:00,NY,1,0.9595326545954762,0.7541654089322192
2025-01-20 04:00:00,Other,1,0.9308851491930322,0.7544199310400783
2025-01-20 08:00:00,London,1,0.7387202113484997,0.7561226438891848
2025-01-20 12:00:00,London,1,0.9000245595951092,0.7546939166219924
2025-01-20 20:00:00,NY,1,0.9372739925437148,0.754363184017434
2025-01-21 08:00:00,London,1,0.8556284518405772,0.7550877107936095
2025-01-21 16:00:00,London,1,0.7558588384042062,0.755971109272237
2025-01-21 20:00:00,NY,1,0.9037031030521976,0.7546612687187108
2025-01-23 00:00:00,Other,1,0.9617232591268026,0.7541459389342895
2025-01-23 04:00:00,Other,1,0.933993914152592,0.7543923194538772
2025-01-23 08:00:00,London,1,0.840958240743726,0.7552177418688982
2025-01-24 00:00:00,Other,1,0.897881935954987,0.7547129315388129
2025-01-24 16:00:00,London,0,0.7507694790925611,0.7560161145209434
2025-01-24 20:00:00,NY,0,0.7850041196706824,0.7557132690287642
2025-01-26 20:00:00,NY,0,0.9432244116626272,0.7543103232161964
2025-01-27 04:00:00,Other,0,0.8584761915245785,0.7550624641225424
2025-02-05 20:00:00,NY,1,0.9766972156358712,0.7540128232283162
2025-02-06 04:00:00,Other,1,0.9618549076942547,0.754144768814434
2025-02-06 08:00:00,London,0,0.8431988701014934,0.7551978848166019
2025-02-06 16:00:00,London,1,0.965125702518741,0.7541156961044997
2025-02-06 20:00:00,NY,1,0.9820959096780592,0.7539648179274723
2025-02-07 00:00:00,Other,1,0.937332749819031,0.7543626620821762
2025-02-07 04:00:00,Other,1,0.8568941054989199,0.7550764903426601
2025-02-07 12:00:00,London,0,0.7769828200572244,0.7557842496324874
2025-02-09 20:00:00,NY,1,0.9634956304168364,0.754130185414647
2025-02-10 00:00:00,Other,1,0.8674026135295391,0.754983315425696
2025-02-10 04:00:00,Other,1,0.8813000382670113,0.7548600555172308
2025-02-11 08:00:00,London,1,0.704122557495506,0.7564283517164465
2025-02-11 12:00:00,London,0,0.8692953405419731,0.7549665307956864
2025-02-11 20:00:00,NY,0,0.955539285569638,0.7542008991484551
2025-02-12 00:00:00,Other,1,0.9306213149790944,0.7544222742797881
2025-02-12 04:00:00,Other,1,0.935251357365367,0.7543811504363069
2025-02-12 08:00:00,London,1,0.7854477324031871,0.7557093430854785
2025-02-12 20:00:00,NY,1,0.9240404672910854,0.7544807171028376
2025-02-13 00:00:00,Other,1,0.9115736777609004,0.7545914057431125
2025-02-13 04:00:00,Other,1,0.8965355885180156,0.7547248793179
2025-02-13 16:00:00,London,1,0.9651306099602932,0.7541156524825894
2025-02-13 20:00:00,NY,1,0.9820959096780592,0.7539648179274723
2025-02-14 00:00:00,Other,1,0.937332749819031,0.7543626620821762
2025-02-14 12:00:00,London,1,0.7277796529063201,0.756219343694588
2025-02-14 16:00:00,London,1,0.9104343825477462,0.7546015195018108
2025-02-17 00:00:00,Other,1,0.8618800916080548,0.7550322844978052
2025-02-17 04:00:00,Other,1,0.9237419788926556,0.7544833676794244
2025-02-17 08:00:00,London,1,0.7212971919601568,0.7562766276612298
2025-02-17 12:00:00,London,1,0.8852830070218233,0.7548247218030296
2025-02-17 16:00:00,London,1,0.9351237708490252,0.7543822837166512
2025-02-18 00:00:00,Other,1,0.9216539606347044,0.7545019087389946
2025-02-18 04:00:00,Other,1,0.9142833663487898,0.7545673501484016
2025-02-18 12:00:00,London,1,0.9163698807090204,0.7545488257755602
2025-02-18 20:00:00,NY,1,0.9763253769641212,0.7540161293932857
2025-02-19 00:00:00,Other,1,0.963024520079452,0.7541343728914198
2025-02-19 08:00:00,London,1,0.7660796142633813,0.7558807098816709
2025-02-19 12:00:00,London,1,0.8872810015024734,0.7548069958984255
2025-02-19 16:00:00,London,1,0.8999945792720639,0.7546941826920774
2025-02-19 20:00:00,NY,1,0.9442154153604082,0.7543015188476483
2025-02-20 00:00:00,Other,1,0.9354038463988256,0.7543797959560723
2025-02-20 04:00:00,Other,1,0.9778746554833734,0.7540023539465746
2025-02-20 12:00:00,London,1,0.8559456488770136,0.7550848987664113
2025-02-20 20:00:00,NY,0,0.9887024540927504,0.7539060638090344
2025-02-21 04:00:00,Other,1,0.8880613785657028,0.7548000722762721
2025-02-21 20:00:00,NY,1,0.8563191482881157,0.7550815875772996
2025-02-23 20:00:00,NY,1,0.9488763005235444,0.7542601073188681
2025-02-25 04:00:00,Other,1,0.9833420221163364,0.753953736573035
2025-02-25 08:00:00,London,0,0.9519578179344776,0.7542327257409397
2025-03-07 16:00:00,London,1,0.8998155633184003,0.754695771423073
2025-03-07 20:00:00,NY,1,0.9137608788855888,0.7545719887191236
2025-03-09 20:00:00,NY,0,0.976778757118172,0.754012098206684
2025-03-10 04:00:00,Other,1,0.9830174649570906,0.753956622807982
2025-03-10 08:00:00,London,0,0.9553904440010356,0.7542022218794119
2025-03-14 16:00:00,London,1,0.8470056940305106,0.7551641452361456
2025-03-14 20:00:00,NY,1,0.8701148439143466,0.7549592632305245
2025-03-16 20:00:00,NY,1,0.9712847999906552,0.7540609442066053
2025-03-17 00:00:00,Other,1,0.9011852540941994,0.7546836155130553
2025-03-17 04:00:00,Other,1,0.9726026462058436,0.754049228017184
2025-03-17 12:00:00,London,1,0.9351262475406316,0.7543822617176053
2025-03-17 16:00:00,London,1,0.9124510023279568,0.7545836173602102
2025-03-17 20:00:00,NY,1,0.9463650852983424,0.7542824198159505
2025-03-18 12:00:00,London,1,0.7288915969888518,0.7562095167923629
2025-03-18 16:00:00,London,0,0.8420836270767939,0.755207768532483
2025-03-18 20:00:00,NY,1,0.9474428167224948,0.7542728441894405
2025-03-19 00:00:00,Other,1,0.8712917526334683,0.7549488258488111
2025-03-19 04:00:00,Other,1,0.9055648232048176,0.754644744414631
2025-03-20 08:00:00,London,1,0.8063971128305388,0.7555238938405884
2025-03-20 12:00:00,London,1,0.8439264443839711,0.7551914366259799
2025-03-20 16:00:00,London,1,0.9360776618041068,0.7543738107463572
2025-03-20 20:00:00,NY,1,0.9887024540927504,0.7539060638090344
2025-03-21 00:00:00,Other,1,0.8918239831410019,0.754766688032679
2025-03-21 04:00:00,Other,1,0.9245362641639386,0.7544763143845958
2025-03-21 08:00:00,London,0,0.6523263286809852,0.7568855417441052
2025-03-21 16:00:00,London,1,0.821224674284897,0.7553925789559571
2025-03-21 20:00:00,NY,1,0.8563191482881157,0.7550815875772996
2025-03-23 20:00:00,NY,0,0.9565587446461344,0.7541918392514769
2025-03-24 00:00:00,Other,1,0.973643533939572,0.754039973835594
2025-03-24 04:00:00,Other,0,0.9679421305270456,0.7540906602123216
2025-03-24 20:00:00,NY,1,0.9746544864384205,0.7540309855734824
2025-03-25 00:00:00,Other,1,0.983786583246249,0.7539497831249384
2025-03-25 04:00:00,Other,1,0.9693088099734296,0.7540785108576661
2025-03-25 20:00:00,NY,1,0.9341939899377306,0.7543905423389169
2025-03-26 08:00:00,London,1,0.6903859668898363,0.7565496573235315
2025-03-26 12:00:00,London,1,0.9663838731546086,0.7541045121415572
2025-03-26 20:00:00,NY,1,0.880867280822082,0.7548638943881676
2025-03-27 12:00:00,London,1,0.9510857943503486,0.7542404745288076
2025-03-27 20:00:00,NY,1,0.9805346721360974,0.7539787011331394
2025-03-28 04:00:00,Other,1,0.9280217552112358,0.7544453614255076
2025-03-28 08:00:00,London,1,0.7423253859067456,0.7560907733086321
2025-03-28 16:00:00,London,1,0.8515564973725818,0.7551238077012727
2025-03-28 20:00:00,NY,1,0.8448177508085548,0.755183537188507
2025-03-30 20:00:00,NY,1,0.9712847999906552,0.7540609442066053
2025-03-31 08:00:00,London,1,0.7946411579617331,0.7556279722673003
2025-03-31 12:00:00,London,1,0.8612865851361177,0.7550375468197394
2025-03-31 16:00:00,London,1,0.92450556328346,0.7544765870125628
2025-03-31 20:00:00,NY,1,0.9778375590701964,0.754002683796286
2025-04-01 08:00:00,London,0,0.7530057286107359,0.7559963400393702
2025-04-01 20:00:00,NY,1,0.9526730791015792,0.7542263698184926
2025-04-02 04:00:00,Other,1,0.8915977716558872,0.754768695212907
2025-04-02 08:00:00,London,1,0.5967884015342227,0.7573751110867589
2025-04-02 12:00:00,London,1,0.8888086275914728,0.7547934424473204
2025-04-02 16:00:00,London,1,0.8989724252345553,0.7547032540125429
2025-04-03 00:00:00,Other,1,0.8760437638085408,0.7549066797182363
2025-04-03 04:00:00,Other,1,0.8559183744170099,0.7550851405618458
2025-04-03 08:00:00,London,1,0.8961595310531766,0.7547282164631963
2025-04-03 12:00:00,London,1,0.9586497110666338,0.7541732562020824
2025-04-03 16:00:00,London,1,0.970682751911798,0.7540662965340006
2025-04-03 20:00:00,NY,0,0.9803253178090764,0.7539805627630618
2025-04-04 04:00:00,Other,1,0.7450047775508333,0.7560670850365387
2025-04-04 08:00:00,London,0,0.758863757300305,0.7559445341088287
2025-04-04 16:00:00,London,1,0.9121730475233126,0.7545860849011465
2025-04-04 20:00:00,NY,0,0.8781393505497722,0.7548880921644628
2025-04-06 20:00:00,NY,1,0.9677625109549506,0.7540922569443048
2025-04-07 00:00:00,Other,1,0.9159389021412978,0.7545526521422108
2025-04-07 04:00:00,Other,0,0.903620989786149,0.7546619975244755
2025-04-14 04:00:00,Other,1,0.907843622020555,0.7546245171705842
2025-04-14 08:00:00,London,0,0.6016072825624975,0.7573326589910524
2025-04-14 16:00:00,London,1,0.8974239511120427,0.7547169958397022
2025-04-15 04:00:00,Other,1,0.8527858059566449,0.7551129105519582
2025-04-15 08:00:00,London,1,0.6854785403299775,0.7565929840779017
2025-04-15 16:00:00,London,1,0.8686091095198811,0.7549726163556162
2025-04-16 08:00:00,London,1,0.7393528123172858,0.7561170517537654
2025-04-16 16:00:00,London,1,0.9009902834018028,0.7546853458891571
2025-04-17 00:00:00,Other,0,0.8760437638085408,0.7549066797182363
2025-04-17 04:00:00,Other,1,0.8675889903822376,0.7549816626774398
2025-04-17 08:00:00,London,0,0.8066789199751484,0.7555213985630707
2025-04-17 16:00:00,London,1,0.9422075466295772,0.7543193571233224
2025-04-17 20:00:00,NY,1,0.9669772006958316,0.7540992378944021
2025-04-20 20:00:00,NY,1,0.9664904690597936,0.7541035645876728
2025-04-21 12:00:00,London,1,0.8612865851361177,0.7550375468197394
2025-04-21 20:00:00,NY,1,0.9627665372559252,0.7541366659582455
2025-04-22 00:00:00,Other,0,0.8314455069590945,0.755302034118707
2025-04-22 08:00:00,London,1,0.6953686148159945,0.7565056611026725
2025-04-22 12:00:00,London,1,0.8692953405419731,0.7549665307956864
2025-04-22 16:00:00,London,1,0.9053415021819136,0.7546467266128105
2025-04-22 20:00:00,NY,1,0.931579197401528,0.7544137667890572
2025-04-23 00:00:00,Other,1,0.8658835764743006,0.7549967856258417
2025-04-23 08:00:00,London,0,0.8261992244940343,0.7553485129852188
2025-05-07 00:00:00,Other,1,0.9257157041613808,0.7544658406434379
2025-05-07 04:00:00,Other,1,0.90593124299178,0.7546414920479078
2025-05-07 08:00:00,London,1,0.7310677466608206,0.756190284104295
2025-05-07 16:00:00,London,1,0.9586357762974268,0.7541733800477145
2025-05-07 20:00:00,NY,1,0.9482887959135125,0.7542653275015693
2025-05-08 00:00:00,Other,1,0.9408218146969524,0.7543316677117397
2025-05-08 04:00:00,Other,1,0.9303778696891696,0.7544244364221905
2025-05-08 08:00:00,London,0,0.9123745362666236,0.754584296188557
2025-05-08 16:00:00,London,1,0.9785885370376948,0.7539960062768747
2025-05-08 20:00:00,NY,1,0.9795673914430936,0.7539873023504633
2025-05-09 00:00:00,Other,1,0.9293012537645914,0.7544339981576593
2025-05-09 04:00:00,Other,1,0.870324258691441,0.7549574060634532
2025-05-09 08:00:00,London,1,0.7274724632768179,0.756222058462249
2025-05-09 12:00:00,London,1,0.8891977529048068,0.7547899899569352
2025-05-09 16:00:00,London,1,0.8747261202120237,0.754918366540466
2025-05-09 20:00:00,NY,0,0.8781393505497722,0.7548880921644628
2025-05-11 20:00:00,NY,1,0.970298338431544,0.7540697140053851
2025-05-12 00:00:00,Other,0,0.9159389021412978,0.7545526521422108
2025-05-12 04:00:00,Other,1,0.8064971728383136,0.7555230078554857
2025-05-12 12:00:00,London,0,0.8612865851361177,0.7550375468197394
2025-05-12 16:00:00,London,1,0.923390188608336,0.754486491551906
2025-05-12 20:00:00,NY,1,0.9627665372559252,0.7541366659582455
2025-05-13 04:00:00,Other,1,0.8736734957890181,0.7549277025082627
2025-05-13 08:00:00,London,1,0.6818827011200905,0.7566247277516691
2025-05-13 16:00:00,London,1,0.8594634298135523,0.755053711338968
2025-05-13 20:00:00,NY,0,0.9526730791015792,0.7542263698184926
2025-05-14 00:00:00,Other,1,0.8528231327992781,0.7551125796647556
2025-05-14 04:00:00,Other,0,0.7800526429248736,0.7557570863717569
2025-05-14 12:00:00,London,1,0.8888086275914728,0.7547934424473204
2025-05-14 20:00:00,NY,1,0.9473271000616424,0.7542738723421827
2025-05-22 04:00:00,Other,1,0.9511831632149312,0.7542396093187754
2025-05-22 08:00:00,London,1,0.8990594437137044,0.7547024817576098
2025-05-23 04:00:00,Other,1,0.90380068853713,0.7546604025855826
2025-05-23 20:00:00,NY,0,0.8431789684687894,0.755198061194947
2025-05-25 20:00:00,NY,1,0.9787847100566638,0.753994261932425
2025-05-26 00:00:00,Other,0,0.9238982609148834,0.7544819798976794
2025-05-26 08:00:00,London,1,0.8635216761703957,0.7550177289994021
2025-05-26 16:00:00,London,1,0.9491599340502814,0.7542575871096204
2025-05-27 00:00:00,Other,0,0.7817018270493485,0.7557424927576435
2025-05-27 04:00:00,Other,1,0.9154126829068592,0.7545573240316312
2025-05-27 16:00:00,London,1,0.933806383128852,0.7543939851357699
2025-05-27 20:00:00,NY,1,0.9605561332868828,0.7541563124274167
2025-05-28 08:00:00,London,1,0.8376356312925061,0.7552471857119051
2025-05-28 12:00:00,London,0,0.9430616503598191,0.7543117692151796
2025-06-03 16:00:00,London,1,0.8686091095198811,0.7549726163556162
2025-06-03 20:00:00,NY,1,0.931579197401528,0.7544137667890572
2025-06-04 04:00:00,Other,1,0.8017045198633239,0.7555654421421925
2025-06-04 08:00:00,London,1,0.6278746591530504,0.757101166908879
2025-06-04 20:00:00,NY,0,0.9240404672910854,0.7544807171028376
2025-06-05 04:00:00,Other,0,0.8965355885180156,0.7547248793179
2025-06-05 16:00:00,London,1,0.9491186696641706,0.7542579537630126
2025-06-05 20:00:00,NY,1,0.9669772006958316,0.7540992378944021
2025-06-06 00:00:00,Other,0,0.8723413232380414,0.7549395175082768
2025-06-06 12:00:00,London,0,0.7976938589902617,0.7556009488187801
2025-06-06 20:00:00,NY,1,0.8691890001568298,0.7549674738387037
2025-06-08 20:00:00,NY,1,0.9686217322727664,0.7540846188150094
2025-06-16 04:00:00,Other,1,0.7810354486159452,0.7557483896049055
2025-06-16 08:00:00,London,0,0.8094953301269643,0.7554964595515055
2025-06-16 16:00:00,London,1,0.93746389146369,0.7543614971607898
2025-06-16 20:00:00,NY,0,0.9647058602799372,0.7541194280339585
2025-06-17 00:00:00,Other,1,0.9173307179867148,0.7545402950075994
2025-06-17 16:00:00,London,1,0.9117882903680562,0.7545895005512326
2025-06-17 20:00:00,NY,1,0.954512397171842,0.7542100248419839
2025-06-18 00:00:00,Other,0,0.8748192116551177,0.7549175408795138
2025-06-18 08:00:00,London,0,0.8261992244940343,0.7553485129852188
2025-06-18 20:00:00,NY,0,0.9493631414870972,0.754255781511015
2025-06-19 04:00:00,Other,1,0.9303778696891696,0.7544244364221905
2025-06-19 08:00:00,London,0,0.9123745362666236,0.754584296188557
2025-06-19 12:00:00,London,1,0.9510213845894048,0.7542410468663994
2025-06-19 16:00:00,London,0,0.9723250468396812,0.7540516960198421
2025-06-19 20:00:00,NY,1,0.9795673914430936,0.7539873023504633
2025-06-20 00:00:00,Other,1,0.9293012537645914,0.7544339981576593
2025-06-20 08:00:00,London,1,0.7274724632768179,0.756222058462249
2025-06-20 12:00:00,London,1,0.8891977529048068,0.7547899899569352
2025-06-20 16:00:00,London,1,0.8654242881604016,0.7550008583085197
2025-06-20 20:00:00,NY,1,0.8781393505497722,0.7548880921644628
2025-06-22 20:00:00,NY,0,0.9703157434210564,0.7540695592741108
2025-06-23 00:00:00,Other,1,0.9503363124802712,0.7542471342813147
2025-06-23 04:00:00,Other,0,0.9340806831963996,0.7543915487541513
2025-06-24 00:00:00,Other,0,0.9251690587415452,0.754470695037762
2025-06-24 08:00:00,London,1,0.7431644438278581,0.756083355436986
2025-07-03 00:00:00,Other,0,0.9835800284694716,0.7539516200060787
2025-07-04 00:00:00,Other,1,0.9339239991914992,0.7543929404511364
2025-07-04 04:00:00,Other,0,0.9134351319700068,0.7545748806248066
2025-07-04 12:00:00,London,1,0.8929802493454133,0.754756428280182
2025-07-07 16:00:00,London,1,0.9698718858757628,0.7540735051705965
2025-07-08 00:00:00,Other,1,0.9823775698721606,0.7539623132258914
2025-07-08 04:00:00,Other,0,0.9833420221163364,0.753953736573035
2025-07-08 12:00:00,London,1,0.940962345094966,0.7543304192844029
2025-07-08 16:00:00,London,1,0.9684722003514626,0.7540859481046791
2025-07-08 20:00:00,NY,1,0.976500023551526,0.754014576545003
2025-07-09 00:00:00,Other,1,0.9257157041613808,0.7544658406434379
2025-07-14 08:00:00,London,1,0.9632667769660268,0.7541322195906393
2025-07-14 12:00:00,London,1,0.9549473480081496,0.754206159573461
2025-07-14 16:00:00,London,1,0.9712075443906568,0.7540616310286743
2025-07-14 20:00:00,NY,1,0.9847732602325228,0.7539410085291474
2025-07-15 00:00:00,Other,1,0.9772680975456046,0.7540077472327791
2025-07-15 04:00:00,Other,0,0.9342813718388518,0.7543897661918784
2025-07-15 12:00:00,London,1,0.955031709631707,0.7542054098740366
2025-07-15 16:00:00,London,1,0.958776945722382,0.7541721253987484
2025-07-15 20:00:00,NY,1,0.9799607819367622,0.7539838042826212
2025-07-16 00:00:00,Other,1,0.9680906664437302,0.7540893397938726
2025-07-16 04:00:00,Other,1,0.9757563708020932,0.7540211885945755
2025-07-16 08:00:00,London,1,0.9360646974897708,0.7543739259036611
2025-07-16 16:00:00,London,1,0.9753359765242724,0.7540249263988205
2025-07-16 20:00:00,NY,0,0.9696886596992303,0.7540751340400655
2025-07-17 00:00:00,Other,1,0.956731629476998,0.7541903028077386
2025-07-17 04:00:00,Other,1,0.9527454476240658,0.7542257267343256
2025-07-17 16:00:00,London,1,0.9760482577744384,0.7540185933503367
2025-07-18 08:00:00,London,1,0.7344847063397554,0.7561600831329418
2025-07-18 16:00:00,London,1,0.8828668275093932,0.7548461566260773
2025-07-18 20:00:00,NY,0,0.955114029285766,0.7542046783195687
2025-07-20 20:00:00,NY,1,0.9724721344684284,0.7540503883364466
