datetime,session,prob_cal,thr_applied,side,atr,lots,sl,tp,risk_$,tf
2024-01-09 01:30:00,Off,0.7142857142857143,0.7,LONG,1.526285714285726,,,,,M15
2024-01-10 06:30:00,Off,0.7142857142857143,0.7,LONG,1.7681428571428828,,,,,M15
2024-01-19 14:00:00,London,0.8253968253968254,0.7,LONG,2.265999999999979,,,,,M15
2024-01-23 07:15:00,London,0.8253968253968254,0.7,LONG,2.396714285714227,,,,,M15
2024-01-24 03:15:00,Off,0.8253968253968254,0.7,LONG,1.4508571428571682,,,,,M15
2024-01-29 01:15:00,Off,0.8181818181818182,0.7,LONG,2.582428571428572,,,,,M15
2024-01-29 21:30:00,NY,0.8253968253968254,0.7,LONG,1.9282142857142617,,,,,M15
2024-01-29 23:15:00,Off,0.8253968253968254,0.7,LONG,2.0640714285714075,,,,,M15
2024-01-29 23:30:00,Off,0.8181818181818182,0.7,LONG,1.931642857142817,,,,,M15
2024-02-02 00:00:00,Off,0.7142857142857143,0.7,LONG,1.290000000000061,,,,,M15
2024-02-05 20:30:00,NY,0.8181818181818182,0.7,LONG,1.5838571428571413,,,,,M15
2024-02-05 21:00:00,NY,0.8253968253968254,0.7,LONG,1.3982142857143052,,,,,M15
2024-02-05 21:30:00,NY,0.8253968253968254,0.7,LONG,1.3032142857143103,,,,,M15
2024-02-05 21:45:00,NY,0.8253968253968254,0.7,LONG,1.2346428571428791,,,,,M15
2024-02-05 23:15:00,Off,0.8461538461538461,0.7,LONG,1.199214285714301,,,,,M15
2024-02-06 17:15:00,NY,0.8253968253968254,0.7,LONG,2.9888571428571304,,,,,M15
2024-02-06 19:00:00,NY,0.8253968253968254,0.7,LONG,2.1896428571428714,,,,,M15
2024-02-06 20:30:00,NY,0.8253968253968254,0.7,LONG,1.7264285714285763,,,,,M15
2024-02-06 23:00:00,Off,0.8181818181818182,0.7,LONG,0.8889285714285506,,,,,M15
2024-02-08 19:30:00,NY,0.8253968253968254,0.7,LONG,1.8247857142857324,,,,,M15
2024-02-15 23:30:00,Off,0.8461538461538461,0.7,LONG,0.913571428571426,,,,,M15
2024-03-04 19:00:00,NY,0.8253968253968254,0.7,LONG,4.133142857142892,,,,,M15
2024-03-05 15:00:00,London,0.8253968253968254,0.7,LONG,5.744571428571395,,,,,M15
2024-03-05 21:15:00,NY,0.7142857142857143,0.7,LONG,2.0969285714286343,,,,,M15
2024-03-07 06:45:00,Off,0.7142857142857143,0.7,LONG,3.0430714285714333,,,,,M15
2024-03-11 22:45:00,Off,0.8253968253968254,0.7,LONG,1.7320714285713816,,,,,M15
2024-03-13 14:15:00,London,0.8461538461538461,0.7,LONG,3.064142857142867,,,,,M15
2024-03-18 23:30:00,Off,0.8253968253968254,0.7,LONG,0.9185000000000272,,,,,M15
2024-03-19 23:15:00,Off,0.8253968253968254,0.7,LONG,0.9120714285714452,,,,,M15
2024-03-19 23:30:00,Off,0.8181818181818182,0.7,LONG,0.8849285714285803,,,,,M15
2024-03-20 15:30:00,London,0.7142857142857143,0.7,LONG,3.661142857142847,,,,,M15
2024-03-21 00:45:00,Off,0.8253968253968254,0.7,LONG,6.88292857142866,,,,,M15
2024-03-26 13:30:00,London,0.8253968253968254,0.7,LONG,4.422428571428619,,,,,M15
2024-03-27 05:30:00,Off,0.8253968253968254,0.7,LONG,1.923714285714303,,,,,M15
2024-03-27 13:00:00,London,0.8253968253968254,0.7,LONG,3.7228571428571033,,,,,M15
2024-03-27 13:30:00,London,0.8461538461538461,0.7,LONG,3.817928571428573,,,,,M15
2024-03-27 18:30:00,NY,0.8253968253968254,0.7,LONG,1.970142857142784,,,,,M15
2024-03-28 13:45:00,London,0.8253968253968254,0.7,LONG,5.553000000000111,,,,,M15
2024-04-02 10:45:00,London,0.8253968253968254,0.7,LONG,3.3682142857142674,,,,,M15
2024-04-02 23:45:00,Off,0.8253968253968254,0.7,LONG,3.1697142857143,,,,,M15
2024-04-03 05:00:00,Off,0.8181818181818182,0.7,LONG,2.3560714285714703,,,,,M15
2024-04-05 12:30:00,London,0.8253968253968254,0.7,LONG,4.113214285714321,,,,,M15
2024-04-05 13:45:00,London,0.8253968253968254,0.7,LONG,5.386428571428529,,,,,M15
2024-04-05 19:00:00,NY,0.8181818181818182,0.7,LONG,3.1854285714284742,,,,,M15
2024-04-05 19:45:00,NY,0.8253968253968254,0.7,LONG,2.865857142857002,,,,,M15
2024-04-08 06:00:00,Off,0.8253968253968254,0.7,LONG,4.990928571428542,,,,,M15
2024-04-09 03:00:00,Off,0.8181818181818182,0.7,LONG,3.549285714285783,,,,,M15
2024-04-10 13:00:00,London,0.7142857142857143,0.7,LONG,5.671999999999993,,,,,M15
2024-04-10 15:00:00,London,0.8253968253968254,0.7,LONG,10.420714285714212,,,,,M15
2024-04-11 07:00:00,London,0.8253968253968254,0.7,LONG,2.9342857142858065,,,,,M15
2024-04-15 20:30:00,NY,0.7142857142857143,0.7,LONG,5.528999999999996,,,,,M15
2024-04-16 17:45:00,NY,0.7142857142857143,0.7,LONG,7.590642857142841,,,,,M15
2024-04-17 11:45:00,London,0.8181818181818182,0.7,LONG,3.3242142857142687,,,,,M15
2024-04-19 03:15:00,Off,0.8253968253968254,0.7,LONG,9.868857142857124,,,,,M15
2024-04-23 14:45:00,London,0.8253968253968254,0.7,LONG,6.576142857142973,,,,,M15
2024-05-01 14:45:00,London,0.8253968253968254,0.7,LONG,4.6614999999999975,,,,,M15
2024-05-01 20:00:00,NY,0.8253968253968254,0.7,LONG,7.848857142857241,,,,,M15
2024-05-01 23:00:00,Off,0.8461538461538461,0.7,LONG,5.483357142857195,,,,,M15
2024-05-01 23:45:00,Off,0.8461538461538461,0.7,LONG,3.966357142857175,,,,,M15
2024-05-06 14:30:00,London,0.8253968253968254,0.7,LONG,5.460857142857192,,,,,M15
2024-05-09 13:00:00,London,0.8253968253968254,0.7,LONG,4.298999999999978,,,,,M15
2024-05-14 16:30:00,London,0.8253968253968254,0.7,LONG,4.320000000000001,,,,,M15
2024-05-15 13:30:00,London,0.8181818181818182,0.7,LONG,5.07321428571426,,,,,M15
2024-05-17 19:00:00,NY,0.8181818181818182,0.7,LONG,3.738285714285699,,,,,M15
2024-05-20 02:45:00,Off,0.8181818181818182,0.7,LONG,5.346071428571512,,,,,M15
2024-05-20 06:30:00,Off,0.7142857142857143,0.7,LONG,4.659928571428607,,,,,M15
2024-06-05 17:00:00,NY,0.8181818181818182,0.7,LONG,5.286285714285701,,,,,M15
2024-06-06 04:15:00,Off,0.7142857142857143,0.7,LONG,3.970285714285768,,,,,M15
2024-07-03 11:15:00,London,0.8253968253968254,0.7,LONG,2.629999999999979,,,,,M15
2024-07-11 13:45:00,London,0.8253968253968254,0.7,LONG,6.760214285714191,,,,,M15
2024-07-15 13:00:00,London,0.8253968253968254,0.7,LONG,3.1520714285714866,,,,,M15
2024-07-23 12:45:00,London,0.8253968253968254,0.7,LONG,3.128785714285673,,,,,M15
2024-07-23 14:30:00,London,0.8181818181818182,0.7,LONG,3.8667142857142216,,,,,M15
2024-07-26 06:15:00,Off,0.8181818181818182,0.7,LONG,3.256357142857106,,,,,M15
2024-07-26 16:00:00,London,0.7142857142857143,0.7,LONG,4.951785714285669,,,,,M15
2024-07-31 15:30:00,London,0.8461538461538461,0.7,LONG,3.91764285714284,,,,,M15
2024-07-31 18:00:00,NY,0.8181818181818182,0.7,LONG,2.962642857142945,,,,,M15
2024-08-02 08:00:00,London,0.8253968253968254,0.7,LONG,3.780642857142766,,,,,M15
2024-08-05 06:15:00,Off,0.7142857142857143,0.7,LONG,6.05228571428568,,,,,M15
2024-08-05 07:30:00,London,0.7142857142857143,0.7,LONG,7.297142857142879,,,,,M15
2024-08-07 13:45:00,London,0.8461538461538461,0.7,LONG,3.923571428571417,,,,,M15
2024-08-11 22:15:00,Off,0.8253968253968254,0.7,LONG,2.025285714285831,,,,,M15
2024-08-12 14:30:00,London,0.8181818181818182,0.7,LONG,3.700000000000013,,,,,M15
2024-08-14 13:15:00,London,0.8181818181818182,0.7,LONG,5.106642857142853,,,,,M15
2024-08-16 00:00:00,Off,0.7142857142857143,0.7,LONG,1.5261428571427589,,,,,M15
2024-08-16 14:15:00,London,0.8181818181818182,0.7,LONG,7.241357142857136,,,,,M15
2024-08-18 22:15:00,Off,0.8253968253968254,0.7,LONG,3.204000000000048,,,,,M15
2024-08-21 20:45:00,NY,0.8253968253968254,0.7,LONG,2.956857142857092,,,,,M15
2024-08-21 22:45:00,Off,0.7142857142857143,0.7,LONG,2.301142857142817,,,,,M15
2024-08-23 16:45:00,London,0.8253968253968254,0.7,LONG,7.735214285714327,,,,,M15
2024-09-04 18:00:00,NY,0.8253968253968254,0.7,LONG,2.444142857143009,,,,,M15
2024-09-11 08:45:00,London,0.8253968253968254,0.7,LONG,3.2215000000000407,,,,,M15
2024-09-16 04:30:00,Off,0.7142857142857143,0.7,LONG,1.9152857142857689,,,,,M15
2024-09-18 12:45:00,London,0.8181818181818182,0.7,LONG,2.6740000000000106,,,,,M15
2024-09-18 13:30:00,London,0.8253968253968254,0.7,LONG,3.032285714285698,,,,,M15
2024-09-25 14:45:00,London,0.8253968253968254,0.7,LONG,4.4459285714286,,,,,M15
2024-09-30 02:15:00,Off,0.8253968253968254,0.7,LONG,3.380142857142833,,,,,M15
2024-10-01 13:00:00,London,0.8181818181818182,0.7,LONG,2.957428571428572,,,,,M15
2024-10-29 15:30:00,London,0.8253968253968254,0.7,LONG,5.160428571428546,,,,,M15
2024-10-30 08:45:00,London,0.8253968253968254,0.7,LONG,2.917785714285725,,,,,M15
2024-11-05 11:00:00,London,0.8253968253968254,0.7,LONG,3.118357142857186,,,,,M15
2024-11-07 16:15:00,London,0.7142857142857143,0.7,LONG,5.741785714285633,,,,,M15
2024-11-08 02:00:00,Off,0.8253968253968254,0.7,LONG,3.097214285714212,,,,,M15
2024-11-12 15:30:00,London,0.7142857142857143,0.7,LONG,6.3246428571428295,,,,,M15
2024-11-12 16:30:00,London,0.8253968253968254,0.7,LONG,6.269357142857156,,,,,M15
2024-11-13 05:30:00,Off,0.8461538461538461,0.7,LONG,3.2183571428571605,,,,,M15
2024-11-15 12:15:00,London,0.7142857142857143,0.7,LONG,3.449428571428565,,,,,M15
2024-11-15 12:45:00,London,0.8253968253968254,0.7,LONG,3.387642857142867,,,,,M15
2024-11-18 12:00:00,London,0.8253968253968254,0.7,LONG,3.775714285714327,,,,,M15
2024-11-19 12:00:00,London,0.8461538461538461,0.7,LONG,3.5482857142856443,,,,,M15
2024-11-20 18:15:00,NY,0.8253968253968254,0.7,LONG,3.9708571428571497,,,,,M15
2024-11-20 18:45:00,NY,0.8461538461538461,0.7,LONG,3.5368571428571483,,,,,M15
2024-11-20 20:45:00,NY,0.8181818181818182,0.7,LONG,2.630142857142833,,,,,M15
2024-11-20 21:45:00,NY,0.8461538461538461,0.7,LONG,2.172785714285705,,,,,M15
2024-11-22 03:45:00,Off,0.7142857142857143,0.7,LONG,3.553857142857136,,,,,M15
2024-11-26 14:30:00,London,0.8253968253968254,0.7,LONG,5.6862857142856615,,,,,M15
2024-11-26 18:45:00,NY,0.8253968253968254,0.7,LONG,3.537500000000039,,,,,M15
2024-11-26 19:30:00,NY,0.8461538461538461,0.7,LONG,3.322214285714316,,,,,M15
2024-11-29 03:15:00,Off,0.8253968253968254,0.7,LONG,4.431142857142894,,,,,M15
2024-12-02 13:00:00,London,0.8253968253968254,0.7,LONG,4.08792857142849,,,,,M15
2024-12-04 17:00:00,NY,0.8253968253968254,0.7,LONG,4.36007142857144,,,,,M15
2024-12-09 04:45:00,Off,0.7142857142857143,0.7,LONG,3.9287142857142814,,,,,M15
2024-12-09 06:45:00,Off,0.8253968253968254,0.7,LONG,3.0117142857142687,,,,,M15
2024-12-10 13:15:00,London,0.8253968253968254,0.7,LONG,3.892642857142911,,,,,M15
2024-12-11 10:45:00,London,0.8253968253968254,0.7,LONG,3.828357142857125,,,,,M15
2024-12-11 19:00:00,NY,0.7142857142857143,0.7,LONG,3.514499999999998,,,,,M15
2025-01-15 13:30:00,London,0.8253968253968254,0.7,LONG,3.1339999999999497,,,,,M15
2025-01-20 11:30:00,London,0.8253968253968254,0.7,LONG,3.096000000000036,,,,,M15
2025-01-22 18:00:00,NY,0.8253968253968254,0.7,LONG,3.1082857142856875,,,,,M15
2025-01-24 14:30:00,London,0.7142857142857143,0.7,LONG,3.4660000000000246,,,,,M15
2025-02-03 15:30:00,London,0.8253968253968254,0.7,LONG,5.7276428571428175,,,,,M15
2025-02-05 07:00:00,London,0.8253968253968254,0.7,LONG,3.0415000000000094,,,,,M15
2025-02-05 11:15:00,London,0.8181818181818182,0.7,LONG,3.814571428571331,,,,,M15
2025-02-05 12:45:00,London,0.8253968253968254,0.7,LONG,3.4412142857142305,,,,,M15
2025-02-10 01:45:00,Off,0.8181818181818182,0.7,LONG,3.6878571428571183,,,,,M15
2025-02-10 10:30:00,London,0.8253968253968254,0.7,LONG,3.724928571428466,,,,,M15
2025-02-11 02:30:00,Off,0.8253968253968254,0.7,LONG,7.743928571428602,,,,,M15
2025-02-11 06:00:00,Off,0.8253968253968254,0.7,LONG,4.941928571428564,,,,,M15
2025-02-12 19:15:00,NY,0.8461538461538461,0.7,LONG,4.141714285714345,,,,,M15
2025-02-13 06:30:00,Off,0.7142857142857143,0.7,LONG,3.3929285714286186,,,,,M15
2025-02-17 08:30:00,London,0.7142857142857143,0.7,LONG,4.5428571428571365,,,,,M15
2025-02-17 11:00:00,London,0.8253968253968254,0.7,LONG,3.759928571428613,,,,,M15
2025-02-19 12:30:00,London,0.7142857142857143,0.7,LONG,3.776642857142796,,,,,M15
2025-02-21 12:00:00,London,0.7142857142857143,0.7,LONG,3.3048571428571125,,,,,M15
2025-02-25 20:15:00,NY,0.8253968253968254,0.7,LONG,3.694928571428461,,,,,M15
2025-02-26 02:00:00,Off,0.8253968253968254,0.7,LONG,4.048428571428531,,,,,M15
2025-03-03 18:30:00,NY,0.8253968253968254,0.7,LONG,4.172499999999998,,,,,M15
2025-03-04 21:15:00,NY,0.7142857142857143,0.7,LONG,3.156428571428608,,,,,M15
2025-03-05 21:30:00,NY,0.8253968253968254,0.7,LONG,2.48614285714286,,,,,M15
2025-03-05 23:00:00,Off,0.8253968253968254,0.7,LONG,2.108142857142866,,,,,M15
2025-03-05 23:15:00,Off,0.7142857142857143,0.7,LONG,1.9601428571428576,,,,,M15
2025-03-12 11:15:00,London,0.7142857142857143,0.7,LONG,3.1852857142856528,,,,,M15
2025-03-12 11:30:00,London,0.8461538461538461,0.7,LONG,3.227642857142817,,,,,M15
2025-03-12 12:30:00,London,0.8461538461538461,0.7,LONG,3.2074999999999494,,,,,M15
2025-03-14 10:45:00,London,0.7142857142857143,0.7,LONG,4.500642857142858,,,,,M15
2025-03-18 05:15:00,Off,0.8253968253968254,0.7,LONG,3.112714285714316,,,,,M15
2025-03-18 14:15:00,London,0.8253968253968254,0.7,LONG,5.463785714285677,,,,,M15
2025-03-19 06:15:00,Off,0.8253968253968254,0.7,LONG,3.4314285714286337,,,,,M15
2025-03-19 06:30:00,Off,0.8461538461538461,0.7,LONG,3.59928571428577,,,,,M15
2025-03-25 12:30:00,London,0.8253968253968254,0.7,LONG,3.021285714285731,,,,,M15
2025-03-26 12:45:00,London,0.8461538461538461,0.7,LONG,3.2447142857142484,,,,,M15
2025-03-27 07:30:00,London,0.8253968253968254,0.7,LONG,3.546000000000049,,,,,M15
2025-04-02 05:30:00,Off,0.8253968253968254,0.7,LONG,4.2001428571428665,,,,,M15
2025-04-02 07:00:00,London,0.8253968253968254,0.7,LONG,4.409714285714309,,,,,M15
2025-04-02 07:15:00,London,0.8253968253968254,0.7,LONG,4.515857142857191,,,,,M15
2025-04-03 23:00:00,Off,0.7142857142857143,0.7,LONG,4.577999999999975,,,,,M15
2025-04-03 23:45:00,Off,0.8253968253968254,0.7,LONG,4.109785714285668,,,,,M15
2025-04-07 06:30:00,Off,0.7142857142857143,0.7,LONG,10.386642857142729,,,,,M15
2025-04-07 13:00:00,London,0.8253968253968254,0.7,LONG,8.616071428571363,,,,,M15
2025-04-08 12:45:00,London,0.8461538461538461,0.7,LONG,6.242857142857149,,,,,M15
2025-04-09 06:00:00,Off,0.8461538461538461,0.7,LONG,6.960785714285781,,,,,M15
2025-04-09 07:30:00,London,0.8181818181818182,0.7,LONG,8.568642857142907,,,,,M15
2025-04-09 12:45:00,London,0.8461538461538461,0.7,LONG,9.391357142857064,,,,,M15
2025-04-10 03:45:00,Off,0.8253968253968254,0.7,LONG,10.11535714285716,,,,,M15
2025-04-11 05:45:00,Off,0.7142857142857143,0.7,LONG,7.525499999999965,,,,,M15
2025-04-11 13:45:00,London,0.8253968253968254,0.7,LONG,10.152142857142865,,,,,M15
2025-04-14 04:00:00,Off,0.7142857142857143,0.7,LONG,7.209928571428626,,,,,M15
2025-04-14 18:30:00,NY,0.8253968253968254,0.7,LONG,5.080785714285704,,,,,M15
2025-04-16 01:30:00,Off,0.8253968253968254,0.7,LONG,6.789571428571337,,,,,M15
2025-04-16 08:30:00,London,0.8461538461538461,0.7,LONG,6.858571428571395,,,,,M15
2025-04-16 10:15:00,London,0.8461538461538461,0.7,LONG,8.198142857142784,,,,,M15
2025-04-16 11:15:00,London,0.8461538461538461,0.7,LONG,8.400499999999933,,,,,M15
2025-04-16 11:30:00,London,0.8461538461538461,0.7,LONG,8.278214285714252,,,,,M15
2025-04-16 13:30:00,London,0.8461538461538461,0.7,LONG,7.238142857142845,,,,,M15
2025-04-16 23:15:00,Off,0.8461538461538461,0.7,LONG,4.579142857142967,,,,,M15
2025-04-17 13:30:00,London,0.7142857142857143,0.7,LONG,8.096428571428564,,,,,M15
2025-04-21 07:45:00,London,0.8253968253968254,0.7,LONG,5.021571428571568,,,,,M15
2025-04-21 11:00:00,London,0.8315089578055446,0.7,LONG,4.948214285714228,,,,,M15
2025-04-21 15:00:00,London,0.8253968253968254,0.7,LONG,9.6479285714285,,,,,M15
2025-04-21 15:15:00,London,0.8461538461538461,0.7,LONG,10.062571428571378,,,,,M15
2025-04-22 05:30:00,Off,0.8253968253968254,0.7,LONG,8.849642857142888,,,,,M15
2025-04-23 18:45:00,NY,0.7142857142857143,0.7,LONG,8.505428571428638,,,,,M15
2025-04-24 05:30:00,Off,0.7142857142857143,0.7,LONG,8.395714285714316,,,,,M15
2025-04-27 23:45:00,Off,0.8253968253968254,0.7,LONG,8.060714285714214,,,,,M15
2025-04-29 18:00:00,NY,0.8253968253968254,0.7,LONG,6.227999999999903,,,,,M15
2025-04-29 19:00:00,NY,0.8253968253968254,0.7,LONG,5.483571428571362,,,,,M15
2025-04-30 14:30:00,London,0.8253968253968254,0.7,LONG,11.162714285714337,,,,,M15
2025-05-05 03:30:00,Off,0.7142857142857143,0.7,LONG,7.099928571428661,,,,,M15
2025-05-05 07:30:00,London,0.8253968253968254,0.7,LONG,4.884428571428608,,,,,M15
2025-05-05 11:45:00,London,0.8253968253968254,0.7,LONG,6.76414285714288,,,,,M15
2025-05-05 23:00:00,Off,0.8253968253968254,0.7,LONG,5.249499999999963,,,,,M15
2025-05-06 03:00:00,Off,0.8253968253968254,0.7,LONG,11.659428571428602,,,,,M15
2025-05-06 04:30:00,Off,0.8253968253968254,0.7,LONG,10.379785714285749,,,,,M15
2025-05-06 04:45:00,Off,0.8253968253968254,0.7,LONG,10.242214285714324,,,,,M15
2025-05-06 12:15:00,London,0.8461538461538461,0.7,LONG,5.439714285714184,,,,,M15
2025-05-06 14:45:00,London,0.8253968253968254,0.7,LONG,8.189571428571428,,,,,M15
2025-05-12 22:45:00,Off,0.8253968253968254,0.7,LONG,4.410571428571367,,,,,M15
2025-05-13 11:15:00,London,0.8253968253968254,0.7,LONG,4.321214285714307,,,,,M15
2025-05-14 01:30:00,Off,0.8212398804675624,0.7,LONG,5.326857142857112,,,,,M15
2025-05-14 10:45:00,London,0.8461538461538461,0.7,LONG,5.553785714285725,,,,,M15
2025-05-14 12:45:00,London,0.7142857142857143,0.7,LONG,7.801571428571476,,,,,M15
2025-05-14 13:00:00,London,0.8181818181818182,0.7,LONG,8.271285714285796,,,,,M15
2025-05-19 14:00:00,London,0.8253968253968254,0.7,LONG,7.5848571428571825,,,,,M15
2025-05-19 14:45:00,London,0.8253968253968254,0.7,LONG,8.483857142857167,,,,,M15
2025-05-19 16:30:00,London,0.8181818181818182,0.7,LONG,7.465428571428577,,,,,M15
2025-05-19 18:00:00,NY,0.7142857142857143,0.7,LONG,4.949857142857127,,,,,M15
2025-05-19 19:15:00,NY,0.8181818181818182,0.7,LONG,4.022999999999944,,,,,M15
2025-05-20 13:00:00,London,0.8461538461538461,0.7,LONG,5.191928571428629,,,,,M15
2025-05-20 23:30:00,Off,0.8253968253968254,0.7,LONG,4.790642857142919,,,,,M15
2025-05-21 00:00:00,Off,0.8461538461538461,0.7,LONG,5.036214285714356,,,,,M15
2025-05-21 08:00:00,London,0.8253968253968254,0.7,LONG,6.37335714285723,,,,,M15
2025-05-21 10:30:00,London,0.8461538461538461,0.7,LONG,5.4497142857143706,,,,,M15
2025-05-23 14:00:00,London,0.8181818181818182,0.7,LONG,10.550285714285726,,,,,M15
2025-05-29 14:30:00,London,0.8253968253968254,0.7,LONG,7.61964285714287,,,,,M15
2025-05-30 01:00:00,Off,0.8253968253968254,0.7,LONG,3.709285714285704,,,,,M15
2025-06-02 10:45:00,London,0.8253968253968254,0.7,LONG,4.798285714285742,,,,,M15
2025-06-04 07:00:00,London,0.8253968253968254,0.7,LONG,4.867571428571442,,,,,M15
2025-06-04 08:00:00,London,0.8253968253968254,0.7,LONG,5.174357142857128,,,,,M15
2025-06-11 02:00:00,Off,0.7142857142857143,0.7,LONG,5.140571428571515,,,,,M15
2025-06-11 06:15:00,Off,0.8253968253968254,0.7,LONG,3.625499999999972,,,,,M15
2025-06-11 23:45:00,Off,0.8461538461538461,0.7,LONG,4.973928571428554,,,,,M15
2025-06-12 01:00:00,Off,0.8253968253968254,0.7,LONG,5.961714285714314,,,,,M15
2025-06-12 11:30:00,London,0.8253968253968254,0.7,LONG,6.551428571428557,,,,,M15
2025-06-12 15:15:00,London,0.8253968253968254,0.7,LONG,8.953428571428535,,,,,M15
2025-06-17 12:15:00,London,0.8253968253968254,0.7,LONG,5.51671428571428,,,,,M15
2025-06-19 13:30:00,London,0.7142857142857143,0.7,LONG,4.68828571428581,,,,,M15
2025-06-23 12:30:00,London,0.8253968253968254,0.7,LONG,5.408714285714268,,,,,M15
2025-06-23 17:15:00,NY,0.8181818181818182,0.7,LONG,6.66964285714289,,,,,M15
2025-06-23 18:15:00,NY,0.8253968253968254,0.7,LONG,5.832357142857226,,,,,M15
2025-06-23 18:30:00,NY,0.8253968253968254,0.7,LONG,6.13150000000009,,,,,M15
2025-06-25 17:30:00,NY,0.8253968253968254,0.7,LONG,3.7943571428571823,,,,,M15
2025-06-26 05:30:00,Off,0.8253968253968254,0.7,LONG,3.225000000000039,,,,,M15
2025-06-26 12:15:00,London,0.8253968253968254,0.7,LONG,4.506642857142879,,,,,M15
2025-07-01 13:45:00,London,0.7142857142857143,0.7,LONG,4.930499999999971,,,,,M15
2025-07-02 13:45:00,London,0.8181818181818182,0.7,LONG,5.127857142857108,,,,,M15
2025-07-15 19:30:00,NY,0.8253968253968254,0.7,LONG,3.175000000000052,,,,,M15
2025-07-16 17:00:00,NY,0.8253968253968254,0.7,LONG,12.513214285714314,,,,,M15
2024-01-02 13:00:00,London,0.7021896005259017,0.7,LONG,4.474571428571478,,,,,H1
2024-01-10 13:00:00,London,0.722328130623331,0.7,LONG,3.946071428571437,,,,,H1
2024-01-10 15:00:00,London,0.7194397523679702,0.7,LONG,4.3362857142857205,,,,,H1
2024-01-11 14:00:00,London,0.708949221758228,0.7,LONG,4.741428571428595,,,,,H1
2024-01-16 13:00:00,London,0.7185205801773281,0.7,LONG,4.21278571428575,,,,,H1
2024-01-19 14:00:00,London,0.7154894212000728,0.7,LONG,3.814000000000013,,,,,H1
2024-01-19 15:00:00,London,0.7114466398473114,0.7,LONG,4.211928571428595,,,,,H1
2024-01-23 09:00:00,London,0.7003430992202815,0.7,LONG,3.792999999999974,,,,,H1
2024-01-23 15:00:00,London,0.7242145947973481,0.7,LONG,4.778142857142825,,,,,H1
2024-01-23 23:00:00,Off,0.7136506407902882,0.7,LONG,3.799857142857133,,,,,H1
2024-01-24 07:00:00,London,0.7024819156322012,0.7,LONG,3.093928571428592,,,,,H1
2024-01-24 08:00:00,London,0.70419871483632,0.7,LONG,3.136785714285728,,,,,H1
2024-01-30 12:00:00,London,0.7078874931734698,0.7,LONG,3.2220714285713905,,,,,H1
2024-01-31 06:00:00,Off,0.7030112360713254,0.7,LONG,2.3817142857143057,,,,,H1
2024-01-31 16:00:00,London,0.7156063673326011,0.7,LONG,4.139000000000043,,,,,H1
2024-02-02 00:00:00,Off,0.7105152442491182,0.7,LONG,7.004142857142889,,,,,H1
2024-02-06 21:00:00,NY,0.7089121543210258,0.7,LONG,3.9573571428571768,,,,,H1
2024-02-06 23:00:00,Off,0.7078861668645994,0.7,LONG,3.8476428571429033,,,,,H1
2024-02-07 18:00:00,NY,0.7286440680965207,0.7,LONG,4.091357142857127,,,,,H1
2024-02-07 21:00:00,NY,0.7016352364069581,0.7,LONG,3.901928571428568,,,,,H1
2024-02-12 15:00:00,London,0.7012732904619122,0.7,LONG,3.1424285714285816,,,,,H1
2024-02-15 08:00:00,London,0.7095535710832792,0.7,LONG,2.3614999999999617,,,,,H1
2024-02-15 17:00:00,NY,0.7206125082316699,0.7,LONG,3.658714285714301,,,,,H1
2024-02-21 01:00:00,Off,0.7187154783080416,0.7,LONG,2.6188571428571583,,,,,H1
2024-02-21 15:00:00,London,0.7198957359931433,0.7,LONG,2.973571428571404,,,,,H1
2024-02-21 17:00:00,NY,0.7023597764630702,0.7,LONG,2.8794285714285643,,,,,H1
2024-02-28 15:00:00,London,0.7009701550514594,0.7,LONG,3.0709285714285506,,,,,H1
2024-02-28 23:00:00,Off,0.710689060730844,0.7,LONG,3.1627142857142547,,,,,H1
2024-03-01 01:00:00,Off,0.713279512628714,0.7,LONG,3.726571428571365,,,,,H1
2024-03-05 10:00:00,London,0.7024500517159913,0.7,LONG,4.027285714285654,,,,,H1
2024-03-06 05:00:00,Off,0.7141882263704118,0.7,LONG,4.024142857142806,,,,,H1
2024-03-07 08:00:00,London,0.7035333626478706,0.7,LONG,5.582642857142868,,,,,H1
2024-03-08 05:00:00,Off,0.7031940354485398,0.7,LONG,3.919714285714333,,,,,H1
2024-03-08 06:00:00,Off,0.7266364025603735,0.7,LONG,3.890214285714332,,,,,H1
2024-03-08 15:00:00,London,0.724874488719023,0.7,LONG,6.87385714285717,,,,,H1
2024-03-12 07:00:00,London,0.7027809135770539,0.7,LONG,3.50085714285722,,,,,H1
2024-03-21 07:00:00,London,0.703017266724388,0.7,LONG,9.07207142857143,,,,,H1
2024-03-21 16:00:00,London,0.7067838267996202,0.7,LONG,7.186428571428613,,,,,H1
2024-03-22 02:00:00,Off,0.7212228558644421,0.7,LONG,6.934785714285714,,,,,H1
2024-03-26 04:00:00,Off,0.710791184728692,0.7,LONG,2.924571428571458,,,,,H1
2024-03-27 13:00:00,London,0.7197860964301945,0.7,LONG,6.249714285714195,,,,,H1
2024-03-27 18:00:00,NY,0.7197057759142501,0.7,LONG,6.248999999999926,,,,,H1
2024-03-28 05:00:00,Off,0.70003964619159,0.7,LONG,3.884785714285759,,,,,H1
2024-03-28 06:00:00,Off,0.7030034922396272,0.7,LONG,3.74914285714291,,,,,H1
2024-03-28 07:00:00,London,0.7224535815101796,0.7,LONG,3.979000000000074,,,,,H1
2024-03-28 08:00:00,London,0.7168681163267863,0.7,LONG,4.07864285714293,,,,,H1
2024-03-31 23:00:00,Off,0.7188060462834714,0.7,LONG,9.722500000000082,,,,,H1
2024-04-02 00:00:00,Off,0.7190578013462124,0.7,LONG,7.879857142857157,,,,,H1
2024-04-04 03:00:00,Off,0.7072245288943202,0.7,LONG,6.344714285714255,,,,,H1
2024-04-04 09:00:00,London,0.7196275769970867,0.7,LONG,4.3404285714286415,,,,,H1
2024-04-04 13:00:00,London,0.7061777659520941,0.7,LONG,4.713857142857218,,,,,H1
2024-04-04 17:00:00,NY,0.7101343354364565,0.7,LONG,5.568142857142935,,,,,H1
2024-04-04 23:00:00,Off,0.7119624617325544,0.7,LONG,7.847857142857167,,,,,H1
2024-04-10 00:00:00,Off,0.7070367199593361,0.7,LONG,8.307785714285696,,,,,H1
2024-04-10 01:00:00,Off,0.7072522485861015,0.7,LONG,8.225571428571422,,,,,H1
2024-04-15 10:00:00,London,0.7046238032819216,0.7,LONG,9.985142857142916,,,,,H1
2024-04-17 01:00:00,Off,0.7102836021348947,0.7,LONG,10.240500000000011,,,,,H1
2024-04-17 02:00:00,Off,0.7055994817649386,0.7,LONG,10.126928571428577,,,,,H1
2024-04-17 04:00:00,Off,0.708027437587437,0.7,LONG,8.838142857142852,,,,,H1
2024-04-25 00:00:00,Off,0.7267083628305041,0.7,LONG,7.028714285714321,,,,,H1
2024-04-25 02:00:00,Off,0.7002007315835252,0.7,LONG,7.015857142857191,,,,,H1
2024-04-25 17:00:00,NY,0.7185273955901769,0.7,LONG,8.610071428571375,,,,,H1
2024-05-10 11:00:00,London,0.7133833029500876,0.7,LONG,5.505785714285691,,,,,H1
2024-05-10 15:00:00,London,0.7010196092959643,0.7,LONG,7.987571428571463,,,,,H1
2024-05-16 03:00:00,Off,0.714198040235169,0.7,LONG,8.196714285714345,,,,,H1
2024-05-16 05:00:00,Off,0.7048283052832284,0.7,LONG,5.756642857142879,,,,,H1
2024-05-16 15:00:00,London,0.7212596270204271,0.7,LONG,6.156499999999953,,,,,H1
2024-05-21 01:00:00,Off,0.7122177143690381,0.7,LONG,8.994214285714309,,,,,H1
2024-05-31 00:00:00,Off,0.7241570830738638,0.7,LONG,5.9528571428571535,,,,,H1
2024-05-31 01:00:00,Off,0.7071636489644856,0.7,LONG,5.535428571428546,,,,,H1
2024-06-07 06:00:00,Off,0.7099655122336397,0.7,LONG,5.775642857142917,,,,,H1
2024-06-07 07:00:00,London,0.7052171474795763,0.7,LONG,5.76900000000007,,,,,H1
2024-06-11 17:00:00,NY,0.7155830587500247,0.7,LONG,5.874142857142845,,,,,H1
2024-06-12 15:00:00,London,0.7143759611161319,0.7,LONG,7.123785714285759,,,,,H1
2024-06-13 00:00:00,Off,0.7003549730797577,0.7,LONG,8.761928571428532,,,,,H1
2024-06-19 00:00:00,Off,0.7255306233494182,0.7,LONG,5.72599999999995,,,,,H1
2024-06-19 05:00:00,Off,0.7147643931260772,0.7,LONG,3.567785714285687,,,,,H1
2024-06-19 11:00:00,London,0.7134999540096496,0.7,LONG,3.0465714285713994,,,,,H1
2024-06-21 12:00:00,London,0.7049736975173024,0.7,LONG,4.8316428571428265,,,,,H1
2024-06-28 07:00:00,London,0.7029495324018801,0.7,LONG,3.7765714285714176,,,,,H1
2024-07-03 07:00:00,London,0.703264739071854,0.7,LONG,3.9117857142857377,,,,,H1
2024-07-03 08:00:00,London,0.7112243320269869,0.7,LONG,4.0088571428571935,,,,,H1
2024-07-03 10:00:00,London,0.7110461229950996,0.7,LONG,4.125071428571475,,,,,H1
2024-07-03 12:00:00,London,0.7267280042710046,0.7,LONG,4.962214285714318,,,,,H1
2024-07-10 22:00:00,Off,0.7257508830208467,0.7,LONG,4.980642857142747,,,,,H1
2024-07-11 08:00:00,London,0.7167945468978137,0.7,LONG,2.9257857142856665,,,,,H1
2024-07-12 13:00:00,London,0.7257031848304881,0.7,LONG,5.563214285714269,,,,,H1
2024-07-16 01:00:00,Off,0.7235483249455601,0.7,LONG,5.966071428571468,,,,,H1
2024-07-16 12:00:00,London,0.7028000574967648,0.7,LONG,5.589714285714308,,,,,H1
2024-07-25 03:00:00,Off,0.7007648220618081,0.7,LONG,9.482571428571418,,,,,H1
2024-08-09 08:00:00,London,0.7016343790607138,0.7,LONG,4.832999999999986,,,,,H1
2024-08-09 12:00:00,London,0.7035350083006318,0.7,LONG,5.527285714285654,,,,,H1
2024-08-09 20:00:00,NY,0.7253533895200526,0.7,LONG,6.280357142857058,,,,,H1
2024-08-21 05:00:00,Off,0.7055776985623956,0.7,LONG,5.85542857142858,,,,,H1
2024-08-27 06:00:00,Off,0.708568353801083,0.7,LONG,4.283642857142922,,,,,H1
2024-09-05 16:00:00,London,0.7217192118764367,0.7,LONG,6.343000000000042,,,,,H1
2024-09-06 04:00:00,Off,0.7007132851502318,0.7,LONG,3.974285714285673,,,,,H1
2024-09-11 15:00:00,London,0.7214888440679865,0.7,LONG,6.41485714285711,,,,,H1
2024-09-12 03:00:00,Off,0.7071835373896384,0.7,LONG,4.527285714285654,,,,,H1
2024-09-12 23:00:00,Off,0.7174650226443078,0.7,LONG,8.300785714285764,,,,,H1
2024-09-13 01:00:00,Off,0.7148010398025377,0.7,LONG,8.540500000000034,,,,,H1
2024-09-13 12:00:00,London,0.7012637614087012,0.7,LONG,5.465714285714252,,,,,H1
2024-09-16 00:00:00,Off,0.7026963334699334,0.7,LONG,5.3871428571428295,,,,,H1
2024-09-25 11:00:00,London,0.7258342080327012,0.7,LONG,5.602571428571439,,,,,H1
2024-10-02 12:00:00,London,0.7019326019670813,0.7,LONG,5.513285714285693,,,,,H1
2024-10-04 19:00:00,NY,0.7173782276319955,0.7,LONG,10.449214285714268,,,,,H1
2024-10-06 23:00:00,Off,0.7151283593528531,0.7,LONG,10.115357142857096,,,,,H1
2024-10-11 11:00:00,London,0.7026701655750713,0.7,LONG,5.483857142857199,,,,,H1
2024-10-17 05:00:00,Off,0.7031459000657315,0.7,LONG,4.4375,,,,,H1
2024-10-17 07:00:00,London,0.7135450031895169,0.7,LONG,4.074714285714273,,,,,H1
2024-10-18 06:00:00,Off,0.7012884322362084,0.7,LONG,4.990428571428571,,,,,H1
2024-10-23 09:00:00,London,0.7161229512239972,0.7,LONG,4.8395714285713565,,,,,H1
2024-10-23 11:00:00,London,0.7059092539485925,0.7,LONG,4.798999999999945,,,,,H1
2024-10-29 05:00:00,Off,0.7055477662175772,0.7,LONG,4.453142857142926,,,,,H1
2024-10-31 06:00:00,Off,0.7059992771405889,0.7,LONG,4.09114285714278,,,,,H1
2024-11-05 20:00:00,NY,0.7140189151670481,0.7,LONG,6.909571428571488,,,,,H1
2024-11-06 02:00:00,Off,0.7048179358209731,0.7,LONG,7.787071428571478,,,,,H1
2024-11-06 03:00:00,Off,0.7064079443749217,0.7,LONG,8.308928571428623,,,,,H1
2024-11-06 09:00:00,London,0.7009579637257475,0.7,LONG,12.33700000000002,,,,,H1
2024-11-13 21:00:00,NY,0.707681051671192,0.7,LONG,8.661499999999933,,,,,H1
2024-11-19 23:00:00,Off,0.7208156103209461,0.7,LONG,6.946714285714312,,,,,H1
2024-11-21 16:00:00,London,0.7072185937253123,0.7,LONG,6.512928571428672,,,,,H1
2024-12-04 10:00:00,London,0.7123573036033766,0.7,LONG,4.610714285714331,,,,,H1
2024-12-10 00:00:00,Off,0.7164427384240429,0.7,LONG,6.106785714285674,,,,,H1
2024-12-17 11:00:00,London,0.7233345217908502,0.7,LONG,5.757500000000001,,,,,H1
2025-01-02 12:00:00,London,0.7111109225610851,0.7,LONG,5.442214285714239,,,,,H1
2025-01-02 13:00:00,London,0.7007161011549458,0.7,LONG,5.94792857142852,,,,,H1
2025-01-08 19:00:00,NY,0.7165539790930429,0.7,LONG,7.018857142857087,,,,,H1
2025-01-09 00:00:00,Off,0.7020035117771795,0.7,LONG,6.979428571428571,,,,,H1
2025-01-10 21:00:00,NY,0.7155783865145303,0.7,LONG,8.147142857142853,,,,,H1
2025-01-15 08:00:00,London,0.7053364887927336,0.7,LONG,4.189857142857136,,,,,H1
2025-01-15 10:00:00,London,0.7081842995501247,0.7,LONG,4.165857142857119,,,,,H1
2025-01-15 11:00:00,London,0.7145475207562944,0.7,LONG,4.102714285714261,,,,,H1
2025-01-15 16:00:00,London,0.722601947731878,0.7,LONG,6.461714285714249,,,,,H1
2025-01-16 11:00:00,London,0.7124126793086262,0.7,LONG,4.784928571428542,,,,,H1
2025-01-17 07:00:00,London,0.7056113379740351,0.7,LONG,3.853857142857221,,,,,H1
2025-01-17 11:00:00,London,0.7274784983289683,0.7,LONG,3.938285714285744,,,,,H1
2025-01-31 11:00:00,London,0.7168900718934769,0.7,LONG,4.774571428571464,,,,,H1
2025-02-04 03:00:00,Off,0.7020833556540828,0.7,LONG,8.131857142857111,,,,,H1
2025-02-05 14:00:00,London,0.718281450672415,0.7,LONG,7.804499999999962,,,,,H1
2025-02-06 01:00:00,Off,0.7126403201805825,0.7,LONG,8.098499999999992,,,,,H1
2025-02-06 04:00:00,Off,0.7088872108124156,0.7,LONG,7.65021428571429,,,,,H1
2025-02-07 12:00:00,London,0.7092860415935235,0.7,LONG,4.879785714285617,,,,,H1
2025-02-11 03:00:00,Off,0.7044651520534677,0.7,LONG,11.408857142857087,,,,,H1
2025-02-11 23:00:00,Off,0.704899949229505,0.7,LONG,8.320357142857087,,,,,H1
2025-02-12 01:00:00,Off,0.7111997016176709,0.7,LONG,8.956214285714266,,,,,H1
2025-02-12 02:00:00,Off,0.7191954203516945,0.7,LONG,9.060642857142868,,,,,H1
2025-02-13 09:00:00,London,0.7205730158155206,0.7,LONG,6.439928571428449,,,,,H1
2025-02-14 11:00:00,London,0.7077047178319537,0.7,LONG,5.58171428571427,,,,,H1
2025-02-19 03:00:00,Off,0.7003761900429525,0.7,LONG,7.008357142857092,,,,,H1
2025-02-19 15:00:00,London,0.7009098342505012,0.7,LONG,7.95921428571426,,,,,H1
2025-02-20 11:00:00,London,0.7087186559374722,0.7,LONG,5.678357142857164,,,,,H1
2025-02-21 01:00:00,Off,0.7119324023134791,0.7,LONG,8.937357142857113,,,,,H1
2025-03-04 11:00:00,London,0.7097254677415309,0.7,LONG,8.103357142857151,,,,,H1
2025-03-04 19:00:00,NY,0.7105366178284349,0.7,LONG,10.165785714285771,,,,,H1
2025-03-04 23:00:00,Off,0.7001787347549238,0.7,LONG,8.25785714285725,,,,,H1
2025-03-05 00:00:00,Off,0.7111949438062377,0.7,LONG,7.980500000000087,,,,,H1
2025-03-06 01:00:00,Off,0.7258410145777716,0.7,LONG,9.639142857142849,,,,,H1
2025-03-06 07:00:00,London,0.7105546637164776,0.7,LONG,6.224428571428494,,,,,H1
2025-03-12 03:00:00,Off,0.7133268757634025,0.7,LONG,5.675571428571435,,,,,H1
2025-03-12 06:00:00,Off,0.7120606728398035,0.7,LONG,4.760357142857141,,,,,H1
2025-03-14 05:00:00,Off,0.7069295167125683,0.7,LONG,6.854642857142868,,,,,H1
2025-03-19 08:00:00,London,0.7067157489320864,0.7,LONG,5.555928571428597,,,,,H1
2025-03-20 05:00:00,Off,0.7075575118872284,0.7,LONG,7.167357142857197,,,,,H1
2025-03-20 17:00:00,NY,0.71825172374501,0.7,LONG,8.21799999999988,,,,,H1
2025-03-27 22:00:00,Off,0.7151444936128033,0.7,LONG,8.110357142857115,,,,,H1
2025-03-28 01:00:00,Off,0.7128172074428595,0.7,LONG,7.827428571428527,,,,,H1
2025-03-28 02:00:00,Off,0.7235470133949073,0.7,LONG,7.880928571428577,,,,,H1
2025-03-30 22:00:00,Off,0.7172523403809179,0.7,LONG,9.89107142857152,,,,,H1
2025-04-01 01:00:00,Off,0.7035356427943249,0.7,LONG,8.753071428571436,,,,,H1
2025-04-01 02:00:00,Off,0.7023724372325544,0.7,LONG,9.209571428571442,,,,,H1
2025-04-01 12:00:00,London,0.7150413023851804,0.7,LONG,9.14342857142859,,,,,H1
2025-04-03 01:00:00,Off,0.7118898851798021,0.7,LONG,14.937357142857111,,,,,H1
2025-04-03 02:00:00,Off,0.7055182237426479,0.7,LONG,15.189999999999957,,,,,H1
2025-04-11 01:00:00,Off,0.7090818459088447,0.7,LONG,17.51064285714288,,,,,H1
2025-04-16 14:00:00,London,0.7025329155823334,0.7,LONG,14.284857142857,,,,,H1
2025-04-16 20:00:00,NY,0.7138671903910355,0.7,LONG,13.812928571428529,,,,,H1
2025-04-25 02:00:00,Off,0.7172222306442937,0.7,LONG,14.80528571428574,,,,,H1
2025-04-25 04:00:00,Off,0.7091068373169145,0.7,LONG,15.522571428571414,,,,,H1
2025-04-30 01:00:00,Off,0.7211425281963963,0.7,LONG,12.39028571428571,,,,,H1
2025-04-30 03:00:00,Off,0.7170636617983848,0.7,LONG,11.910357142857135,,,,,H1
2025-04-30 04:00:00,Off,0.7265907266686679,0.7,LONG,10.914642857142846,,,,,H1
2025-04-30 05:00:00,Off,0.7053324675590854,0.7,LONG,10.124571428571404,,,,,H1
2025-05-05 17:00:00,NY,0.7006361049577001,0.7,LONG,11.43121428571437,,,,,H1
2025-05-06 03:00:00,Off,0.7044651520534677,0.7,LONG,15.408571428571513,,,,,H1
2025-05-07 00:00:00,Off,0.706519839574685,0.7,LONG,18.761785714285647,,,,,H1
2025-05-07 01:00:00,Off,0.705743688996914,0.7,LONG,20.046142857142804,,,,,H1
2025-05-13 11:00:00,London,0.7019135295306146,0.7,LONG,12.367357142857111,,,,,H1
2025-05-14 01:00:00,Off,0.7211425281963963,0.7,LONG,11.068857142857173,,,,,H1
2025-05-16 01:00:00,Off,0.7048020238921912,0.7,LONG,13.168499999999929,,,,,H1
2025-05-16 06:00:00,Off,0.7078141201474741,0.7,LONG,13.050857142857078,,,,,H1
2025-05-16 12:00:00,London,0.722716281817287,0.7,LONG,17.971571428571355,,,,,H1
2025-05-16 15:00:00,London,0.7221033161325107,0.7,LONG,17.683071428571434,,,,,H1
2025-05-22 05:00:00,Off,0.7038913588535066,0.7,LONG,9.962285714285697,,,,,H1
2025-05-28 17:00:00,NY,0.7194645306537597,0.7,LONG,10.378714285714327,,,,,H1
2025-05-28 22:00:00,Off,0.7024513768492209,0.7,LONG,10.696142857142863,,,,,H1
2025-05-30 18:00:00,NY,0.7175311947159941,0.7,LONG,13.225928571428636,,,,,H1
2025-06-02 13:00:00,London,0.7024753348716262,0.7,LONG,12.01864285714279,,,,,H1
2025-06-03 11:00:00,London,0.7181523974092837,0.7,LONG,9.757714285714266,,,,,H1
2025-06-04 22:00:00,Off,0.7032023244310786,0.7,LONG,10.558785714285866,,,,,H1
2025-06-04 23:00:00,Off,0.7256265414300084,0.7,LONG,10.130357142857292,,,,,H1
2025-06-05 03:00:00,Off,0.7206613685463765,0.7,LONG,9.49328571428584,,,,,H1
2025-06-05 04:00:00,Off,0.7080180380582282,0.7,LONG,9.25428571428584,,,,,H1
2025-06-05 10:00:00,London,0.7054878960149864,0.7,LONG,8.775142857142912,,,,,H1
2025-06-10 00:00:00,Off,0.7128669590839825,0.7,LONG,8.181714285714277,,,,,H1
2025-06-10 01:00:00,Off,0.7022723832840643,0.7,LONG,8.849714285714299,,,,,H1
2025-06-12 18:00:00,NY,0.7147721275044863,0.7,LONG,14.254428571428596,,,,,H1
2025-06-13 04:00:00,Off,0.7060570254031244,0.7,LONG,12.062428571428654,,,,,H1
2025-06-18 05:00:00,Off,0.7000245853132132,0.7,LONG,9.154000000000028,,,,,H1
2025-06-24 00:00:00,Off,0.7130473413279247,0.7,LONG,14.7413571428572,,,,,H1
2025-07-02 23:00:00,Off,0.7066829546291091,0.7,LONG,8.012142857142797,,,,,H1
2025-07-08 00:00:00,Off,0.7065651841249178,0.7,LONG,8.120642857142943,,,,,H1
2025-07-16 22:00:00,Off,0.7032023244310786,0.7,LONG,11.51135714285715,,,,,H1
2024-01-01 20:00:00,NY,0.7615894039735099,0.7,LONG,7.488071428571369,,,,,H4
2024-01-02 12:00:00,London,0.7615894039735099,0.7,LONG,8.314714285714217,,,,,H4
2024-01-02 20:00:00,NY,0.725,0.7,LONG,7.666499999999944,,,,,H4
2024-01-03 04:00:00,Off,0.725,0.7,LONG,7.783571428571382,,,,,H4
2024-01-03 20:00:00,NY,0.7615894039735099,0.7,LONG,9.10528571428571,,,,,H4
2024-01-04 00:00:00,Off,0.7615894039735099,0.7,LONG,9.2465,,,,,H4
2024-01-04 04:00:00,Off,0.7615894039735099,0.7,LONG,9.517285714285745,,,,,H4
2024-01-04 08:00:00,London,0.7615894039735099,0.7,LONG,9.371785714285725,,,,,H4
2024-01-04 16:00:00,London,0.7615894039735099,0.7,LONG,9.29735714285716,,,,,H4
2024-01-04 20:00:00,NY,0.7615894039735099,0.7,LONG,8.396428571428617,,,,,H4
2024-01-05 16:00:00,London,0.725,0.7,LONG,10.724714285714333,,,,,H4
2024-01-07 20:00:00,NY,0.725,0.7,LONG,9.097857142857183,,,,,H4
2024-01-08 00:00:00,Off,0.772093023255814,0.7,LONG,9.40564285714288,,,,,H4
2024-01-08 04:00:00,Off,0.772093023255814,0.7,LONG,9.668785714285734,,,,,H4
2024-01-12 16:00:00,London,0.725,0.7,LONG,10.418357142857158,,,,,H4
2024-01-12 20:00:00,NY,0.725,0.7,LONG,9.870142857142858,,,,,H4
2024-01-14 20:00:00,NY,0.725,0.7,LONG,9.483071428571456,,,,,H4
2024-01-15 00:00:00,Off,0.772093023255814,0.7,LONG,9.936142857142888,,,,,H4
2024-01-15 04:00:00,Off,0.772093023255814,0.7,LONG,9.87000000000002,,,,,H4
2024-01-15 08:00:00,London,0.772093023255814,0.7,LONG,10.035357142857167,,,,,H4
2024-01-15 20:00:00,NY,0.7615894039735099,0.7,LONG,7.676785714285708,,,,,H4
2024-01-16 00:00:00,Off,0.772093023255814,0.7,LONG,7.259642857142841,,,,,H4
2024-01-16 08:00:00,London,0.772093023255814,0.7,LONG,7.489785714285729,,,,,H4
2024-01-16 20:00:00,NY,0.7615894039735099,0.7,LONG,6.958357142857137,,,,,H4
2024-02-01 20:00:00,NY,0.7615894039735099,0.7,LONG,10.077928571428597,,,,,H4
2024-02-02 16:00:00,London,0.75,0.7,LONG,11.83071428571431,,,,,H4
2024-02-02 20:00:00,NY,0.7615894039735099,0.7,LONG,10.675714285714305,,,,,H4
2024-02-04 20:00:00,NY,0.7615894039735099,0.7,LONG,9.88607142857146,,,,,H4
2024-02-05 00:00:00,Off,0.7615894039735099,0.7,LONG,9.493071428571444,,,,,H4
2024-02-05 08:00:00,London,0.7615894039735099,0.7,LONG,9.37942857142858,,,,,H4
2024-02-05 16:00:00,London,0.7615894039735099,0.7,LONG,8.449428571428582,,,,,H4
2024-02-05 20:00:00,NY,0.772093023255814,0.7,LONG,7.644785714285717,,,,,H4
2024-02-06 08:00:00,London,0.7615894039735099,0.7,LONG,8.035500000000038,,,,,H4
2024-02-06 12:00:00,London,0.725,0.7,LONG,8.716785714285736,,,,,H4
2024-02-06 20:00:00,NY,0.772093023255814,0.7,LONG,6.853785714285745,,,,,H4
2024-02-07 00:00:00,Off,0.772093023255814,0.7,LONG,6.728571428571464,,,,,H4
2024-02-07 04:00:00,Off,0.772093023255814,0.7,LONG,6.772571428571447,,,,,H4
2024-02-07 16:00:00,London,0.725,0.7,LONG,6.882428571428607,,,,,H4
2024-02-08 00:00:00,Off,0.7615894039735099,0.7,LONG,5.933428571428619,,,,,H4
2024-02-08 20:00:00,NY,0.772093023255814,0.7,LONG,6.337500000000026,,,,,H4
2024-02-09 00:00:00,Off,0.772093023255814,0.7,LONG,6.077785714285743,,,,,H4
2024-02-09 16:00:00,London,0.725,0.7,LONG,7.142071428571447,,,,,H4
2024-02-11 20:00:00,NY,0.772093023255814,0.7,LONG,5.992071428571437,,,,,H4
2024-02-12 04:00:00,Off,0.772093023255814,0.7,LONG,5.920071428571434,,,,,H4
2024-02-12 16:00:00,London,0.7615894039735099,0.7,LONG,6.211071428571439,,,,,H4
2024-02-13 08:00:00,London,0.7615894039735099,0.7,LONG,6.429642857142848,,,,,H4
2024-02-13 20:00:00,NY,0.725,0.7,LONG,8.350428571428584,,,,,H4
2024-02-14 04:00:00,Off,0.725,0.7,LONG,8.631571428571435,,,,,H4
2024-02-14 08:00:00,London,0.725,0.7,LONG,8.820214285714282,,,,,H4
2024-02-22 12:00:00,London,0.725,0.7,LONG,5.596071428571463,,,,,H4
2024-02-22 20:00:00,NY,0.7615894039735099,0.7,LONG,5.3186428571429065,,,,,H4
2024-02-23 00:00:00,Off,0.7615894039735099,0.7,LONG,5.3522142857143375,,,,,H4
2024-02-23 04:00:00,Off,0.7615894039735099,0.7,LONG,5.826357142857205,,,,,H4
2024-02-23 12:00:00,London,0.725,0.7,LONG,6.1262142857143385,,,,,H4
2024-02-23 20:00:00,NY,0.772093023255814,0.7,LONG,6.2709285714286125,,,,,H4
2024-02-25 20:00:00,NY,0.772093023255814,0.7,LONG,5.97685714285717,,,,,H4
2024-02-26 00:00:00,Off,0.772093023255814,0.7,LONG,6.069571428571456,,,,,H4
2024-02-26 12:00:00,London,0.7615894039735099,0.7,LONG,6.178714285714299,,,,,H4
2024-02-27 00:00:00,Off,0.772093023255814,0.7,LONG,5.693857142857122,,,,,H4
2024-02-27 04:00:00,Off,0.7615894039735099,0.7,LONG,5.607214285714268,,,,,H4
2024-02-28 20:00:00,NY,0.725,0.7,LONG,4.791714285714257,,,,,H4
2024-02-29 20:00:00,NY,0.7615894039735099,0.7,LONG,6.213928571428547,,,,,H4
2024-03-01 00:00:00,Off,0.772093023255814,0.7,LONG,6.023857142857098,,,,,H4
2024-03-03 20:00:00,NY,0.725,0.7,LONG,9.097285714285704,,,,,H4
2024-03-04 04:00:00,Off,0.7615894039735099,0.7,LONG,9.559857142857124,,,,,H4
2024-03-04 08:00:00,London,0.7615894039735099,0.7,LONG,9.715285714285724,,,,,H4
2024-03-04 16:00:00,London,0.7615894039735099,0.7,LONG,10.377571428571498,,,,,H4
2024-03-04 20:00:00,NY,0.772093023255814,0.7,LONG,10.381071428571529,,,,,H4
2024-03-05 00:00:00,Off,0.772093023255814,0.7,LONG,10.65085714285723,,,,,H4
2024-03-05 12:00:00,London,0.7615894039735099,0.7,LONG,11.572642857142926,,,,,H4
2024-03-05 20:00:00,NY,0.725,0.7,LONG,9.494142857142933,,,,,H4
2024-03-06 00:00:00,Off,0.7615894039735099,0.7,LONG,9.639642857142915,,,,,H4
2024-03-06 04:00:00,Off,0.7615894039735099,0.7,LONG,9.864285714285772,,,,,H4
2024-03-06 08:00:00,London,0.7615894039735099,0.7,LONG,10.104785714285786,,,,,H4
2024-03-06 12:00:00,London,0.772093023255814,0.7,LONG,10.835571428571516,,,,,H4
2024-03-06 20:00:00,NY,0.7615894039735099,0.7,LONG,9.897071428571442,,,,,H4
2024-03-07 04:00:00,Off,0.772093023255814,0.7,LONG,9.966214285714289,,,,,H4
2024-03-07 12:00:00,London,0.772093023255814,0.7,LONG,10.680142857142885,,,,,H4
2024-03-07 20:00:00,NY,0.7615894039735099,0.7,LONG,9.360357142857213,,,,,H4
2024-03-08 12:00:00,London,0.725,0.7,LONG,11.34257142857148,,,,,H4
2024-03-10 20:00:00,NY,0.7615894039735099,0.7,LONG,11.170500000000043,,,,,H4
2024-03-11 04:00:00,Off,0.772093023255814,0.7,LONG,11.305714285714364,,,,,H4
2024-03-11 12:00:00,London,0.772093023255814,0.7,LONG,11.424000000000076,,,,,H4
2024-03-11 16:00:00,London,0.7615894039735099,0.7,LONG,10.758928571428635,,,,,H4
2024-03-11 20:00:00,NY,0.7615894039735099,0.7,LONG,10.216357142857175,,,,,H4
2024-03-12 08:00:00,London,0.725,0.7,LONG,10.429500000000028,,,,,H4
2024-03-12 12:00:00,London,0.772093023255814,0.7,LONG,11.815428571428615,,,,,H4
2024-03-13 04:00:00,Off,0.725,0.7,LONG,9.288857142857198,,,,,H4
2024-03-13 08:00:00,London,0.725,0.7,LONG,8.897357142857215,,,,,H4
2024-03-13 12:00:00,London,0.7615894039735099,0.7,LONG,9.41250000000004,,,,,H4
2024-03-13 20:00:00,NY,0.7615894039735099,0.7,LONG,9.118500000000008,,,,,H4
2024-03-14 00:00:00,Off,0.725,0.7,LONG,8.996928571428564,,,,,H4
2024-03-14 16:00:00,London,0.725,0.7,LONG,9.718214285714309,,,,,H4
2024-03-14 20:00:00,NY,0.772093023255814,0.7,LONG,7.832642857142899,,,,,H4
2024-03-15 20:00:00,NY,0.725,0.7,LONG,7.188000000000004,,,,,H4
2024-03-17 20:00:00,NY,0.7615894039735099,0.7,LONG,6.701642857142848,,,,,H4
2024-03-21 12:00:00,London,0.9444444444444444,0.7,LONG,14.6310714285714,,,,,H4
2024-03-21 16:00:00,London,0.772093023255814,0.7,LONG,14.73657142857139,,,,,H4
2024-03-21 20:00:00,NY,0.772093023255814,0.7,LONG,14.146214285714256,,,,,H4
2024-03-22 12:00:00,London,0.725,0.7,LONG,16.41342857142857,,,,,H4
2024-03-22 20:00:00,NY,0.725,0.7,LONG,15.89450000000001,,,,,H4
2024-03-24 20:00:00,NY,0.772093023255814,0.7,LONG,13.78614285714288,,,,,H4
2024-03-25 00:00:00,Off,0.772093023255814,0.7,LONG,12.799928571428577,,,,,H4
2024-03-25 08:00:00,London,0.772093023255814,0.7,LONG,11.91650000000001,,,,,H4
2024-03-25 12:00:00,London,0.7615894039735099,0.7,LONG,11.634785714285726,,,,,H4
2024-03-25 16:00:00,London,0.725,0.7,LONG,9.107357142857122,,,,,H4
2024-03-25 20:00:00,NY,0.7615894039735099,0.7,LONG,8.50571428571428,,,,,H4
2024-03-26 12:00:00,London,0.772093023255814,0.7,LONG,10.6790714285714,,,,,H4
2024-03-26 16:00:00,London,0.7615894039735099,0.7,LONG,9.98728571428569,,,,,H4
2024-03-27 00:00:00,Off,0.772093023255814,0.7,LONG,9.974928571428563,,,,,H4
2024-03-27 08:00:00,London,0.772093023255814,0.7,LONG,10.548642857142829,,,,,H4
2024-03-27 12:00:00,London,0.772093023255814,0.7,LONG,10.807285714285692,,,,,H4
2024-03-27 16:00:00,London,0.7615894039735099,0.7,LONG,10.607071428571414,,,,,H4
2024-03-27 20:00:00,NY,0.725,0.7,LONG,10.212928571428554,,,,,H4
2024-03-28 00:00:00,Off,0.725,0.7,LONG,10.355928571428583,,,,,H4
2024-03-28 04:00:00,Off,0.772093023255814,0.7,LONG,10.744214285714309,,,,,H4
2024-03-28 16:00:00,London,0.772093023255814,0.7,LONG,11.461928571428611,,,,,H4
2024-03-28 20:00:00,NY,0.772093023255814,0.7,LONG,10.822285714285758,,,,,H4
2024-03-31 20:00:00,NY,0.725,0.7,LONG,11.521000000000056,,,,,H4
2024-04-01 04:00:00,Off,0.772093023255814,0.7,LONG,12.6788571428572,,,,,H4
2024-04-01 08:00:00,London,0.772093023255814,0.7,LONG,13.355642857142907,,,,,H4
2024-04-01 12:00:00,London,0.9444444444444444,0.7,LONG,13.94692857142864,,,,,H4
2024-04-01 16:00:00,London,0.9444444444444444,0.7,LONG,13.821642857142932,,,,,H4
2024-04-01 20:00:00,NY,0.9444444444444444,0.7,LONG,14.35742857142863,,,,,H4
2024-04-02 00:00:00,Off,0.9444444444444444,0.7,LONG,14.580642857142916,,,,,H4
2024-04-02 04:00:00,Off,0.9444444444444444,0.7,LONG,14.60250000000003,,,,,H4
2024-04-02 08:00:00,London,0.772093023255814,0.7,LONG,14.869428571428603,,,,,H4
2024-04-02 20:00:00,NY,0.7615894039735099,0.7,LONG,15.864071428571476,,,,,H4
2024-04-03 04:00:00,Off,0.725,0.7,LONG,15.612071428571458,,,,,H4
2024-04-03 08:00:00,London,0.772093023255814,0.7,LONG,14.694071428571435,,,,,H4
2024-04-03 20:00:00,NY,0.772093023255814,0.7,LONG,14.303071428571457,,,,,H4
2024-04-04 04:00:00,Off,0.7615894039735099,0.7,LONG,13.85250000000006,,,,,H4
2024-04-04 08:00:00,London,0.772093023255814,0.7,LONG,13.696928571428607,,,,,H4
2024-04-04 12:00:00,London,0.9444444444444444,0.7,LONG,14.213571428571443,,,,,H4
2024-04-04 20:00:00,NY,0.9444444444444444,0.7,LONG,13.947571428571402,,,,,H4
2024-04-05 08:00:00,London,0.725,0.7,LONG,13.868428571428469,,,,,H4
2024-04-07 20:00:00,NY,0.7615894039735099,0.7,LONG,15.605999999999929,,,,,H4
2024-04-08 04:00:00,Off,0.772093023255814,0.7,LONG,19.26721428571416,,,,,H4
2024-04-08 12:00:00,London,0.772093023255814,0.7,LONG,20.293857142856982,,,,,H4
2024-04-09 00:00:00,Off,0.7615894039735099,0.7,LONG,18.84221428571413,,,,,H4
2024-04-09 12:00:00,London,0.7615894039735099,0.7,LONG,19.41278571428565,,,,,H4
2024-04-09 16:00:00,London,0.7615894039735099,0.7,LONG,16.78778571428565,,,,,H4
2024-04-09 20:00:00,NY,0.7615894039735099,0.7,LONG,16.435714285714248,,,,,H4
2024-04-10 00:00:00,Off,0.772093023255814,0.7,LONG,16.69978571428565,,,,,H4
2024-04-10 04:00:00,Off,0.725,0.7,LONG,15.5491428571428,,,,,H4
2024-04-10 16:00:00,London,0.9444444444444444,0.7,LONG,14.722999999999988,,,,,H4
2024-04-10 20:00:00,NY,0.772093023255814,0.7,LONG,13.890000000000002,,,,,H4
2024-04-11 00:00:00,Off,0.9444444444444444,0.7,LONG,13.721000000000004,,,,,H4
2024-04-11 04:00:00,Off,0.9444444444444444,0.7,LONG,14.317214285714304,,,,,H4
2024-04-11 08:00:00,London,0.772093023255814,0.7,LONG,14.557142857142903,,,,,H4
2024-04-11 12:00:00,London,0.9444444444444444,0.7,LONG,14.688500000000042,,,,,H4
2024-04-11 20:00:00,NY,0.772093023255814,0.7,LONG,14.56235714285718,,,,,H4
2024-04-12 00:00:00,Off,0.7615894039735099,0.7,LONG,15.231142857142911,,,,,H4
2024-04-12 16:00:00,London,0.725,0.7,LONG,22.578071428571416,,,,,H4
2024-04-12 20:00:00,NY,0.725,0.7,LONG,20.459785714285708,,,,,H4
2024-04-14 20:00:00,NY,0.7615894039735099,0.7,LONG,21.032071428571435,,,,,H4
2024-04-15 00:00:00,Off,0.772093023255814,0.7,LONG,21.735428571428592,,,,,H4
2024-04-15 04:00:00,Off,0.772093023255814,0.7,LONG,21.657857142857143,,,,,H4
2024-04-15 08:00:00,London,0.75,0.7,LONG,21.962642857142846,,,,,H4
2024-04-15 16:00:00,London,0.772093023255814,0.7,LONG,25.43778571428568,,,,,H4
2024-04-15 20:00:00,NY,0.772093023255814,0.7,LONG,24.00521428571424,,,,,H4
2024-04-16 00:00:00,Off,0.7615894039735099,0.7,LONG,24.15035714285708,,,,,H4
2024-04-16 08:00:00,London,0.725,0.7,LONG,23.99357142857136,,,,,H4
2024-04-16 12:00:00,London,0.7615894039735099,0.7,LONG,25.37021428571422,,,,,H4
2024-04-17 04:00:00,Off,0.7615894039735099,0.7,LONG,18.5489285714285,,,,,H4
2024-04-17 08:00:00,London,0.7615894039735099,0.7,LONG,18.14064285714276,,,,,H4
2024-04-17 16:00:00,London,0.772093023255814,0.7,LONG,18.97978571428565,,,,,H4
2024-04-18 04:00:00,Off,0.7615894039735099,0.7,LONG,15.22785714285708,,,,,H4
2024-04-18 08:00:00,London,0.725,0.7,LONG,15.089428571428536,,,,,H4
2024-04-18 12:00:00,London,0.9444444444444444,0.7,LONG,14.894357142857125,,,,,H4
2024-04-19 04:00:00,Off,0.725,0.7,LONG,15.256857142857111,,,,,H4
2024-04-19 12:00:00,London,0.725,0.7,LONG,16.704499999999957,,,,,H4
2024-04-19 20:00:00,NY,0.725,0.7,LONG,16.05514285714282,,,,,H4
2024-04-21 20:00:00,NY,0.772093023255814,0.7,LONG,15.006642857142811,,,,,H4
2024-04-22 04:00:00,Off,0.772093023255814,0.7,LONG,16.175714285714257,,,,,H4
2024-04-22 08:00:00,London,0.725,0.7,LONG,17.344357142857103,,,,,H4
2024-04-22 12:00:00,London,0.772093023255814,0.7,LONG,18.141785714285657,,,,,H4
2024-04-22 16:00:00,London,0.7615894039735099,0.7,LONG,17.325928571428513,,,,,H4
2024-04-22 20:00:00,NY,0.772093023255814,0.7,LONG,17.135999999999935,,,,,H4
2024-04-23 00:00:00,Off,0.772093023255814,0.7,LONG,19.5830714285714,,,,,H4
2024-04-23 04:00:00,Off,0.7615894039735099,0.7,LONG,17.56335714285712,,,,,H4
2024-05-06 20:00:00,NY,0.772093023255814,0.7,LONG,12.669071428571442,,,,,H4
2024-05-07 04:00:00,Off,0.772093023255814,0.7,LONG,13.117642857142885,,,,,H4
2024-05-07 08:00:00,London,0.7615894039735099,0.7,LONG,12.913214285714307,,,,,H4
2024-05-07 12:00:00,London,0.772093023255814,0.7,LONG,13.402071428571457,,,,,H4
2024-05-08 04:00:00,Off,0.772093023255814,0.7,LONG,11.331714285714302,,,,,H4
2024-05-08 12:00:00,London,0.772093023255814,0.7,LONG,10.512928571428606,,,,,H4
2024-05-09 00:00:00,Off,0.7615894039735099,0.7,LONG,9.545857142857228,,,,,H4
2024-05-09 12:00:00,London,0.772093023255814,0.7,LONG,11.33471428571436,,,,,H4
2024-05-09 20:00:00,NY,0.772093023255814,0.7,LONG,11.199214285714366,,,,,H4
2024-05-10 04:00:00,Off,0.7615894039735099,0.7,LONG,12.539714285714354,,,,,H4
2024-05-10 16:00:00,London,0.725,0.7,LONG,12.48357142857146,,,,,H4
2024-05-10 20:00:00,NY,0.7615894039735099,0.7,LONG,11.889428571428589,,,,,H4
2024-05-13 00:00:00,Off,0.7615894039735099,0.7,LONG,11.671785714285727,,,,,H4
2024-05-13 04:00:00,Off,0.772093023255814,0.7,LONG,12.058214285714287,,,,,H4
2024-05-13 08:00:00,London,0.772093023255814,0.7,LONG,12.032785714285705,,,,,H4
2024-05-13 16:00:00,London,0.7615894039735099,0.7,LONG,10.943071428571397,,,,,H4
2024-05-14 00:00:00,Off,0.7615894039735099,0.7,LONG,10.489928571428534,,,,,H4
2024-05-14 04:00:00,Off,0.772093023255814,0.7,LONG,10.486571428571422,,,,,H4
2024-05-14 12:00:00,London,0.772093023255814,0.7,LONG,10.426785714285709,,,,,H4
2024-05-14 16:00:00,London,0.7615894039735099,0.7,LONG,10.003785714285709,,,,,H4
2024-05-15 04:00:00,Off,0.772093023255814,0.7,LONG,10.078285714285746,,,,,H4
2024-05-15 08:00:00,London,0.7615894039735099,0.7,LONG,10.26557142857145,,,,,H4
2024-05-15 12:00:00,London,0.772093023255814,0.7,LONG,11.932357142857168,,,,,H4
2024-05-15 16:00:00,London,0.772093023255814,0.7,LONG,12.022000000000032,,,,,H4
2024-05-15 20:00:00,NY,0.7615894039735099,0.7,LONG,11.22785714285718,,,,,H4
2024-05-16 12:00:00,London,0.772093023255814,0.7,LONG,12.587714285714323,,,,,H4
2024-05-16 16:00:00,London,0.772093023255814,0.7,LONG,12.270500000000052,,,,,H4
2024-05-17 04:00:00,Off,0.725,0.7,LONG,11.211928571428643,,,,,H4
2024-05-17 12:00:00,London,0.7615894039735099,0.7,LONG,13.032928571428686,,,,,H4
2024-05-19 20:00:00,NY,0.7615894039735099,0.7,LONG,11.21107142857152,,,,,H4
2024-05-20 12:00:00,London,0.9444444444444444,0.7,LONG,14.623071428571524,,,,,H4
2024-05-20 16:00:00,London,0.772093023255814,0.7,LONG,14.585071428571544,,,,,H4
2024-05-20 20:00:00,NY,0.772093023255814,0.7,LONG,14.65842857142869,,,,,H4
2024-05-21 04:00:00,Off,0.772093023255814,0.7,LONG,16.772571428571545,,,,,H4
2024-05-21 20:00:00,NY,0.772093023255814,0.7,LONG,14.671500000000083,,,,,H4
2024-05-22 00:00:00,Off,0.772093023255814,0.7,LONG,15.006428571428614,,,,,H4
2024-05-22 04:00:00,Off,0.772093023255814,0.7,LONG,14.71050000000004,,,,,H4
2024-05-22 12:00:00,London,0.772093023255814,0.7,LONG,15.080142857142878,,,,,H4
2024-05-22 16:00:00,London,0.772093023255814,0.7,LONG,15.112071428571458,,,,,H4
2024-05-22 20:00:00,NY,0.772093023255814,0.7,LONG,13.810214285714308,,,,,H4
2024-05-23 08:00:00,London,0.772093023255814,0.7,LONG,13.902142857142833,,,,,H4
2024-05-23 16:00:00,London,0.7615894039735099,0.7,LONG,15.57742857142856,,,,,H4
2024-05-23 20:00:00,NY,0.7615894039735099,0.7,LONG,15.062785714285676,,,,,H4
2024-06-07 08:00:00,London,0.7615894039735099,0.7,LONG,14.243857142857223,,,,,H4
2024-06-24 04:00:00,Off,0.772093023255814,0.7,LONG,12.296071428571397,,,,,H4
2024-06-24 08:00:00,London,0.772093023255814,0.7,LONG,12.298000000000002,,,,,H4
2024-06-24 12:00:00,London,0.772093023255814,0.7,LONG,12.350357142857124,,,,,H4
2024-06-24 16:00:00,London,0.7615894039735099,0.7,LONG,10.748857142857135,,,,,H4
2024-06-25 00:00:00,Off,0.772093023255814,0.7,LONG,10.80292857142857,,,,,H4
2024-06-25 16:00:00,London,0.7615894039735099,0.7,LONG,9.053785714285723,,,,,H4
2024-06-26 04:00:00,Off,0.772093023255814,0.7,LONG,9.499785714285704,,,,,H4
2024-06-26 08:00:00,London,0.7615894039735099,0.7,LONG,9.87649999999998,,,,,H4
2024-06-28 16:00:00,London,0.725,0.7,LONG,9.918071428571466,,,,,H4
2024-06-30 20:00:00,NY,0.725,0.7,LONG,8.299857142857165,,,,,H4
2024-07-01 12:00:00,London,0.772093023255814,0.7,LONG,10.013642857142909,,,,,H4
2024-07-01 16:00:00,London,0.7615894039735099,0.7,LONG,9.329714285714315,,,,,H4
2024-07-01 20:00:00,NY,0.772093023255814,0.7,LONG,9.028785714285732,,,,,H4
2024-07-02 00:00:00,Off,0.7615894039735099,0.7,LONG,9.418071428571434,,,,,H4
2024-07-02 04:00:00,Off,0.725,0.7,LONG,9.362499999999986,,,,,H4
2024-07-02 20:00:00,NY,0.7615894039735099,0.7,LONG,9.142928571428554,,,,,H4
2024-07-03 16:00:00,London,0.7615894039735099,0.7,LONG,10.36342857142852,,,,,H4
2024-07-03 20:00:00,NY,0.725,0.7,LONG,9.36699999999993,,,,,H4
2024-07-04 04:00:00,Off,0.7615894039735099,0.7,LONG,9.965571428571366,,,,,H4
2024-07-04 20:00:00,NY,0.772093023255814,0.7,LONG,7.766499999999951,,,,,H4
2024-07-08 00:00:00,Off,0.7615894039735099,0.7,LONG,8.722785714285724,,,,,H4
2024-07-08 04:00:00,Off,0.772093023255814,0.7,LONG,9.013285714285724,,,,,H4
2024-07-08 08:00:00,London,0.7615894039735099,0.7,LONG,9.108142857142834,,,,,H4
2024-07-08 12:00:00,London,0.772093023255814,0.7,LONG,10.822214285714283,,,,,H4
2024-07-08 16:00:00,London,0.772093023255814,0.7,LONG,10.99807142857146,,,,,H4
2024-07-08 20:00:00,NY,0.772093023255814,0.7,LONG,11.128285714285736,,,,,H4
2024-07-09 00:00:00,Off,0.772093023255814,0.7,LONG,11.414785714285731,,,,,H4
2024-07-09 04:00:00,Off,0.7615894039735099,0.7,LONG,11.660071428571428,,,,,H4
2024-07-09 16:00:00,London,0.772093023255814,0.7,LONG,10.665785714285708,,,,,H4
2024-07-09 20:00:00,NY,0.725,0.7,LONG,10.21849999999998,,,,,H4
2024-07-10 00:00:00,Off,0.7615894039735099,0.7,LONG,10.469357142857104,,,,,H4
2024-07-10 04:00:00,Off,0.7615894039735099,0.7,LONG,10.584071428571374,,,,,H4
2024-07-10 08:00:00,London,0.725,0.7,LONG,10.336357142857066,,,,,H4
2024-07-10 20:00:00,NY,0.725,0.7,LONG,8.694714285714229,,,,,H4
2024-07-11 16:00:00,London,0.772093023255814,0.7,LONG,11.24885714285704,,,,,H4
2024-07-12 04:00:00,Off,0.725,0.7,LONG,10.548857142857027,,,,,H4
2024-07-12 08:00:00,London,0.725,0.7,LONG,10.768142857142752,,,,,H4
2024-07-14 20:00:00,NY,0.7615894039735099,0.7,LONG,10.584999999999908,,,,,H4
2024-07-15 00:00:00,Off,0.772093023255814,0.7,LONG,10.944928571428491,,,,,H4
2024-07-15 12:00:00,London,0.772093023255814,0.7,LONG,13.30299999999995,,,,,H4
2024-07-15 16:00:00,London,0.772093023255814,0.7,LONG,11.417214285714246,,,,,H4
2024-07-15 20:00:00,NY,0.772093023255814,0.7,LONG,10.909285714285684,,,,,H4
2024-07-16 00:00:00,Off,0.772093023255814,0.7,LONG,11.384071428571392,,,,,H4
2024-07-16 08:00:00,London,0.772093023255814,0.7,LONG,11.72592857142854,,,,,H4
2024-07-17 16:00:00,London,0.772093023255814,0.7,LONG,15.507785714285708,,,,,H4
2024-07-17 20:00:00,NY,0.772093023255814,0.7,LONG,13.981785714285706,,,,,H4
2024-07-18 00:00:00,Off,0.772093023255814,0.7,LONG,13.375785714285712,,,,,H4
2024-07-18 04:00:00,Off,0.772093023255814,0.7,LONG,13.966928571428555,,,,,H4
2024-07-18 08:00:00,London,0.772093023255814,0.7,LONG,14.01485714285715,,,,,H4
2024-07-18 12:00:00,London,0.9444444444444444,0.7,LONG,13.872642857142864,,,,,H4
2024-07-18 16:00:00,London,1.0,0.7,LONG,14.732785714285717,,,,,H4
2024-07-18 20:00:00,NY,0.772093023255814,0.7,LONG,12.478857142857157,,,,,H4
2024-07-19 00:00:00,Off,0.7615894039735099,0.7,LONG,13.195142857142889,,,,,H4
2024-07-19 04:00:00,Off,0.772093023255814,0.7,LONG,14.109142857142874,,,,,H4
2024-07-19 12:00:00,London,0.772093023255814,0.7,LONG,14.019142857142892,,,,,H4
2024-07-19 16:00:00,London,0.7615894039735099,0.7,LONG,13.886428571428626,,,,,H4
2024-07-19 20:00:00,NY,0.7615894039735099,0.7,LONG,12.245357142857204,,,,,H4
2024-07-21 20:00:00,NY,0.772093023255814,0.7,LONG,12.0868571428572,,,,,H4
2024-07-22 00:00:00,Off,0.772093023255814,0.7,LONG,12.39650000000006,,,,,H4
2024-07-22 04:00:00,Off,0.772093023255814,0.7,LONG,12.175857142857208,,,,,H4
2024-07-22 08:00:00,London,0.772093023255814,0.7,LONG,12.172642857142916,,,,,H4
2024-07-22 20:00:00,NY,0.772093023255814,0.7,LONG,11.361142857142925,,,,,H4
2024-07-23 04:00:00,Off,0.7615894039735099,0.7,LONG,10.977928571428654,,,,,H4
2024-07-23 12:00:00,London,0.772093023255814,0.7,LONG,10.670714285714372,,,,,H4
2024-07-23 16:00:00,London,0.725,0.7,LONG,9.94550000000007,,,,,H4
2024-07-23 20:00:00,NY,0.725,0.7,LONG,9.54142857142863,,,,,H4
2024-07-24 00:00:00,Off,0.772093023255814,0.7,LONG,10.304714285714324,,,,,H4
2024-07-24 04:00:00,Off,0.7615894039735099,0.7,LONG,10.0311428571429,,,,,H4
2024-07-24 08:00:00,London,0.725,0.7,LONG,9.965000000000048,,,,,H4
2024-07-25 12:00:00,London,0.9444444444444444,0.7,LONG,14.211857142857168,,,,,H4
2024-08-02 20:00:00,NY,0.725,0.7,LONG,18.388000000000016,,,,,H4
2024-08-14 20:00:00,NY,0.772093023255814,0.7,LONG,12.33957142857139,,,,,H4
2024-08-15 00:00:00,Off,0.772093023255814,0.7,LONG,11.831928571428534,,,,,H4
2024-08-15 04:00:00,Off,0.772093023255814,0.7,LONG,12.018714285714234,,,,,H4
2024-08-15 08:00:00,London,0.725,0.7,LONG,11.62478571428567,,,,,H4
2024-08-15 16:00:00,London,0.772093023255814,0.7,LONG,13.824071428571347,,,,,H4
2024-08-15 20:00:00,NY,0.772093023255814,0.7,LONG,12.904071428571342,,,,,H4
2024-08-16 08:00:00,London,0.725,0.7,LONG,13.263857142857075,,,,,H4
2024-08-16 12:00:00,London,0.772093023255814,0.7,LONG,14.451357142857075,,,,,H4
2024-08-18 20:00:00,NY,0.7615894039735099,0.7,LONG,12.2036428571428,,,,,H4
2024-08-19 00:00:00,Off,0.772093023255814,0.7,LONG,12.83142857142853,,,,,H4
2024-08-19 08:00:00,London,0.772093023255814,0.7,LONG,13.722357142857096,,,,,H4
2024-08-19 16:00:00,London,0.772093023255814,0.7,LONG,12.1900714285714,,,,,H4
2024-08-20 00:00:00,Off,0.772093023255814,0.7,LONG,12.27492857142855,,,,,H4
2024-08-20 16:00:00,London,0.772093023255814,0.7,LONG,12.714214285714304,,,,,H4
2024-08-20 20:00:00,NY,0.772093023255814,0.7,LONG,11.773999999999983,,,,,H4
2024-08-21 00:00:00,Off,0.772093023255814,0.7,LONG,12.12714285714284,,,,,H4
2024-08-21 04:00:00,Off,0.772093023255814,0.7,LONG,12.557071428571394,,,,,H4
2024-08-21 08:00:00,London,0.7615894039735099,0.7,LONG,12.347428571428509,,,,,H4
2024-08-21 12:00:00,London,0.772093023255814,0.7,LONG,13.323142857142816,,,,,H4
2024-08-21 16:00:00,London,0.772093023255814,0.7,LONG,12.99585714285711,,,,,H4
2024-08-21 20:00:00,NY,0.772093023255814,0.7,LONG,11.876999999999953,,,,,H4
2024-08-22 00:00:00,Off,0.772093023255814,0.7,LONG,12.448499999999967,,,,,H4
2024-08-22 04:00:00,Off,0.772093023255814,0.7,LONG,13.00799999999994,,,,,H4
2024-08-22 16:00:00,London,1.0,0.7,LONG,13.824785714285683,,,,,H4
2024-08-22 20:00:00,NY,0.772093023255814,0.7,LONG,12.345214285714226,,,,,H4
2024-08-23 00:00:00,Off,0.7615894039735099,0.7,LONG,11.817999999999952,,,,,H4
2024-08-23 08:00:00,London,0.725,0.7,LONG,11.91378571428569,,,,,H4
2024-08-23 12:00:00,London,0.7615894039735099,0.7,LONG,12.79442857142856,,,,,H4
2024-08-23 20:00:00,NY,0.7615894039735099,0.7,LONG,11.753428571428556,,,,,H4
2024-08-25 20:00:00,NY,0.7615894039735099,0.7,LONG,11.002928571428551,,,,,H4
2024-08-26 00:00:00,Off,0.772093023255814,0.7,LONG,11.21764285714286,,,,,H4
2024-08-27 00:00:00,Off,0.772093023255814,0.7,LONG,9.563928571428573,,,,,H4
2024-08-28 04:00:00,Off,0.772093023255814,0.7,LONG,11.0735,,,,,H4
2024-08-28 08:00:00,London,0.772093023255814,0.7,LONG,11.292857142857104,,,,,H4
2024-08-28 16:00:00,London,0.772093023255814,0.7,LONG,12.079857142857106,,,,,H4
2024-08-28 20:00:00,NY,0.772093023255814,0.7,LONG,11.330714285714228,,,,,H4
2024-08-29 00:00:00,Off,0.772093023255814,0.7,LONG,11.25371428571423,,,,,H4
2024-08-29 04:00:00,Off,0.7615894039735099,0.7,LONG,11.515785714285682,,,,,H4
2024-08-29 12:00:00,London,0.772093023255814,0.7,LONG,12.062499999999934,,,,,H4
2024-08-29 20:00:00,NY,0.772093023255814,0.7,LONG,11.171142857142806,,,,,H4
2024-08-30 00:00:00,Off,0.725,0.7,LONG,10.578857142857098,,,,,H4
2024-08-30 04:00:00,Off,0.725,0.7,LONG,11.057571428571398,,,,,H4
2024-09-01 20:00:00,NY,0.7615894039735099,0.7,LONG,10.077071428571506,,,,,H4
2024-09-02 04:00:00,Off,0.772093023255814,0.7,LONG,10.542928571428677,,,,,H4
2024-09-02 12:00:00,London,0.772093023255814,0.7,LONG,10.47335714285727,,,,,H4
2024-09-02 16:00:00,London,0.75,0.7,LONG,9.128000000000124,,,,,H4
2024-09-02 20:00:00,NY,0.7615894039735099,0.7,LONG,8.579714285714415,,,,,H4
2024-09-03 00:00:00,Off,0.7615894039735099,0.7,LONG,8.909000000000137,,,,,H4
2024-09-03 04:00:00,Off,0.7615894039735099,0.7,LONG,9.016285714285816,,,,,H4
2024-09-03 20:00:00,NY,0.725,0.7,LONG,9.317142857142894,,,,,H4
2024-09-04 00:00:00,Off,0.7615894039735099,0.7,LONG,9.596785714285716,,,,,H4
2024-09-06 20:00:00,NY,0.7615894039735099,0.7,LONG,10.365785714285789,,,,,H4
2024-09-09 00:00:00,Off,0.772093023255814,0.7,LONG,10.216571428571472,,,,,H4
2024-09-09 04:00:00,Off,0.772093023255814,0.7,LONG,10.87135714285718,,,,,H4
2024-09-09 08:00:00,London,0.7615894039735099,0.7,LONG,10.538000000000045,,,,,H4
2024-09-09 12:00:00,London,0.772093023255814,0.7,LONG,10.508928571428603,,,,,H4
2024-09-09 16:00:00,London,0.7615894039735099,0.7,LONG,9.631714285714322,,,,,H4
2024-09-09 20:00:00,NY,0.772093023255814,0.7,LONG,9.03928571428576,,,,,H4
2024-09-10 08:00:00,London,0.725,0.7,LONG,9.647428571428623,,,,,H4
2024-09-10 12:00:00,London,0.772093023255814,0.7,LONG,10.495071428571496,,,,,H4
2024-09-10 16:00:00,London,0.725,0.7,LONG,8.923642857142893,,,,,H4
2024-09-10 20:00:00,NY,0.725,0.7,LONG,7.657357142857173,,,,,H4
2024-09-11 16:00:00,London,0.725,0.7,LONG,9.371357142857116,,,,,H4
2024-09-11 20:00:00,NY,0.725,0.7,LONG,8.69714285714284,,,,,H4
2024-09-12 00:00:00,Off,0.725,0.7,LONG,8.531928571428548,,,,,H4
2024-09-12 04:00:00,Off,0.725,0.7,LONG,8.912999999999979,,,,,H4
2024-09-12 20:00:00,NY,0.7615894039735099,0.7,LONG,10.46357142857138,,,,,H4
2024-09-13 20:00:00,NY,0.7615894039735099,0.7,LONG,10.629071428571349,,,,,H4
2024-09-15 20:00:00,NY,0.7615894039735099,0.7,LONG,10.10285714285708,,,,,H4
2024-09-16 00:00:00,Off,0.7615894039735099,0.7,LONG,10.639857142857084,,,,,H4
2024-09-16 12:00:00,London,0.772093023255814,0.7,LONG,11.756285714285598,,,,,H4
2024-09-16 20:00:00,NY,0.7615894039735099,0.7,LONG,8.619785714285594,,,,,H4
2024-09-17 00:00:00,Off,0.75,0.7,LONG,9.063928571428471,,,,,H4
2024-09-17 08:00:00,London,0.725,0.7,LONG,9.45649999999994,,,,,H4
2024-09-17 12:00:00,London,0.7615894039735099,0.7,LONG,10.254357142857089,,,,,H4
2024-09-17 16:00:00,London,0.725,0.7,LONG,9.792571428571364,,,,,H4
2024-09-17 20:00:00,NY,0.725,0.7,LONG,9.690071428571368,,,,,H4
2024-09-18 04:00:00,Off,0.725,0.7,LONG,10.34628571428568,,,,,H4
2024-09-18 08:00:00,London,0.725,0.7,LONG,10.534999999999952,,,,,H4
2024-09-18 20:00:00,NY,0.772093023255814,0.7,LONG,13.453999999999985,,,,,H4
2024-09-19 04:00:00,Off,0.772093023255814,0.7,LONG,15.896071428571434,,,,,H4
2024-09-19 08:00:00,London,0.7615894039735099,0.7,LONG,16.186571428571433,,,,,H4
2024-09-19 12:00:00,London,0.772093023255814,0.7,LONG,16.83071428571426,,,,,H4
2024-09-19 20:00:00,NY,0.772093023255814,0.7,LONG,15.089857142857127,,,,,H4
2024-09-22 20:00:00,NY,0.772093023255814,0.7,LONG,12.4838571428572,,,,,H4
2024-09-23 08:00:00,London,0.7615894039735099,0.7,LONG,11.75092857142863,,,,,H4
2024-09-23 12:00:00,London,0.772093023255814,0.7,LONG,11.838714285714332,,,,,H4
2024-09-23 16:00:00,London,0.772093023255814,0.7,LONG,10.682000000000048,,,,,H4
2024-09-23 20:00:00,NY,0.772093023255814,0.7,LONG,10.396785714285768,,,,,H4
2024-09-24 04:00:00,Off,0.7615894039735099,0.7,LONG,11.615428571428668,,,,,H4
2024-09-24 08:00:00,London,0.7615894039735099,0.7,LONG,11.217857142857222,,,,,H4
2024-09-24 20:00:00,NY,0.772093023255814,0.7,LONG,12.139071428571436,,,,,H4
2024-09-25 08:00:00,London,0.7615894039735099,0.7,LONG,12.885499999999997,,,,,H4
2024-09-25 16:00:00,London,0.772093023255814,0.7,LONG,12.733214285714244,,,,,H4
2024-09-25 20:00:00,NY,0.772093023255814,0.7,LONG,11.966142857142811,,,,,H4
2024-09-26 00:00:00,Off,0.7615894039735099,0.7,LONG,12.108999999999956,,,,,H4
2024-09-26 04:00:00,Off,0.772093023255814,0.7,LONG,12.55949999999994,,,,,H4
2024-09-26 12:00:00,London,0.9444444444444444,0.7,LONG,14.028357142857072,,,,,H4
2024-09-26 16:00:00,London,0.772093023255814,0.7,LONG,14.172571428571375,,,,,H4
2024-09-26 20:00:00,NY,0.772093023255814,0.7,LONG,12.615857142857132,,,,,H4
2024-09-27 12:00:00,London,0.7615894039735099,0.7,LONG,13.072785714285764,,,,,H4
2024-09-27 16:00:00,London,0.7615894039735099,0.7,LONG,13.60471428571431,,,,,H4
2024-09-27 20:00:00,NY,0.7615894039735099,0.7,LONG,13.288785714285725,,,,,H4
2024-09-29 20:00:00,NY,0.772093023255814,0.7,LONG,12.839285714285747,,,,,H4
2024-09-30 08:00:00,London,0.7615894039735099,0.7,LONG,15.023857142857196,,,,,H4
2024-09-30 12:00:00,London,0.9444444444444444,0.7,LONG,14.63164285714291,,,,,H4
2024-10-01 00:00:00,Off,0.772093023255814,0.7,LONG,13.2795,,,,,H4
2024-10-01 04:00:00,Off,0.772093023255814,0.7,LONG,13.441357142857148,,,,,H4
2024-10-01 08:00:00,London,0.772093023255814,0.7,LONG,13.19564285714286,,,,,H4
2024-10-01 12:00:00,London,0.772093023255814,0.7,LONG,14.123571428571395,,,,,H4
2024-10-02 04:00:00,Off,0.772093023255814,0.7,LONG,12.84264285714286,,,,,H4
2024-10-02 16:00:00,London,0.772093023255814,0.7,LONG,12.209428571428557,,,,,H4
2024-10-02 20:00:00,NY,0.772093023255814,0.7,LONG,11.313357142857123,,,,,H4
2024-10-03 04:00:00,Off,0.772093023255814,0.7,LONG,11.379928571428536,,,,,H4
2024-10-03 08:00:00,London,0.7615894039735099,0.7,LONG,11.524428571428546,,,,,H4
2024-10-03 16:00:00,London,0.772093023255814,0.7,LONG,12.281428571428544,,,,,H4
2024-10-03 20:00:00,NY,0.772093023255814,0.7,LONG,10.839000000000008,,,,,H4
2024-10-04 16:00:00,London,0.7615894039735099,0.7,LONG,12.584214285714229,,,,,H4
2024-10-04 20:00:00,NY,0.725,0.7,LONG,11.287071428571348,,,,,H4
2024-10-07 00:00:00,Off,0.772093023255814,0.7,LONG,11.082071428571355,,,,,H4
2024-10-07 08:00:00,London,0.7615894039735099,0.7,LONG,10.97964285714277,,,,,H4
2024-10-07 16:00:00,London,0.772093023255814,0.7,LONG,11.395357142857067,,,,,H4
2024-10-07 20:00:00,NY,0.772093023255814,0.7,LONG,10.9512857142856,,,,,H4
2024-10-08 08:00:00,London,0.772093023255814,0.7,LONG,13.260142857142748,,,,,H4
2024-10-23 16:00:00,London,0.772093023255814,0.7,LONG,12.811071428571363,,,,,H4
2024-10-23 20:00:00,NY,0.7615894039735099,0.7,LONG,11.669857142857088,,,,,H4
2024-10-24 00:00:00,Off,0.772093023255814,0.7,LONG,11.49264285714282,,,,,H4
2024-10-24 04:00:00,Off,0.772093023255814,0.7,LONG,12.235285714285672,,,,,H4
2024-10-24 08:00:00,London,0.7615894039735099,0.7,LONG,11.857571428571386,,,,,H4
2024-10-24 12:00:00,London,0.772093023255814,0.7,LONG,12.765999999999948,,,,,H4
2024-10-24 16:00:00,London,0.772093023255814,0.7,LONG,12.913357142857064,,,,,H4
2024-10-24 20:00:00,NY,0.772093023255814,0.7,LONG,12.257214285714197,,,,,H4
2024-10-25 00:00:00,Off,0.7615894039735099,0.7,LONG,12.187857142857084,,,,,H4
2024-10-25 16:00:00,London,0.725,0.7,LONG,13.546214285714248,,,,,H4
2024-10-27 20:00:00,NY,0.7615894039735099,0.7,LONG,11.318857142857109,,,,,H4
2024-10-28 00:00:00,Off,0.772093023255814,0.7,LONG,11.599071428571376,,,,,H4
2024-10-28 08:00:00,London,0.772093023255814,0.7,LONG,11.97742857142852,,,,,H4
2024-10-28 16:00:00,London,0.7615894039735099,0.7,LONG,11.38499999999996,,,,,H4
2024-10-29 00:00:00,Off,0.772093023255814,0.7,LONG,11.6484285714286,,,,,H4
2024-10-29 20:00:00,NY,0.7615894039735099,0.7,LONG,11.24107142857146,,,,,H4
2024-10-30 04:00:00,Off,0.7615894039735099,0.7,LONG,11.083857142857209,,,,,H4
2024-10-30 08:00:00,London,0.725,0.7,LONG,10.842428571428629,,,,,H4
2024-10-30 20:00:00,NY,0.725,0.7,LONG,9.688000000000004,,,,,H4
2024-10-31 00:00:00,Off,0.7615894039735099,0.7,LONG,9.796214285714282,,,,,H4
2024-10-31 04:00:00,Off,0.772093023255814,0.7,LONG,10.075571428571427,,,,,H4
2024-10-31 16:00:00,London,0.772093023255814,0.7,LONG,12.868785714285682,,,,,H4
2024-11-01 00:00:00,Off,0.7615894039735099,0.7,LONG,11.277214285714276,,,,,H4
2024-11-01 04:00:00,Off,0.7615894039735099,0.7,LONG,11.780142857142826,,,,,H4
2024-11-01 20:00:00,NY,0.7615894039735099,0.7,LONG,12.14814285714283,,,,,H4
2024-11-03 20:00:00,NY,0.772093023255814,0.7,LONG,12.195499999999972,,,,,H4
2024-11-04 00:00:00,Off,0.772093023255814,0.7,LONG,12.461999999999987,,,,,H4
2024-11-04 04:00:00,Off,0.772093023255814,0.7,LONG,12.691714285714268,,,,,H4
2024-11-04 08:00:00,London,0.772093023255814,0.7,LONG,13.04407142857141,,,,,H4
2024-11-04 16:00:00,London,0.772093023255814,0.7,LONG,10.058928571428591,,,,,H4
2024-11-04 20:00:00,NY,0.7615894039735099,0.7,LONG,9.403571428571436,,,,,H4
2024-11-05 00:00:00,Off,0.772093023255814,0.7,LONG,9.909571428571423,,,,,H4
2024-11-05 04:00:00,Off,0.7615894039735099,0.7,LONG,10.100285714285716,,,,,H4
2024-11-05 20:00:00,NY,0.725,0.7,LONG,9.24878571428576,,,,,H4
2024-11-06 04:00:00,Off,0.772093023255814,0.7,LONG,12.83050000000006,,,,,H4
2024-11-06 12:00:00,London,0.772093023255814,0.7,LONG,18.311785714285765,,,,,H4
2024-11-06 16:00:00,London,0.7615894039735099,0.7,LONG,18.543714285714323,,,,,H4
2024-11-06 20:00:00,NY,0.7615894039735099,0.7,LONG,18.41342857142857,,,,,H4
2024-11-25 04:00:00,Off,0.772093023255814,0.7,LONG,16.805285714285706,,,,,H4
2024-11-25 08:00:00,London,0.7615894039735099,0.7,LONG,17.630857142857135,,,,,H4
2024-11-25 20:00:00,NY,0.7615894039735099,0.7,LONG,22.91199999999997,,,,,H4
2024-11-26 00:00:00,Off,0.772093023255814,0.7,LONG,24.332785714285688,,,,,H4
2024-11-26 04:00:00,Off,0.7615894039735099,0.7,LONG,24.25714285714285,,,,,H4
2024-11-26 08:00:00,London,0.7615894039735099,0.7,LONG,24.60157142857143,,,,,H4
2024-11-26 12:00:00,London,0.772093023255814,0.7,LONG,25.227,,,,,H4
2024-11-26 16:00:00,London,0.7615894039735099,0.7,LONG,24.606857142857148,,,,,H4
2024-11-27 00:00:00,Off,0.772093023255814,0.7,LONG,24.532071428571435,,,,,H4
2024-11-27 04:00:00,Off,0.7615894039735099,0.7,LONG,24.62200000000004,,,,,H4
2024-11-27 08:00:00,London,0.7615894039735099,0.7,LONG,21.021071428571467,,,,,H4
2024-11-27 16:00:00,London,0.772093023255814,0.7,LONG,20.54992857142861,,,,,H4
2024-11-27 20:00:00,NY,0.7615894039735099,0.7,LONG,16.493285714285776,,,,,H4
2024-11-28 08:00:00,London,0.772093023255814,0.7,LONG,14.395642857142873,,,,,H4
2024-11-28 12:00:00,London,0.9444444444444444,0.7,LONG,13.763071428571427,,,,,H4
2024-11-28 16:00:00,London,0.772093023255814,0.7,LONG,12.632357142857147,,,,,H4
2024-11-29 16:00:00,London,0.725,0.7,LONG,12.13921428571429,,,,,H4
2024-12-01 20:00:00,NY,0.7615894039735099,0.7,LONG,11.39028571428571,,,,,H4
2024-12-02 00:00:00,Off,0.772093023255814,0.7,LONG,12.403142857142871,,,,,H4
2024-12-02 08:00:00,London,0.772093023255814,0.7,LONG,13.065214285714289,,,,,H4
2024-12-02 20:00:00,NY,0.772093023255814,0.7,LONG,12.95550000000006,,,,,H4
2024-12-03 00:00:00,Off,0.772093023255814,0.7,LONG,13.406428571428608,,,,,H4
2024-12-03 04:00:00,Off,0.772093023255814,0.7,LONG,14.08735714285714,,,,,H4
2024-12-03 12:00:00,London,0.772093023255814,0.7,LONG,13.551071428571406,,,,,H4
2024-12-03 16:00:00,London,0.772093023255814,0.7,LONG,13.471142857142857,,,,,H4
2024-12-03 20:00:00,NY,0.772093023255814,0.7,LONG,12.697428571428548,,,,,H4
2024-12-04 00:00:00,Off,0.772093023255814,0.7,LONG,12.943357142857137,,,,,H4
2024-12-04 16:00:00,London,0.772093023255814,0.7,LONG,12.02349999999998,,,,,H4
2024-12-04 20:00:00,NY,0.772093023255814,0.7,LONG,11.248499999999988,,,,,H4
2024-12-05 00:00:00,Off,0.772093023255814,0.7,LONG,10.913928571428576,,,,,H4
2024-12-05 16:00:00,London,0.772093023255814,0.7,LONG,12.462428571428584,,,,,H4
2024-12-05 20:00:00,NY,0.772093023255814,0.7,LONG,11.41721428571431,,,,,H4
2024-12-12 04:00:00,Off,0.772093023255814,0.7,LONG,14.439000000000012,,,,,H4
2024-12-12 08:00:00,London,0.772093023255814,0.7,LONG,14.31714285714286,,,,,H4
2024-12-12 12:00:00,London,0.772093023255814,0.7,LONG,16.25292857142855,,,,,H4
2024-12-12 16:00:00,London,0.772093023255814,0.7,LONG,15.826142857142877,,,,,H4
2024-12-12 20:00:00,NY,0.9444444444444444,0.7,LONG,14.730000000000018,,,,,H4
2024-12-13 20:00:00,NY,0.7615894039735099,0.7,LONG,14.011500000000035,,,,,H4
2024-12-15 20:00:00,NY,0.772093023255814,0.7,LONG,13.644571428571483,,,,,H4
2024-12-16 12:00:00,London,0.772093023255814,0.7,LONG,12.983357142857196,,,,,H4
2024-12-16 16:00:00,London,0.772093023255814,0.7,LONG,10.838500000000067,,,,,H4
2024-12-16 20:00:00,NY,0.772093023255814,0.7,LONG,10.298000000000034,,,,,H4
2024-12-17 12:00:00,London,0.7615894039735099,0.7,LONG,10.432928571428617,,,,,H4
2024-12-17 20:00:00,NY,0.725,0.7,LONG,9.454857142857204,,,,,H4
2024-12-18 04:00:00,Off,0.7615894039735099,0.7,LONG,9.538714285714311,,,,,H4
2024-12-26 16:00:00,London,0.7615894039735099,0.7,LONG,8.125642857142793,,,,,H4
2024-12-26 20:00:00,NY,0.772093023255814,0.7,LONG,8.184142857142758,,,,,H4
2024-12-27 00:00:00,Off,0.7615894039735099,0.7,LONG,8.048642857142795,,,,,H4
2024-12-27 12:00:00,London,0.725,0.7,LONG,9.322499999999923,,,,,H4
2024-12-29 20:00:00,NY,0.725,0.7,LONG,9.222357142857064,,,,,H4
2024-12-30 00:00:00,Off,0.772093023255814,0.7,LONG,9.358642857142806,,,,,H4
2025-01-03 04:00:00,Off,0.725,0.7,LONG,10.43371428571436,,,,,H4
2025-01-03 16:00:00,London,0.725,0.7,LONG,10.01514285714292,,,,,H4
2025-01-05 20:00:00,NY,0.7615894039735099,0.7,LONG,9.919500000000037,,,,,H4
2025-01-06 00:00:00,Off,0.772093023255814,0.7,LONG,10.252857142857206,,,,,H4
2025-01-06 04:00:00,Off,0.772093023255814,0.7,LONG,10.3918571428572,,,,,H4
2025-01-07 00:00:00,Off,0.772093023255814,0.7,LONG,11.956,,,,,H4
2025-01-07 08:00:00,London,0.7615894039735099,0.7,LONG,11.724999999999977,,,,,H4
2025-01-08 08:00:00,London,0.772093023255814,0.7,LONG,12.3143571428571,,,,,H4
2025-01-08 16:00:00,London,0.772093023255814,0.7,LONG,12.543928571428555,,,,,H4
2025-01-08 20:00:00,NY,0.7615894039735099,0.7,LONG,10.499000000000024,,,,,H4
2025-01-09 00:00:00,Off,0.7615894039735099,0.7,LONG,10.334714285714329,,,,,H4
2025-01-09 04:00:00,Off,0.7615894039735099,0.7,LONG,10.877642857142908,,,,,H4
2025-01-09 16:00:00,London,0.772093023255814,0.7,LONG,11.394500000000107,,,,,H4
2025-01-09 20:00:00,NY,0.7615894039735099,0.7,LONG,9.999214285714386,,,,,H4
2025-01-10 16:00:00,London,0.7615894039735099,0.7,LONG,12.220857142857312,,,,,H4
2025-01-10 20:00:00,NY,0.725,0.7,LONG,11.309785714285876,,,,,H4
2025-01-12 20:00:00,NY,0.7615894039735099,0.7,LONG,10.105142857143036,,,,,H4
2025-01-13 04:00:00,Off,0.772093023255814,0.7,LONG,10.801357142857276,,,,,H4
2025-01-13 08:00:00,London,0.7615894039735099,0.7,LONG,11.000285714285836,,,,,H4
2025-01-13 12:00:00,London,0.772093023255814,0.7,LONG,11.236428571428664,,,,,H4
2025-01-14 00:00:00,Off,0.7615894039735099,0.7,LONG,11.52042857142864,,,,,H4
2025-01-14 12:00:00,London,0.772093023255814,0.7,LONG,12.41114285714288,,,,,H4
2025-01-14 20:00:00,NY,0.725,0.7,LONG,10.169500000000005,,,,,H4
2025-01-15 00:00:00,Off,0.772093023255814,0.7,LONG,10.004071428571413,,,,,H4
2025-01-15 04:00:00,Off,0.7615894039735099,0.7,LONG,10.436214285714252,,,,,H4
2025-01-15 08:00:00,London,0.772093023255814,0.7,LONG,9.99699999999994,,,,,H4
2025-01-15 12:00:00,London,0.772093023255814,0.7,LONG,10.808857142857116,,,,,H4
2025-01-16 08:00:00,London,0.7615894039735099,0.7,LONG,10.670499999999947,,,,,H4
2025-01-16 20:00:00,NY,0.772093023255814,0.7,LONG,10.783999999999976,,,,,H4
2025-01-17 20:00:00,NY,0.725,0.7,LONG,10.576571428571404,,,,,H4
2025-01-19 20:00:00,NY,0.7615894039735099,0.7,LONG,10.100214285714271,,,,,H4
2025-01-20 04:00:00,Off,0.7615894039735099,0.7,LONG,10.956,,,,,H4
2025-01-20 08:00:00,London,0.7615894039735099,0.7,LONG,10.912714285714303,,,,,H4
2025-01-20 12:00:00,London,0.772093023255814,0.7,LONG,10.6285,,,,,H4
2025-01-20 20:00:00,NY,0.7615894039735099,0.7,LONG,9.392214285714315,,,,,H4
2025-01-21 08:00:00,London,0.7615894039735099,0.7,LONG,11.368714285714336,,,,,H4
2025-01-21 16:00:00,London,0.725,0.7,LONG,11.64692857142862,,,,,H4
2025-01-21 20:00:00,NY,0.7615894039735099,0.7,LONG,11.032285714285765,,,,,H4
2025-01-23 00:00:00,Off,0.772093023255814,0.7,LONG,10.67928571428573,,,,,H4
2025-01-23 04:00:00,Off,0.772093023255814,0.7,LONG,10.77921428571426,,,,,H4
2025-01-23 08:00:00,London,0.772093023255814,0.7,LONG,10.048999999999978,,,,,H4
2025-01-24 00:00:00,Off,0.7615894039735099,0.7,LONG,10.74057142857136,,,,,H4
2025-01-26 20:00:00,NY,0.725,0.7,LONG,9.844999999999995,,,,,H4
2025-01-27 04:00:00,Off,0.772093023255814,0.7,LONG,11.456071428571445,,,,,H4
2025-02-05 20:00:00,NY,0.772093023255814,0.7,LONG,14.313214285714205,,,,,H4
2025-02-06 04:00:00,Off,0.9444444444444444,0.7,LONG,14.801214285714227,,,,,H4
2025-02-06 08:00:00,London,0.7615894039735099,0.7,LONG,15.255642857142805,,,,,H4
2025-02-06 16:00:00,London,0.772093023255814,0.7,LONG,16.46492857142854,,,,,H4
2025-02-06 20:00:00,NY,0.9444444444444444,0.7,LONG,14.618142857142857,,,,,H4
2025-02-07 00:00:00,Off,0.772093023255814,0.7,LONG,14.647785714285712,,,,,H4
2025-02-07 12:00:00,London,0.725,0.7,LONG,16.145571428571397,,,,,H4
2025-02-09 20:00:00,NY,0.7615894039735099,0.7,LONG,15.230142857142871,,,,,H4
2025-02-10 00:00:00,Off,0.772093023255814,0.7,LONG,15.204785714285729,,,,,H4
2025-02-10 04:00:00,Off,0.725,0.7,LONG,16.1062857142857,,,,,H4
2025-02-11 08:00:00,London,0.7615894039735099,0.7,LONG,18.08849999999997,,,,,H4
2025-02-11 12:00:00,London,0.7615894039735099,0.7,LONG,19.331142857142822,,,,,H4
2025-02-11 20:00:00,NY,0.7615894039735099,0.7,LONG,16.005571428571393,,,,,H4
2025-02-12 00:00:00,Off,0.7615894039735099,0.7,LONG,16.767642857142814,,,,,H4
2025-02-12 04:00:00,Off,0.7615894039735099,0.7,LONG,16.889571428571376,,,,,H4
2025-02-12 20:00:00,NY,0.7615894039735099,0.7,LONG,17.883428571428503,,,,,H4
2025-02-13 00:00:00,Off,0.772093023255814,0.7,LONG,18.101571428571333,,,,,H4
2025-02-13 04:00:00,Off,0.7615894039735099,0.7,LONG,17.492642857142755,,,,,H4
2025-02-13 16:00:00,London,0.772093023255814,0.7,LONG,15.146071428571336,,,,,H4
2025-02-13 20:00:00,NY,0.9444444444444444,0.7,LONG,13.914928571428488,,,,,H4
2025-02-14 00:00:00,Off,0.772093023255814,0.7,LONG,14.029857142857022,,,,,H4
2025-02-14 12:00:00,London,0.725,0.7,LONG,16.186785714285634,,,,,H4
2025-02-14 16:00:00,London,0.725,0.7,LONG,16.92942857142852,,,,,H4
2025-02-17 00:00:00,Off,0.772093023255814,0.7,LONG,16.089999999999982,,,,,H4
2025-02-17 04:00:00,Off,0.772093023255814,0.7,LONG,16.124357142857175,,,,,H4
2025-02-17 08:00:00,London,0.7615894039735099,0.7,LONG,16.208214285714316,,,,,H4
2025-02-17 12:00:00,London,0.772093023255814,0.7,LONG,16.113500000000027,,,,,H4
2025-02-17 16:00:00,London,0.7615894039735099,0.7,LONG,15.341571428571472,,,,,H4
2025-02-18 00:00:00,Off,0.7615894039735099,0.7,LONG,15.278214285714316,,,,,H4
2025-02-18 04:00:00,Off,0.7615894039735099,0.7,LONG,15.116857142857205,,,,,H4
2025-02-18 12:00:00,London,0.7701141202076951,0.7,LONG,15.223000000000022,,,,,H4
2025-02-18 20:00:00,NY,0.772093023255814,0.7,LONG,11.75957142857143,,,,,H4
2025-02-19 00:00:00,Off,0.772093023255814,0.7,LONG,12.21342857142856,,,,,H4
2025-02-19 08:00:00,London,0.7615894039735099,0.7,LONG,10.908857142857157,,,,,H4
2025-02-19 12:00:00,London,0.772093023255814,0.7,LONG,10.834785714285706,,,,,H4
2025-02-19 16:00:00,London,0.772093023255814,0.7,LONG,10.999285714285731,,,,,H4
2025-02-19 20:00:00,NY,0.7615894039735099,0.7,LONG,10.817642857142866,,,,,H4
2025-02-20 00:00:00,Off,0.772093023255814,0.7,LONG,11.204928571428582,,,,,H4
2025-02-20 04:00:00,Off,0.772093023255814,0.7,LONG,12.103214285714298,,,,,H4
2025-02-20 12:00:00,London,0.772093023255814,0.7,LONG,12.617357142857143,,,,,H4
2025-02-20 20:00:00,NY,0.772093023255814,0.7,LONG,12.331000000000031,,,,,H4
2025-02-21 04:00:00,Off,0.75,0.7,LONG,13.48328571428572,,,,,H4
2025-02-21 20:00:00,NY,0.7615894039735099,0.7,LONG,13.773000000000009,,,,,H4
2025-02-23 20:00:00,NY,0.772093023255814,0.7,LONG,13.085857142857126,,,,,H4
2025-02-25 04:00:00,Off,0.772093023255814,0.7,LONG,13.63807142857146,,,,,H4
2025-02-25 08:00:00,London,0.772093023255814,0.7,LONG,13.858142857142932,,,,,H4
2025-03-07 16:00:00,London,0.725,0.7,LONG,15.610999999999974,,,,,H4
2025-03-07 20:00:00,NY,0.7615894039735099,0.7,LONG,14.0683571428571,,,,,H4
2025-03-09 20:00:00,NY,0.772093023255814,0.7,LONG,13.25471428571424,,,,,H4
2025-03-10 04:00:00,Off,0.772093023255814,0.7,LONG,13.55207142857135,,,,,H4
2025-03-10 08:00:00,London,0.772093023255814,0.7,LONG,14.019928571428506,,,,,H4
2025-03-14 20:00:00,NY,0.7615894039735099,0.7,LONG,14.094357142857136,,,,,H4
2025-03-16 20:00:00,NY,0.772093023255814,0.7,LONG,13.764357142857111,,,,,H4
2025-03-17 00:00:00,Off,0.772093023255814,0.7,LONG,13.717857142857124,,,,,H4
2025-03-17 04:00:00,Off,0.772093023255814,0.7,LONG,13.571214285714277,,,,,H4
2025-03-17 12:00:00,London,0.9444444444444444,0.7,LONG,14.04178571428575,,,,,H4
2025-03-17 16:00:00,London,0.772093023255814,0.7,LONG,11.774642857142908,,,,,H4
2025-03-17 20:00:00,NY,0.772093023255814,0.7,LONG,11.351285714285757,,,,,H4
2025-03-18 12:00:00,London,0.7615894039735099,0.7,LONG,11.528357142857203,,,,,H4
2025-03-18 20:00:00,NY,0.7615894039735099,0.7,LONG,10.322214285714349,,,,,H4
2025-03-19 00:00:00,Off,0.7615894039735099,0.7,LONG,10.650928571428624,,,,,H4
2025-03-19 04:00:00,Off,0.772093023255814,0.7,LONG,10.867571428571509,,,,,H4
2025-03-20 08:00:00,London,0.772093023255814,0.7,LONG,13.20457142857143,,,,,H4
2025-03-20 12:00:00,London,0.772093023255814,0.7,LONG,13.17292857142859,,,,,H4
2025-03-20 16:00:00,London,0.772093023255814,0.7,LONG,13.101357142857166,,,,,H4
2025-03-20 20:00:00,NY,0.772093023255814,0.7,LONG,12.349500000000036,,,,,H4
2025-03-21 00:00:00,Off,0.7615894039735099,0.7,LONG,13.014000000000026,,,,,H4
2025-03-21 04:00:00,Off,0.7615894039735099,0.7,LONG,13.58021428571432,,,,,H4
2025-03-21 16:00:00,London,0.725,0.7,LONG,15.054285714285763,,,,,H4
2025-03-21 20:00:00,NY,0.7615894039735099,0.7,LONG,14.267857142857142,,,,,H4
2025-03-23 20:00:00,NY,0.772093023255814,0.7,LONG,12.951642857142849,,,,,H4
2025-03-24 00:00:00,Off,0.9444444444444444,0.7,LONG,13.299642857142835,,,,,H4
2025-03-24 04:00:00,Off,0.772093023255814,0.7,LONG,13.387142857142862,,,,,H4
2025-03-24 20:00:00,NY,0.8771483394876003,0.7,LONG,13.067142857142828,,,,,H4
2025-03-25 00:00:00,Off,0.772093023255814,0.7,LONG,13.470142857142816,,,,,H4
2025-03-25 04:00:00,Off,0.772093023255814,0.7,LONG,12.972071428571391,,,,,H4
2025-03-25 20:00:00,NY,0.772093023255814,0.7,LONG,11.25621428571422,,,,,H4
2025-03-26 08:00:00,London,0.772093023255814,0.7,LONG,12.898857142857098,,,,,H4
2025-03-26 12:00:00,London,0.772093023255814,0.7,LONG,13.274071428571396,,,,,H4
2025-03-26 20:00:00,NY,0.7615894039735099,0.7,LONG,11.56899999999996,,,,,H4
2025-03-27 12:00:00,London,0.9444444444444444,0.7,LONG,13.83792857142862,,,,,H4
2025-03-27 20:00:00,NY,0.772093023255814,0.7,LONG,12.121642857142888,,,,,H4
2025-03-28 04:00:00,Off,0.7615894039735099,0.7,LONG,13.88521428571432,,,,,H4
2025-03-28 08:00:00,London,0.725,0.7,LONG,14.19628571428575,,,,,H4
2025-03-28 16:00:00,London,0.772093023255814,0.7,LONG,14.201714285714322,,,,,H4
2025-03-28 20:00:00,NY,0.7615894039735099,0.7,LONG,13.315142857142876,,,,,H4
2025-03-30 20:00:00,NY,0.772093023255814,0.7,LONG,13.827928571428597,,,,,H4
2025-03-31 08:00:00,London,0.7615894039735099,0.7,LONG,16.90307142857143,,,,,H4
2025-03-31 12:00:00,London,0.772093023255814,0.7,LONG,17.284785714285686,,,,,H4
2025-03-31 16:00:00,London,0.7615894039735099,0.7,LONG,16.32478571428565,,,,,H4
2025-03-31 20:00:00,NY,0.772093023255814,0.7,LONG,16.06285714285712,,,,,H4
2025-04-01 20:00:00,NY,0.7615894039735099,0.7,LONG,18.36835714285712,,,,,H4
2025-04-02 04:00:00,Off,0.7615894039735099,0.7,LONG,19.99592857142856,,,,,H4
2025-04-02 08:00:00,London,0.725,0.7,LONG,19.20628571428571,,,,,H4
2025-04-02 12:00:00,London,0.772093023255814,0.7,LONG,18.73199999999997,,,,,H4
2025-04-03 00:00:00,Off,0.772093023255814,0.7,LONG,22.094285714285725,,,,,H4
2025-04-03 04:00:00,Off,0.772093023255814,0.7,LONG,24.015714285714303,,,,,H4
2025-04-03 08:00:00,London,0.7615894039735099,0.7,LONG,25.426785714285707,,,,,H4
2025-04-03 12:00:00,London,0.772093023255814,0.7,LONG,29.46857142857139,,,,,H4
2025-04-03 16:00:00,London,0.7615894039735099,0.7,LONG,29.591999999999967,,,,,H4
2025-04-03 20:00:00,NY,0.7615894039735099,0.7,LONG,28.812,,,,,H4
2025-04-04 16:00:00,London,0.725,0.7,LONG,38.05507142857141,,,,,H4
2025-04-04 20:00:00,NY,0.725,0.7,LONG,37.44635714285716,,,,,H4
2025-04-06 20:00:00,NY,0.7615894039735099,0.7,LONG,40.71628571428573,,,,,H4
2025-04-07 00:00:00,Off,0.772093023255814,0.7,LONG,42.29100000000004,,,,,H4
2025-04-07 04:00:00,Off,0.772093023255814,0.7,LONG,42.8148571428572,,,,,H4
2025-04-14 04:00:00,Off,0.772093023255814,0.7,LONG,27.85892857142861,,,,,H4
2025-04-14 08:00:00,London,0.725,0.7,LONG,27.821571428571456,,,,,H4
2025-04-14 16:00:00,London,0.7615894039735099,0.7,LONG,25.793928571428587,,,,,H4
2025-04-15 04:00:00,Off,0.7615894039735099,0.7,LONG,22.87700000000005,,,,,H4
2025-04-15 08:00:00,London,0.725,0.7,LONG,21.68471428571433,,,,,H4
2025-04-15 16:00:00,London,0.7615894039735099,0.7,LONG,19.19700000000002,,,,,H4
2025-04-16 08:00:00,London,0.7615894039735099,0.7,LONG,21.178142857142834,,,,,H4
2025-04-16 16:00:00,London,0.7615894039735099,0.7,LONG,21.90478571428568,,,,,H4
2025-04-17 00:00:00,Off,0.772093023255814,0.7,LONG,22.31414285714284,,,,,H4
2025-04-17 04:00:00,Off,0.772093023255814,0.7,LONG,23.97278571428569,,,,,H4
2025-04-17 08:00:00,London,0.725,0.7,LONG,24.15321428571425,,,,,H4
2025-04-17 16:00:00,London,0.772093023255814,0.7,LONG,28.11342857142849,,,,,H4
2025-04-17 20:00:00,NY,0.772093023255814,0.7,LONG,27.80357142857133,,,,,H4
2025-04-20 20:00:00,NY,0.7615894039735099,0.7,LONG,28.73507142857134,,,,,H4
2025-04-21 12:00:00,London,0.772093023255814,0.7,LONG,28.930785714285644,,,,,H4
2025-04-21 20:00:00,NY,0.772093023255814,0.7,LONG,28.70478571428563,,,,,H4
2025-04-22 00:00:00,Off,0.772093023255814,0.7,LONG,32.93685714285708,,,,,H4
2025-04-22 08:00:00,London,0.7615894039735099,0.7,LONG,33.09542857142849,,,,,H4
2025-04-22 12:00:00,London,0.7615894039735099,0.7,LONG,35.57378571428564,,,,,H4
2025-04-22 16:00:00,London,0.7615894039735099,0.7,LONG,35.27442857142852,,,,,H4
2025-04-22 20:00:00,NY,0.7615894039735099,0.7,LONG,38.08042857142852,,,,,H4
2025-04-23 00:00:00,Off,0.772093023255814,0.7,LONG,41.40628571428569,,,,,H4
2025-04-23 08:00:00,London,0.725,0.7,LONG,43.51542857142853,,,,,H4
2025-05-07 00:00:00,Off,0.772093023255814,0.7,LONG,31.747142857142894,,,,,H4
2025-05-07 04:00:00,Off,0.7615894039735099,0.7,LONG,32.29407142857148,,,,,H4
2025-05-07 16:00:00,London,0.772093023255814,0.7,LONG,30.839571428571453,,,,,H4
2025-05-07 20:00:00,NY,0.7615894039735099,0.7,LONG,30.383857142857128,,,,,H4
2025-05-08 00:00:00,Off,0.772093023255814,0.7,LONG,31.02328571428575,,,,,H4
2025-05-08 04:00:00,Off,0.772093023255814,0.7,LONG,35.92135714285717,,,,,H4
2025-05-08 08:00:00,London,0.725,0.7,LONG,32.522571428571446,,,,,H4
2025-05-08 16:00:00,London,0.772093023255814,0.7,LONG,35.28192857142858,,,,,H4
2025-05-08 20:00:00,NY,0.772093023255814,0.7,LONG,34.81407142857146,,,,,H4
2025-05-09 00:00:00,Off,0.7615894039735099,0.7,LONG,36.17414285714286,,,,,H4
2025-05-09 12:00:00,London,0.725,0.7,LONG,32.29885714285712,,,,,H4
2025-05-09 20:00:00,NY,0.725,0.7,LONG,30.9115,,,,,H4
2025-05-11 20:00:00,NY,0.725,0.7,LONG,32.81921428571426,,,,,H4
2025-05-12 00:00:00,Off,0.772093023255814,0.7,LONG,34.09028571428569,,,,,H4
2025-05-12 04:00:00,Off,0.772093023255814,0.7,LONG,35.98399999999996,,,,,H4
2025-05-12 12:00:00,London,0.772093023255814,0.7,LONG,33.098642857142785,,,,,H4
2025-05-12 16:00:00,London,0.7615894039735099,0.7,LONG,31.4571428571428,,,,,H4
2025-05-12 20:00:00,NY,0.772093023255814,0.7,LONG,29.32364285714279,,,,,H4
2025-05-13 04:00:00,Off,0.725,0.7,LONG,28.58314285714277,,,,,H4
2025-05-13 08:00:00,London,0.725,0.7,LONG,27.750142857142787,,,,,H4
2025-05-13 16:00:00,London,0.7615894039735099,0.7,LONG,27.92207142857137,,,,,H4
2025-05-13 20:00:00,NY,0.7615894039735099,0.7,LONG,26.993999999999915,,,,,H4
2025-05-14 00:00:00,Off,0.772093023255814,0.7,LONG,28.656928571428484,,,,,H4
2025-05-14 04:00:00,Off,0.7615894039735099,0.7,LONG,25.538785714285627,,,,,H4
2025-05-14 12:00:00,London,0.772093023255814,0.7,LONG,23.631571428571338,,,,,H4
2025-05-14 20:00:00,NY,0.7615894039735099,0.7,LONG,22.06992857142849,,,,,H4
2025-05-22 04:00:00,Off,0.7615894039735099,0.7,LONG,23.16942857142853,,,,,H4
2025-05-22 08:00:00,London,0.7615894039735099,0.7,LONG,24.50292857142855,,,,,H4
2025-05-23 20:00:00,NY,0.725,0.7,LONG,22.350357142857224,,,,,H4
2025-05-25 20:00:00,NY,0.7615894039735099,0.7,LONG,21.83714285714294,,,,,H4
2025-05-26 00:00:00,Off,0.772093023255814,0.7,LONG,22.867142857142944,,,,,H4
2025-05-26 08:00:00,London,0.75,0.7,LONG,22.363642857142946,,,,,H4
2025-05-26 16:00:00,London,0.7615894039735099,0.7,LONG,17.934714285714367,,,,,H4
2025-05-27 00:00:00,Off,0.772093023255814,0.7,LONG,17.739000000000065,,,,,H4
2025-05-27 04:00:00,Off,0.772093023255814,0.7,LONG,19.66671428571437,,,,,H4
2025-05-27 16:00:00,London,0.7615894039735099,0.7,LONG,17.498357142857166,,,,,H4
2025-05-27 20:00:00,NY,0.7615894039735099,0.7,LONG,17.76742857142858,,,,,H4
2025-05-28 08:00:00,London,0.725,0.7,LONG,19.491285714285727,,,,,H4
2025-05-28 12:00:00,London,0.772093023255814,0.7,LONG,19.783071428571443,,,,,H4
2025-06-03 16:00:00,London,0.7615894039735099,0.7,LONG,19.961214285714245,,,,,H4
2025-06-03 20:00:00,NY,0.7615894039735099,0.7,LONG,19.77314285714283,,,,,H4
2025-06-04 04:00:00,Off,0.772093023255814,0.7,LONG,20.428571428571395,,,,,H4
2025-06-04 08:00:00,London,0.7615894039735099,0.7,LONG,20.980999999999995,,,,,H4
2025-06-04 20:00:00,NY,0.7615894039735099,0.7,LONG,18.51092857142862,,,,,H4
2025-06-05 04:00:00,Off,0.7615894039735099,0.7,LONG,18.6863571428572,,,,,H4
2025-06-05 16:00:00,London,0.772093023255814,0.7,LONG,22.91214285714292,,,,,H4
2025-06-05 20:00:00,NY,0.772093023255814,0.7,LONG,21.592071428571508,,,,,H4
2025-06-06 00:00:00,Off,0.725,0.7,LONG,21.93464285714296,,,,,H4
2025-06-06 12:00:00,London,0.725,0.7,LONG,24.326714285714388,,,,,H4
2025-06-16 04:00:00,Off,0.7615894039735099,0.7,LONG,24.217214285714267,,,,,H4
2025-06-16 08:00:00,London,0.7615894039735099,0.7,LONG,22.48014285714284,,,,,H4
2025-06-16 16:00:00,London,0.7615894039735099,0.7,LONG,21.941285714285705,,,,,H4
2025-06-16 20:00:00,NY,0.772093023255814,0.7,LONG,22.40071428571429,,,,,H4
2025-06-17 00:00:00,Off,0.772093023255814,0.7,LONG,23.33585714285713,,,,,H4
2025-06-17 16:00:00,London,0.725,0.7,LONG,21.19007142857137,,,,,H4
2025-06-17 20:00:00,NY,0.7615894039735099,0.7,LONG,20.64321428571423,,,,,H4
2025-06-18 00:00:00,Off,0.725,0.7,LONG,21.71578571428563,,,,,H4
2025-06-18 08:00:00,London,0.725,0.7,LONG,21.441499999999937,,,,,H4
2025-06-18 20:00:00,NY,0.7615894039735099,0.7,LONG,21.53685714285705,,,,,H4
2025-06-19 04:00:00,Off,0.772093023255814,0.7,LONG,21.835714285714143,,,,,H4
2025-06-19 08:00:00,London,0.725,0.7,LONG,20.906999999999893,,,,,H4
2025-06-19 12:00:00,London,0.7615894039735099,0.7,LONG,20.6392142857142,,,,,H4
2025-06-19 16:00:00,London,0.7615894039735099,0.7,LONG,19.463928571428465,,,,,H4
2025-06-19 20:00:00,NY,0.772093023255814,0.7,LONG,18.0392857142856,,,,,H4
2025-06-20 00:00:00,Off,0.7615894039735099,0.7,LONG,18.74142857142845,,,,,H4
2025-06-20 12:00:00,London,0.725,0.7,LONG,19.18185714285704,,,,,H4
2025-06-20 20:00:00,NY,0.725,0.7,LONG,17.566285714285577,,,,,H4
2025-06-22 20:00:00,NY,0.7615894039735099,0.7,LONG,16.66821428571419,,,,,H4
2025-06-23 00:00:00,Off,0.772093023255814,0.7,LONG,16.972999999999892,,,,,H4
2025-06-23 04:00:00,Off,0.7615894039735099,0.7,LONG,16.96107142857136,,,,,H4
2025-06-24 00:00:00,Off,0.772093023255814,0.7,LONG,21.341499999999964,,,,,H4
2025-06-24 08:00:00,London,0.725,0.7,LONG,21.978214285714262,,,,,H4
2025-07-03 00:00:00,Off,0.9444444444444444,0.7,LONG,14.808357142857046,,,,,H4
2025-07-04 00:00:00,Off,0.725,0.7,LONG,15.738857142857114,,,,,H4
2025-07-04 04:00:00,Off,0.725,0.7,LONG,15.857357142857122,,,,,H4
2025-07-04 12:00:00,London,0.772093023255814,0.7,LONG,14.9407857142857,,,,,H4
2025-07-07 16:00:00,London,0.772093023255814,0.7,LONG,15.460428571428595,,,,,H4
2025-07-08 00:00:00,Off,0.772093023255814,0.7,LONG,13.345714285714296,,,,,H4
2025-07-08 04:00:00,Off,0.772093023255814,0.7,LONG,13.61578571428572,,,,,H4
2025-07-08 12:00:00,London,0.7701141202076951,0.7,LONG,16.114142857142888,,,,,H4
2025-07-08 16:00:00,London,0.7615894039735099,0.7,LONG,16.23607142857145,,,,,H4
2025-07-08 20:00:00,NY,0.7615894039735099,0.7,LONG,16.210857142857158,,,,,H4
2025-07-09 00:00:00,Off,0.772093023255814,0.7,LONG,17.59450000000002,,,,,H4
2025-07-14 08:00:00,London,0.772093023255814,0.7,LONG,14.653928571428551,,,,,H4
2025-07-14 12:00:00,London,0.772093023255814,0.7,LONG,15.628714285714263,,,,,H4
2025-07-14 16:00:00,London,0.772093023255814,0.7,LONG,14.856428571428523,,,,,H4
2025-07-14 20:00:00,NY,0.772093023255814,0.7,LONG,14.25192857142854,,,,,H4
2025-07-15 00:00:00,Off,0.772093023255814,0.7,LONG,14.890499999999976,,,,,H4
2025-07-15 04:00:00,Off,0.772093023255814,0.7,LONG,14.564428571428577,,,,,H4
2025-07-15 12:00:00,London,0.7615894039735099,0.7,LONG,15.670285714285717,,,,,H4
2025-07-15 16:00:00,London,0.772093023255814,0.7,LONG,14.764928571428625,,,,,H4
2025-07-15 20:00:00,NY,0.772093023255814,0.7,LONG,14.505714285714314,,,,,H4
2025-07-16 00:00:00,Off,0.772093023255814,0.7,LONG,14.838428571428592,,,,,H4
2025-07-16 04:00:00,Off,0.772093023255814,0.7,LONG,14.14164285714287,,,,,H4
2025-07-16 08:00:00,London,0.7615894039735099,0.7,LONG,13.420142857142862,,,,,H4
2025-07-16 16:00:00,London,0.772093023255814,0.7,LONG,16.596714285714306,,,,,H4
2025-07-16 20:00:00,NY,0.7615894039735099,0.7,LONG,15.26307142857146,,,,,H4
2025-07-17 00:00:00,Off,0.7615894039735099,0.7,LONG,15.446500000000048,,,,,H4
2025-07-17 04:00:00,Off,0.7615894039735099,0.7,LONG,16.459214285714356,,,,,H4
2025-07-17 16:00:00,London,0.772093023255814,0.7,LONG,17.2085714285715,,,,,H4
2025-07-18 20:00:00,NY,0.7615894039735099,0.7,LONG,12.251428571428573,,,,,H4
2025-07-20 20:00:00,NY,0.7615894039735099,0.7,LONG,11.31292857142856,,,,,H4
