datetime,session,prob_cal,entry_price,atr,sl_distance,effective_stop,lot_size,sl_price_long,tp_price_long,sl_price_short,tp_price_short,thr_applied,side,lots,sl,tp,risk_$,close,atr_bars,open,high,low,volume,hour,dow
2024-01-09 01:30:00,Off,0.7142857142857143,2031.856,1.526285714285726,1.526285714285726,2.0262857142857262,0.24,2030.3297142857143,2034.9085714285713,2033.3822857142857,2028.8034285714286,0.7,LONG,,,,,2031.856,1.526285714285726,2032.525,2032.781,2031.139,1150.0,1.0,1.0
2024-01-10 06:30:00,Off,0.7142857142857143,2025.34,1.7681428571428828,1.7681428571428828,2.268142857142883,0.22,2023.571857142857,2028.8762857142856,2027.1081428571429,2021.8037142857142,0.7,LONG,,,,,2025.34,1.7681428571428828,2025.962,2026.163,2025.007,950.0,6.0,2.0
2024-01-19 14:00:00,London,0.8253968253968254,2033.444,2.265999999999979,2.265999999999979,2.765999999999979,0.18,2031.1779999999999,2037.9759999999999,2035.71,2028.912,0.7,LONG,,,,,2033.444,2.265999999999979,2035.296,2035.666,2033.035,1295.0,14.0,4.0
2024-01-23 07:15:00,London,0.8253968253968254,2029.434,2.396714285714227,2.396714285714227,2.896714285714227,0.17,2027.0372857142856,2034.2274285714284,2031.8307142857143,2024.6405714285715,0.7,LONG,,,,,2029.434,2.396714285714227,2033.817,2034.152,2027.676,1884.0,7.0,1.0
2024-01-24 03:15:00,Off,0.8253968253968254,2024.644,1.4508571428571682,1.4508571428571682,1.9508571428571682,0.25,2023.193142857143,2027.5457142857144,2026.094857142857,2021.7422857142856,0.7,LONG,,,,,2024.644,1.4508571428571682,2024.851,2025.047,2023.715,837.0,3.0,2.0
2024-01-29 01:15:00,Off,0.8181818181818182,2023.191,2.582428571428572,2.582428571428572,3.082428571428572,0.16,2020.6085714285714,2028.355857142857,2025.7734285714287,2018.026142857143,0.7,LONG,,,,,2023.191,2.582428571428572,2024.837,2025.453,2023.157,1035.0,1.0,0.0
2024-01-29 21:30:00,NY,0.8253968253968254,2031.562,1.9282142857142617,1.9282142857142617,2.4282142857142617,0.2,2029.6337857142858,2035.4184285714284,2033.490214285714,2027.7055714285714,0.7,LONG,,,,,2031.562,1.9282142857142617,2031.28,2031.979,2031.111,563.0,21.0,0.0
2024-01-29 23:15:00,Off,0.8253968253968254,2030.668,2.0640714285714075,2.0640714285714075,2.5640714285714075,0.19,2028.6039285714285,2034.7961428571427,2032.7320714285713,2026.539857142857,0.7,LONG,,,,,2030.668,2.0640714285714075,2032.609,2033.177,2028.968,696.0,23.0,0.0
2024-01-29 23:30:00,Off,0.8181818181818182,2030.724,1.931642857142817,1.931642857142817,2.4316428571428172,0.2,2028.792357142857,2034.5872857142856,2032.6556428571428,2026.8607142857143,0.7,LONG,,,,,2030.724,1.931642857142817,2030.667,2030.925,2029.968,508.0,23.0,0.0
2024-02-02 00:00:00,Off,0.7142857142857143,2055.51,1.290000000000061,1.290000000000061,1.790000000000061,0.27,2054.2200000000003,2058.09,2056.8,2052.9300000000003,0.7,LONG,,,,,2055.51,1.290000000000061,2054.638,2055.921,2054.638,714.0,0.0,4.0
2024-02-05 20:30:00,NY,0.8181818181818182,2025.732,1.5838571428571413,1.5838571428571413,2.0838571428571413,0.23,2024.1481428571428,2028.8997142857143,2027.315857142857,2022.5642857142857,0.7,LONG,,,,,2025.732,1.5838571428571413,2025.051,2026.141,2025.039,737.0,20.0,0.0
2024-02-05 21:00:00,NY,0.8253968253968254,2024.924,1.3982142857143052,1.3982142857143052,1.8982142857143052,0.26,2023.5257857142856,2027.7204285714286,2026.3222142857144,2022.1275714285714,0.7,LONG,,,,,2024.924,1.3982142857143052,2025.0,2025.113,2024.261,582.0,21.0,0.0
2024-02-05 21:30:00,NY,0.8253968253968254,2024.786,1.3032142857143103,1.3032142857143103,1.8032142857143103,0.27,2023.4827857142857,2027.3924285714286,2026.0892142857144,2022.1795714285715,0.7,LONG,,,,,2024.786,1.3032142857143103,2024.305,2024.86,2024.152,345.0,21.0,0.0
2024-02-05 21:45:00,NY,0.8253968253968254,2024.667,1.2346428571428791,1.2346428571428791,1.7346428571428791,0.28,2023.432357142857,2027.1362857142856,2025.9016428571429,2022.1977142857143,0.7,LONG,,,,,2024.667,1.2346428571428791,2024.785,2024.991,2024.529,320.0,21.0,0.0
2024-02-05 23:15:00,Off,0.8461538461538461,2024.035,1.199214285714301,1.199214285714301,1.699214285714301,0.29,2022.8357857142857,2026.4334285714287,2025.2342142857144,2021.6365714285714,0.7,LONG,,,,,2024.035,1.199214285714301,2024.741,2024.998,2023.675,472.0,23.0,0.0
2024-02-06 17:15:00,NY,0.8253968253968254,2034.332,2.9888571428571304,2.9888571428571304,3.4888571428571304,0.14,2031.343142857143,2040.3097142857143,2037.3208571428572,2028.3542857142859,0.7,LONG,,,,,2034.332,2.9888571428571304,2035.43,2036.507,2032.066,1653.0,17.0,1.0
2024-02-06 19:00:00,NY,0.8253968253968254,2035.14,2.1896428571428714,2.1896428571428714,2.6896428571428714,0.18,2032.9503571428572,2039.5192857142858,2037.329642857143,2030.7607142857144,0.7,LONG,,,,,2035.14,2.1896428571428714,2036.497,2036.895,2034.932,980.0,19.0,1.0
2024-02-06 20:30:00,NY,0.8253968253968254,2035.636,1.7264285714285763,1.7264285714285763,2.2264285714285763,0.22,2033.9095714285713,2039.088857142857,2037.3624285714286,2032.183142857143,0.7,LONG,,,,,2035.636,1.7264285714285763,2035.559,2036.04,2035.139,758.0,20.0,1.0
2024-02-06 23:00:00,Off,0.8181818181818182,2035.693,0.8889285714285506,0.8889285714285506,1.3889285714285506,0.35,2034.8040714285714,2037.470857142857,2036.5819285714285,2033.9151428571429,0.7,LONG,,,,,2035.693,0.8889285714285506,2035.258,2036.073,2035.085,409.0,23.0,1.0
2024-02-08 19:30:00,NY,0.8253968253968254,2032.005,1.8247857142857324,1.8247857142857324,2.324785714285732,0.21,2030.1802142857143,2035.6545714285717,2033.829785714286,2028.3554285714285,0.7,LONG,,,,,2032.005,1.8247857142857324,2032.659,2032.9,2031.42,777.0,19.0,3.0
2024-02-15 23:30:00,Off,0.8461538461538461,2003.556,0.913571428571426,0.913571428571426,1.413571428571426,0.35,2002.6424285714286,2005.383142857143,2004.4695714285715,2001.7288571428571,0.7,LONG,,,,,2003.556,0.913571428571426,2003.815,2004.075,2003.556,294.0,23.0,3.0
2024-03-04 19:00:00,NY,0.8253968253968254,2113.928,4.133142857142892,4.133142857142892,4.633142857142892,0.1,2109.794857142857,2122.194285714286,2118.061142857143,2105.661714285714,0.7,LONG,,,,,2113.928,4.133142857142892,2115.318,2115.383,2113.291,1160.0,19.0,0.0
2024-03-05 15:00:00,London,0.8253968253968254,2135.034,5.744571428571395,5.744571428571395,6.244571428571395,0.08,2129.2894285714287,2146.523142857143,2140.7785714285715,2123.5448571428574,0.7,LONG,,,,,2135.034,5.744571428571395,2128.224,2139.533,2128.224,7124.0,15.0,1.0
2024-03-05 21:15:00,NY,0.7142857142857143,2129.158,2.0969285714286343,2.0969285714286343,2.5969285714286343,0.19,2127.0610714285713,2133.351857142857,2131.2549285714285,2124.9641428571426,0.7,LONG,,,,,2129.158,2.0969285714286343,2129.24,2129.509,2128.823,495.0,21.0,1.0
2024-03-07 06:45:00,Off,0.7142857142857143,2155.353,3.0430714285714333,3.0430714285714333,3.5430714285714333,0.14,2152.309928571429,2161.439142857143,2158.3960714285713,2149.266857142857,0.7,LONG,,,,,2155.353,3.0430714285714333,2153.541,2156.513,2152.659,1204.0,6.0,3.0
2024-03-11 22:45:00,Off,0.8253968253968254,2181.201,1.7320714285713816,1.7320714285713816,2.2320714285713814,0.22,2179.4689285714285,2184.6651428571427,2182.9330714285716,2177.7368571428574,0.7,LONG,,,,,2181.201,1.7320714285713816,2181.615,2181.734,2180.563,511.0,22.0,0.0
2024-03-13 14:15:00,London,0.8461538461538461,2166.85,3.064142857142867,3.064142857142867,3.564142857142867,0.14,2163.785857142857,2172.9782857142854,2169.914142857143,2160.7217142857144,0.7,LONG,,,,,2166.85,3.064142857142867,2164.909,2169.087,2164.516,1797.0,14.0,2.0
2024-03-18 23:30:00,Off,0.8253968253968254,2161.252,0.9185000000000272,0.9185000000000272,1.4185000000000272,0.35,2160.3334999999997,2163.089,2162.1705,2159.415,0.7,LONG,,,,,2161.252,0.9185000000000272,2160.89,2161.252,2160.684,395.0,23.0,0.0
2024-03-19 23:15:00,Off,0.8253968253968254,2157.809,0.9120714285714452,0.9120714285714452,1.412071428571445,0.35,2156.896928571429,2159.633142857143,2158.7210714285716,2155.9848571428574,0.7,LONG,,,,,2157.809,0.9120714285714452,2157.883,2157.962,2157.602,415.0,23.0,1.0
2024-03-19 23:30:00,Off,0.8181818181818182,2157.439,0.8849285714285803,0.8849285714285803,1.3849285714285804,0.36,2156.554071428571,2159.208857142857,2158.3239285714285,2155.6691428571426,0.7,LONG,,,,,2157.439,0.8849285714285803,2157.806,2157.934,2157.135,471.0,23.0,1.0
2024-03-20 15:30:00,London,0.7142857142857143,2155.455,3.661142857142847,3.661142857142847,4.161142857142847,0.12,2151.793857142857,2162.7772857142854,2159.1161428571427,2148.1327142857144,0.7,LONG,,,,,2155.455,3.661142857142847,2156.407,2157.164,2154.643,1107.0,15.0,2.0
2024-03-21 00:45:00,Off,0.8253968253968254,2198.931,6.88292857142866,6.88292857142866,7.38292857142866,0.06,2192.0480714285713,2212.6968571428574,2205.8139285714287,2185.1651428571427,0.7,LONG,,,,,2198.931,6.88292857142866,2194.103,2199.583,2193.556,1846.0,0.0,3.0
2024-03-26 13:30:00,London,0.8253968253968254,2180.796,4.422428571428619,4.422428571428619,4.922428571428619,0.1,2176.3735714285713,2189.640857142857,2185.2184285714284,2171.9511428571427,0.7,LONG,,,,,2180.796,4.422428571428619,2188.908,2189.957,2178.312,3870.0,13.0,1.0
2024-03-27 05:30:00,Off,0.8253968253968254,2176.895,1.923714285714303,1.923714285714303,2.4237142857143033,0.2,2174.971285714286,2180.7424285714287,2178.818714285714,2173.0475714285712,0.7,LONG,,,,,2176.895,1.923714285714303,2177.517,2177.977,2175.655,1079.0,5.0,2.0
2024-03-27 13:00:00,London,0.8253968253968254,2186.088,3.7228571428571033,3.7228571428571033,4.222857142857103,0.11,2182.365142857143,2193.5337142857143,2189.8108571428575,2178.642285714286,0.7,LONG,,,,,2186.088,3.7228571428571033,2186.074,2186.743,2183.412,1996.0,13.0,2.0
2024-03-27 13:30:00,London,0.8461538461538461,2190.384,3.817928571428573,3.817928571428573,4.317928571428573,0.11,2186.5660714285714,2198.0198571428573,2194.2019285714287,2182.7481428571427,0.7,LONG,,,,,2190.384,3.817928571428573,2185.753,2193.173,2185.393,3193.0,13.0,2.0
2024-03-27 18:30:00,NY,0.8253968253968254,2190.835,1.970142857142784,1.970142857142784,2.470142857142784,0.2,2188.864857142857,2194.7752857142855,2192.805142857143,2186.8947142857146,0.7,LONG,,,,,2190.835,1.970142857142784,2190.039,2191.255,2190.039,869.0,18.0,2.0
2024-03-28 13:45:00,London,0.8253968253968254,2206.6,5.553000000000111,5.553000000000111,6.053000000000111,0.08,2201.0469999999996,2217.706,2212.1530000000002,2195.4939999999997,0.7,LONG,,,,,2206.6,5.553000000000111,2208.207,2210.821,2202.211,3397.0,13.0,3.0
2024-04-02 10:45:00,London,0.8253968253968254,2262.101,3.3682142857142674,3.3682142857142674,3.8682142857142674,0.12,2258.732785714286,2268.8374285714285,2265.4692142857143,2255.3645714285717,0.7,LONG,,,,,2262.101,3.3682142857142674,2263.875,2264.673,2261.902,1420.0,10.0,1.0
2024-04-02 23:45:00,Off,0.8253968253968254,2280.206,3.1697142857143,3.1697142857143,3.6697142857143,0.13,2277.036285714286,2286.5454285714286,2283.3757142857144,2273.8665714285717,0.7,LONG,,,,,2280.206,3.1697142857143,2279.888,2280.682,2277.828,1257.0,23.0,1.0
2024-04-03 05:00:00,Off,0.8181818181818182,2281.787,2.3560714285714703,2.3560714285714703,2.8560714285714703,0.17,2279.4309285714285,2286.499142857143,2284.143071428571,2277.0748571428567,0.7,LONG,,,,,2281.787,2.3560714285714703,2283.686,2283.947,2280.842,1430.0,5.0,2.0
2024-04-05 12:30:00,London,0.8253968253968254,2289.106,4.113214285714321,4.113214285714321,4.613214285714321,0.1,2284.9927857142857,2297.332428571429,2293.2192142857148,2280.8795714285716,0.7,LONG,,,,,2289.106,4.113214285714321,2295.935,2295.997,2280.192,8559.0,12.0,4.0
2024-04-05 13:45:00,London,0.8253968253968254,2299.753,5.386428571428529,5.386428571428529,5.886428571428529,0.08,2294.3665714285717,2310.525857142857,2305.1394285714287,2288.980142857143,0.7,LONG,,,,,2299.753,5.386428571428529,2294.723,2303.64,2293.955,4803.0,13.0,4.0
2024-04-05 19:00:00,NY,0.8181818181818182,2321.95,3.1854285714284742,3.1854285714284742,3.6854285714284742,0.13,2318.7645714285713,2328.3208571428568,2325.1354285714283,2315.579142857143,0.7,LONG,,,,,2321.95,3.1854285714284742,2325.312,2325.337,2320.637,1529.0,19.0,4.0
2024-04-05 19:45:00,NY,0.8253968253968254,2323.12,2.865857142857002,2.865857142857002,3.365857142857002,0.14,2320.254142857143,2328.851714285714,2325.9858571428567,2317.3882857142858,0.7,LONG,,,,,2323.12,2.865857142857002,2321.793,2323.642,2321.751,1169.0,19.0,4.0
2024-04-08 06:00:00,Off,0.8253968253968254,2332.374,4.990928571428542,4.990928571428542,5.490928571428542,0.09,2327.3830714285714,2342.355857142857,2337.364928571428,2322.3921428571425,0.7,LONG,,,,,2332.374,4.990928571428542,2334.602,2335.259,2331.76,2059.0,6.0,0.0
2024-04-09 03:00:00,Off,0.8181818181818182,2344.5,3.549285714285783,3.549285714285783,4.049285714285784,0.12,2340.950714285714,2351.5985714285716,2348.049285714286,2337.4014285714284,0.7,LONG,,,,,2344.5,3.549285714285783,2345.096,2346.56,2343.178,1444.0,3.0,1.0
2024-04-10 13:00:00,London,0.7142857142857143,2322.192,5.671999999999993,5.671999999999993,6.171999999999993,0.08,2316.52,2333.536,2327.864,2310.848,0.7,LONG,,,,,2322.192,5.671999999999993,2338.438,2339.606,2321.913,11397.0,13.0,2.0
2024-04-10 15:00:00,London,0.8253968253968254,2332.16,10.420714285714212,10.420714285714212,10.920714285714212,0.04,2321.739285714286,2353.0014285714283,2342.580714285714,2311.3185714285714,0.7,LONG,,,,,2332.16,10.420714285714212,2346.302,2347.63,2330.06,6570.0,15.0,2.0
2024-04-11 07:00:00,London,0.8253968253968254,2338.749,2.9342857142858065,2.9342857142858065,3.4342857142858065,0.14,2335.814714285714,2344.6175714285714,2341.6832857142854,2332.880428571428,0.7,LONG,,,,,2338.749,2.9342857142858065,2336.039,2338.915,2335.176,2047.0,7.0,3.0
2024-04-15 20:30:00,NY,0.7142857142857143,2382.452,5.528999999999996,5.528999999999996,6.028999999999996,0.08,2376.9230000000002,2393.51,2387.981,2371.3940000000002,0.7,LONG,,,,,2382.452,5.528999999999996,2383.027,2383.171,2380.038,1180.0,20.0,0.0
2024-04-16 17:45:00,NY,0.7142857142857143,2384.702,7.590642857142841,7.590642857142841,8.090642857142841,0.06,2377.1113571428573,2399.883285714286,2392.292642857143,2369.5207142857143,0.7,LONG,,,,,2384.702,7.590642857142841,2386.924,2389.326,2379.712,5122.0,17.0,1.0
2024-04-17 11:45:00,London,0.8181818181818182,2387.298,3.3242142857142687,3.3242142857142687,3.8242142857142687,0.13,2383.9737857142854,2393.9464285714284,2390.622214285714,2380.649571428571,0.7,LONG,,,,,2387.298,3.3242142857142687,2388.746,2389.685,2386.57,1503.0,11.0,2.0
2024-04-19 03:15:00,Off,0.8253968253968254,2385.818,9.868857142857124,9.868857142857124,10.368857142857124,0.04,2375.949142857143,2405.5557142857147,2395.686857142857,2366.0802857142858,0.7,LONG,,,,,2385.818,9.868857142857124,2390.053,2393.603,2382.831,9506.0,3.0,4.0
2024-04-23 14:45:00,London,0.8253968253968254,2320.35,6.576142857142973,6.576142857142973,7.076142857142973,0.07,2313.7738571428567,2333.502285714286,2326.926142857143,2307.197714285714,0.7,LONG,,,,,2320.35,6.576142857142973,2319.008,2321.725,2314.413,4835.0,14.0,1.0
2024-05-01 14:45:00,London,0.8253968253968254,2304.382,4.6614999999999975,4.6614999999999975,5.1614999999999975,0.09,2299.7205,2313.705,2309.0435,2295.059,0.7,LONG,,,,,2304.382,4.6614999999999975,2300.109,2304.916,2297.343,2882.0,14.0,2.0
2024-05-01 20:00:00,NY,0.8253968253968254,2314.122,7.848857142857241,7.848857142857241,8.348857142857241,0.05,2306.2731428571424,2329.8197142857143,2321.9708571428573,2298.4242857142854,0.7,LONG,,,,,2314.122,7.848857142857241,2309.757,2314.525,2306.996,2675.0,20.0,2.0
2024-05-01 23:00:00,Off,0.8461538461538461,2321.491,5.483357142857195,5.483357142857195,5.983357142857195,0.08,2316.007642857143,2332.4577142857142,2326.974357142857,2310.5242857142857,0.7,LONG,,,,,2321.491,5.483357142857195,2320.737,2321.85,2320.598,794.0,23.0,2.0
2024-05-01 23:45:00,Off,0.8461538461538461,2323.809,3.966357142857175,3.966357142857175,4.466357142857175,0.11,2319.842642857143,2331.7417142857144,2327.7753571428575,2315.876285714286,0.7,LONG,,,,,2323.809,3.966357142857175,2321.901,2324.833,2321.815,1523.0,23.0,2.0
2024-05-06 14:30:00,London,0.8253968253968254,2321.258,5.460857142857192,5.460857142857192,5.960857142857192,0.08,2315.7971428571427,2332.179714285714,2326.718857142857,2310.3362857142856,0.7,LONG,,,,,2321.258,5.460857142857192,2324.938,2327.055,2318.912,4512.0,14.0,0.0
2024-05-09 13:00:00,London,0.8253968253968254,2314.832,4.298999999999978,4.298999999999978,4.798999999999978,0.1,2310.533,2323.43,2319.131,2306.234,0.7,LONG,,,,,2314.832,4.298999999999978,2326.691,2326.692,2312.06,4805.0,13.0,3.0
2024-05-14 16:30:00,London,0.8253968253968254,2352.092,4.320000000000001,4.320000000000001,4.820000000000001,0.1,2347.772,2360.732,2356.4120000000003,2343.452,0.7,LONG,,,,,2352.092,4.320000000000001,2348.942,2353.247,2347.833,1620.0,16.0,1.0
2024-05-15 13:30:00,London,0.8181818181818182,2361.817,5.07321428571426,5.07321428571426,5.57321428571426,0.08,2356.743785714286,2371.9634285714287,2366.890214285714,2351.6705714285713,0.7,LONG,,,,,2361.817,5.07321428571426,2367.058,2370.411,2361.244,5536.0,13.0,2.0
2024-05-17 19:00:00,NY,0.8181818181818182,2414.364,3.738285714285699,3.738285714285699,4.2382857142856984,0.11,2410.6257142857144,2421.8405714285714,2418.1022857142857,2406.8874285714287,0.7,LONG,,,,,2414.364,3.738285714285699,2417.352,2417.39,2411.48,2151.0,19.0,4.0
2024-05-20 02:45:00,Off,0.8181818181818182,2434.011,5.346071428571512,5.346071428571512,5.846071428571512,0.08,2428.6649285714284,2444.703142857143,2439.3570714285715,2423.318857142857,0.7,LONG,,,,,2434.011,5.346071428571512,2431.318,2434.643,2428.755,1924.0,2.0,0.0
2024-05-20 06:30:00,Off,0.7142857142857143,2435.551,4.659928571428607,4.659928571428607,5.159928571428607,0.09,2430.891071428571,2444.870857142857,2440.2109285714287,2426.231142857143,0.7,LONG,,,,,2435.551,4.659928571428607,2440.572,2442.399,2431.796,4301.0,6.0,0.0
2024-06-05 17:00:00,NY,0.8181818181818182,2353.766,5.286285714285701,5.286285714285701,5.786285714285701,0.08,2348.479714285714,2364.3385714285714,2359.052285714286,2343.1934285714287,0.7,LONG,,,,,2353.766,5.286285714285701,2352.593,2354.366,2351.67,1326.0,17.0,2.0
2024-06-06 04:15:00,Off,0.7142857142857143,2368.873,3.970285714285768,3.970285714285768,4.470285714285768,0.11,2364.9027142857144,2376.813571428572,2372.8432857142857,2360.9324285714283,0.7,LONG,,,,,2368.873,3.970285714285768,2367.861,2368.944,2367.2,937.0,4.0,3.0
2024-07-03 11:15:00,London,0.8253968253968254,2344.639,2.629999999999979,2.629999999999979,3.129999999999979,0.15,2342.009,2349.899,2347.2690000000002,2339.3790000000004,0.7,LONG,,,,,2344.639,2.629999999999979,2345.831,2345.831,2342.424,1498.0,11.0,2.0
2024-07-11 13:45:00,London,0.8253968253968254,2406.613,6.760214285714191,6.760214285714191,7.260214285714191,0.06,2399.852785714286,2420.1334285714283,2413.373214285714,2393.0925714285713,0.7,LONG,,,,,2406.613,6.760214285714191,2399.789,2407.437,2395.796,6234.0,13.0,3.0
2024-07-15 13:00:00,London,0.8253968253968254,2412.465,3.1520714285714866,3.1520714285714866,3.6520714285714866,0.13,2409.3129285714285,2418.769142857143,2415.6170714285718,2406.1608571428574,0.7,LONG,,,,,2412.465,3.1520714285714866,2414.763,2415.382,2411.509,2264.0,13.0,0.0
2024-07-23 12:45:00,London,0.8253968253968254,2405.453,3.128785714285673,3.128785714285673,3.628785714285673,0.13,2402.3242142857143,2411.7105714285713,2408.5817857142856,2399.1954285714287,0.7,LONG,,,,,2405.453,3.128785714285673,2408.201,2409.281,2405.408,1746.0,12.0,1.0
2024-07-23 14:30:00,London,0.8181818181818182,2405.81,3.8667142857142216,3.8667142857142216,4.366714285714222,0.11,2401.9432857142856,2413.543428571428,2409.6767142857143,2398.0765714285717,0.7,LONG,,,,,2405.81,3.8667142857142216,2404.019,2407.394,2403.865,2638.0,14.0,1.0
2024-07-26 06:15:00,Off,0.8181818181818182,2367.711,3.256357142857106,3.256357142857106,3.756357142857106,0.13,2364.4546428571425,2374.223714285714,2370.967357142857,2361.1982857142857,0.7,LONG,,,,,2367.711,3.256357142857106,2370.438,2370.942,2365.238,2116.0,6.0,4.0
2024-07-26 16:00:00,London,0.7142857142857143,2386.353,4.951785714285669,4.951785714285669,5.451785714285669,0.09,2381.4012142857146,2396.2565714285715,2391.3047857142856,2376.4494285714286,0.7,LONG,,,,,2386.353,4.951785714285669,2385.164,2386.514,2384.606,1568.0,16.0,4.0
2024-07-31 15:30:00,London,0.8461538461538461,2422.816,3.91764285714284,3.91764285714284,4.41764285714284,0.11,2418.898357142857,2430.6512857142857,2426.7336428571425,2414.980714285714,0.7,LONG,,,,,2422.816,3.91764285714284,2420.497,2424.246,2420.441,1885.0,15.0,2.0
2024-07-31 18:00:00,NY,0.8181818181818182,2422.356,2.962642857142945,2.962642857142945,3.462642857142945,0.14,2419.3933571428574,2428.2812857142862,2425.318642857143,2416.430714285714,0.7,LONG,,,,,2422.356,2.962642857142945,2426.011,2427.467,2421.537,4579.0,18.0,2.0
2024-08-02 08:00:00,London,0.8253968253968254,2462.91,3.780642857142766,3.780642857142766,4.280642857142766,0.11,2459.129357142857,2470.4712857142854,2466.690642857143,2455.3487142857143,0.7,LONG,,,,,2462.91,3.780642857142766,2461.586,2463.712,2460.949,1860.0,8.0,4.0
2024-08-05 06:15:00,Off,0.7142857142857143,2428.069,6.05228571428568,6.05228571428568,6.55228571428568,0.07,2422.0167142857144,2440.1735714285714,2434.1212857142855,2415.9644285714285,0.7,LONG,,,,,2428.069,6.05228571428568,2432.315,2432.813,2422.064,6524.0,6.0,0.0
2024-08-05 07:30:00,London,0.7142857142857143,2436.755,7.297142857142879,7.297142857142879,7.797142857142879,0.06,2429.4578571428574,2451.349285714286,2444.052142857143,2422.160714285714,0.7,LONG,,,,,2436.755,7.297142857142879,2441.611,2445.624,2435.586,3910.0,7.0,0.0
2024-08-07 13:45:00,London,0.8461538461538461,2400.04,3.923571428571417,3.923571428571417,4.423571428571417,0.11,2396.1164285714285,2407.887142857143,2403.9635714285714,2392.192857142857,0.7,LONG,,,,,2400.04,3.923571428571417,2400.214,2400.565,2396.933,3579.0,13.0,2.0
2024-08-11 22:15:00,Off,0.8253968253968254,2432.53,2.025285714285831,2.025285714285831,2.525285714285831,0.19,2430.5047142857143,2436.580571428572,2434.555285714286,2428.4794285714283,0.7,LONG,,,,,2432.53,2.025285714285831,2429.456,2433.242,2428.975,1318.0,22.0,6.0
2024-08-12 14:30:00,London,0.8181818181818182,2451.702,3.700000000000013,3.700000000000013,4.2000000000000135,0.11,2448.0020000000004,2459.1020000000003,2455.402,2444.302,0.7,LONG,,,,,2451.702,3.700000000000013,2448.587,2452.246,2447.867,2658.0,14.0,0.0
2024-08-14 13:15:00,London,0.8181818181818182,2450.928,5.106642857142853,5.106642857142853,5.606642857142853,0.08,2445.821357142857,2461.1412857142855,2456.034642857143,2440.7147142857143,0.7,LONG,,,,,2450.928,5.106642857142853,2465.751,2465.79,2449.429,9471.0,13.0,2.0
2024-08-16 00:00:00,Off,0.7142857142857143,2457.867,1.5261428571427589,1.5261428571427589,2.0261428571427587,0.24,2456.340857142857,2460.9192857142857,2459.393142857143,2454.8147142857147,0.7,LONG,,,,,2457.867,1.5261428571427589,2457.313,2458.448,2457.231,960.0,0.0,4.0
2024-08-16 14:15:00,London,0.8181818181818182,2481.651,7.241357142857136,7.241357142857136,7.741357142857136,0.06,2474.409642857143,2496.133714285714,2488.892357142857,2467.1682857142855,0.7,LONG,,,,,2481.651,7.241357142857136,2489.825,2490.181,2477.462,6038.0,14.0,4.0
2024-08-18 22:15:00,Off,0.8253968253968254,2504.241,3.204000000000048,3.204000000000048,3.704000000000048,0.13,2501.037,2510.649,2507.445,2497.833,0.7,LONG,,,,,2504.241,3.204000000000048,2505.35,2505.392,2502.271,1534.0,22.0,6.0
2024-08-21 20:45:00,NY,0.8253968253968254,2512.061,2.956857142857092,2.956857142857092,3.456857142857092,0.14,2509.104142857143,2517.9747142857145,2515.0178571428573,2506.1472857142858,0.7,LONG,,,,,2512.061,2.956857142857092,2511.153,2512.12,2510.699,669.0,20.0,2.0
2024-08-21 22:45:00,Off,0.7142857142857143,2513.869,2.301142857142817,2.301142857142817,2.801142857142817,0.17,2511.5678571428575,2518.471285714286,2516.1701428571428,2509.2667142857144,0.7,LONG,,,,,2513.869,2.301142857142817,2513.148,2513.991,2513.087,317.0,22.0,2.0
2024-08-23 16:45:00,London,0.8253968253968254,2510.244,7.735214285714327,7.735214285714327,8.235214285714328,0.06,2502.5087857142858,2525.714428571429,2517.9792142857145,2494.7735714285714,0.7,LONG,,,,,2510.244,7.735214285714327,2503.67,2510.437,2503.369,2771.0,16.0,4.0
2024-09-04 18:00:00,NY,0.8253968253968254,2493.559,2.444142857143009,2.444142857143009,2.944142857143009,0.16,2491.114857142857,2498.4472857142864,2496.0031428571433,2488.670714285714,0.7,LONG,,,,,2493.559,2.444142857143009,2493.97,2494.253,2492.316,1413.0,18.0,2.0
2024-09-11 08:45:00,London,0.8253968253968254,2524.299,3.2215000000000407,3.2215000000000407,3.7215000000000407,0.13,2521.0775,2530.742,2527.5205,2517.8559999999998,0.7,LONG,,,,,2524.299,3.2215000000000407,2526.113,2527.212,2523.622,1726.0,8.0,2.0
2024-09-16 04:30:00,Off,0.7142857142857143,2585.071,1.9152857142857689,1.9152857142857689,2.415285714285769,0.2,2583.155714285714,2588.9015714285715,2586.9862857142857,2581.2404285714283,0.7,LONG,,,,,2585.071,1.9152857142857689,2585.678,2585.997,2584.865,784.0,4.0,0.0
2024-09-18 12:45:00,London,0.8181818181818182,2576.215,2.6740000000000106,2.6740000000000106,3.1740000000000106,0.15,2573.541,2581.563,2578.889,2570.867,0.7,LONG,,,,,2576.215,2.6740000000000106,2575.054,2576.913,2574.091,1823.0,12.0,2.0
2024-09-18 13:30:00,London,0.8253968253968254,2573.328,3.032285714285698,3.032285714285698,3.532285714285698,0.14,2570.2957142857144,2579.3925714285715,2576.3602857142855,2567.2634285714284,0.7,LONG,,,,,2573.328,3.032285714285698,2577.446,2578.564,2571.853,3571.0,13.0,2.0
2024-09-25 14:45:00,London,0.8253968253968254,2658.952,4.4459285714286,4.4459285714286,4.9459285714286,0.1,2654.5060714285714,2667.8438571428574,2663.397928571429,2650.060142857143,0.7,LONG,,,,,2658.952,4.4459285714286,2661.683,2662.055,2654.178,6796.0,14.0,2.0
2024-09-30 02:15:00,Off,0.8253968253968254,2653.321,3.380142857142833,3.380142857142833,3.880142857142833,0.12,2649.940857142857,2660.0812857142855,2656.7011428571427,2646.5607142857143,0.7,LONG,,,,,2653.321,3.380142857142833,2651.055,2654.345,2650.234,1892.0,2.0,0.0
2024-10-01 13:00:00,London,0.8181818181818182,2650.088,2.957428571428572,2.957428571428572,3.457428571428572,0.14,2647.130571428572,2656.0028571428575,2653.0454285714286,2644.173142857143,0.7,LONG,,,,,2650.088,2.957428571428572,2651.533,2652.041,2648.01,3393.0,13.0,1.0
2024-10-29 15:30:00,London,0.8253968253968254,2763.684,5.160428571428546,5.160428571428546,5.660428571428546,0.08,2758.523571428572,2774.0048571428574,2768.8444285714286,2753.363142857143,0.7,LONG,,,,,2763.684,5.160428571428546,2760.936,2765.195,2760.778,3942.0,15.0,1.0
2024-10-30 08:45:00,London,0.8253968253968254,2781.982,2.917785714285725,2.917785714285725,3.417785714285725,0.14,2779.064214285714,2787.8175714285712,2784.899785714286,2776.1464285714287,0.7,LONG,,,,,2781.982,2.917785714285725,2780.789,2781.982,2779.541,1737.0,8.0,2.0
2024-11-05 11:00:00,London,0.8253968253968254,2739.935,3.118357142857186,3.118357142857186,3.618357142857186,0.13,2736.8166428571426,2746.171714285714,2743.0533571428573,2733.6982857142857,0.7,LONG,,,,,2739.935,3.118357142857186,2737.952,2740.549,2737.952,1366.0,11.0,1.0
2024-11-07 16:15:00,London,0.7142857142857143,2691.909,5.741785714285633,5.741785714285633,6.241785714285633,0.08,2686.1672142857146,2703.3925714285715,2697.6507857142856,2680.4254285714287,0.7,LONG,,,,,2691.909,5.741785714285633,2697.044,2697.426,2690.567,3952.0,16.0,3.0
2024-11-08 02:00:00,Off,0.8253968253968254,2698.402,3.097214285714212,3.097214285714212,3.597214285714212,0.13,2695.304785714286,2704.5964285714285,2701.499214285714,2692.2075714285716,0.7,LONG,,,,,2698.402,3.097214285714212,2699.868,2699.973,2695.096,2951.0,2.0,4.0
2024-11-12 15:30:00,London,0.7142857142857143,2601.187,6.3246428571428295,6.3246428571428295,6.8246428571428295,0.07,2594.862357142857,2613.8362857142856,2607.5116428571428,2588.537714285714,0.7,LONG,,,,,2601.187,6.3246428571428295,2603.33,2604.477,2597.387,4678.0,15.0,1.0
2024-11-12 16:30:00,London,0.8253968253968254,2600.42,6.269357142857156,6.269357142857156,6.769357142857156,0.07,2594.150642857143,2612.9587142857144,2606.6893571428573,2587.8812857142857,0.7,LONG,,,,,2600.42,6.269357142857156,2599.063,2601.53,2598.345,2922.0,16.0,1.0
2024-11-13 05:30:00,Off,0.8461538461538461,2605.05,3.2183571428571605,3.2183571428571605,3.7183571428571605,0.13,2601.831642857143,2611.4867142857147,2608.2683571428574,2598.6132857142857,0.7,LONG,,,,,2605.05,3.2183571428571605,2606.326,2606.668,2603.49,2272.0,5.0,2.0
2024-11-15 12:15:00,London,0.7142857142857143,2568.232,3.449428571428565,3.449428571428565,3.949428571428565,0.12,2564.7825714285714,2575.130857142857,2571.6814285714286,2561.333142857143,0.7,LONG,,,,,2568.232,3.449428571428565,2566.902,2568.238,2565.437,1847.0,12.0,4.0
2024-11-15 12:45:00,London,0.8253968253968254,2569.086,3.387642857142867,3.387642857142867,3.887642857142867,0.12,2565.698357142857,2575.8612857142857,2572.4736428571427,2562.310714285714,0.7,LONG,,,,,2569.086,3.387642857142867,2567.249,2569.652,2565.812,2080.0,12.0,4.0
2024-11-18 12:00:00,London,0.8253968253968254,2592.475,3.775714285714327,3.775714285714327,4.2757142857143275,0.11,2588.6992857142855,2600.0264285714284,2596.2507142857144,2584.9235714285714,0.7,LONG,,,,,2592.475,3.775714285714327,2594.333,2594.517,2590.358,2057.0,12.0,0.0
2024-11-19 12:00:00,London,0.8461538461538461,2631.241,3.5482857142856443,3.5482857142856443,4.048285714285644,0.12,2627.6927142857144,2638.337571428571,2634.7892857142856,2624.1444285714288,0.7,LONG,,,,,2631.241,3.5482857142856443,2629.667,2631.584,2628.679,2372.0,12.0,1.0
2024-11-20 18:15:00,NY,0.8253968253968254,2648.076,3.9708571428571497,3.9708571428571497,4.47085714285715,0.11,2644.1051428571427,2656.017714285714,2652.0468571428573,2640.134285714286,0.7,LONG,,,,,2648.076,3.9708571428571497,2648.912,2649.16,2645.357,2671.0,18.0,2.0
2024-11-20 18:45:00,NY,0.8461538461538461,2648.57,3.5368571428571483,3.5368571428571483,4.036857142857148,0.12,2645.033142857143,2655.6437142857144,2652.1068571428573,2641.496285714286,0.7,LONG,,,,,2648.57,3.5368571428571483,2647.588,2649.325,2646.93,1742.0,18.0,2.0
2024-11-20 20:45:00,NY,0.8181818181818182,2648.907,2.630142857142833,2.630142857142833,3.130142857142833,0.15,2646.2768571428574,2654.1672857142858,2651.537142857143,2643.6467142857146,0.7,LONG,,,,,2648.907,2.630142857142833,2647.61,2649.729,2647.326,1715.0,20.0,2.0
2024-11-20 21:45:00,NY,0.8461538461538461,2649.955,2.172785714285705,2.172785714285705,2.672785714285705,0.18,2647.7822142857144,2654.3005714285714,2652.1277857142854,2645.6094285714285,0.7,LONG,,,,,2649.955,2.172785714285705,2650.073,2650.534,2649.327,913.0,21.0,2.0
2024-11-22 03:45:00,Off,0.7142857142857143,2686.153,3.553857142857136,3.553857142857136,4.053857142857137,0.12,2682.599142857143,2693.260714285714,2689.7068571428567,2679.0452857142855,0.7,LONG,,,,,2686.153,3.553857142857136,2681.673,2686.655,2681.413,1923.0,3.0,4.0
2024-11-26 14:30:00,London,0.8253968253968254,2622.387,5.6862857142856615,5.6862857142856615,6.1862857142856615,0.08,2616.7007142857146,2633.7595714285717,2628.0732857142857,2611.0144285714287,0.7,LONG,,,,,2622.387,5.6862857142856615,2629.031,2629.043,2616.664,9179.0,14.0,1.0
2024-11-26 18:45:00,NY,0.8253968253968254,2623.412,3.537500000000039,3.537500000000039,4.037500000000039,0.12,2619.8745,2630.487,2626.9494999999997,2616.3369999999995,0.7,LONG,,,,,2623.412,3.537500000000039,2621.276,2624.538,2620.492,1668.0,18.0,1.0
2024-11-26 19:30:00,NY,0.8461538461538461,2626.855,3.322214285714316,3.322214285714316,3.822214285714316,0.13,2623.5327857142856,2633.499428571429,2630.1772142857144,2620.2105714285713,0.7,LONG,,,,,2626.855,3.322214285714316,2625.722,2627.601,2624.999,1449.0,19.0,1.0
2024-11-29 03:15:00,Off,0.8253968253968254,2658.69,4.431142857142894,4.431142857142894,4.931142857142894,0.1,2654.2588571428573,2667.552285714286,2663.121142857143,2649.827714285714,0.7,LONG,,,,,2658.69,4.431142857142894,2656.097,2660.235,2656.071,2114.0,3.0,4.0
2024-12-02 13:00:00,London,0.8253968253968254,2640.299,4.08792857142849,4.08792857142849,4.58792857142849,0.1,2636.2110714285714,2648.4748571428568,2644.3869285714286,2632.123142857143,0.7,LONG,,,,,2640.299,4.08792857142849,2640.991,2641.433,2637.048,4443.0,13.0,0.0
2024-12-04 17:00:00,NY,0.8253968253968254,2650.921,4.36007142857144,4.36007142857144,4.86007142857144,0.1,2646.5609285714286,2659.6411428571428,2655.281071428571,2642.200857142857,0.7,LONG,,,,,2650.921,4.36007142857144,2649.709,2651.07,2648.467,2460.0,17.0,2.0
2024-12-09 04:45:00,Off,0.7142857142857143,2635.92,3.9287142857142814,3.9287142857142814,4.428714285714282,0.11,2631.991285714286,2643.7774285714286,2639.8487142857143,2628.0625714285716,0.7,LONG,,,,,2635.92,3.9287142857142814,2635.294,2637.436,2634.553,1593.0,4.0,0.0
2024-12-09 06:45:00,Off,0.8253968253968254,2643.819,3.0117142857142687,3.0117142857142687,3.5117142857142687,0.14,2640.8072857142856,2649.8424285714286,2646.8307142857143,2637.7955714285713,0.7,LONG,,,,,2643.819,3.0117142857142687,2642.253,2644.566,2642.036,1634.0,6.0,0.0
2024-12-10 13:15:00,London,0.8253968253968254,2674.779,3.892642857142911,3.892642857142911,4.392642857142911,0.11,2670.886357142857,2682.5642857142857,2678.671642857143,2666.9937142857143,0.7,LONG,,,,,2674.779,3.892642857142911,2673.674,2676.541,2672.308,2777.0,13.0,1.0
2024-12-11 10:45:00,London,0.8253968253968254,2694.506,3.828357142857125,3.828357142857125,4.328357142857125,0.11,2690.677642857143,2702.162714285714,2698.334357142857,2686.8492857142855,0.7,LONG,,,,,2694.506,3.828357142857125,2692.679,2695.752,2692.348,824.0,10.0,2.0
2024-12-11 19:00:00,NY,0.7142857142857143,2715.887,3.514499999999998,3.514499999999998,4.014499999999998,0.12,2712.3725000000004,2722.916,2719.4015,2708.858,0.7,LONG,,,,,2715.887,3.514499999999998,2714.127,2715.954,2713.339,831.0,19.0,2.0
2025-01-15 13:30:00,London,0.8253968253968254,2686.798,3.1339999999999497,3.1339999999999497,3.6339999999999497,0.13,2683.6639999999998,2693.066,2689.932,2680.5299999999997,0.7,LONG,,,,,2686.798,3.1339999999999497,2683.917,2693.455,2683.893,10199.0,13.0,2.0
2025-01-20 11:30:00,London,0.8253968253968254,2707.771,3.096000000000036,3.096000000000036,3.596000000000036,0.13,2704.675,2713.963,2710.867,2701.579,0.7,LONG,,,,,2707.771,3.096000000000036,2708.289,2708.792,2704.835,1608.0,11.0,0.0
2025-01-22 18:00:00,NY,0.8253968253968254,2755.868,3.1082857142856875,3.1082857142856875,3.6082857142856875,0.13,2752.7597142857144,2762.0845714285715,2758.9762857142855,2749.6514285714284,0.7,LONG,,,,,2755.868,3.1082857142856875,2756.522,2757.151,2754.885,2597.0,18.0,2.0
2025-01-24 14:30:00,London,0.7142857142857143,2778.326,3.4660000000000246,3.4660000000000246,3.9660000000000246,0.12,2774.86,2785.2580000000003,2781.792,2771.394,0.7,LONG,,,,,2778.326,3.4660000000000246,2774.438,2778.814,2773.723,4981.0,14.0,4.0
2025-02-03 15:30:00,London,0.8253968253968254,2816.749,5.7276428571428175,5.7276428571428175,6.2276428571428175,0.08,2811.021357142857,2828.2042857142856,2822.4766428571425,2805.293714285714,0.7,LONG,,,,,2816.749,5.7276428571428175,2821.323,2821.985,2813.568,14493.0,15.0,0.0
2025-02-05 07:00:00,London,0.8253968253968254,2856.906,3.0415000000000094,3.0415000000000094,3.5415000000000094,0.14,2853.8645,2862.989,2859.9474999999998,2850.823,0.7,LONG,,,,,2856.906,3.0415000000000094,2859.198,2859.198,2854.795,1915.0,7.0,2.0
2025-02-05 11:15:00,London,0.8181818181818182,2869.532,3.814571428571331,3.814571428571331,4.31457142857133,0.11,2865.7174285714286,2877.1611428571427,2873.3465714285717,2861.9028571428576,0.7,LONG,,,,,2869.532,3.814571428571331,2867.127,2869.995,2865.906,3050.0,11.0,2.0
2025-02-05 12:45:00,London,0.8253968253968254,2870.255,3.4412142857142305,3.4412142857142305,3.9412142857142305,0.12,2866.813785714286,2877.1374285714287,2873.696214285714,2863.3725714285715,0.7,LONG,,,,,2870.255,3.4412142857142305,2867.387,2870.866,2866.959,2297.0,12.0,2.0
2025-02-10 01:45:00,Off,0.8181818181818182,2871.866,3.6878571428571183,3.6878571428571183,4.187857142857118,0.11,2868.178142857143,2879.2417142857144,2875.553857142857,2864.4902857142856,0.7,LONG,,,,,2871.866,3.6878571428571183,2867.596,2871.962,2866.748,3185.0,1.0,0.0
2025-02-10 10:30:00,London,0.8253968253968254,2901.402,3.724928571428466,3.724928571428466,4.224928571428466,0.11,2897.6770714285717,2908.851857142857,2905.1269285714284,2893.952142857143,0.7,LONG,,,,,2901.402,3.724928571428466,2902.002,2902.348,2898.21,3211.0,10.0,0.0
2025-02-11 02:30:00,Off,0.8253968253968254,2917.124,7.743928571428602,7.743928571428602,8.2439285714286,0.06,2909.3800714285712,2932.611857142857,2924.8679285714284,2901.6361428571427,0.7,LONG,,,,,2917.124,7.743928571428602,2939.855,2941.591,2905.454,17301.0,2.0,1.0
2025-02-11 06:00:00,Off,0.8253968253968254,2926.491,4.941928571428564,4.941928571428564,5.441928571428564,0.09,2921.5490714285716,2936.3748571428573,2931.4329285714284,2916.6071428571427,0.7,LONG,,,,,2926.491,4.941928571428564,2922.949,2929.446,2922.911,4492.0,6.0,1.0
2025-02-12 19:15:00,NY,0.8461538461538461,2895.066,4.141714285714345,4.141714285714345,4.641714285714345,0.1,2890.9242857142854,2903.3494285714287,2899.2077142857142,2886.782571428571,0.7,LONG,,,,,2895.066,4.141714285714345,2897.883,2898.424,2893.511,2564.0,19.0,2.0
2025-02-13 06:30:00,Off,0.7142857142857143,2914.073,3.3929285714286186,3.3929285714286186,3.8929285714286186,0.12,2910.6800714285714,2920.8588571428572,2917.4659285714283,2907.2871428571425,0.7,LONG,,,,,2914.073,3.3929285714286186,2916.097,2916.097,2912.531,3008.0,6.0,3.0
2025-02-17 08:30:00,London,0.7142857142857143,2898.119,4.5428571428571365,4.5428571428571365,5.0428571428571365,0.09,2893.576142857143,2907.2047142857145,2902.661857142857,2889.0332857142857,0.7,LONG,,,,,2898.119,4.5428571428571365,2899.443,2900.335,2895.044,3322.0,8.0,0.0
2025-02-17 11:00:00,London,0.8253968253968254,2899.378,3.759928571428613,3.759928571428613,4.259928571428613,0.11,2895.6180714285715,2906.8978571428574,2903.137928571429,2891.858142857143,0.7,LONG,,,,,2899.378,3.759928571428613,2902.852,2903.972,2899.062,2068.0,11.0,0.0
2025-02-19 12:30:00,London,0.7142857142857143,2936.075,3.776642857142796,3.776642857142796,4.276642857142797,0.11,2932.298357142857,2943.6282857142855,2939.8516428571425,2928.521714285714,0.7,LONG,,,,,2936.075,3.776642857142796,2933.618,2936.617,2932.892,2046.0,12.0,2.0
2025-02-21 12:00:00,London,0.7142857142857143,2931.09,3.3048571428571125,3.3048571428571125,3.8048571428571125,0.13,2927.785142857143,2937.6997142857144,2934.3948571428573,2924.480285714286,0.7,LONG,,,,,2931.09,3.3048571428571125,2928.411,2931.423,2927.523,2066.0,12.0,4.0
2025-02-25 20:15:00,NY,0.8253968253968254,2912.687,3.694928571428461,3.694928571428461,4.194928571428461,0.11,2908.9920714285713,2920.0768571428566,2916.3819285714285,2905.297142857143,0.7,LONG,,,,,2912.687,3.694928571428461,2911.414,2913.367,2910.881,1561.0,20.0,1.0
2025-02-26 02:00:00,Off,0.8253968253968254,2916.752,4.048428571428531,4.048428571428531,4.548428571428531,0.1,2912.703571428571,2924.848857142857,2920.8004285714287,2908.655142857143,0.7,LONG,,,,,2916.752,4.048428571428531,2917.751,2920.057,2914.799,2494.0,2.0,2.0
2025-03-03 18:30:00,NY,0.8253968253968254,2887.447,4.172499999999998,4.172499999999998,4.672499999999998,0.1,2883.2745,2895.792,2891.6195000000002,2879.1020000000003,0.7,LONG,,,,,2887.447,4.172499999999998,2890.488,2891.502,2886.628,2170.0,18.0,0.0
2025-03-04 21:15:00,NY,0.7142857142857143,2915.207,3.156428571428608,3.156428571428608,3.656428571428608,0.13,2912.0505714285714,2921.5198571428573,2918.3634285714284,2908.8941428571425,0.7,LONG,,,,,2915.207,3.156428571428608,2915.422,2915.724,2913.269,1687.0,21.0,1.0
2025-03-05 21:30:00,NY,0.8253968253968254,2918.279,2.48614285714286,2.48614285714286,2.98614285714286,0.16,2915.792857142857,2923.2512857142856,2920.765142857143,2913.3067142857144,0.7,LONG,,,,,2918.279,2.48614285714286,2919.708,2919.76,2918.279,641.0,21.0,2.0
2025-03-05 23:00:00,Off,0.8253968253968254,2917.602,2.108142857142866,2.108142857142866,2.608142857142866,0.19,2915.493857142857,2921.8182857142856,2919.7101428571427,2913.385714285714,0.7,LONG,,,,,2917.602,2.108142857142866,2918.008,2918.966,2917.433,991.0,23.0,2.0
2025-03-05 23:15:00,Off,0.7142857142857143,2917.444,1.9601428571428576,1.9601428571428576,2.4601428571428574,0.2,2915.4838571428572,2921.364285714286,2919.4041428571427,2913.523714285714,0.7,LONG,,,,,2917.444,1.9601428571428576,2917.65,2917.957,2916.711,752.0,23.0,2.0
2025-03-12 11:15:00,London,0.7142857142857143,2913.32,3.1852857142856528,3.1852857142856528,3.6852857142856528,0.13,2910.1347142857144,2919.6905714285713,2916.505285714286,2906.949428571429,0.7,LONG,,,,,2913.32,3.1852857142856528,2914.746,2915.825,2913.045,1658.0,11.0,2.0
2025-03-12 11:30:00,London,0.8461538461538461,2915.065,3.227642857142817,3.227642857142817,3.727642857142817,0.13,2911.8373571428574,2921.520285714286,2918.2926428571427,2908.6097142857143,0.7,LONG,,,,,2915.065,3.227642857142817,2913.359,2916.314,2912.638,1713.0,11.0,2.0
2025-03-12 12:30:00,London,0.8461538461538461,2918.962,3.2074999999999494,3.2074999999999494,3.7074999999999494,0.13,2915.7545,2925.377,2922.1695,2912.547,0.7,LONG,,,,,2918.962,3.2074999999999494,2914.737,2923.103,2914.605,7521.0,12.0,2.0
2025-03-14 10:45:00,London,0.7142857142857143,2993.213,4.500642857142858,4.500642857142858,5.000642857142858,0.09,2988.7123571428574,3002.214285714286,2997.713642857143,2984.2117142857146,0.7,LONG,,,,,2993.213,4.500642857142858,2990.186,2994.75,2986.578,4115.0,10.0,4.0
2025-03-18 05:15:00,Off,0.8253968253968254,3007.472,3.112714285714316,3.112714285714316,3.612714285714316,0.13,3004.3592857142858,3013.6974285714286,3010.5847142857147,3001.2465714285718,0.7,LONG,,,,,3007.472,3.112714285714316,3011.912,3012.096,3006.066,1992.0,5.0,1.0
2025-03-18 14:15:00,London,0.8253968253968254,3029.139,5.463785714285677,5.463785714285677,5.963785714285677,0.08,3023.6752142857144,3040.0665714285715,3034.602785714286,3018.2114285714288,0.7,LONG,,,,,3029.139,5.463785714285677,3025.959,3029.75,3024.72,5274.0,14.0,1.0
2025-03-19 06:15:00,Off,0.8253968253968254,3036.779,3.4314285714286337,3.4314285714286337,3.9314285714286337,0.12,3033.3475714285714,3043.641857142857,3040.2104285714286,3029.916142857143,0.7,LONG,,,,,3036.779,3.4314285714286337,3038.588,3040.976,3034.506,3421.0,6.0,2.0
2025-03-19 06:30:00,Off,0.8461538461538461,3039.952,3.59928571428577,3.59928571428577,4.09928571428577,0.12,3036.3527142857147,3047.1505714285718,3043.5512857142858,3032.7534285714287,0.7,LONG,,,,,3039.952,3.59928571428577,3036.782,3040.258,3034.602,2601.0,6.0,2.0
2025-03-25 12:30:00,London,0.8253968253968254,3018.809,3.021285714285731,3.021285714285731,3.521285714285731,0.14,3015.7877142857146,3024.851571428572,3021.8302857142858,3012.7664285714286,0.7,LONG,,,,,3018.809,3.021285714285731,3016.713,3020.139,3016.713,3026.0,12.0,1.0
2025-03-26 12:45:00,London,0.8461538461538461,3027.139,3.2447142857142484,3.2447142857142484,3.7447142857142484,0.13,3023.894285714286,3033.6284285714287,3030.383714285714,3020.6495714285716,0.7,LONG,,,,,3027.139,3.2447142857142484,3028.721,3029.958,3026.518,2107.0,12.0,2.0
2025-03-27 07:30:00,London,0.8253968253968254,3033.473,3.546000000000049,3.546000000000049,4.046000000000049,0.12,3029.9269999999997,3040.565,3037.0190000000002,3026.381,0.7,LONG,,,,,3033.473,3.546000000000049,3031.228,3033.699,3029.598,1937.0,7.0,3.0
2025-04-02 05:30:00,Off,0.8253968253968254,3116.402,4.2001428571428665,4.2001428571428665,4.7001428571428665,0.1,3112.201857142857,3124.802285714286,3120.602142857143,3108.001714285714,0.7,LONG,,,,,3116.402,4.2001428571428665,3112.772,3117.239,3108.623,6382.0,5.0,2.0
2025-04-02 07:00:00,London,0.8253968253968254,3113.612,4.409714285714309,4.409714285714309,4.909714285714309,0.1,3109.2022857142856,3122.4314285714286,3118.0217142857146,3104.7925714285716,0.7,LONG,,,,,3113.612,4.409714285714309,3116.575,3117.231,3112.176,2997.0,7.0,2.0
2025-04-02 07:15:00,London,0.8253968253968254,3116.701,4.515857142857191,4.515857142857191,5.015857142857191,0.09,3112.1851428571426,3125.7327142857143,3121.2168571428574,3107.6692857142857,0.7,LONG,,,,,3116.701,4.515857142857191,3113.622,3118.34,3113.47,1894.0,7.0,2.0
2025-04-03 23:00:00,Off,0.7142857142857143,3111.238,4.577999999999975,4.577999999999975,5.077999999999975,0.09,3106.66,3120.394,3115.816,3102.082,0.7,LONG,,,,,3111.238,4.577999999999975,3115.423,3115.443,3109.757,1565.0,23.0,3.0
2025-04-03 23:45:00,Off,0.8253968253968254,3112.884,4.109785714285668,4.109785714285668,4.609785714285668,0.1,3108.774214285714,3121.1035714285713,3116.993785714286,3104.6644285714287,0.7,LONG,,,,,3112.884,4.109785714285668,3114.465,3116.249,3112.722,2355.0,23.0,3.0
2025-04-07 06:30:00,Off,0.7142857142857143,3027.811,10.386642857142729,10.386642857142729,10.886642857142729,0.04,3017.4243571428574,3048.5842857142857,3038.197642857143,3007.0377142857146,0.7,LONG,,,,,3027.811,10.386642857142729,3018.595,3031.829,3018.595,6905.0,6.0,0.0
2025-04-07 13:00:00,London,0.8253968253968254,3027.529,8.616071428571363,8.616071428571363,9.116071428571363,0.05,3018.9129285714284,3044.7611428571427,3036.1450714285716,3010.2968571428573,0.7,LONG,,,,,3027.529,8.616071428571363,3031.079,3034.198,3024.425,8339.0,13.0,0.0
2025-04-08 12:45:00,London,0.8461538461538461,3002.581,6.242857142857149,6.242857142857149,6.742857142857149,0.07,2996.338142857143,3015.0667142857146,3008.8238571428574,2990.0952857142856,0.7,LONG,,,,,3002.581,6.242857142857149,3007.055,3008.686,3002.358,3298.0,12.0,1.0
2025-04-09 06:00:00,Off,0.8461538461538461,3020.433,6.960785714285781,6.960785714285781,7.460785714285781,0.06,3013.472214285714,3034.3545714285715,3027.393785714286,3006.5114285714285,0.7,LONG,,,,,3020.433,6.960785714285781,3015.489,3025.276,3014.649,6546.0,6.0,2.0
2025-04-09 07:30:00,London,0.8181818181818182,3046.143,8.568642857142907,8.568642857142907,9.068642857142907,0.05,3037.574357142857,3063.280285714286,3054.711642857143,3029.005714285714,0.7,LONG,,,,,3046.143,8.568642857142907,3043.202,3048.499,3041.247,4819.0,7.0,2.0
2025-04-09 12:45:00,London,0.8461538461538461,3047.418,9.391357142857064,9.391357142857064,9.891357142857064,0.05,3038.026642857143,3066.200714285714,3056.809357142857,3028.635285714286,0.7,LONG,,,,,3047.418,9.391357142857064,3043.984,3051.312,3042.626,6602.0,12.0,2.0
2025-04-10 03:45:00,Off,0.8253968253968254,3125.406,10.11535714285716,10.11535714285716,10.61535714285716,0.04,3115.2906428571428,3145.6367142857143,3135.521357142857,3105.1752857142856,0.7,LONG,,,,,3125.406,10.11535714285716,3121.876,3126.878,3121.55,2076.0,3.0,3.0
2025-04-11 05:45:00,Off,0.7142857142857143,3195.822,7.525499999999965,7.525499999999965,8.025499999999965,0.06,3188.2965000000004,3210.873,3203.3475,3180.771,0.7,LONG,,,,,3195.822,7.525499999999965,3189.19,3196.221,3187.153,9003.0,5.0,4.0
2025-04-11 13:45:00,London,0.8253968253968254,3224.124,10.152142857142865,10.152142857142865,10.652142857142865,0.04,3213.971857142857,3244.4282857142857,3234.2761428571425,3203.819714285714,0.7,LONG,,,,,3224.124,10.152142857142865,3240.47,3240.676,3219.568,10428.0,13.0,4.0
2025-04-14 04:00:00,Off,0.7142857142857143,3234.542,7.209928571428626,7.209928571428626,7.709928571428626,0.06,3227.3320714285715,3248.9618571428573,3241.7519285714284,3220.1221428571425,0.7,LONG,,,,,3234.542,7.209928571428626,3232.445,3235.8,3232.045,1909.0,4.0,0.0
2025-04-14 18:30:00,NY,0.8253968253968254,3204.361,5.080785714285704,5.080785714285704,5.580785714285704,0.08,3199.280214285714,3214.522571428571,3209.4417857142857,3194.1994285714286,0.7,LONG,,,,,3204.361,5.080785714285704,3210.162,3211.249,3201.425,2270.0,18.0,0.0
2025-04-16 01:30:00,Off,0.8253968253968254,3265.761,6.789571428571337,6.789571428571337,7.289571428571337,0.06,3258.9714285714285,3279.340142857143,3272.5505714285714,3252.181857142857,0.7,LONG,,,,,3265.761,6.789571428571337,3264.893,3266.899,3256.014,4681.0,1.0,2.0
2025-04-16 08:30:00,London,0.8461538461538461,3292.344,6.858571428571395,6.858571428571395,7.358571428571395,0.06,3285.4854285714287,3306.061142857143,3299.2025714285714,3278.6268571428573,0.7,LONG,,,,,3292.344,6.858571428571395,3299.744,3301.235,3288.588,8278.0,8.0,2.0
2025-04-16 10:15:00,London,0.8461538461538461,3303.964,8.198142857142784,8.198142857142784,8.698142857142784,0.05,3295.7658571428574,3320.3602857142855,3312.1621428571425,3287.5677142857144,0.7,LONG,,,,,3303.964,8.198142857142784,3299.917,3304.522,3299.598,2028.0,10.0,2.0
2025-04-16 11:15:00,London,0.8461538461538461,3295.083,8.400499999999933,8.400499999999933,8.900499999999933,0.05,3286.6825000000003,3311.884,3303.4835,3278.282,0.7,LONG,,,,,3295.083,8.400499999999933,3297.678,3300.523,3293.164,3337.0,11.0,2.0
2025-04-16 11:30:00,London,0.8461538461538461,3302.909,8.278214285714252,8.278214285714252,8.778214285714252,0.05,3294.630785714286,3319.4654285714287,3311.187214285714,3286.3525714285715,0.7,LONG,,,,,3302.909,8.278214285714252,3295.091,3303.684,3295.044,3070.0,11.0,2.0
2025-04-16 13:30:00,London,0.8461538461538461,3298.835,7.238142857142845,7.238142857142845,7.738142857142845,0.06,3291.596857142857,3313.3112857142855,3306.073142857143,3284.3587142857145,0.7,LONG,,,,,3298.835,7.238142857142845,3305.063,3306.586,3296.838,5871.0,13.0,2.0
2025-04-16 23:15:00,Off,0.8461538461538461,3351.103,4.579142857142967,4.579142857142967,5.079142857142967,0.09,3346.523857142857,3360.261285714286,3355.682142857143,3341.9447142857143,0.7,LONG,,,,,3351.103,4.579142857142967,3350.03,3352.137,3349.465,1473.0,23.0,2.0
2025-04-17 13:30:00,London,0.7142857142857143,3329.596,8.096428571428564,8.096428571428564,8.596428571428564,0.05,3321.4995714285715,3345.788857142857,3337.6924285714285,3313.403142857143,0.7,LONG,,,,,3329.596,8.096428571428564,3322.881,3331.978,3320.084,6896.0,13.0,3.0
2025-04-21 07:45:00,London,0.8253968253968254,3385.082,5.021571428571568,5.021571428571568,5.521571428571568,0.09,3380.0604285714285,3395.125142857143,3390.1035714285713,3375.0388571428566,0.7,LONG,,,,,3385.082,5.021571428571568,3391.619,3391.761,3381.842,4245.0,7.0,0.0
2025-04-21 11:00:00,London,0.8315089578055446,3388.86,4.948214285714228,4.948214285714228,5.448214285714228,0.09,3383.911785714286,3398.7564285714284,3393.8082142857143,3378.963571428572,0.7,LONG,,,,,3388.86,4.948214285714228,3394.905,3394.945,3386.401,2282.0,11.0,0.0
2025-04-21 15:00:00,London,0.8253968253968254,3412.049,9.6479285714285,9.6479285714285,10.1479285714285,0.04,3402.4010714285714,3431.344857142857,3421.6969285714285,3392.753142857143,0.7,LONG,,,,,3412.049,9.6479285714285,3416.751,3418.612,3407.934,5404.0,15.0,0.0
2025-04-21 15:15:00,London,0.8461538461538461,3420.812,10.062571428571378,10.062571428571378,10.562571428571378,0.04,3410.7494285714283,3440.9371428571426,3430.8745714285715,3400.686857142857,0.7,LONG,,,,,3420.812,10.062571428571378,3412.073,3421.106,3411.182,4076.0,15.0,0.0
2025-04-22 05:30:00,Off,0.8253968253968254,3488.101,8.849642857142888,8.849642857142888,9.349642857142888,0.05,3479.251357142857,3505.800285714286,3496.950642857143,3470.401714285714,0.7,LONG,,,,,3488.101,8.849642857142888,3480.615,3488.254,3473.467,6313.0,5.0,1.0
2025-04-23 18:45:00,NY,0.7142857142857143,3282.766,8.505428571428638,8.505428571428638,9.005428571428638,0.05,3274.2605714285714,3299.7768571428574,3291.2714285714287,3265.755142857143,0.7,LONG,,,,,3282.766,8.505428571428638,3280.323,3283.885,3280.095,1760.0,18.0,2.0
2025-04-24 05:30:00,Off,0.7142857142857143,3331.082,8.395714285714316,8.395714285714316,8.895714285714316,0.05,3322.6862857142855,3347.8734285714286,3339.4777142857142,3314.290571428571,0.7,LONG,,,,,3331.082,8.395714285714316,3324.83,3335.608,3320.445,5518.0,5.0,3.0
2025-04-27 23:45:00,Off,0.8253968253968254,3302.739,8.060714285714214,8.060714285714214,8.560714285714214,0.05,3294.6782857142857,3318.8604285714287,3310.7997142857143,3286.6175714285714,0.7,LONG,,,,,3302.739,8.060714285714214,3306.154,3306.591,3298.606,3968.0,23.0,6.0
2025-04-29 18:00:00,NY,0.8253968253968254,3318.23,6.227999999999903,6.227999999999903,6.727999999999903,0.07,3312.002,3330.6859999999997,3324.458,3305.7740000000003,0.7,LONG,,,,,3318.23,6.227999999999903,3314.368,3319.413,3313.243,3019.0,18.0,1.0
2025-04-29 19:00:00,NY,0.8253968253968254,3322.935,5.483571428571362,5.483571428571362,5.983571428571362,0.08,3317.4514285714286,3333.9021428571427,3328.4185714285713,3311.967857142857,0.7,LONG,,,,,3322.935,5.483571428571362,3320.015,3324.963,3319.897,2221.0,19.0,1.0
2025-04-30 14:30:00,London,0.8253968253968254,3294.265,11.162714285714337,11.162714285714337,11.662714285714337,0.04,3283.1022857142857,3316.5904285714287,3305.427714285714,3271.939571428571,0.7,LONG,,,,,3294.265,11.162714285714337,3304.821,3305.382,3292.815,7077.0,14.0,2.0
2025-05-05 03:30:00,Off,0.7142857142857143,3255.289,7.099928571428661,7.099928571428661,7.599928571428661,0.06,3248.1890714285714,3269.4888571428573,3262.388928571429,3241.089142857143,0.7,LONG,,,,,3255.289,7.099928571428661,3259.602,3259.652,3253.107,2796.0,3.0,0.0
2025-05-05 07:30:00,London,0.8253968253968254,3264.275,4.884428571428608,4.884428571428608,5.384428571428608,0.09,3259.3905714285715,3274.043857142857,3269.1594285714286,3254.506142857143,0.7,LONG,,,,,3264.275,4.884428571428608,3261.057,3266.005,3260.286,2167.0,7.0,0.0
2025-05-05 11:45:00,London,0.8253968253968254,3312.919,6.76414285714288,6.76414285714288,7.26414285714288,0.06,3306.154857142857,3326.4472857142855,3319.6831428571427,3299.3907142857142,0.7,LONG,,,,,3312.919,6.76414285714288,3312.199,3314.872,3311.323,2236.0,11.0,0.0
2025-05-05 23:00:00,Off,0.8253968253968254,3331.78,5.249499999999963,5.249499999999963,5.749499999999963,0.08,3326.5305000000003,3342.279,3337.0295,3321.2810000000004,0.7,LONG,,,,,3331.78,5.249499999999963,3330.662,3335.023,3329.454,1804.0,23.0,0.0
2025-05-06 03:00:00,Off,0.8253968253968254,3356.92,11.659428571428602,11.659428571428602,12.159428571428602,0.04,3345.2605714285714,3380.2388571428573,3368.5794285714287,3333.601142857143,0.7,LONG,,,,,3356.92,11.659428571428602,3358.487,3361.807,3352.407,6707.0,3.0,1.0
2025-05-06 04:30:00,Off,0.8253968253968254,3360.606,10.379785714285749,10.379785714285749,10.879785714285749,0.04,3350.2262142857144,3381.365571428572,3370.985785714286,3339.8464285714285,0.7,LONG,,,,,3360.606,10.379785714285749,3356.971,3361.881,3356.066,2898.0,4.0,1.0
2025-05-06 04:45:00,Off,0.8253968253968254,3363.248,10.242214285714324,10.242214285714324,10.742214285714324,0.04,3353.0057857142856,3383.7324285714285,3373.4902142857145,3342.7635714285716,0.7,LONG,,,,,3363.248,10.242214285714324,3360.579,3366.213,3359.762,3514.0,4.0,1.0
2025-05-06 12:15:00,London,0.8461538461538461,3376.384,5.439714285714184,5.439714285714184,5.939714285714184,0.08,3370.944285714286,3387.2634285714284,3381.8237142857142,3365.5045714285716,0.7,LONG,,,,,3376.384,5.439714285714184,3377.577,3378.693,3373.128,3383.0,12.0,1.0
2025-05-06 14:45:00,London,0.8253968253968254,3386.29,8.189571428571428,8.189571428571428,8.689571428571428,0.05,3378.1004285714284,3402.669142857143,3394.4795714285715,3369.910857142857,0.7,LONG,,,,,3386.29,8.189571428571428,3379.869,3386.596,3379.16,4699.0,14.0,1.0
2025-05-12 22:45:00,Off,0.8253968253968254,3233.906,4.410571428571367,4.410571428571367,4.910571428571367,0.1,3229.4954285714284,3242.7271428571426,3238.3165714285715,3225.0848571428573,0.7,LONG,,,,,3233.906,4.410571428571367,3235.788,3235.984,3229.864,1903.0,22.0,0.0
2025-05-13 11:15:00,London,0.8253968253968254,3255.841,4.321214285714307,4.321214285714307,4.821214285714307,0.1,3251.5197857142857,3264.4834285714287,3260.162214285714,3247.198571428571,0.7,LONG,,,,,3255.841,4.321214285714307,3252.8,3258.576,3250.31,2974.0,11.0,1.0
2025-05-14 01:30:00,Off,0.8212398804675624,3244.872,5.326857142857112,5.326857142857112,5.826857142857112,0.08,3239.5451428571428,3255.525714285714,3250.198857142857,3234.2182857142857,0.7,LONG,,,,,3244.872,5.326857142857112,3250.62,3251.807,3242.683,4837.0,1.0,2.0
2025-05-14 10:45:00,London,0.8461538461538461,3235.753,5.553785714285725,5.553785714285725,6.053785714285725,0.08,3230.1992142857143,3246.860571428572,3241.306785714286,3224.6454285714285,0.7,LONG,,,,,3235.753,5.553785714285725,3231.473,3236.571,3229.611,2044.0,10.0,2.0
2025-05-14 12:45:00,London,0.7142857142857143,3184.754,7.801571428571476,7.801571428571476,8.301571428571476,0.06,3176.9524285714283,3200.3571428571427,3192.5555714285715,3169.150857142857,0.7,LONG,,,,,3184.754,7.801571428571476,3201.031,3201.885,3184.11,10739.0,12.0,2.0
2025-05-14 13:00:00,London,0.8181818181818182,3179.424,8.271285714285796,8.271285714285796,8.771285714285796,0.05,3171.152714285714,3195.9665714285716,3187.695285714286,3162.8814285714284,0.7,LONG,,,,,3179.424,8.271285714285796,3184.725,3188.811,3175.435,12625.0,13.0,2.0
2025-05-19 14:00:00,London,0.8253968253968254,3222.872,7.5848571428571825,7.5848571428571825,8.084857142857182,0.06,3215.2871428571425,3238.041714285714,3230.456857142857,3207.7022857142856,0.7,LONG,,,,,3222.872,7.5848571428571825,3229.951,3231.361,3217.216,7467.0,14.0,0.0
2025-05-19 14:45:00,London,0.8253968253968254,3233.939,8.483857142857167,8.483857142857167,8.983857142857167,0.05,3225.4551428571426,3250.9067142857143,3242.422857142857,3216.9712857142854,0.7,LONG,,,,,3233.939,8.483857142857167,3229.789,3236.022,3229.741,3085.0,14.0,0.0
2025-05-19 16:30:00,London,0.8181818181818182,3231.867,7.465428571428577,7.465428571428577,7.965428571428577,0.06,3224.4015714285715,3246.7978571428575,3239.332428571429,3216.936142857143,0.7,LONG,,,,,3231.867,7.465428571428577,3228.89,3234.152,3228.638,2015.0,16.0,0.0
2025-05-19 18:00:00,NY,0.7142857142857143,3228.199,4.949857142857127,4.949857142857127,5.449857142857127,0.09,3223.249142857143,3238.0987142857143,3233.148857142857,3218.299285714286,0.7,LONG,,,,,3228.199,4.949857142857127,3226.459,3229.613,3225.166,1676.0,18.0,0.0
2025-05-19 19:15:00,NY,0.8181818181818182,3234.219,4.022999999999944,4.022999999999944,4.522999999999944,0.11,3230.196,3242.265,3238.242,3226.1730000000002,0.7,LONG,,,,,3234.219,4.022999999999944,3235.321,3235.866,3232.41,1203.0,19.0,0.0
2025-05-20 13:00:00,London,0.8461538461538461,3236.46,5.191928571428629,5.191928571428629,5.691928571428629,0.08,3231.2680714285716,3246.8438571428574,3241.6519285714285,3226.0761428571427,0.7,LONG,,,,,3236.46,5.191928571428629,3242.749,3242.749,3232.837,6963.0,13.0,1.0
2025-05-20 23:30:00,Off,0.8253968253968254,3292.037,4.790642857142919,4.790642857142919,5.290642857142919,0.09,3287.246357142857,3301.618285714286,3296.8276428571426,3282.455714285714,0.7,LONG,,,,,3292.037,4.790642857142919,3292.217,3293.07,3288.505,2574.0,23.0,1.0
2025-05-21 00:00:00,Off,0.8461538461538461,3294.661,5.036214285714356,5.036214285714356,5.536214285714356,0.09,3289.6247857142857,3304.7334285714287,3299.6972142857144,3284.5885714285714,0.7,LONG,,,,,3294.661,5.036214285714356,3290.734,3296.313,3288.959,2495.0,0.0,2.0
2025-05-21 08:00:00,London,0.8253968253968254,3305.237,6.37335714285723,6.37335714285723,6.87335714285723,0.07,3298.8636428571426,3317.9837142857145,3311.6103571428575,3292.4902857142856,0.7,LONG,,,,,3305.237,6.37335714285723,3309.933,3311.14,3303.946,3091.0,8.0,2.0
2025-05-21 10:30:00,London,0.8461538461538461,3311.147,5.4497142857143706,5.4497142857143706,5.9497142857143706,0.08,3305.6972857142855,3322.046428571429,3316.5967142857144,3300.247571428571,0.7,LONG,,,,,3311.147,5.4497142857143706,3316.424,3318.322,3311.048,2856.0,10.0,2.0
2025-05-23 14:00:00,London,0.8181818181818182,3343.888,10.550285714285726,10.550285714285726,11.050285714285726,0.04,3333.3377142857144,3364.9885714285715,3354.4382857142855,3322.7874285714283,0.7,LONG,,,,,3343.888,10.550285714285726,3340.011,3348.536,3336.556,6823.0,14.0,4.0
2025-05-29 14:30:00,London,0.8253968253968254,3308.047,7.61964285714287,7.61964285714287,8.119642857142871,0.06,3300.427357142857,3323.286285714286,3315.666642857143,3292.807714285714,0.7,LONG,,,,,3308.047,7.61964285714287,3310.981,3312.55,3304.814,4918.0,14.0,3.0
2025-05-30 01:00:00,Off,0.8253968253968254,3316.109,3.709285714285704,3.709285714285704,4.209285714285704,0.11,3312.3997142857143,3323.5275714285713,3319.8182857142856,3308.6904285714286,0.7,LONG,,,,,3316.109,3.709285714285704,3312.627,3318.464,3311.592,3616.0,1.0,4.0
2025-06-02 10:45:00,London,0.8253968253968254,3348.629,4.798285714285742,4.798285714285742,5.298285714285742,0.09,3343.8307142857143,3358.2255714285716,3353.4272857142855,3339.032428571428,0.7,LONG,,,,,3348.629,4.798285714285742,3345.156,3351.442,3344.546,2371.0,10.0,0.0
2025-06-04 07:00:00,London,0.8253968253968254,3359.77,4.867571428571442,4.867571428571442,5.367571428571442,0.09,3354.9024285714286,3369.505142857143,3364.6375714285714,3350.034857142857,0.7,LONG,,,,,3359.77,4.867571428571442,3355.753,3362.948,3355.63,2516.0,7.0,2.0
2025-06-04 08:00:00,London,0.8253968253968254,3355.751,5.174357142857128,5.174357142857128,5.674357142857128,0.08,3350.5766428571433,3366.0997142857145,3360.925357142857,3345.402285714286,0.7,LONG,,,,,3355.751,5.174357142857128,3354.679,3357.228,3351.703,2518.0,8.0,2.0
2025-06-11 02:00:00,Off,0.7142857142857143,3332.251,5.140571428571515,5.140571428571515,5.640571428571515,0.08,3327.1104285714287,3342.5321428571433,3337.3915714285718,3321.969857142857,0.7,LONG,,,,,3332.251,5.140571428571515,3328.549,3332.516,3327.142,1944.0,2.0,2.0
2025-06-11 06:15:00,Off,0.8253968253968254,3333.348,3.625499999999972,3.625499999999972,4.125499999999972,0.12,3329.7225,3340.5989999999997,3336.9735,3326.097,0.7,LONG,,,,,3333.348,3.625499999999972,3338.191,3338.745,3332.496,2596.0,6.0,2.0
2025-06-11 23:45:00,Off,0.8461538461538461,3365.376,4.973928571428554,4.973928571428554,5.473928571428554,0.09,3360.4020714285716,3375.3238571428574,3370.349928571429,3355.428142857143,0.7,LONG,,,,,3365.376,4.973928571428554,3365.647,3366.452,3357.635,3186.0,23.0,2.0
2025-06-12 01:00:00,Off,0.8253968253968254,3367.237,5.961714285714314,5.961714285714314,6.461714285714314,0.07,3361.275285714286,3379.160428571429,3373.1987142857142,3355.3135714285713,0.7,LONG,,,,,3367.237,5.961714285714314,3365.89,3370.773,3362.427,4662.0,1.0,3.0
2025-06-12 11:30:00,London,0.8253968253968254,3376.788,6.551428571428557,6.551428571428557,7.051428571428557,0.07,3370.2365714285716,3389.890857142857,3383.3394285714285,3363.685142857143,0.7,LONG,,,,,3376.788,6.551428571428557,3380.98,3383.339,3373.212,4199.0,11.0,3.0
2025-06-12 15:15:00,London,0.8253968253968254,3388.253,8.953428571428535,8.953428571428535,9.453428571428535,0.05,3379.2995714285717,3406.159857142857,3397.2064285714287,3370.346142857143,0.7,LONG,,,,,3388.253,8.953428571428535,3380.105,3389.738,3377.787,6612.0,15.0,3.0
2025-06-17 12:15:00,London,0.8253968253968254,3388.253,5.51671428571428,5.51671428571428,6.01671428571428,0.08,3382.7362857142857,3399.2864285714286,3393.7697142857146,3377.2195714285717,0.7,LONG,,,,,3388.253,5.51671428571428,3384.889,3388.292,3383.473,3580.0,12.0,1.0
2025-06-19 13:30:00,London,0.7142857142857143,3367.707,4.68828571428581,4.68828571428581,5.18828571428581,0.09,3363.018714285714,3377.0835714285713,3372.395285714286,3358.3304285714285,0.7,LONG,,,,,3367.707,4.68828571428581,3362.937,3369.177,3361.705,3560.0,13.0,3.0
2025-06-23 12:30:00,London,0.8253968253968254,3359.922,5.408714285714268,5.408714285714268,5.908714285714268,0.08,3354.5132857142858,3370.7394285714286,3365.3307142857143,3349.1045714285715,0.7,LONG,,,,,3359.922,5.408714285714268,3362.442,3363.246,3355.868,3351.0,12.0,0.0
2025-06-23 17:15:00,NY,0.8181818181818182,3379.403,6.66964285714289,6.66964285714289,7.16964285714289,0.06,3372.733357142857,3392.7422857142856,3386.0726428571425,3366.063714285714,0.7,LONG,,,,,3379.403,6.66964285714289,3387.278,3387.553,3375.573,6053.0,17.0,0.0
2025-06-23 18:15:00,NY,0.8253968253968254,3384.733,5.832357142857226,5.832357142857226,6.332357142857226,0.07,3378.900642857143,3396.3977142857148,3390.5653571428575,3373.0682857142856,0.7,LONG,,,,,3384.733,5.832357142857226,3385.991,3387.719,3383.348,2524.0,18.0,0.0
2025-06-23 18:30:00,NY,0.8253968253968254,3378.98,6.13150000000009,6.13150000000009,6.63150000000009,0.07,3372.8485,3391.2430000000004,3385.1115,3366.7169999999996,0.7,LONG,,,,,3378.98,6.13150000000009,3384.719,3385.016,3376.81,2669.0,18.0,0.0
2025-06-25 17:30:00,NY,0.8253968253968254,3327.49,3.7943571428571823,3.7943571428571823,4.294357142857182,0.11,3323.6956428571425,3335.0787142857143,3331.284357142857,3319.901285714285,0.7,LONG,,,,,3327.49,3.7943571428571823,3328.943,3330.193,3324.784,3111.0,17.0,2.0
2025-06-26 05:30:00,Off,0.8253968253968254,3335.523,3.225000000000039,3.225000000000039,3.725000000000039,0.13,3332.2980000000002,3341.9730000000004,3338.748,3329.073,0.7,LONG,,,,,3335.523,3.225000000000039,3334.217,3338.298,3332.421,2163.0,5.0,3.0
2025-06-26 12:15:00,London,0.8253968253968254,3342.818,4.506642857142879,4.506642857142879,5.006642857142879,0.09,3338.3113571428576,3351.831285714286,3347.324642857143,3333.8047142857145,0.7,LONG,,,,,3342.818,4.506642857142879,3335.032,3344.056,3334.292,2432.0,12.0,3.0
2025-07-01 13:45:00,London,0.7142857142857143,3351.512,4.930499999999971,4.930499999999971,5.430499999999971,0.09,3346.5815000000002,3361.373,3356.4425,3341.6510000000003,0.7,LONG,,,,,3351.512,4.930499999999971,3347.092,3352.645,3344.518,4327.0,13.0,1.0
2025-07-02 13:45:00,London,0.8181818181818182,3337.44,5.127857142857108,5.127857142857108,5.627857142857108,0.08,3332.312142857143,3347.695714285714,3342.567857142857,3327.184285714286,0.7,LONG,,,,,3337.44,5.127857142857108,3343.868,3344.082,3334.9,4001.0,13.0,2.0
2025-07-15 19:30:00,NY,0.8253968253968254,3329.494,3.175000000000052,3.175000000000052,3.675000000000052,0.13,3326.319,3335.844,3332.6690000000003,3323.1440000000002,0.7,LONG,,,,,3329.494,3.175000000000052,3326.914,3329.606,3326.762,1132.0,19.0,1.0
2025-07-16 17:00:00,NY,0.8253968253968254,3351.268,12.513214285714314,12.513214285714314,13.013214285714314,0.03,3338.754785714286,3376.294428571429,3363.781214285714,3326.241571428571,0.7,LONG,,,,,3351.268,12.513214285714314,3349.076,3353.652,3348.744,2890.0,17.0,2.0
