datetime,session,prob_cal,thr_applied,side,atr,lots,sl,tp,risk_$
2024-01-01 20:00:00,NY,0.7615894039735099,0.7,LONG,7.488071428571369,,,,
2024-01-02 12:00:00,London,0.7615894039735099,0.7,LONG,8.314714285714217,,,,
2024-01-02 20:00:00,NY,0.725,0.7,LONG,7.666499999999944,,,,
2024-01-03 04:00:00,Off,0.725,0.7,LONG,7.783571428571382,,,,
2024-01-03 20:00:00,NY,0.7615894039735099,0.7,LONG,9.10528571428571,,,,
2024-01-04 00:00:00,Off,0.7615894039735099,0.7,LONG,9.2465,,,,
2024-01-04 04:00:00,Off,0.7615894039735099,0.7,LONG,9.517285714285745,,,,
2024-01-04 08:00:00,London,0.7615894039735099,0.7,LONG,9.371785714285725,,,,
2024-01-04 16:00:00,London,0.7615894039735099,0.7,LONG,9.29735714285716,,,,
2024-01-04 20:00:00,NY,0.7615894039735099,0.7,LONG,8.396428571428617,,,,
2024-01-05 16:00:00,London,0.725,0.7,LONG,10.724714285714333,,,,
2024-01-07 20:00:00,NY,0.725,0.7,LONG,9.097857142857183,,,,
2024-01-08 00:00:00,Off,0.772093023255814,0.7,LONG,9.40564285714288,,,,
2024-01-08 04:00:00,Off,0.772093023255814,0.7,LONG,9.668785714285734,,,,
2024-01-12 16:00:00,London,0.725,0.7,LONG,10.418357142857158,,,,
2024-01-12 20:00:00,NY,0.725,0.7,LONG,9.870142857142858,,,,
2024-01-14 20:00:00,NY,0.725,0.7,LONG,9.483071428571456,,,,
2024-01-15 00:00:00,Off,0.772093023255814,0.7,LONG,9.936142857142888,,,,
2024-01-15 04:00:00,Off,0.772093023255814,0.7,LONG,9.87000000000002,,,,
2024-01-15 08:00:00,London,0.772093023255814,0.7,LONG,10.035357142857167,,,,
2024-01-15 20:00:00,NY,0.7615894039735099,0.7,LONG,7.676785714285708,,,,
2024-01-16 00:00:00,Off,0.772093023255814,0.7,LONG,7.259642857142841,,,,
2024-01-16 08:00:00,London,0.772093023255814,0.7,LONG,7.489785714285729,,,,
2024-01-16 20:00:00,NY,0.7615894039735099,0.7,LONG,6.958357142857137,,,,
2024-02-01 20:00:00,NY,0.7615894039735099,0.7,LONG,10.077928571428597,,,,
2024-02-02 16:00:00,London,0.75,0.7,LONG,11.83071428571431,,,,
2024-02-02 20:00:00,NY,0.7615894039735099,0.7,LONG,10.675714285714305,,,,
2024-02-04 20:00:00,NY,0.7615894039735099,0.7,LONG,9.88607142857146,,,,
2024-02-05 00:00:00,Off,0.7615894039735099,0.7,LONG,9.493071428571444,,,,
2024-02-05 08:00:00,London,0.7615894039735099,0.7,LONG,9.37942857142858,,,,
2024-02-05 16:00:00,London,0.7615894039735099,0.7,LONG,8.449428571428582,,,,
2024-02-05 20:00:00,NY,0.772093023255814,0.7,LONG,7.644785714285717,,,,
2024-02-06 08:00:00,London,0.7615894039735099,0.7,LONG,8.035500000000038,,,,
2024-02-06 12:00:00,London,0.725,0.7,LONG,8.716785714285736,,,,
2024-02-06 20:00:00,NY,0.772093023255814,0.7,LONG,6.853785714285745,,,,
2024-02-07 00:00:00,Off,0.772093023255814,0.7,LONG,6.728571428571464,,,,
2024-02-07 04:00:00,Off,0.772093023255814,0.7,LONG,6.772571428571447,,,,
2024-02-07 16:00:00,London,0.725,0.7,LONG,6.882428571428607,,,,
2024-02-08 00:00:00,Off,0.7615894039735099,0.7,LONG,5.933428571428619,,,,
2024-02-08 20:00:00,NY,0.772093023255814,0.7,LONG,6.337500000000026,,,,
2024-02-09 00:00:00,Off,0.772093023255814,0.7,LONG,6.077785714285743,,,,
2024-02-09 16:00:00,London,0.725,0.7,LONG,7.142071428571447,,,,
2024-02-11 20:00:00,NY,0.772093023255814,0.7,LONG,5.992071428571437,,,,
2024-02-12 04:00:00,Off,0.772093023255814,0.7,LONG,5.920071428571434,,,,
2024-02-12 16:00:00,London,0.7615894039735099,0.7,LONG,6.211071428571439,,,,
2024-02-13 08:00:00,London,0.7615894039735099,0.7,LONG,6.429642857142848,,,,
2024-02-13 20:00:00,NY,0.725,0.7,LONG,8.350428571428584,,,,
2024-02-14 04:00:00,Off,0.725,0.7,LONG,8.631571428571435,,,,
2024-02-14 08:00:00,London,0.725,0.7,LONG,8.820214285714282,,,,
2024-02-22 12:00:00,London,0.725,0.7,LONG,5.596071428571463,,,,
2024-02-22 20:00:00,NY,0.7615894039735099,0.7,LONG,5.3186428571429065,,,,
2024-02-23 00:00:00,Off,0.7615894039735099,0.7,LONG,5.3522142857143375,,,,
2024-02-23 04:00:00,Off,0.7615894039735099,0.7,LONG,5.826357142857205,,,,
2024-02-23 12:00:00,London,0.725,0.7,LONG,6.1262142857143385,,,,
2024-02-23 20:00:00,NY,0.772093023255814,0.7,LONG,6.2709285714286125,,,,
2024-02-25 20:00:00,NY,0.772093023255814,0.7,LONG,5.97685714285717,,,,
2024-02-26 00:00:00,Off,0.772093023255814,0.7,LONG,6.069571428571456,,,,
2024-02-26 12:00:00,London,0.7615894039735099,0.7,LONG,6.178714285714299,,,,
2024-02-27 00:00:00,Off,0.772093023255814,0.7,LONG,5.693857142857122,,,,
2024-02-27 04:00:00,Off,0.7615894039735099,0.7,LONG,5.607214285714268,,,,
2024-02-28 20:00:00,NY,0.725,0.7,LONG,4.791714285714257,,,,
2024-02-29 20:00:00,NY,0.7615894039735099,0.7,LONG,6.213928571428547,,,,
2024-03-01 00:00:00,Off,0.772093023255814,0.7,LONG,6.023857142857098,,,,
2024-03-03 20:00:00,NY,0.725,0.7,LONG,9.097285714285704,,,,
2024-03-04 04:00:00,Off,0.7615894039735099,0.7,LONG,9.559857142857124,,,,
2024-03-04 08:00:00,London,0.7615894039735099,0.7,LONG,9.715285714285724,,,,
2024-03-04 16:00:00,London,0.7615894039735099,0.7,LONG,10.377571428571498,,,,
2024-03-04 20:00:00,NY,0.772093023255814,0.7,LONG,10.381071428571529,,,,
2024-03-05 00:00:00,Off,0.772093023255814,0.7,LONG,10.65085714285723,,,,
2024-03-05 12:00:00,London,0.7615894039735099,0.7,LONG,11.572642857142926,,,,
2024-03-05 20:00:00,NY,0.725,0.7,LONG,9.494142857142933,,,,
2024-03-06 00:00:00,Off,0.7615894039735099,0.7,LONG,9.639642857142915,,,,
2024-03-06 04:00:00,Off,0.7615894039735099,0.7,LONG,9.864285714285772,,,,
2024-03-06 08:00:00,London,0.7615894039735099,0.7,LONG,10.104785714285786,,,,
2024-03-06 12:00:00,London,0.772093023255814,0.7,LONG,10.835571428571516,,,,
2024-03-06 20:00:00,NY,0.7615894039735099,0.7,LONG,9.897071428571442,,,,
2024-03-07 04:00:00,Off,0.772093023255814,0.7,LONG,9.966214285714289,,,,
2024-03-07 12:00:00,London,0.772093023255814,0.7,LONG,10.680142857142885,,,,
2024-03-07 20:00:00,NY,0.7615894039735099,0.7,LONG,9.360357142857213,,,,
2024-03-08 12:00:00,London,0.725,0.7,LONG,11.34257142857148,,,,
2024-03-10 20:00:00,NY,0.7615894039735099,0.7,LONG,11.170500000000043,,,,
2024-03-11 04:00:00,Off,0.772093023255814,0.7,LONG,11.305714285714364,,,,
2024-03-11 12:00:00,London,0.772093023255814,0.7,LONG,11.424000000000076,,,,
2024-03-11 16:00:00,London,0.7615894039735099,0.7,LONG,10.758928571428635,,,,
2024-03-11 20:00:00,NY,0.7615894039735099,0.7,LONG,10.216357142857175,,,,
2024-03-12 08:00:00,London,0.725,0.7,LONG,10.429500000000028,,,,
2024-03-12 12:00:00,London,0.772093023255814,0.7,LONG,11.815428571428615,,,,
2024-03-13 04:00:00,Off,0.725,0.7,LONG,9.288857142857198,,,,
2024-03-13 08:00:00,London,0.725,0.7,LONG,8.897357142857215,,,,
2024-03-13 12:00:00,London,0.7615894039735099,0.7,LONG,9.41250000000004,,,,
2024-03-13 20:00:00,NY,0.7615894039735099,0.7,LONG,9.118500000000008,,,,
2024-03-14 00:00:00,Off,0.725,0.7,LONG,8.996928571428564,,,,
2024-03-14 16:00:00,London,0.725,0.7,LONG,9.718214285714309,,,,
2024-03-14 20:00:00,NY,0.772093023255814,0.7,LONG,7.832642857142899,,,,
2024-03-15 20:00:00,NY,0.725,0.7,LONG,7.188000000000004,,,,
2024-03-17 20:00:00,NY,0.7615894039735099,0.7,LONG,6.701642857142848,,,,
2024-03-21 12:00:00,London,0.9444444444444444,0.7,LONG,14.6310714285714,,,,
2024-03-21 16:00:00,London,0.772093023255814,0.7,LONG,14.73657142857139,,,,
2024-03-21 20:00:00,NY,0.772093023255814,0.7,LONG,14.146214285714256,,,,
2024-03-22 12:00:00,London,0.725,0.7,LONG,16.41342857142857,,,,
2024-03-22 20:00:00,NY,0.725,0.7,LONG,15.89450000000001,,,,
2024-03-24 20:00:00,NY,0.772093023255814,0.7,LONG,13.78614285714288,,,,
2024-03-25 00:00:00,Off,0.772093023255814,0.7,LONG,12.799928571428577,,,,
2024-03-25 08:00:00,London,0.772093023255814,0.7,LONG,11.91650000000001,,,,
2024-03-25 12:00:00,London,0.7615894039735099,0.7,LONG,11.634785714285726,,,,
2024-03-25 16:00:00,London,0.725,0.7,LONG,9.107357142857122,,,,
2024-03-25 20:00:00,NY,0.7615894039735099,0.7,LONG,8.50571428571428,,,,
2024-03-26 12:00:00,London,0.772093023255814,0.7,LONG,10.6790714285714,,,,
2024-03-26 16:00:00,London,0.7615894039735099,0.7,LONG,9.98728571428569,,,,
2024-03-27 00:00:00,Off,0.772093023255814,0.7,LONG,9.974928571428563,,,,
2024-03-27 08:00:00,London,0.772093023255814,0.7,LONG,10.548642857142829,,,,
2024-03-27 12:00:00,London,0.772093023255814,0.7,LONG,10.807285714285692,,,,
2024-03-27 16:00:00,London,0.7615894039735099,0.7,LONG,10.607071428571414,,,,
2024-03-27 20:00:00,NY,0.725,0.7,LONG,10.212928571428554,,,,
2024-03-28 00:00:00,Off,0.725,0.7,LONG,10.355928571428583,,,,
2024-03-28 04:00:00,Off,0.772093023255814,0.7,LONG,10.744214285714309,,,,
2024-03-28 16:00:00,London,0.772093023255814,0.7,LONG,11.461928571428611,,,,
2024-03-28 20:00:00,NY,0.772093023255814,0.7,LONG,10.822285714285758,,,,
2024-03-31 20:00:00,NY,0.725,0.7,LONG,11.521000000000056,,,,
2024-04-01 04:00:00,Off,0.772093023255814,0.7,LONG,12.6788571428572,,,,
2024-04-01 08:00:00,London,0.772093023255814,0.7,LONG,13.355642857142907,,,,
2024-04-01 12:00:00,London,0.9444444444444444,0.7,LONG,13.94692857142864,,,,
2024-04-01 16:00:00,London,0.9444444444444444,0.7,LONG,13.821642857142932,,,,
2024-04-01 20:00:00,NY,0.9444444444444444,0.7,LONG,14.35742857142863,,,,
2024-04-02 00:00:00,Off,0.9444444444444444,0.7,LONG,14.580642857142916,,,,
2024-04-02 04:00:00,Off,0.9444444444444444,0.7,LONG,14.60250000000003,,,,
2024-04-02 08:00:00,London,0.772093023255814,0.7,LONG,14.869428571428603,,,,
2024-04-02 20:00:00,NY,0.7615894039735099,0.7,LONG,15.864071428571476,,,,
2024-04-03 04:00:00,Off,0.725,0.7,LONG,15.612071428571458,,,,
2024-04-03 08:00:00,London,0.772093023255814,0.7,LONG,14.694071428571435,,,,
2024-04-03 20:00:00,NY,0.772093023255814,0.7,LONG,14.303071428571457,,,,
2024-04-04 04:00:00,Off,0.7615894039735099,0.7,LONG,13.85250000000006,,,,
2024-04-04 08:00:00,London,0.772093023255814,0.7,LONG,13.696928571428607,,,,
2024-04-04 12:00:00,London,0.9444444444444444,0.7,LONG,14.213571428571443,,,,
2024-04-04 20:00:00,NY,0.9444444444444444,0.7,LONG,13.947571428571402,,,,
2024-04-05 08:00:00,London,0.725,0.7,LONG,13.868428571428469,,,,
2024-04-07 20:00:00,NY,0.7615894039735099,0.7,LONG,15.605999999999929,,,,
2024-04-08 04:00:00,Off,0.772093023255814,0.7,LONG,19.26721428571416,,,,
2024-04-08 12:00:00,London,0.772093023255814,0.7,LONG,20.293857142856982,,,,
2024-04-09 00:00:00,Off,0.7615894039735099,0.7,LONG,18.84221428571413,,,,
2024-04-09 12:00:00,London,0.7615894039735099,0.7,LONG,19.41278571428565,,,,
2024-04-09 16:00:00,London,0.7615894039735099,0.7,LONG,16.78778571428565,,,,
2024-04-09 20:00:00,NY,0.7615894039735099,0.7,LONG,16.435714285714248,,,,
2024-04-10 00:00:00,Off,0.772093023255814,0.7,LONG,16.69978571428565,,,,
2024-04-10 04:00:00,Off,0.725,0.7,LONG,15.5491428571428,,,,
2024-04-10 16:00:00,London,0.9444444444444444,0.7,LONG,14.722999999999988,,,,
2024-04-10 20:00:00,NY,0.772093023255814,0.7,LONG,13.890000000000002,,,,
2024-04-11 00:00:00,Off,0.9444444444444444,0.7,LONG,13.721000000000004,,,,
2024-04-11 04:00:00,Off,0.9444444444444444,0.7,LONG,14.317214285714304,,,,
2024-04-11 08:00:00,London,0.772093023255814,0.7,LONG,14.557142857142903,,,,
2024-04-11 12:00:00,London,0.9444444444444444,0.7,LONG,14.688500000000042,,,,
2024-04-11 20:00:00,NY,0.772093023255814,0.7,LONG,14.56235714285718,,,,
2024-04-12 00:00:00,Off,0.7615894039735099,0.7,LONG,15.231142857142911,,,,
2024-04-12 16:00:00,London,0.725,0.7,LONG,22.578071428571416,,,,
2024-04-12 20:00:00,NY,0.725,0.7,LONG,20.459785714285708,,,,
2024-04-14 20:00:00,NY,0.7615894039735099,0.7,LONG,21.032071428571435,,,,
2024-04-15 00:00:00,Off,0.772093023255814,0.7,LONG,21.735428571428592,,,,
2024-04-15 04:00:00,Off,0.772093023255814,0.7,LONG,21.657857142857143,,,,
2024-04-15 08:00:00,London,0.75,0.7,LONG,21.962642857142846,,,,
2024-04-15 16:00:00,London,0.772093023255814,0.7,LONG,25.43778571428568,,,,
2024-04-15 20:00:00,NY,0.772093023255814,0.7,LONG,24.00521428571424,,,,
2024-04-16 00:00:00,Off,0.7615894039735099,0.7,LONG,24.15035714285708,,,,
2024-04-16 08:00:00,London,0.725,0.7,LONG,23.99357142857136,,,,
2024-04-16 12:00:00,London,0.7615894039735099,0.7,LONG,25.37021428571422,,,,
2024-04-17 04:00:00,Off,0.7615894039735099,0.7,LONG,18.5489285714285,,,,
2024-04-17 08:00:00,London,0.7615894039735099,0.7,LONG,18.14064285714276,,,,
2024-04-17 16:00:00,London,0.772093023255814,0.7,LONG,18.97978571428565,,,,
2024-04-18 04:00:00,Off,0.7615894039735099,0.7,LONG,15.22785714285708,,,,
2024-04-18 08:00:00,London,0.725,0.7,LONG,15.089428571428536,,,,
2024-04-18 12:00:00,London,0.9444444444444444,0.7,LONG,14.894357142857125,,,,
2024-04-19 04:00:00,Off,0.725,0.7,LONG,15.256857142857111,,,,
2024-04-19 12:00:00,London,0.725,0.7,LONG,16.704499999999957,,,,
2024-04-19 20:00:00,NY,0.725,0.7,LONG,16.05514285714282,,,,
2024-04-21 20:00:00,NY,0.772093023255814,0.7,LONG,15.006642857142811,,,,
2024-04-22 04:00:00,Off,0.772093023255814,0.7,LONG,16.175714285714257,,,,
2024-04-22 08:00:00,London,0.725,0.7,LONG,17.344357142857103,,,,
2024-04-22 12:00:00,London,0.772093023255814,0.7,LONG,18.141785714285657,,,,
2024-04-22 16:00:00,London,0.7615894039735099,0.7,LONG,17.325928571428513,,,,
2024-04-22 20:00:00,NY,0.772093023255814,0.7,LONG,17.135999999999935,,,,
2024-04-23 00:00:00,Off,0.772093023255814,0.7,LONG,19.5830714285714,,,,
2024-04-23 04:00:00,Off,0.7615894039735099,0.7,LONG,17.56335714285712,,,,
2024-05-06 20:00:00,NY,0.772093023255814,0.7,LONG,12.669071428571442,,,,
2024-05-07 04:00:00,Off,0.772093023255814,0.7,LONG,13.117642857142885,,,,
2024-05-07 08:00:00,London,0.7615894039735099,0.7,LONG,12.913214285714307,,,,
2024-05-07 12:00:00,London,0.772093023255814,0.7,LONG,13.402071428571457,,,,
2024-05-08 04:00:00,Off,0.772093023255814,0.7,LONG,11.331714285714302,,,,
2024-05-08 12:00:00,London,0.772093023255814,0.7,LONG,10.512928571428606,,,,
2024-05-09 00:00:00,Off,0.7615894039735099,0.7,LONG,9.545857142857228,,,,
2024-05-09 12:00:00,London,0.772093023255814,0.7,LONG,11.33471428571436,,,,
2024-05-09 20:00:00,NY,0.772093023255814,0.7,LONG,11.199214285714366,,,,
2024-05-10 04:00:00,Off,0.7615894039735099,0.7,LONG,12.539714285714354,,,,
2024-05-10 16:00:00,London,0.725,0.7,LONG,12.48357142857146,,,,
2024-05-10 20:00:00,NY,0.7615894039735099,0.7,LONG,11.889428571428589,,,,
2024-05-13 00:00:00,Off,0.7615894039735099,0.7,LONG,11.671785714285727,,,,
2024-05-13 04:00:00,Off,0.772093023255814,0.7,LONG,12.058214285714287,,,,
2024-05-13 08:00:00,London,0.772093023255814,0.7,LONG,12.032785714285705,,,,
2024-05-13 16:00:00,London,0.7615894039735099,0.7,LONG,10.943071428571397,,,,
2024-05-14 00:00:00,Off,0.7615894039735099,0.7,LONG,10.489928571428534,,,,
2024-05-14 04:00:00,Off,0.772093023255814,0.7,LONG,10.486571428571422,,,,
2024-05-14 12:00:00,London,0.772093023255814,0.7,LONG,10.426785714285709,,,,
2024-05-14 16:00:00,London,0.7615894039735099,0.7,LONG,10.003785714285709,,,,
2024-05-15 04:00:00,Off,0.772093023255814,0.7,LONG,10.078285714285746,,,,
2024-05-15 08:00:00,London,0.7615894039735099,0.7,LONG,10.26557142857145,,,,
2024-05-15 12:00:00,London,0.772093023255814,0.7,LONG,11.932357142857168,,,,
2024-05-15 16:00:00,London,0.772093023255814,0.7,LONG,12.022000000000032,,,,
2024-05-15 20:00:00,NY,0.7615894039735099,0.7,LONG,11.22785714285718,,,,
2024-05-16 12:00:00,London,0.772093023255814,0.7,LONG,12.587714285714323,,,,
2024-05-16 16:00:00,London,0.772093023255814,0.7,LONG,12.270500000000052,,,,
2024-05-17 04:00:00,Off,0.725,0.7,LONG,11.211928571428643,,,,
2024-05-17 12:00:00,London,0.7615894039735099,0.7,LONG,13.032928571428686,,,,
2024-05-19 20:00:00,NY,0.7615894039735099,0.7,LONG,11.21107142857152,,,,
2024-05-20 12:00:00,London,0.9444444444444444,0.7,LONG,14.623071428571524,,,,
2024-05-20 16:00:00,London,0.772093023255814,0.7,LONG,14.585071428571544,,,,
2024-05-20 20:00:00,NY,0.772093023255814,0.7,LONG,14.65842857142869,,,,
2024-05-21 04:00:00,Off,0.772093023255814,0.7,LONG,16.772571428571545,,,,
2024-05-21 20:00:00,NY,0.772093023255814,0.7,LONG,14.671500000000083,,,,
2024-05-22 00:00:00,Off,0.772093023255814,0.7,LONG,15.006428571428614,,,,
2024-05-22 04:00:00,Off,0.772093023255814,0.7,LONG,14.71050000000004,,,,
2024-05-22 12:00:00,London,0.772093023255814,0.7,LONG,15.080142857142878,,,,
2024-05-22 16:00:00,London,0.772093023255814,0.7,LONG,15.112071428571458,,,,
2024-05-22 20:00:00,NY,0.772093023255814,0.7,LONG,13.810214285714308,,,,
2024-05-23 08:00:00,London,0.772093023255814,0.7,LONG,13.902142857142833,,,,
2024-05-23 16:00:00,London,0.7615894039735099,0.7,LONG,15.57742857142856,,,,
2024-05-23 20:00:00,NY,0.7615894039735099,0.7,LONG,15.062785714285676,,,,
2024-06-07 08:00:00,London,0.7615894039735099,0.7,LONG,14.243857142857223,,,,
2024-06-24 04:00:00,Off,0.772093023255814,0.7,LONG,12.296071428571397,,,,
2024-06-24 08:00:00,London,0.772093023255814,0.7,LONG,12.298000000000002,,,,
2024-06-24 12:00:00,London,0.772093023255814,0.7,LONG,12.350357142857124,,,,
2024-06-24 16:00:00,London,0.7615894039735099,0.7,LONG,10.748857142857135,,,,
2024-06-25 00:00:00,Off,0.772093023255814,0.7,LONG,10.80292857142857,,,,
2024-06-25 16:00:00,London,0.7615894039735099,0.7,LONG,9.053785714285723,,,,
2024-06-26 04:00:00,Off,0.772093023255814,0.7,LONG,9.499785714285704,,,,
2024-06-26 08:00:00,London,0.7615894039735099,0.7,LONG,9.87649999999998,,,,
2024-06-28 16:00:00,London,0.725,0.7,LONG,9.918071428571466,,,,
2024-06-30 20:00:00,NY,0.725,0.7,LONG,8.299857142857165,,,,
2024-07-01 12:00:00,London,0.772093023255814,0.7,LONG,10.013642857142909,,,,
2024-07-01 16:00:00,London,0.7615894039735099,0.7,LONG,9.329714285714315,,,,
2024-07-01 20:00:00,NY,0.772093023255814,0.7,LONG,9.028785714285732,,,,
2024-07-02 00:00:00,Off,0.7615894039735099,0.7,LONG,9.418071428571434,,,,
2024-07-02 04:00:00,Off,0.725,0.7,LONG,9.362499999999986,,,,
2024-07-02 20:00:00,NY,0.7615894039735099,0.7,LONG,9.142928571428554,,,,
2024-07-03 16:00:00,London,0.7615894039735099,0.7,LONG,10.36342857142852,,,,
2024-07-03 20:00:00,NY,0.725,0.7,LONG,9.36699999999993,,,,
2024-07-04 04:00:00,Off,0.7615894039735099,0.7,LONG,9.965571428571366,,,,
2024-07-04 20:00:00,NY,0.772093023255814,0.7,LONG,7.766499999999951,,,,
2024-07-08 00:00:00,Off,0.7615894039735099,0.7,LONG,8.722785714285724,,,,
2024-07-08 04:00:00,Off,0.772093023255814,0.7,LONG,9.013285714285724,,,,
2024-07-08 08:00:00,London,0.7615894039735099,0.7,LONG,9.108142857142834,,,,
2024-07-08 12:00:00,London,0.772093023255814,0.7,LONG,10.822214285714283,,,,
2024-07-08 16:00:00,London,0.772093023255814,0.7,LONG,10.99807142857146,,,,
2024-07-08 20:00:00,NY,0.772093023255814,0.7,LONG,11.128285714285736,,,,
2024-07-09 00:00:00,Off,0.772093023255814,0.7,LONG,11.414785714285731,,,,
2024-07-09 04:00:00,Off,0.7615894039735099,0.7,LONG,11.660071428571428,,,,
2024-07-09 16:00:00,London,0.772093023255814,0.7,LONG,10.665785714285708,,,,
2024-07-09 20:00:00,NY,0.725,0.7,LONG,10.21849999999998,,,,
2024-07-10 00:00:00,Off,0.7615894039735099,0.7,LONG,10.469357142857104,,,,
2024-07-10 04:00:00,Off,0.7615894039735099,0.7,LONG,10.584071428571374,,,,
2024-07-10 08:00:00,London,0.725,0.7,LONG,10.336357142857066,,,,
2024-07-10 20:00:00,NY,0.725,0.7,LONG,8.694714285714229,,,,
2024-07-11 16:00:00,London,0.772093023255814,0.7,LONG,11.24885714285704,,,,
2024-07-12 04:00:00,Off,0.725,0.7,LONG,10.548857142857027,,,,
2024-07-12 08:00:00,London,0.725,0.7,LONG,10.768142857142752,,,,
2024-07-14 20:00:00,NY,0.7615894039735099,0.7,LONG,10.584999999999908,,,,
2024-07-15 00:00:00,Off,0.772093023255814,0.7,LONG,10.944928571428491,,,,
2024-07-15 12:00:00,London,0.772093023255814,0.7,LONG,13.30299999999995,,,,
2024-07-15 16:00:00,London,0.772093023255814,0.7,LONG,11.417214285714246,,,,
2024-07-15 20:00:00,NY,0.772093023255814,0.7,LONG,10.909285714285684,,,,
2024-07-16 00:00:00,Off,0.772093023255814,0.7,LONG,11.384071428571392,,,,
2024-07-16 08:00:00,London,0.772093023255814,0.7,LONG,11.72592857142854,,,,
2024-07-17 16:00:00,London,0.772093023255814,0.7,LONG,15.507785714285708,,,,
2024-07-17 20:00:00,NY,0.772093023255814,0.7,LONG,13.981785714285706,,,,
2024-07-18 00:00:00,Off,0.772093023255814,0.7,LONG,13.375785714285712,,,,
2024-07-18 04:00:00,Off,0.772093023255814,0.7,LONG,13.966928571428555,,,,
2024-07-18 08:00:00,London,0.772093023255814,0.7,LONG,14.01485714285715,,,,
2024-07-18 12:00:00,London,0.9444444444444444,0.7,LONG,13.872642857142864,,,,
2024-07-18 16:00:00,London,1.0,0.7,LONG,14.732785714285717,,,,
2024-07-18 20:00:00,NY,0.772093023255814,0.7,LONG,12.478857142857157,,,,
2024-07-19 00:00:00,Off,0.7615894039735099,0.7,LONG,13.195142857142889,,,,
2024-07-19 04:00:00,Off,0.772093023255814,0.7,LONG,14.109142857142874,,,,
2024-07-19 12:00:00,London,0.772093023255814,0.7,LONG,14.019142857142892,,,,
2024-07-19 16:00:00,London,0.7615894039735099,0.7,LONG,13.886428571428626,,,,
2024-07-19 20:00:00,NY,0.7615894039735099,0.7,LONG,12.245357142857204,,,,
2024-07-21 20:00:00,NY,0.772093023255814,0.7,LONG,12.0868571428572,,,,
2024-07-22 00:00:00,Off,0.772093023255814,0.7,LONG,12.39650000000006,,,,
2024-07-22 04:00:00,Off,0.772093023255814,0.7,LONG,12.175857142857208,,,,
2024-07-22 08:00:00,London,0.772093023255814,0.7,LONG,12.172642857142916,,,,
2024-07-22 20:00:00,NY,0.772093023255814,0.7,LONG,11.361142857142925,,,,
2024-07-23 04:00:00,Off,0.7615894039735099,0.7,LONG,10.977928571428654,,,,
2024-07-23 12:00:00,London,0.772093023255814,0.7,LONG,10.670714285714372,,,,
2024-07-23 16:00:00,London,0.725,0.7,LONG,9.94550000000007,,,,
2024-07-23 20:00:00,NY,0.725,0.7,LONG,9.54142857142863,,,,
2024-07-24 00:00:00,Off,0.772093023255814,0.7,LONG,10.304714285714324,,,,
2024-07-24 04:00:00,Off,0.7615894039735099,0.7,LONG,10.0311428571429,,,,
2024-07-24 08:00:00,London,0.725,0.7,LONG,9.965000000000048,,,,
2024-07-25 12:00:00,London,0.9444444444444444,0.7,LONG,14.211857142857168,,,,
2024-08-02 20:00:00,NY,0.725,0.7,LONG,18.388000000000016,,,,
2024-08-14 20:00:00,NY,0.772093023255814,0.7,LONG,12.33957142857139,,,,
2024-08-15 00:00:00,Off,0.772093023255814,0.7,LONG,11.831928571428534,,,,
2024-08-15 04:00:00,Off,0.772093023255814,0.7,LONG,12.018714285714234,,,,
2024-08-15 08:00:00,London,0.725,0.7,LONG,11.62478571428567,,,,
2024-08-15 16:00:00,London,0.772093023255814,0.7,LONG,13.824071428571347,,,,
2024-08-15 20:00:00,NY,0.772093023255814,0.7,LONG,12.904071428571342,,,,
2024-08-16 08:00:00,London,0.725,0.7,LONG,13.263857142857075,,,,
2024-08-16 12:00:00,London,0.772093023255814,0.7,LONG,14.451357142857075,,,,
2024-08-18 20:00:00,NY,0.7615894039735099,0.7,LONG,12.2036428571428,,,,
2024-08-19 00:00:00,Off,0.772093023255814,0.7,LONG,12.83142857142853,,,,
2024-08-19 08:00:00,London,0.772093023255814,0.7,LONG,13.722357142857096,,,,
2024-08-19 16:00:00,London,0.772093023255814,0.7,LONG,12.1900714285714,,,,
2024-08-20 00:00:00,Off,0.772093023255814,0.7,LONG,12.27492857142855,,,,
2024-08-20 16:00:00,London,0.772093023255814,0.7,LONG,12.714214285714304,,,,
2024-08-20 20:00:00,NY,0.772093023255814,0.7,LONG,11.773999999999983,,,,
2024-08-21 00:00:00,Off,0.772093023255814,0.7,LONG,12.12714285714284,,,,
2024-08-21 04:00:00,Off,0.772093023255814,0.7,LONG,12.557071428571394,,,,
2024-08-21 08:00:00,London,0.7615894039735099,0.7,LONG,12.347428571428509,,,,
2024-08-21 12:00:00,London,0.772093023255814,0.7,LONG,13.323142857142816,,,,
2024-08-21 16:00:00,London,0.772093023255814,0.7,LONG,12.99585714285711,,,,
2024-08-21 20:00:00,NY,0.772093023255814,0.7,LONG,11.876999999999953,,,,
2024-08-22 00:00:00,Off,0.772093023255814,0.7,LONG,12.448499999999967,,,,
2024-08-22 04:00:00,Off,0.772093023255814,0.7,LONG,13.00799999999994,,,,
2024-08-22 16:00:00,London,1.0,0.7,LONG,13.824785714285683,,,,
2024-08-22 20:00:00,NY,0.772093023255814,0.7,LONG,12.345214285714226,,,,
2024-08-23 00:00:00,Off,0.7615894039735099,0.7,LONG,11.817999999999952,,,,
2024-08-23 08:00:00,London,0.725,0.7,LONG,11.91378571428569,,,,
2024-08-23 12:00:00,London,0.7615894039735099,0.7,LONG,12.79442857142856,,,,
2024-08-23 20:00:00,NY,0.7615894039735099,0.7,LONG,11.753428571428556,,,,
2024-08-25 20:00:00,NY,0.7615894039735099,0.7,LONG,11.002928571428551,,,,
2024-08-26 00:00:00,Off,0.772093023255814,0.7,LONG,11.21764285714286,,,,
2024-08-27 00:00:00,Off,0.772093023255814,0.7,LONG,9.563928571428573,,,,
2024-08-28 04:00:00,Off,0.772093023255814,0.7,LONG,11.0735,,,,
2024-08-28 08:00:00,London,0.772093023255814,0.7,LONG,11.292857142857104,,,,
2024-08-28 16:00:00,London,0.772093023255814,0.7,LONG,12.079857142857106,,,,
2024-08-28 20:00:00,NY,0.772093023255814,0.7,LONG,11.330714285714228,,,,
2024-08-29 00:00:00,Off,0.772093023255814,0.7,LONG,11.25371428571423,,,,
2024-08-29 04:00:00,Off,0.7615894039735099,0.7,LONG,11.515785714285682,,,,
2024-08-29 12:00:00,London,0.772093023255814,0.7,LONG,12.062499999999934,,,,
2024-08-29 20:00:00,NY,0.772093023255814,0.7,LONG,11.171142857142806,,,,
2024-08-30 00:00:00,Off,0.725,0.7,LONG,10.578857142857098,,,,
2024-08-30 04:00:00,Off,0.725,0.7,LONG,11.057571428571398,,,,
2024-09-01 20:00:00,NY,0.7615894039735099,0.7,LONG,10.077071428571506,,,,
2024-09-02 04:00:00,Off,0.772093023255814,0.7,LONG,10.542928571428677,,,,
2024-09-02 12:00:00,London,0.772093023255814,0.7,LONG,10.47335714285727,,,,
2024-09-02 16:00:00,London,0.75,0.7,LONG,9.128000000000124,,,,
2024-09-02 20:00:00,NY,0.7615894039735099,0.7,LONG,8.579714285714415,,,,
2024-09-03 00:00:00,Off,0.7615894039735099,0.7,LONG,8.909000000000137,,,,
2024-09-03 04:00:00,Off,0.7615894039735099,0.7,LONG,9.016285714285816,,,,
2024-09-03 20:00:00,NY,0.725,0.7,LONG,9.317142857142894,,,,
2024-09-04 00:00:00,Off,0.7615894039735099,0.7,LONG,9.596785714285716,,,,
2024-09-06 20:00:00,NY,0.7615894039735099,0.7,LONG,10.365785714285789,,,,
2024-09-09 00:00:00,Off,0.772093023255814,0.7,LONG,10.216571428571472,,,,
2024-09-09 04:00:00,Off,0.772093023255814,0.7,LONG,10.87135714285718,,,,
2024-09-09 08:00:00,London,0.7615894039735099,0.7,LONG,10.538000000000045,,,,
2024-09-09 12:00:00,London,0.772093023255814,0.7,LONG,10.508928571428603,,,,
2024-09-09 16:00:00,London,0.7615894039735099,0.7,LONG,9.631714285714322,,,,
2024-09-09 20:00:00,NY,0.772093023255814,0.7,LONG,9.03928571428576,,,,
2024-09-10 08:00:00,London,0.725,0.7,LONG,9.647428571428623,,,,
2024-09-10 12:00:00,London,0.772093023255814,0.7,LONG,10.495071428571496,,,,
2024-09-10 16:00:00,London,0.725,0.7,LONG,8.923642857142893,,,,
2024-09-10 20:00:00,NY,0.725,0.7,LONG,7.657357142857173,,,,
2024-09-11 16:00:00,London,0.725,0.7,LONG,9.371357142857116,,,,
2024-09-11 20:00:00,NY,0.725,0.7,LONG,8.69714285714284,,,,
2024-09-12 00:00:00,Off,0.725,0.7,LONG,8.531928571428548,,,,
2024-09-12 04:00:00,Off,0.725,0.7,LONG,8.912999999999979,,,,
2024-09-12 20:00:00,NY,0.7615894039735099,0.7,LONG,10.46357142857138,,,,
2024-09-13 20:00:00,NY,0.7615894039735099,0.7,LONG,10.629071428571349,,,,
2024-09-15 20:00:00,NY,0.7615894039735099,0.7,LONG,10.10285714285708,,,,
2024-09-16 00:00:00,Off,0.7615894039735099,0.7,LONG,10.639857142857084,,,,
2024-09-16 12:00:00,London,0.772093023255814,0.7,LONG,11.756285714285598,,,,
2024-09-16 20:00:00,NY,0.7615894039735099,0.7,LONG,8.619785714285594,,,,
2024-09-17 00:00:00,Off,0.75,0.7,LONG,9.063928571428471,,,,
2024-09-17 08:00:00,London,0.725,0.7,LONG,9.45649999999994,,,,
2024-09-17 12:00:00,London,0.7615894039735099,0.7,LONG,10.254357142857089,,,,
2024-09-17 16:00:00,London,0.725,0.7,LONG,9.792571428571364,,,,
2024-09-17 20:00:00,NY,0.725,0.7,LONG,9.690071428571368,,,,
2024-09-18 04:00:00,Off,0.725,0.7,LONG,10.34628571428568,,,,
2024-09-18 08:00:00,London,0.725,0.7,LONG,10.534999999999952,,,,
2024-09-18 20:00:00,NY,0.772093023255814,0.7,LONG,13.453999999999985,,,,
2024-09-19 04:00:00,Off,0.772093023255814,0.7,LONG,15.896071428571434,,,,
2024-09-19 08:00:00,London,0.7615894039735099,0.7,LONG,16.186571428571433,,,,
2024-09-19 12:00:00,London,0.772093023255814,0.7,LONG,16.83071428571426,,,,
2024-09-19 20:00:00,NY,0.772093023255814,0.7,LONG,15.089857142857127,,,,
2024-09-22 20:00:00,NY,0.772093023255814,0.7,LONG,12.4838571428572,,,,
2024-09-23 08:00:00,London,0.7615894039735099,0.7,LONG,11.75092857142863,,,,
2024-09-23 12:00:00,London,0.772093023255814,0.7,LONG,11.838714285714332,,,,
2024-09-23 16:00:00,London,0.772093023255814,0.7,LONG,10.682000000000048,,,,
2024-09-23 20:00:00,NY,0.772093023255814,0.7,LONG,10.396785714285768,,,,
2024-09-24 04:00:00,Off,0.7615894039735099,0.7,LONG,11.615428571428668,,,,
2024-09-24 08:00:00,London,0.7615894039735099,0.7,LONG,11.217857142857222,,,,
2024-09-24 20:00:00,NY,0.772093023255814,0.7,LONG,12.139071428571436,,,,
2024-09-25 08:00:00,London,0.7615894039735099,0.7,LONG,12.885499999999997,,,,
2024-09-25 16:00:00,London,0.772093023255814,0.7,LONG,12.733214285714244,,,,
2024-09-25 20:00:00,NY,0.772093023255814,0.7,LONG,11.966142857142811,,,,
2024-09-26 00:00:00,Off,0.7615894039735099,0.7,LONG,12.108999999999956,,,,
2024-09-26 04:00:00,Off,0.772093023255814,0.7,LONG,12.55949999999994,,,,
2024-09-26 12:00:00,London,0.9444444444444444,0.7,LONG,14.028357142857072,,,,
2024-09-26 16:00:00,London,0.772093023255814,0.7,LONG,14.172571428571375,,,,
2024-09-26 20:00:00,NY,0.772093023255814,0.7,LONG,12.615857142857132,,,,
2024-09-27 12:00:00,London,0.7615894039735099,0.7,LONG,13.072785714285764,,,,
2024-09-27 16:00:00,London,0.7615894039735099,0.7,LONG,13.60471428571431,,,,
2024-09-27 20:00:00,NY,0.7615894039735099,0.7,LONG,13.288785714285725,,,,
2024-09-29 20:00:00,NY,0.772093023255814,0.7,LONG,12.839285714285747,,,,
2024-09-30 08:00:00,London,0.7615894039735099,0.7,LONG,15.023857142857196,,,,
2024-09-30 12:00:00,London,0.9444444444444444,0.7,LONG,14.63164285714291,,,,
2024-10-01 00:00:00,Off,0.772093023255814,0.7,LONG,13.2795,,,,
2024-10-01 04:00:00,Off,0.772093023255814,0.7,LONG,13.441357142857148,,,,
2024-10-01 08:00:00,London,0.772093023255814,0.7,LONG,13.19564285714286,,,,
2024-10-01 12:00:00,London,0.772093023255814,0.7,LONG,14.123571428571395,,,,
2024-10-02 04:00:00,Off,0.772093023255814,0.7,LONG,12.84264285714286,,,,
2024-10-02 16:00:00,London,0.772093023255814,0.7,LONG,12.209428571428557,,,,
2024-10-02 20:00:00,NY,0.772093023255814,0.7,LONG,11.313357142857123,,,,
2024-10-03 04:00:00,Off,0.772093023255814,0.7,LONG,11.379928571428536,,,,
2024-10-03 08:00:00,London,0.7615894039735099,0.7,LONG,11.524428571428546,,,,
2024-10-03 16:00:00,London,0.772093023255814,0.7,LONG,12.281428571428544,,,,
2024-10-03 20:00:00,NY,0.772093023255814,0.7,LONG,10.839000000000008,,,,
2024-10-04 16:00:00,London,0.7615894039735099,0.7,LONG,12.584214285714229,,,,
2024-10-04 20:00:00,NY,0.725,0.7,LONG,11.287071428571348,,,,
2024-10-07 00:00:00,Off,0.772093023255814,0.7,LONG,11.082071428571355,,,,
2024-10-07 08:00:00,London,0.7615894039735099,0.7,LONG,10.97964285714277,,,,
2024-10-07 16:00:00,London,0.772093023255814,0.7,LONG,11.395357142857067,,,,
2024-10-07 20:00:00,NY,0.772093023255814,0.7,LONG,10.9512857142856,,,,
2024-10-08 08:00:00,London,0.772093023255814,0.7,LONG,13.260142857142748,,,,
2024-10-23 16:00:00,London,0.772093023255814,0.7,LONG,12.811071428571363,,,,
2024-10-23 20:00:00,NY,0.7615894039735099,0.7,LONG,11.669857142857088,,,,
2024-10-24 00:00:00,Off,0.772093023255814,0.7,LONG,11.49264285714282,,,,
2024-10-24 04:00:00,Off,0.772093023255814,0.7,LONG,12.235285714285672,,,,
2024-10-24 08:00:00,London,0.7615894039735099,0.7,LONG,11.857571428571386,,,,
2024-10-24 12:00:00,London,0.772093023255814,0.7,LONG,12.765999999999948,,,,
2024-10-24 16:00:00,London,0.772093023255814,0.7,LONG,12.913357142857064,,,,
2024-10-24 20:00:00,NY,0.772093023255814,0.7,LONG,12.257214285714197,,,,
2024-10-25 00:00:00,Off,0.7615894039735099,0.7,LONG,12.187857142857084,,,,
2024-10-25 16:00:00,London,0.725,0.7,LONG,13.546214285714248,,,,
2024-10-27 20:00:00,NY,0.7615894039735099,0.7,LONG,11.318857142857109,,,,
2024-10-28 00:00:00,Off,0.772093023255814,0.7,LONG,11.599071428571376,,,,
2024-10-28 08:00:00,London,0.772093023255814,0.7,LONG,11.97742857142852,,,,
2024-10-28 16:00:00,London,0.7615894039735099,0.7,LONG,11.38499999999996,,,,
2024-10-29 00:00:00,Off,0.772093023255814,0.7,LONG,11.6484285714286,,,,
2024-10-29 20:00:00,NY,0.7615894039735099,0.7,LONG,11.24107142857146,,,,
2024-10-30 04:00:00,Off,0.7615894039735099,0.7,LONG,11.083857142857209,,,,
2024-10-30 08:00:00,London,0.725,0.7,LONG,10.842428571428629,,,,
2024-10-30 20:00:00,NY,0.725,0.7,LONG,9.688000000000004,,,,
2024-10-31 00:00:00,Off,0.7615894039735099,0.7,LONG,9.796214285714282,,,,
2024-10-31 04:00:00,Off,0.772093023255814,0.7,LONG,10.075571428571427,,,,
2024-10-31 16:00:00,London,0.772093023255814,0.7,LONG,12.868785714285682,,,,
2024-11-01 00:00:00,Off,0.7615894039735099,0.7,LONG,11.277214285714276,,,,
2024-11-01 04:00:00,Off,0.7615894039735099,0.7,LONG,11.780142857142826,,,,
2024-11-01 20:00:00,NY,0.7615894039735099,0.7,LONG,12.14814285714283,,,,
2024-11-03 20:00:00,NY,0.772093023255814,0.7,LONG,12.195499999999972,,,,
2024-11-04 00:00:00,Off,0.772093023255814,0.7,LONG,12.461999999999987,,,,
2024-11-04 04:00:00,Off,0.772093023255814,0.7,LONG,12.691714285714268,,,,
2024-11-04 08:00:00,London,0.772093023255814,0.7,LONG,13.04407142857141,,,,
2024-11-04 16:00:00,London,0.772093023255814,0.7,LONG,10.058928571428591,,,,
2024-11-04 20:00:00,NY,0.7615894039735099,0.7,LONG,9.403571428571436,,,,
2024-11-05 00:00:00,Off,0.772093023255814,0.7,LONG,9.909571428571423,,,,
2024-11-05 04:00:00,Off,0.7615894039735099,0.7,LONG,10.100285714285716,,,,
2024-11-05 20:00:00,NY,0.725,0.7,LONG,9.24878571428576,,,,
2024-11-06 04:00:00,Off,0.772093023255814,0.7,LONG,12.83050000000006,,,,
2024-11-06 12:00:00,London,0.772093023255814,0.7,LONG,18.311785714285765,,,,
2024-11-06 16:00:00,London,0.7615894039735099,0.7,LONG,18.543714285714323,,,,
2024-11-06 20:00:00,NY,0.7615894039735099,0.7,LONG,18.41342857142857,,,,
2024-11-25 04:00:00,Off,0.772093023255814,0.7,LONG,16.805285714285706,,,,
2024-11-25 08:00:00,London,0.7615894039735099,0.7,LONG,17.630857142857135,,,,
2024-11-25 20:00:00,NY,0.7615894039735099,0.7,LONG,22.91199999999997,,,,
2024-11-26 00:00:00,Off,0.772093023255814,0.7,LONG,24.332785714285688,,,,
2024-11-26 04:00:00,Off,0.7615894039735099,0.7,LONG,24.25714285714285,,,,
2024-11-26 08:00:00,London,0.7615894039735099,0.7,LONG,24.60157142857143,,,,
2024-11-26 12:00:00,London,0.772093023255814,0.7,LONG,25.227,,,,
2024-11-26 16:00:00,London,0.7615894039735099,0.7,LONG,24.606857142857148,,,,
2024-11-27 00:00:00,Off,0.772093023255814,0.7,LONG,24.532071428571435,,,,
2024-11-27 04:00:00,Off,0.7615894039735099,0.7,LONG,24.62200000000004,,,,
2024-11-27 08:00:00,London,0.7615894039735099,0.7,LONG,21.021071428571467,,,,
2024-11-27 16:00:00,London,0.772093023255814,0.7,LONG,20.54992857142861,,,,
2024-11-27 20:00:00,NY,0.7615894039735099,0.7,LONG,16.493285714285776,,,,
2024-11-28 08:00:00,London,0.772093023255814,0.7,LONG,14.395642857142873,,,,
2024-11-28 12:00:00,London,0.9444444444444444,0.7,LONG,13.763071428571427,,,,
2024-11-28 16:00:00,London,0.772093023255814,0.7,LONG,12.632357142857147,,,,
2024-11-29 16:00:00,London,0.725,0.7,LONG,12.13921428571429,,,,
2024-12-01 20:00:00,NY,0.7615894039735099,0.7,LONG,11.39028571428571,,,,
2024-12-02 00:00:00,Off,0.772093023255814,0.7,LONG,12.403142857142871,,,,
2024-12-02 08:00:00,London,0.772093023255814,0.7,LONG,13.065214285714289,,,,
2024-12-02 20:00:00,NY,0.772093023255814,0.7,LONG,12.95550000000006,,,,
2024-12-03 00:00:00,Off,0.772093023255814,0.7,LONG,13.406428571428608,,,,
2024-12-03 04:00:00,Off,0.772093023255814,0.7,LONG,14.08735714285714,,,,
2024-12-03 12:00:00,London,0.772093023255814,0.7,LONG,13.551071428571406,,,,
2024-12-03 16:00:00,London,0.772093023255814,0.7,LONG,13.471142857142857,,,,
2024-12-03 20:00:00,NY,0.772093023255814,0.7,LONG,12.697428571428548,,,,
2024-12-04 00:00:00,Off,0.772093023255814,0.7,LONG,12.943357142857137,,,,
2024-12-04 16:00:00,London,0.772093023255814,0.7,LONG,12.02349999999998,,,,
2024-12-04 20:00:00,NY,0.772093023255814,0.7,LONG,11.248499999999988,,,,
2024-12-05 00:00:00,Off,0.772093023255814,0.7,LONG,10.913928571428576,,,,
2024-12-05 16:00:00,London,0.772093023255814,0.7,LONG,12.462428571428584,,,,
2024-12-05 20:00:00,NY,0.772093023255814,0.7,LONG,11.41721428571431,,,,
2024-12-12 04:00:00,Off,0.772093023255814,0.7,LONG,14.439000000000012,,,,
2024-12-12 08:00:00,London,0.772093023255814,0.7,LONG,14.31714285714286,,,,
2024-12-12 12:00:00,London,0.772093023255814,0.7,LONG,16.25292857142855,,,,
2024-12-12 16:00:00,London,0.772093023255814,0.7,LONG,15.826142857142877,,,,
2024-12-12 20:00:00,NY,0.9444444444444444,0.7,LONG,14.730000000000018,,,,
2024-12-13 20:00:00,NY,0.7615894039735099,0.7,LONG,14.011500000000035,,,,
2024-12-15 20:00:00,NY,0.772093023255814,0.7,LONG,13.644571428571483,,,,
2024-12-16 12:00:00,London,0.772093023255814,0.7,LONG,12.983357142857196,,,,
2024-12-16 16:00:00,London,0.772093023255814,0.7,LONG,10.838500000000067,,,,
2024-12-16 20:00:00,NY,0.772093023255814,0.7,LONG,10.298000000000034,,,,
2024-12-17 12:00:00,London,0.7615894039735099,0.7,LONG,10.432928571428617,,,,
2024-12-17 20:00:00,NY,0.725,0.7,LONG,9.454857142857204,,,,
2024-12-18 04:00:00,Off,0.7615894039735099,0.7,LONG,9.538714285714311,,,,
2024-12-26 16:00:00,London,0.7615894039735099,0.7,LONG,8.125642857142793,,,,
2024-12-26 20:00:00,NY,0.772093023255814,0.7,LONG,8.184142857142758,,,,
2024-12-27 00:00:00,Off,0.7615894039735099,0.7,LONG,8.048642857142795,,,,
2024-12-27 12:00:00,London,0.725,0.7,LONG,9.322499999999923,,,,
2024-12-29 20:00:00,NY,0.725,0.7,LONG,9.222357142857064,,,,
2024-12-30 00:00:00,Off,0.772093023255814,0.7,LONG,9.358642857142806,,,,
2025-01-03 04:00:00,Off,0.725,0.7,LONG,10.43371428571436,,,,
2025-01-03 16:00:00,London,0.725,0.7,LONG,10.01514285714292,,,,
2025-01-05 20:00:00,NY,0.7615894039735099,0.7,LONG,9.919500000000037,,,,
2025-01-06 00:00:00,Off,0.772093023255814,0.7,LONG,10.252857142857206,,,,
2025-01-06 04:00:00,Off,0.772093023255814,0.7,LONG,10.3918571428572,,,,
2025-01-07 00:00:00,Off,0.772093023255814,0.7,LONG,11.956,,,,
2025-01-07 08:00:00,London,0.7615894039735099,0.7,LONG,11.724999999999977,,,,
2025-01-08 08:00:00,London,0.772093023255814,0.7,LONG,12.3143571428571,,,,
2025-01-08 16:00:00,London,0.772093023255814,0.7,LONG,12.543928571428555,,,,
2025-01-08 20:00:00,NY,0.7615894039735099,0.7,LONG,10.499000000000024,,,,
2025-01-09 00:00:00,Off,0.7615894039735099,0.7,LONG,10.334714285714329,,,,
2025-01-09 04:00:00,Off,0.7615894039735099,0.7,LONG,10.877642857142908,,,,
2025-01-09 16:00:00,London,0.772093023255814,0.7,LONG,11.394500000000107,,,,
2025-01-09 20:00:00,NY,0.7615894039735099,0.7,LONG,9.999214285714386,,,,
2025-01-10 16:00:00,London,0.7615894039735099,0.7,LONG,12.220857142857312,,,,
2025-01-10 20:00:00,NY,0.725,0.7,LONG,11.309785714285876,,,,
2025-01-12 20:00:00,NY,0.7615894039735099,0.7,LONG,10.105142857143036,,,,
2025-01-13 04:00:00,Off,0.772093023255814,0.7,LONG,10.801357142857276,,,,
2025-01-13 08:00:00,London,0.7615894039735099,0.7,LONG,11.000285714285836,,,,
2025-01-13 12:00:00,London,0.772093023255814,0.7,LONG,11.236428571428664,,,,
2025-01-14 00:00:00,Off,0.7615894039735099,0.7,LONG,11.52042857142864,,,,
2025-01-14 12:00:00,London,0.772093023255814,0.7,LONG,12.41114285714288,,,,
2025-01-14 20:00:00,NY,0.725,0.7,LONG,10.169500000000005,,,,
2025-01-15 00:00:00,Off,0.772093023255814,0.7,LONG,10.004071428571413,,,,
2025-01-15 04:00:00,Off,0.7615894039735099,0.7,LONG,10.436214285714252,,,,
2025-01-15 08:00:00,London,0.772093023255814,0.7,LONG,9.99699999999994,,,,
2025-01-15 12:00:00,London,0.772093023255814,0.7,LONG,10.808857142857116,,,,
2025-01-16 08:00:00,London,0.7615894039735099,0.7,LONG,10.670499999999947,,,,
2025-01-16 20:00:00,NY,0.772093023255814,0.7,LONG,10.783999999999976,,,,
2025-01-17 20:00:00,NY,0.725,0.7,LONG,10.576571428571404,,,,
2025-01-19 20:00:00,NY,0.7615894039735099,0.7,LONG,10.100214285714271,,,,
2025-01-20 04:00:00,Off,0.7615894039735099,0.7,LONG,10.956,,,,
2025-01-20 08:00:00,London,0.7615894039735099,0.7,LONG,10.912714285714303,,,,
2025-01-20 12:00:00,London,0.772093023255814,0.7,LONG,10.6285,,,,
2025-01-20 20:00:00,NY,0.7615894039735099,0.7,LONG,9.392214285714315,,,,
2025-01-21 08:00:00,London,0.7615894039735099,0.7,LONG,11.368714285714336,,,,
2025-01-21 16:00:00,London,0.725,0.7,LONG,11.64692857142862,,,,
2025-01-21 20:00:00,NY,0.7615894039735099,0.7,LONG,11.032285714285765,,,,
2025-01-23 00:00:00,Off,0.772093023255814,0.7,LONG,10.67928571428573,,,,
2025-01-23 04:00:00,Off,0.772093023255814,0.7,LONG,10.77921428571426,,,,
2025-01-23 08:00:00,London,0.772093023255814,0.7,LONG,10.048999999999978,,,,
2025-01-24 00:00:00,Off,0.7615894039735099,0.7,LONG,10.74057142857136,,,,
2025-01-26 20:00:00,NY,0.725,0.7,LONG,9.844999999999995,,,,
2025-01-27 04:00:00,Off,0.772093023255814,0.7,LONG,11.456071428571445,,,,
2025-02-05 20:00:00,NY,0.772093023255814,0.7,LONG,14.313214285714205,,,,
2025-02-06 04:00:00,Off,0.9444444444444444,0.7,LONG,14.801214285714227,,,,
2025-02-06 08:00:00,London,0.7615894039735099,0.7,LONG,15.255642857142805,,,,
2025-02-06 16:00:00,London,0.772093023255814,0.7,LONG,16.46492857142854,,,,
2025-02-06 20:00:00,NY,0.9444444444444444,0.7,LONG,14.618142857142857,,,,
2025-02-07 00:00:00,Off,0.772093023255814,0.7,LONG,14.647785714285712,,,,
2025-02-07 12:00:00,London,0.725,0.7,LONG,16.145571428571397,,,,
2025-02-09 20:00:00,NY,0.7615894039735099,0.7,LONG,15.230142857142871,,,,
2025-02-10 00:00:00,Off,0.772093023255814,0.7,LONG,15.204785714285729,,,,
2025-02-10 04:00:00,Off,0.725,0.7,LONG,16.1062857142857,,,,
2025-02-11 08:00:00,London,0.7615894039735099,0.7,LONG,18.08849999999997,,,,
2025-02-11 12:00:00,London,0.7615894039735099,0.7,LONG,19.331142857142822,,,,
2025-02-11 20:00:00,NY,0.7615894039735099,0.7,LONG,16.005571428571393,,,,
2025-02-12 00:00:00,Off,0.7615894039735099,0.7,LONG,16.767642857142814,,,,
2025-02-12 04:00:00,Off,0.7615894039735099,0.7,LONG,16.889571428571376,,,,
2025-02-12 20:00:00,NY,0.7615894039735099,0.7,LONG,17.883428571428503,,,,
2025-02-13 00:00:00,Off,0.772093023255814,0.7,LONG,18.101571428571333,,,,
2025-02-13 04:00:00,Off,0.7615894039735099,0.7,LONG,17.492642857142755,,,,
2025-02-13 16:00:00,London,0.772093023255814,0.7,LONG,15.146071428571336,,,,
2025-02-13 20:00:00,NY,0.9444444444444444,0.7,LONG,13.914928571428488,,,,
2025-02-14 00:00:00,Off,0.772093023255814,0.7,LONG,14.029857142857022,,,,
2025-02-14 12:00:00,London,0.725,0.7,LONG,16.186785714285634,,,,
2025-02-14 16:00:00,London,0.725,0.7,LONG,16.92942857142852,,,,
2025-02-17 00:00:00,Off,0.772093023255814,0.7,LONG,16.089999999999982,,,,
2025-02-17 04:00:00,Off,0.772093023255814,0.7,LONG,16.124357142857175,,,,
2025-02-17 08:00:00,London,0.7615894039735099,0.7,LONG,16.208214285714316,,,,
2025-02-17 12:00:00,London,0.772093023255814,0.7,LONG,16.113500000000027,,,,
2025-02-17 16:00:00,London,0.7615894039735099,0.7,LONG,15.341571428571472,,,,
2025-02-18 00:00:00,Off,0.7615894039735099,0.7,LONG,15.278214285714316,,,,
2025-02-18 04:00:00,Off,0.7615894039735099,0.7,LONG,15.116857142857205,,,,
2025-02-18 12:00:00,London,0.7701141202076951,0.7,LONG,15.223000000000022,,,,
2025-02-18 20:00:00,NY,0.772093023255814,0.7,LONG,11.75957142857143,,,,
2025-02-19 00:00:00,Off,0.772093023255814,0.7,LONG,12.21342857142856,,,,
2025-02-19 08:00:00,London,0.7615894039735099,0.7,LONG,10.908857142857157,,,,
2025-02-19 12:00:00,London,0.772093023255814,0.7,LONG,10.834785714285706,,,,
2025-02-19 16:00:00,London,0.772093023255814,0.7,LONG,10.999285714285731,,,,
2025-02-19 20:00:00,NY,0.7615894039735099,0.7,LONG,10.817642857142866,,,,
2025-02-20 00:00:00,Off,0.772093023255814,0.7,LONG,11.204928571428582,,,,
2025-02-20 04:00:00,Off,0.772093023255814,0.7,LONG,12.103214285714298,,,,
2025-02-20 12:00:00,London,0.772093023255814,0.7,LONG,12.617357142857143,,,,
2025-02-20 20:00:00,NY,0.772093023255814,0.7,LONG,12.331000000000031,,,,
2025-02-21 04:00:00,Off,0.75,0.7,LONG,13.48328571428572,,,,
2025-02-21 20:00:00,NY,0.7615894039735099,0.7,LONG,13.773000000000009,,,,
2025-02-23 20:00:00,NY,0.772093023255814,0.7,LONG,13.085857142857126,,,,
2025-02-25 04:00:00,Off,0.772093023255814,0.7,LONG,13.63807142857146,,,,
2025-02-25 08:00:00,London,0.772093023255814,0.7,LONG,13.858142857142932,,,,
2025-03-07 16:00:00,London,0.725,0.7,LONG,15.610999999999974,,,,
2025-03-07 20:00:00,NY,0.7615894039735099,0.7,LONG,14.0683571428571,,,,
2025-03-09 20:00:00,NY,0.772093023255814,0.7,LONG,13.25471428571424,,,,
2025-03-10 04:00:00,Off,0.772093023255814,0.7,LONG,13.55207142857135,,,,
2025-03-10 08:00:00,London,0.772093023255814,0.7,LONG,14.019928571428506,,,,
2025-03-14 20:00:00,NY,0.7615894039735099,0.7,LONG,14.094357142857136,,,,
2025-03-16 20:00:00,NY,0.772093023255814,0.7,LONG,13.764357142857111,,,,
2025-03-17 00:00:00,Off,0.772093023255814,0.7,LONG,13.717857142857124,,,,
2025-03-17 04:00:00,Off,0.772093023255814,0.7,LONG,13.571214285714277,,,,
2025-03-17 12:00:00,London,0.9444444444444444,0.7,LONG,14.04178571428575,,,,
2025-03-17 16:00:00,London,0.772093023255814,0.7,LONG,11.774642857142908,,,,
2025-03-17 20:00:00,NY,0.772093023255814,0.7,LONG,11.351285714285757,,,,
2025-03-18 12:00:00,London,0.7615894039735099,0.7,LONG,11.528357142857203,,,,
2025-03-18 20:00:00,NY,0.7615894039735099,0.7,LONG,10.322214285714349,,,,
2025-03-19 00:00:00,Off,0.7615894039735099,0.7,LONG,10.650928571428624,,,,
2025-03-19 04:00:00,Off,0.772093023255814,0.7,LONG,10.867571428571509,,,,
2025-03-20 08:00:00,London,0.772093023255814,0.7,LONG,13.20457142857143,,,,
2025-03-20 12:00:00,London,0.772093023255814,0.7,LONG,13.17292857142859,,,,
2025-03-20 16:00:00,London,0.772093023255814,0.7,LONG,13.101357142857166,,,,
2025-03-20 20:00:00,NY,0.772093023255814,0.7,LONG,12.349500000000036,,,,
2025-03-21 00:00:00,Off,0.7615894039735099,0.7,LONG,13.014000000000026,,,,
2025-03-21 04:00:00,Off,0.7615894039735099,0.7,LONG,13.58021428571432,,,,
2025-03-21 16:00:00,London,0.725,0.7,LONG,15.054285714285763,,,,
2025-03-21 20:00:00,NY,0.7615894039735099,0.7,LONG,14.267857142857142,,,,
2025-03-23 20:00:00,NY,0.772093023255814,0.7,LONG,12.951642857142849,,,,
2025-03-24 00:00:00,Off,0.9444444444444444,0.7,LONG,13.299642857142835,,,,
2025-03-24 04:00:00,Off,0.772093023255814,0.7,LONG,13.387142857142862,,,,
2025-03-24 20:00:00,NY,0.8771483394876003,0.7,LONG,13.067142857142828,,,,
2025-03-25 00:00:00,Off,0.772093023255814,0.7,LONG,13.470142857142816,,,,
2025-03-25 04:00:00,Off,0.772093023255814,0.7,LONG,12.972071428571391,,,,
2025-03-25 20:00:00,NY,0.772093023255814,0.7,LONG,11.25621428571422,,,,
2025-03-26 08:00:00,London,0.772093023255814,0.7,LONG,12.898857142857098,,,,
2025-03-26 12:00:00,London,0.772093023255814,0.7,LONG,13.274071428571396,,,,
2025-03-26 20:00:00,NY,0.7615894039735099,0.7,LONG,11.56899999999996,,,,
2025-03-27 12:00:00,London,0.9444444444444444,0.7,LONG,13.83792857142862,,,,
2025-03-27 20:00:00,NY,0.772093023255814,0.7,LONG,12.121642857142888,,,,
2025-03-28 04:00:00,Off,0.7615894039735099,0.7,LONG,13.88521428571432,,,,
2025-03-28 08:00:00,London,0.725,0.7,LONG,14.19628571428575,,,,
2025-03-28 16:00:00,London,0.772093023255814,0.7,LONG,14.201714285714322,,,,
2025-03-28 20:00:00,NY,0.7615894039735099,0.7,LONG,13.315142857142876,,,,
2025-03-30 20:00:00,NY,0.772093023255814,0.7,LONG,13.827928571428597,,,,
2025-03-31 08:00:00,London,0.7615894039735099,0.7,LONG,16.90307142857143,,,,
2025-03-31 12:00:00,London,0.772093023255814,0.7,LONG,17.284785714285686,,,,
2025-03-31 16:00:00,London,0.7615894039735099,0.7,LONG,16.32478571428565,,,,
2025-03-31 20:00:00,NY,0.772093023255814,0.7,LONG,16.06285714285712,,,,
2025-04-01 20:00:00,NY,0.7615894039735099,0.7,LONG,18.36835714285712,,,,
2025-04-02 04:00:00,Off,0.7615894039735099,0.7,LONG,19.99592857142856,,,,
2025-04-02 08:00:00,London,0.725,0.7,LONG,19.20628571428571,,,,
2025-04-02 12:00:00,London,0.772093023255814,0.7,LONG,18.73199999999997,,,,
2025-04-03 00:00:00,Off,0.772093023255814,0.7,LONG,22.094285714285725,,,,
2025-04-03 04:00:00,Off,0.772093023255814,0.7,LONG,24.015714285714303,,,,
2025-04-03 08:00:00,London,0.7615894039735099,0.7,LONG,25.426785714285707,,,,
2025-04-03 12:00:00,London,0.772093023255814,0.7,LONG,29.46857142857139,,,,
2025-04-03 16:00:00,London,0.7615894039735099,0.7,LONG,29.591999999999967,,,,
2025-04-03 20:00:00,NY,0.7615894039735099,0.7,LONG,28.812,,,,
2025-04-04 16:00:00,London,0.725,0.7,LONG,38.05507142857141,,,,
2025-04-04 20:00:00,NY,0.725,0.7,LONG,37.44635714285716,,,,
2025-04-06 20:00:00,NY,0.7615894039735099,0.7,LONG,40.71628571428573,,,,
2025-04-07 00:00:00,Off,0.772093023255814,0.7,LONG,42.29100000000004,,,,
2025-04-07 04:00:00,Off,0.772093023255814,0.7,LONG,42.8148571428572,,,,
2025-04-14 04:00:00,Off,0.772093023255814,0.7,LONG,27.85892857142861,,,,
2025-04-14 08:00:00,London,0.725,0.7,LONG,27.821571428571456,,,,
2025-04-14 16:00:00,London,0.7615894039735099,0.7,LONG,25.793928571428587,,,,
2025-04-15 04:00:00,Off,0.7615894039735099,0.7,LONG,22.87700000000005,,,,
2025-04-15 08:00:00,London,0.725,0.7,LONG,21.68471428571433,,,,
2025-04-15 16:00:00,London,0.7615894039735099,0.7,LONG,19.19700000000002,,,,
2025-04-16 08:00:00,London,0.7615894039735099,0.7,LONG,21.178142857142834,,,,
2025-04-16 16:00:00,London,0.7615894039735099,0.7,LONG,21.90478571428568,,,,
2025-04-17 00:00:00,Off,0.772093023255814,0.7,LONG,22.31414285714284,,,,
2025-04-17 04:00:00,Off,0.772093023255814,0.7,LONG,23.97278571428569,,,,
2025-04-17 08:00:00,London,0.725,0.7,LONG,24.15321428571425,,,,
2025-04-17 16:00:00,London,0.772093023255814,0.7,LONG,28.11342857142849,,,,
2025-04-17 20:00:00,NY,0.772093023255814,0.7,LONG,27.80357142857133,,,,
2025-04-20 20:00:00,NY,0.7615894039735099,0.7,LONG,28.73507142857134,,,,
2025-04-21 12:00:00,London,0.772093023255814,0.7,LONG,28.930785714285644,,,,
2025-04-21 20:00:00,NY,0.772093023255814,0.7,LONG,28.70478571428563,,,,
2025-04-22 00:00:00,Off,0.772093023255814,0.7,LONG,32.93685714285708,,,,
2025-04-22 08:00:00,London,0.7615894039735099,0.7,LONG,33.09542857142849,,,,
2025-04-22 12:00:00,London,0.7615894039735099,0.7,LONG,35.57378571428564,,,,
2025-04-22 16:00:00,London,0.7615894039735099,0.7,LONG,35.27442857142852,,,,
2025-04-22 20:00:00,NY,0.7615894039735099,0.7,LONG,38.08042857142852,,,,
2025-04-23 00:00:00,Off,0.772093023255814,0.7,LONG,41.40628571428569,,,,
2025-04-23 08:00:00,London,0.725,0.7,LONG,43.51542857142853,,,,
2025-05-07 00:00:00,Off,0.772093023255814,0.7,LONG,31.747142857142894,,,,
2025-05-07 04:00:00,Off,0.7615894039735099,0.7,LONG,32.29407142857148,,,,
2025-05-07 16:00:00,London,0.772093023255814,0.7,LONG,30.839571428571453,,,,
2025-05-07 20:00:00,NY,0.7615894039735099,0.7,LONG,30.383857142857128,,,,
2025-05-08 00:00:00,Off,0.772093023255814,0.7,LONG,31.02328571428575,,,,
2025-05-08 04:00:00,Off,0.772093023255814,0.7,LONG,35.92135714285717,,,,
2025-05-08 08:00:00,London,0.725,0.7,LONG,32.522571428571446,,,,
2025-05-08 16:00:00,London,0.772093023255814,0.7,LONG,35.28192857142858,,,,
2025-05-08 20:00:00,NY,0.772093023255814,0.7,LONG,34.81407142857146,,,,
2025-05-09 00:00:00,Off,0.7615894039735099,0.7,LONG,36.17414285714286,,,,
2025-05-09 12:00:00,London,0.725,0.7,LONG,32.29885714285712,,,,
2025-05-09 20:00:00,NY,0.725,0.7,LONG,30.9115,,,,
2025-05-11 20:00:00,NY,0.725,0.7,LONG,32.81921428571426,,,,
2025-05-12 00:00:00,Off,0.772093023255814,0.7,LONG,34.09028571428569,,,,
2025-05-12 04:00:00,Off,0.772093023255814,0.7,LONG,35.98399999999996,,,,
2025-05-12 12:00:00,London,0.772093023255814,0.7,LONG,33.098642857142785,,,,
2025-05-12 16:00:00,London,0.7615894039735099,0.7,LONG,31.4571428571428,,,,
2025-05-12 20:00:00,NY,0.772093023255814,0.7,LONG,29.32364285714279,,,,
2025-05-13 04:00:00,Off,0.725,0.7,LONG,28.58314285714277,,,,
2025-05-13 08:00:00,London,0.725,0.7,LONG,27.750142857142787,,,,
2025-05-13 16:00:00,London,0.7615894039735099,0.7,LONG,27.92207142857137,,,,
2025-05-13 20:00:00,NY,0.7615894039735099,0.7,LONG,26.993999999999915,,,,
2025-05-14 00:00:00,Off,0.772093023255814,0.7,LONG,28.656928571428484,,,,
2025-05-14 04:00:00,Off,0.7615894039735099,0.7,LONG,25.538785714285627,,,,
2025-05-14 12:00:00,London,0.772093023255814,0.7,LONG,23.631571428571338,,,,
2025-05-14 20:00:00,NY,0.7615894039735099,0.7,LONG,22.06992857142849,,,,
2025-05-22 04:00:00,Off,0.7615894039735099,0.7,LONG,23.16942857142853,,,,
2025-05-22 08:00:00,London,0.7615894039735099,0.7,LONG,24.50292857142855,,,,
2025-05-23 20:00:00,NY,0.725,0.7,LONG,22.350357142857224,,,,
2025-05-25 20:00:00,NY,0.7615894039735099,0.7,LONG,21.83714285714294,,,,
2025-05-26 00:00:00,Off,0.772093023255814,0.7,LONG,22.867142857142944,,,,
2025-05-26 08:00:00,London,0.75,0.7,LONG,22.363642857142946,,,,
2025-05-26 16:00:00,London,0.7615894039735099,0.7,LONG,17.934714285714367,,,,
2025-05-27 00:00:00,Off,0.772093023255814,0.7,LONG,17.739000000000065,,,,
2025-05-27 04:00:00,Off,0.772093023255814,0.7,LONG,19.66671428571437,,,,
2025-05-27 16:00:00,London,0.7615894039735099,0.7,LONG,17.498357142857166,,,,
2025-05-27 20:00:00,NY,0.7615894039735099,0.7,LONG,17.76742857142858,,,,
2025-05-28 08:00:00,London,0.725,0.7,LONG,19.491285714285727,,,,
2025-05-28 12:00:00,London,0.772093023255814,0.7,LONG,19.783071428571443,,,,
2025-06-03 16:00:00,London,0.7615894039735099,0.7,LONG,19.961214285714245,,,,
2025-06-03 20:00:00,NY,0.7615894039735099,0.7,LONG,19.77314285714283,,,,
2025-06-04 04:00:00,Off,0.772093023255814,0.7,LONG,20.428571428571395,,,,
2025-06-04 08:00:00,London,0.7615894039735099,0.7,LONG,20.980999999999995,,,,
2025-06-04 20:00:00,NY,0.7615894039735099,0.7,LONG,18.51092857142862,,,,
2025-06-05 04:00:00,Off,0.7615894039735099,0.7,LONG,18.6863571428572,,,,
2025-06-05 16:00:00,London,0.772093023255814,0.7,LONG,22.91214285714292,,,,
2025-06-05 20:00:00,NY,0.772093023255814,0.7,LONG,21.592071428571508,,,,
2025-06-06 00:00:00,Off,0.725,0.7,LONG,21.93464285714296,,,,
2025-06-06 12:00:00,London,0.725,0.7,LONG,24.326714285714388,,,,
2025-06-16 04:00:00,Off,0.7615894039735099,0.7,LONG,24.217214285714267,,,,
2025-06-16 08:00:00,London,0.7615894039735099,0.7,LONG,22.48014285714284,,,,
2025-06-16 16:00:00,London,0.7615894039735099,0.7,LONG,21.941285714285705,,,,
2025-06-16 20:00:00,NY,0.772093023255814,0.7,LONG,22.40071428571429,,,,
2025-06-17 00:00:00,Off,0.772093023255814,0.7,LONG,23.33585714285713,,,,
2025-06-17 16:00:00,London,0.725,0.7,LONG,21.19007142857137,,,,
2025-06-17 20:00:00,NY,0.7615894039735099,0.7,LONG,20.64321428571423,,,,
2025-06-18 00:00:00,Off,0.725,0.7,LONG,21.71578571428563,,,,
2025-06-18 08:00:00,London,0.725,0.7,LONG,21.441499999999937,,,,
2025-06-18 20:00:00,NY,0.7615894039735099,0.7,LONG,21.53685714285705,,,,
2025-06-19 04:00:00,Off,0.772093023255814,0.7,LONG,21.835714285714143,,,,
2025-06-19 08:00:00,London,0.725,0.7,LONG,20.906999999999893,,,,
2025-06-19 12:00:00,London,0.7615894039735099,0.7,LONG,20.6392142857142,,,,
2025-06-19 16:00:00,London,0.7615894039735099,0.7,LONG,19.463928571428465,,,,
2025-06-19 20:00:00,NY,0.772093023255814,0.7,LONG,18.0392857142856,,,,
2025-06-20 00:00:00,Off,0.7615894039735099,0.7,LONG,18.74142857142845,,,,
2025-06-20 12:00:00,London,0.725,0.7,LONG,19.18185714285704,,,,
2025-06-20 20:00:00,NY,0.725,0.7,LONG,17.566285714285577,,,,
2025-06-22 20:00:00,NY,0.7615894039735099,0.7,LONG,16.66821428571419,,,,
2025-06-23 00:00:00,Off,0.772093023255814,0.7,LONG,16.972999999999892,,,,
2025-06-23 04:00:00,Off,0.7615894039735099,0.7,LONG,16.96107142857136,,,,
2025-06-24 00:00:00,Off,0.772093023255814,0.7,LONG,21.341499999999964,,,,
2025-06-24 08:00:00,London,0.725,0.7,LONG,21.978214285714262,,,,
2025-07-03 00:00:00,Off,0.9444444444444444,0.7,LONG,14.808357142857046,,,,
2025-07-04 00:00:00,Off,0.725,0.7,LONG,15.738857142857114,,,,
2025-07-04 04:00:00,Off,0.725,0.7,LONG,15.857357142857122,,,,
2025-07-04 12:00:00,London,0.772093023255814,0.7,LONG,14.9407857142857,,,,
2025-07-07 16:00:00,London,0.772093023255814,0.7,LONG,15.460428571428595,,,,
2025-07-08 00:00:00,Off,0.772093023255814,0.7,LONG,13.345714285714296,,,,
2025-07-08 04:00:00,Off,0.772093023255814,0.7,LONG,13.61578571428572,,,,
2025-07-08 12:00:00,London,0.7701141202076951,0.7,LONG,16.114142857142888,,,,
2025-07-08 16:00:00,London,0.7615894039735099,0.7,LONG,16.23607142857145,,,,
2025-07-08 20:00:00,NY,0.7615894039735099,0.7,LONG,16.210857142857158,,,,
2025-07-09 00:00:00,Off,0.772093023255814,0.7,LONG,17.59450000000002,,,,
2025-07-14 08:00:00,London,0.772093023255814,0.7,LONG,14.653928571428551,,,,
2025-07-14 12:00:00,London,0.772093023255814,0.7,LONG,15.628714285714263,,,,
2025-07-14 16:00:00,London,0.772093023255814,0.7,LONG,14.856428571428523,,,,
2025-07-14 20:00:00,NY,0.772093023255814,0.7,LONG,14.25192857142854,,,,
2025-07-15 00:00:00,Off,0.772093023255814,0.7,LONG,14.890499999999976,,,,
2025-07-15 04:00:00,Off,0.772093023255814,0.7,LONG,14.564428571428577,,,,
2025-07-15 12:00:00,London,0.7615894039735099,0.7,LONG,15.670285714285717,,,,
2025-07-15 16:00:00,London,0.772093023255814,0.7,LONG,14.764928571428625,,,,
2025-07-15 20:00:00,NY,0.772093023255814,0.7,LONG,14.505714285714314,,,,
2025-07-16 00:00:00,Off,0.772093023255814,0.7,LONG,14.838428571428592,,,,
2025-07-16 04:00:00,Off,0.772093023255814,0.7,LONG,14.14164285714287,,,,
2025-07-16 08:00:00,London,0.7615894039735099,0.7,LONG,13.420142857142862,,,,
2025-07-16 16:00:00,London,0.772093023255814,0.7,LONG,16.596714285714306,,,,
2025-07-16 20:00:00,NY,0.7615894039735099,0.7,LONG,15.26307142857146,,,,
2025-07-17 00:00:00,Off,0.7615894039735099,0.7,LONG,15.446500000000048,,,,
2025-07-17 04:00:00,Off,0.7615894039735099,0.7,LONG,16.459214285714356,,,,
2025-07-17 16:00:00,London,0.772093023255814,0.7,LONG,17.2085714285715,,,,
2025-07-18 20:00:00,NY,0.7615894039735099,0.7,LONG,12.251428571428573,,,,
2025-07-20 20:00:00,NY,0.7615894039735099,0.7,LONG,11.31292857142856,,,,
