ticket_id,tf,datetime,side,lots,entry,sl,tp,comment
20240109013000_0,M15,2024-01-09 01:30:00,BUY,0.24,2031.856,2030.3297142857143,2034.9085714285713,ZENO|M15|Off p=0.71
20240110063000_1,M15,2024-01-10 06:30:00,BUY,0.22,2025.34,2023.571857142857,2028.8762857142856,ZENO|M15|Off p=0.71
20240119140000_2,M15,2024-01-19 14:00:00,BUY,0.18,2033.444,2031.1779999999999,2037.9759999999999,ZENO|M15|London p=0.83
20240123071500_3,M15,2024-01-23 07:15:00,BUY,0.17,2029.434,2027.0372857142856,2034.2274285714284,ZENO|M15|London p=0.83
20240124031500_4,M15,2024-01-24 03:15:00,BUY,0.25,2024.644,2023.193142857143,2027.5457142857144,ZENO|M15|Off p=0.83
20240129011500_5,M15,2024-01-29 01:15:00,BUY,0.16,2023.191,2020.6085714285714,2028.355857142857,ZENO|M15|Off p=0.82
20240129213000_6,M15,2024-01-29 21:30:00,BUY,0.2,2031.562,2029.6337857142858,2035.4184285714284,ZENO|M15|NY p=0.83
20240129231500_7,M15,2024-01-29 23:15:00,BUY,0.19,2030.668,2028.6039285714285,2034.7961428571427,ZENO|M15|Off p=0.83
20240129233000_8,M15,2024-01-29 23:30:00,BUY,0.2,2030.724,2028.792357142857,2034.5872857142856,ZENO|M15|Off p=0.82
20240202000000_9,M15,2024-02-02 00:00:00,BUY,0.27,2055.51,2054.2200000000003,2058.09,ZENO|M15|Off p=0.71
20240205203000_10,M15,2024-02-05 20:30:00,BUY,0.23,2025.732,2024.1481428571428,2028.8997142857143,ZENO|M15|NY p=0.82
20240205210000_11,M15,2024-02-05 21:00:00,BUY,0.26,2024.924,2023.5257857142856,2027.7204285714286,ZENO|M15|NY p=0.83
20240205213000_12,M15,2024-02-05 21:30:00,BUY,0.27,2024.786,2023.4827857142857,2027.3924285714286,ZENO|M15|NY p=0.83
20240205214500_13,M15,2024-02-05 21:45:00,BUY,0.28,2024.667,2023.432357142857,2027.1362857142856,ZENO|M15|NY p=0.83
20240205231500_14,M15,2024-02-05 23:15:00,BUY,0.29,2024.035,2022.8357857142857,2026.4334285714287,ZENO|M15|Off p=0.85
20240206171500_15,M15,2024-02-06 17:15:00,BUY,0.14,2034.332,2031.343142857143,2040.3097142857143,ZENO|M15|NY p=0.83
20240206190000_16,M15,2024-02-06 19:00:00,BUY,0.18,2035.14,2032.9503571428572,2039.5192857142858,ZENO|M15|NY p=0.83
20240206203000_17,M15,2024-02-06 20:30:00,BUY,0.22,2035.636,2033.9095714285713,2039.088857142857,ZENO|M15|NY p=0.83
20240206230000_18,M15,2024-02-06 23:00:00,BUY,0.35,2035.693,2034.8040714285714,2037.470857142857,ZENO|M15|Off p=0.82
20240208193000_19,M15,2024-02-08 19:30:00,BUY,0.21,2032.005,2030.1802142857143,2035.6545714285717,ZENO|M15|NY p=0.83
20240215233000_20,M15,2024-02-15 23:30:00,BUY,0.35,2003.556,2002.6424285714286,2005.383142857143,ZENO|M15|Off p=0.85
20240304190000_21,M15,2024-03-04 19:00:00,BUY,0.1,2113.928,2109.794857142857,2122.194285714286,ZENO|M15|NY p=0.83
20240305150000_22,M15,2024-03-05 15:00:00,BUY,0.08,2135.034,2129.2894285714287,2146.523142857143,ZENO|M15|London p=0.83
20240305211500_23,M15,2024-03-05 21:15:00,BUY,0.19,2129.158,2127.0610714285713,2133.351857142857,ZENO|M15|NY p=0.71
20240307064500_24,M15,2024-03-07 06:45:00,BUY,0.14,2155.353,2152.309928571429,2161.439142857143,ZENO|M15|Off p=0.71
20240311224500_25,M15,2024-03-11 22:45:00,BUY,0.22,2181.201,2179.4689285714285,2184.6651428571427,ZENO|M15|Off p=0.83
20240313141500_26,M15,2024-03-13 14:15:00,BUY,0.14,2166.85,2163.785857142857,2172.9782857142854,ZENO|M15|London p=0.85
20240318233000_27,M15,2024-03-18 23:30:00,BUY,0.35,2161.252,2160.3334999999997,2163.089,ZENO|M15|Off p=0.83
20240319231500_28,M15,2024-03-19 23:15:00,BUY,0.35,2157.809,2156.896928571429,2159.633142857143,ZENO|M15|Off p=0.83
20240319233000_29,M15,2024-03-19 23:30:00,BUY,0.36,2157.439,2156.554071428571,2159.208857142857,ZENO|M15|Off p=0.82
20240320153000_30,M15,2024-03-20 15:30:00,BUY,0.12,2155.455,2151.793857142857,2162.7772857142854,ZENO|M15|London p=0.71
20240321004500_31,M15,2024-03-21 00:45:00,BUY,0.06,2198.931,2192.0480714285713,2212.6968571428574,ZENO|M15|Off p=0.83
20240326133000_32,M15,2024-03-26 13:30:00,BUY,0.1,2180.796,2176.3735714285713,2189.640857142857,ZENO|M15|London p=0.83
20240327053000_33,M15,2024-03-27 05:30:00,BUY,0.2,2176.895,2174.971285714286,2180.7424285714287,ZENO|M15|Off p=0.83
20240327130000_34,M15,2024-03-27 13:00:00,BUY,0.11,2186.088,2182.365142857143,2193.5337142857143,ZENO|M15|London p=0.83
20240327133000_35,M15,2024-03-27 13:30:00,BUY,0.11,2190.384,2186.5660714285714,2198.0198571428573,ZENO|M15|London p=0.85
20240327183000_36,M15,2024-03-27 18:30:00,BUY,0.2,2190.835,2188.864857142857,2194.7752857142855,ZENO|M15|NY p=0.83
20240328134500_37,M15,2024-03-28 13:45:00,BUY,0.08,2206.6,2201.0469999999996,2217.706,ZENO|M15|London p=0.83
20240402104500_38,M15,2024-04-02 10:45:00,BUY,0.12,2262.101,2258.732785714286,2268.8374285714285,ZENO|M15|London p=0.83
20240402234500_39,M15,2024-04-02 23:45:00,BUY,0.13,2280.206,2277.036285714286,2286.5454285714286,ZENO|M15|Off p=0.83
20240403050000_40,M15,2024-04-03 05:00:00,BUY,0.17,2281.787,2279.4309285714285,2286.499142857143,ZENO|M15|Off p=0.82
20240405123000_41,M15,2024-04-05 12:30:00,BUY,0.1,2289.106,2284.9927857142857,2297.332428571429,ZENO|M15|London p=0.83
20240405134500_42,M15,2024-04-05 13:45:00,BUY,0.08,2299.753,2294.3665714285717,2310.525857142857,ZENO|M15|London p=0.83
20240405190000_43,M15,2024-04-05 19:00:00,BUY,0.13,2321.95,2318.7645714285713,2328.3208571428568,ZENO|M15|NY p=0.82
20240405194500_44,M15,2024-04-05 19:45:00,BUY,0.14,2323.12,2320.254142857143,2328.851714285714,ZENO|M15|NY p=0.83
20240408060000_45,M15,2024-04-08 06:00:00,BUY,0.09,2332.374,2327.3830714285714,2342.355857142857,ZENO|M15|Off p=0.83
20240409030000_46,M15,2024-04-09 03:00:00,BUY,0.12,2344.5,2340.950714285714,2351.5985714285716,ZENO|M15|Off p=0.82
20240410130000_47,M15,2024-04-10 13:00:00,BUY,0.08,2322.192,2316.52,2333.536,ZENO|M15|London p=0.71
20240410150000_48,M15,2024-04-10 15:00:00,BUY,0.04,2332.16,2321.739285714286,2353.0014285714283,ZENO|M15|London p=0.83
20240411070000_49,M15,2024-04-11 07:00:00,BUY,0.14,2338.749,2335.814714285714,2344.6175714285714,ZENO|M15|London p=0.83
20240415203000_50,M15,2024-04-15 20:30:00,BUY,0.08,2382.452,2376.9230000000002,2393.51,ZENO|M15|NY p=0.71
20240416174500_51,M15,2024-04-16 17:45:00,BUY,0.06,2384.702,2377.1113571428573,2399.883285714286,ZENO|M15|NY p=0.71
20240417114500_52,M15,2024-04-17 11:45:00,BUY,0.13,2387.298,2383.9737857142854,2393.9464285714284,ZENO|M15|London p=0.82
20240419031500_53,M15,2024-04-19 03:15:00,BUY,0.04,2385.818,2375.949142857143,2405.5557142857147,ZENO|M15|Off p=0.83
20240423144500_54,M15,2024-04-23 14:45:00,BUY,0.07,2320.35,2313.7738571428567,2333.502285714286,ZENO|M15|London p=0.83
20240501144500_55,M15,2024-05-01 14:45:00,BUY,0.09,2304.382,2299.7205,2313.705,ZENO|M15|London p=0.83
20240501200000_56,M15,2024-05-01 20:00:00,BUY,0.05,2314.122,2306.2731428571424,2329.8197142857143,ZENO|M15|NY p=0.83
20240501230000_57,M15,2024-05-01 23:00:00,BUY,0.08,2321.491,2316.007642857143,2332.4577142857142,ZENO|M15|Off p=0.85
20240501234500_58,M15,2024-05-01 23:45:00,BUY,0.11,2323.809,2319.842642857143,2331.7417142857144,ZENO|M15|Off p=0.85
20240506143000_59,M15,2024-05-06 14:30:00,BUY,0.08,2321.258,2315.7971428571427,2332.179714285714,ZENO|M15|London p=0.83
20240509130000_60,M15,2024-05-09 13:00:00,BUY,0.1,2314.832,2310.533,2323.43,ZENO|M15|London p=0.83
20240514163000_61,M15,2024-05-14 16:30:00,BUY,0.1,2352.092,2347.772,2360.732,ZENO|M15|London p=0.83
20240515133000_62,M15,2024-05-15 13:30:00,BUY,0.08,2361.817,2356.743785714286,2371.9634285714287,ZENO|M15|London p=0.82
20240517190000_63,M15,2024-05-17 19:00:00,BUY,0.11,2414.364,2410.6257142857144,2421.8405714285714,ZENO|M15|NY p=0.82
20240520024500_64,M15,2024-05-20 02:45:00,BUY,0.08,2434.011,2428.6649285714284,2444.703142857143,ZENO|M15|Off p=0.82
20240520063000_65,M15,2024-05-20 06:30:00,BUY,0.09,2435.551,2430.891071428571,2444.870857142857,ZENO|M15|Off p=0.71
20240605170000_66,M15,2024-06-05 17:00:00,BUY,0.08,2353.766,2348.479714285714,2364.3385714285714,ZENO|M15|NY p=0.82
20240606041500_67,M15,2024-06-06 04:15:00,BUY,0.11,2368.873,2364.9027142857144,2376.813571428572,ZENO|M15|Off p=0.71
20240703111500_68,M15,2024-07-03 11:15:00,BUY,0.15,2344.639,2342.009,2349.899,ZENO|M15|London p=0.83
20240711134500_69,M15,2024-07-11 13:45:00,BUY,0.06,2406.613,2399.852785714286,2420.1334285714283,ZENO|M15|London p=0.83
20240715130000_70,M15,2024-07-15 13:00:00,BUY,0.13,2412.465,2409.3129285714285,2418.769142857143,ZENO|M15|London p=0.83
20240723124500_71,M15,2024-07-23 12:45:00,BUY,0.13,2405.453,2402.3242142857143,2411.7105714285713,ZENO|M15|London p=0.83
20240723143000_72,M15,2024-07-23 14:30:00,BUY,0.11,2405.81,2401.9432857142856,2413.543428571428,ZENO|M15|London p=0.82
20240726061500_73,M15,2024-07-26 06:15:00,BUY,0.13,2367.711,2364.4546428571425,2374.223714285714,ZENO|M15|Off p=0.82
20240726160000_74,M15,2024-07-26 16:00:00,BUY,0.09,2386.353,2381.4012142857146,2396.2565714285715,ZENO|M15|London p=0.71
20240731153000_75,M15,2024-07-31 15:30:00,BUY,0.11,2422.816,2418.898357142857,2430.6512857142857,ZENO|M15|London p=0.85
20240731180000_76,M15,2024-07-31 18:00:00,BUY,0.14,2422.356,2419.3933571428574,2428.2812857142862,ZENO|M15|NY p=0.82
20240802080000_77,M15,2024-08-02 08:00:00,BUY,0.11,2462.91,2459.129357142857,2470.4712857142854,ZENO|M15|London p=0.83
20240805061500_78,M15,2024-08-05 06:15:00,BUY,0.07,2428.069,2422.0167142857144,2440.1735714285714,ZENO|M15|Off p=0.71
20240805073000_79,M15,2024-08-05 07:30:00,BUY,0.06,2436.755,2429.4578571428574,2451.349285714286,ZENO|M15|London p=0.71
20240807134500_80,M15,2024-08-07 13:45:00,BUY,0.11,2400.04,2396.1164285714285,2407.887142857143,ZENO|M15|London p=0.85
20240811221500_81,M15,2024-08-11 22:15:00,BUY,0.19,2432.53,2430.5047142857143,2436.580571428572,ZENO|M15|Off p=0.83
20240812143000_82,M15,2024-08-12 14:30:00,BUY,0.11,2451.702,2448.0020000000004,2459.1020000000003,ZENO|M15|London p=0.82
20240814131500_83,M15,2024-08-14 13:15:00,BUY,0.08,2450.928,2445.821357142857,2461.1412857142855,ZENO|M15|London p=0.82
20240816000000_84,M15,2024-08-16 00:00:00,BUY,0.24,2457.867,2456.340857142857,2460.9192857142857,ZENO|M15|Off p=0.71
20240816141500_85,M15,2024-08-16 14:15:00,BUY,0.06,2481.651,2474.409642857143,2496.133714285714,ZENO|M15|London p=0.82
20240818221500_86,M15,2024-08-18 22:15:00,BUY,0.13,2504.241,2501.037,2510.649,ZENO|M15|Off p=0.83
20240821204500_87,M15,2024-08-21 20:45:00,BUY,0.14,2512.061,2509.104142857143,2517.9747142857145,ZENO|M15|NY p=0.83
20240821224500_88,M15,2024-08-21 22:45:00,BUY,0.17,2513.869,2511.5678571428575,2518.471285714286,ZENO|M15|Off p=0.71
20240823164500_89,M15,2024-08-23 16:45:00,BUY,0.06,2510.244,2502.5087857142858,2525.714428571429,ZENO|M15|London p=0.83
20240904180000_90,M15,2024-09-04 18:00:00,BUY,0.16,2493.559,2491.114857142857,2498.4472857142864,ZENO|M15|NY p=0.83
20240911084500_91,M15,2024-09-11 08:45:00,BUY,0.13,2524.299,2521.0775,2530.742,ZENO|M15|London p=0.83
20240916043000_92,M15,2024-09-16 04:30:00,BUY,0.2,2585.071,2583.155714285714,2588.9015714285715,ZENO|M15|Off p=0.71
20240918124500_93,M15,2024-09-18 12:45:00,BUY,0.15,2576.215,2573.541,2581.563,ZENO|M15|London p=0.82
20240918133000_94,M15,2024-09-18 13:30:00,BUY,0.14,2573.328,2570.2957142857144,2579.3925714285715,ZENO|M15|London p=0.83
20240925144500_95,M15,2024-09-25 14:45:00,BUY,0.1,2658.952,2654.5060714285714,2667.8438571428574,ZENO|M15|London p=0.83
20240930021500_96,M15,2024-09-30 02:15:00,BUY,0.12,2653.321,2649.940857142857,2660.0812857142855,ZENO|M15|Off p=0.83
20241001130000_97,M15,2024-10-01 13:00:00,BUY,0.14,2650.088,2647.130571428572,2656.0028571428575,ZENO|M15|London p=0.82
20241029153000_98,M15,2024-10-29 15:30:00,BUY,0.08,2763.684,2758.523571428572,2774.0048571428574,ZENO|M15|London p=0.83
20241030084500_99,M15,2024-10-30 08:45:00,BUY,0.14,2781.982,2779.064214285714,2787.8175714285712,ZENO|M15|London p=0.83
20241105110000_100,M15,2024-11-05 11:00:00,BUY,0.13,2739.935,2736.8166428571426,2746.171714285714,ZENO|M15|London p=0.83
20241107161500_101,M15,2024-11-07 16:15:00,BUY,0.08,2691.909,2686.1672142857146,2703.3925714285715,ZENO|M15|London p=0.71
20241108020000_102,M15,2024-11-08 02:00:00,BUY,0.13,2698.402,2695.304785714286,2704.5964285714285,ZENO|M15|Off p=0.83
20241112153000_103,M15,2024-11-12 15:30:00,BUY,0.07,2601.187,2594.862357142857,2613.8362857142856,ZENO|M15|London p=0.71
20241112163000_104,M15,2024-11-12 16:30:00,BUY,0.07,2600.42,2594.150642857143,2612.9587142857144,ZENO|M15|London p=0.83
20241113053000_105,M15,2024-11-13 05:30:00,BUY,0.13,2605.05,2601.831642857143,2611.4867142857147,ZENO|M15|Off p=0.85
20241115121500_106,M15,2024-11-15 12:15:00,BUY,0.12,2568.232,2564.7825714285714,2575.130857142857,ZENO|M15|London p=0.71
20241115124500_107,M15,2024-11-15 12:45:00,BUY,0.12,2569.086,2565.698357142857,2575.8612857142857,ZENO|M15|London p=0.83
20241118120000_108,M15,2024-11-18 12:00:00,BUY,0.11,2592.475,2588.6992857142855,2600.0264285714284,ZENO|M15|London p=0.83
20241119120000_109,M15,2024-11-19 12:00:00,BUY,0.12,2631.241,2627.6927142857144,2638.337571428571,ZENO|M15|London p=0.85
20241120181500_110,M15,2024-11-20 18:15:00,BUY,0.11,2648.076,2644.1051428571427,2656.017714285714,ZENO|M15|NY p=0.83
20241120184500_111,M15,2024-11-20 18:45:00,BUY,0.12,2648.57,2645.033142857143,2655.6437142857144,ZENO|M15|NY p=0.85
20241120204500_112,M15,2024-11-20 20:45:00,BUY,0.15,2648.907,2646.2768571428574,2654.1672857142858,ZENO|M15|NY p=0.82
20241120214500_113,M15,2024-11-20 21:45:00,BUY,0.18,2649.955,2647.7822142857144,2654.3005714285714,ZENO|M15|NY p=0.85
20241122034500_114,M15,2024-11-22 03:45:00,BUY,0.12,2686.153,2682.599142857143,2693.260714285714,ZENO|M15|Off p=0.71
20241126143000_115,M15,2024-11-26 14:30:00,BUY,0.08,2622.387,2616.7007142857146,2633.7595714285717,ZENO|M15|London p=0.83
20241126184500_116,M15,2024-11-26 18:45:00,BUY,0.12,2623.412,2619.8745,2630.487,ZENO|M15|NY p=0.83
20241126193000_117,M15,2024-11-26 19:30:00,BUY,0.13,2626.855,2623.5327857142856,2633.499428571429,ZENO|M15|NY p=0.85
20241129031500_118,M15,2024-11-29 03:15:00,BUY,0.1,2658.69,2654.2588571428573,2667.552285714286,ZENO|M15|Off p=0.83
20241202130000_119,M15,2024-12-02 13:00:00,BUY,0.1,2640.299,2636.2110714285714,2648.4748571428568,ZENO|M15|London p=0.83
20241204170000_120,M15,2024-12-04 17:00:00,BUY,0.1,2650.921,2646.5609285714286,2659.6411428571428,ZENO|M15|NY p=0.83
20241209044500_121,M15,2024-12-09 04:45:00,BUY,0.11,2635.92,2631.991285714286,2643.7774285714286,ZENO|M15|Off p=0.71
20241209064500_122,M15,2024-12-09 06:45:00,BUY,0.14,2643.819,2640.8072857142856,2649.8424285714286,ZENO|M15|Off p=0.83
20241210131500_123,M15,2024-12-10 13:15:00,BUY,0.11,2674.779,2670.886357142857,2682.5642857142857,ZENO|M15|London p=0.83
20241211104500_124,M15,2024-12-11 10:45:00,BUY,0.11,2694.506,2690.677642857143,2702.162714285714,ZENO|M15|London p=0.83
20241211190000_125,M15,2024-12-11 19:00:00,BUY,0.12,2715.887,2712.3725000000004,2722.916,ZENO|M15|NY p=0.71
20250115133000_126,M15,2025-01-15 13:30:00,BUY,0.13,2686.798,2683.6639999999998,2693.066,ZENO|M15|London p=0.83
20250120113000_127,M15,2025-01-20 11:30:00,BUY,0.13,2707.771,2704.675,2713.963,ZENO|M15|London p=0.83
20250122180000_128,M15,2025-01-22 18:00:00,BUY,0.13,2755.868,2752.7597142857144,2762.0845714285715,ZENO|M15|NY p=0.83
20250124143000_129,M15,2025-01-24 14:30:00,BUY,0.12,2778.326,2774.86,2785.2580000000003,ZENO|M15|London p=0.71
20250203153000_130,M15,2025-02-03 15:30:00,BUY,0.08,2816.749,2811.021357142857,2828.2042857142856,ZENO|M15|London p=0.83
20250205070000_131,M15,2025-02-05 07:00:00,BUY,0.14,2856.906,2853.8645,2862.989,ZENO|M15|London p=0.83
20250205111500_132,M15,2025-02-05 11:15:00,BUY,0.11,2869.532,2865.7174285714286,2877.1611428571427,ZENO|M15|London p=0.82
20250205124500_133,M15,2025-02-05 12:45:00,BUY,0.12,2870.255,2866.813785714286,2877.1374285714287,ZENO|M15|London p=0.83
20250210014500_134,M15,2025-02-10 01:45:00,BUY,0.11,2871.866,2868.178142857143,2879.2417142857144,ZENO|M15|Off p=0.82
20250210103000_135,M15,2025-02-10 10:30:00,BUY,0.11,2901.402,2897.6770714285717,2908.851857142857,ZENO|M15|London p=0.83
20250211023000_136,M15,2025-02-11 02:30:00,BUY,0.06,2917.124,2909.3800714285712,2932.611857142857,ZENO|M15|Off p=0.83
20250211060000_137,M15,2025-02-11 06:00:00,BUY,0.09,2926.491,2921.5490714285716,2936.3748571428573,ZENO|M15|Off p=0.83
20250212191500_138,M15,2025-02-12 19:15:00,BUY,0.1,2895.066,2890.9242857142854,2903.3494285714287,ZENO|M15|NY p=0.85
20250213063000_139,M15,2025-02-13 06:30:00,BUY,0.12,2914.073,2910.6800714285714,2920.8588571428572,ZENO|M15|Off p=0.71
20250217083000_140,M15,2025-02-17 08:30:00,BUY,0.09,2898.119,2893.576142857143,2907.2047142857145,ZENO|M15|London p=0.71
20250217110000_141,M15,2025-02-17 11:00:00,BUY,0.11,2899.378,2895.6180714285715,2906.8978571428574,ZENO|M15|London p=0.83
20250219123000_142,M15,2025-02-19 12:30:00,BUY,0.11,2936.075,2932.298357142857,2943.6282857142855,ZENO|M15|London p=0.71
20250221120000_143,M15,2025-02-21 12:00:00,BUY,0.13,2931.09,2927.785142857143,2937.6997142857144,ZENO|M15|London p=0.71
20250225201500_144,M15,2025-02-25 20:15:00,BUY,0.11,2912.687,2908.9920714285713,2920.0768571428566,ZENO|M15|NY p=0.83
20250226020000_145,M15,2025-02-26 02:00:00,BUY,0.1,2916.752,2912.703571428571,2924.848857142857,ZENO|M15|Off p=0.83
20250303183000_146,M15,2025-03-03 18:30:00,BUY,0.1,2887.447,2883.2745,2895.792,ZENO|M15|NY p=0.83
20250304211500_147,M15,2025-03-04 21:15:00,BUY,0.13,2915.207,2912.0505714285714,2921.5198571428573,ZENO|M15|NY p=0.71
20250305213000_148,M15,2025-03-05 21:30:00,BUY,0.16,2918.279,2915.792857142857,2923.2512857142856,ZENO|M15|NY p=0.83
20250305230000_149,M15,2025-03-05 23:00:00,BUY,0.19,2917.602,2915.493857142857,2921.8182857142856,ZENO|M15|Off p=0.83
20250305231500_150,M15,2025-03-05 23:15:00,BUY,0.2,2917.444,2915.4838571428572,2921.364285714286,ZENO|M15|Off p=0.71
20250312111500_151,M15,2025-03-12 11:15:00,BUY,0.13,2913.32,2910.1347142857144,2919.6905714285713,ZENO|M15|London p=0.71
20250312113000_152,M15,2025-03-12 11:30:00,BUY,0.13,2915.065,2911.8373571428574,2921.520285714286,ZENO|M15|London p=0.85
20250312123000_153,M15,2025-03-12 12:30:00,BUY,0.13,2918.962,2915.7545,2925.377,ZENO|M15|London p=0.85
20250314104500_154,M15,2025-03-14 10:45:00,BUY,0.09,2993.213,2988.7123571428574,3002.214285714286,ZENO|M15|London p=0.71
20250318051500_155,M15,2025-03-18 05:15:00,BUY,0.13,3007.472,3004.3592857142858,3013.6974285714286,ZENO|M15|Off p=0.83
20250318141500_156,M15,2025-03-18 14:15:00,BUY,0.08,3029.139,3023.6752142857144,3040.0665714285715,ZENO|M15|London p=0.83
20250319061500_157,M15,2025-03-19 06:15:00,BUY,0.12,3036.779,3033.3475714285714,3043.641857142857,ZENO|M15|Off p=0.83
20250319063000_158,M15,2025-03-19 06:30:00,BUY,0.12,3039.952,3036.3527142857147,3047.1505714285718,ZENO|M15|Off p=0.85
20250325123000_159,M15,2025-03-25 12:30:00,BUY,0.14,3018.809,3015.7877142857146,3024.851571428572,ZENO|M15|London p=0.83
20250326124500_160,M15,2025-03-26 12:45:00,BUY,0.13,3027.139,3023.894285714286,3033.6284285714287,ZENO|M15|London p=0.85
20250327073000_161,M15,2025-03-27 07:30:00,BUY,0.12,3033.473,3029.9269999999997,3040.565,ZENO|M15|London p=0.83
20250402053000_162,M15,2025-04-02 05:30:00,BUY,0.1,3116.402,3112.201857142857,3124.802285714286,ZENO|M15|Off p=0.83
20250402070000_163,M15,2025-04-02 07:00:00,BUY,0.1,3113.612,3109.2022857142856,3122.4314285714286,ZENO|M15|London p=0.83
20250402071500_164,M15,2025-04-02 07:15:00,BUY,0.09,3116.701,3112.1851428571426,3125.7327142857143,ZENO|M15|London p=0.83
20250403230000_165,M15,2025-04-03 23:00:00,BUY,0.09,3111.238,3106.66,3120.394,ZENO|M15|Off p=0.71
20250403234500_166,M15,2025-04-03 23:45:00,BUY,0.1,3112.884,3108.774214285714,3121.1035714285713,ZENO|M15|Off p=0.83
20250407063000_167,M15,2025-04-07 06:30:00,BUY,0.04,3027.811,3017.4243571428574,3048.5842857142857,ZENO|M15|Off p=0.71
20250407130000_168,M15,2025-04-07 13:00:00,BUY,0.05,3027.529,3018.9129285714284,3044.7611428571427,ZENO|M15|London p=0.83
20250408124500_169,M15,2025-04-08 12:45:00,BUY,0.07,3002.581,2996.338142857143,3015.0667142857146,ZENO|M15|London p=0.85
20250409060000_170,M15,2025-04-09 06:00:00,BUY,0.06,3020.433,3013.472214285714,3034.3545714285715,ZENO|M15|Off p=0.85
20250409073000_171,M15,2025-04-09 07:30:00,BUY,0.05,3046.143,3037.574357142857,3063.280285714286,ZENO|M15|London p=0.82
20250409124500_172,M15,2025-04-09 12:45:00,BUY,0.05,3047.418,3038.026642857143,3066.200714285714,ZENO|M15|London p=0.85
20250410034500_173,M15,2025-04-10 03:45:00,BUY,0.04,3125.406,3115.2906428571428,3145.6367142857143,ZENO|M15|Off p=0.83
20250411054500_174,M15,2025-04-11 05:45:00,BUY,0.06,3195.822,3188.2965000000004,3210.873,ZENO|M15|Off p=0.71
20250411134500_175,M15,2025-04-11 13:45:00,BUY,0.04,3224.124,3213.971857142857,3244.4282857142857,ZENO|M15|London p=0.83
20250414040000_176,M15,2025-04-14 04:00:00,BUY,0.06,3234.542,3227.3320714285715,3248.9618571428573,ZENO|M15|Off p=0.71
20250414183000_177,M15,2025-04-14 18:30:00,BUY,0.08,3204.361,3199.280214285714,3214.522571428571,ZENO|M15|NY p=0.83
20250416013000_178,M15,2025-04-16 01:30:00,BUY,0.06,3265.761,3258.9714285714285,3279.340142857143,ZENO|M15|Off p=0.83
20250416083000_179,M15,2025-04-16 08:30:00,BUY,0.06,3292.344,3285.4854285714287,3306.061142857143,ZENO|M15|London p=0.85
20250416101500_180,M15,2025-04-16 10:15:00,BUY,0.05,3303.964,3295.7658571428574,3320.3602857142855,ZENO|M15|London p=0.85
20250416111500_181,M15,2025-04-16 11:15:00,BUY,0.05,3295.083,3286.6825000000003,3311.884,ZENO|M15|London p=0.85
20250416113000_182,M15,2025-04-16 11:30:00,BUY,0.05,3302.909,3294.630785714286,3319.4654285714287,ZENO|M15|London p=0.85
20250416133000_183,M15,2025-04-16 13:30:00,BUY,0.06,3298.835,3291.596857142857,3313.3112857142855,ZENO|M15|London p=0.85
20250416231500_184,M15,2025-04-16 23:15:00,BUY,0.09,3351.103,3346.523857142857,3360.261285714286,ZENO|M15|Off p=0.85
20250417133000_185,M15,2025-04-17 13:30:00,BUY,0.05,3329.596,3321.4995714285715,3345.788857142857,ZENO|M15|London p=0.71
20250421074500_186,M15,2025-04-21 07:45:00,BUY,0.09,3385.082,3380.0604285714285,3395.125142857143,ZENO|M15|London p=0.83
20250421110000_187,M15,2025-04-21 11:00:00,BUY,0.09,3388.86,3383.911785714286,3398.7564285714284,ZENO|M15|London p=0.83
20250421150000_188,M15,2025-04-21 15:00:00,BUY,0.04,3412.049,3402.4010714285714,3431.344857142857,ZENO|M15|London p=0.83
20250421151500_189,M15,2025-04-21 15:15:00,BUY,0.04,3420.812,3410.7494285714283,3440.9371428571426,ZENO|M15|London p=0.85
20250422053000_190,M15,2025-04-22 05:30:00,BUY,0.05,3488.101,3479.251357142857,3505.800285714286,ZENO|M15|Off p=0.83
20250423184500_191,M15,2025-04-23 18:45:00,BUY,0.05,3282.766,3274.2605714285714,3299.7768571428574,ZENO|M15|NY p=0.71
20250424053000_192,M15,2025-04-24 05:30:00,BUY,0.05,3331.082,3322.6862857142855,3347.8734285714286,ZENO|M15|Off p=0.71
20250427234500_193,M15,2025-04-27 23:45:00,BUY,0.05,3302.739,3294.6782857142857,3318.8604285714287,ZENO|M15|Off p=0.83
20250429180000_194,M15,2025-04-29 18:00:00,BUY,0.07,3318.23,3312.002,3330.6859999999997,ZENO|M15|NY p=0.83
20250429190000_195,M15,2025-04-29 19:00:00,BUY,0.08,3322.935,3317.4514285714286,3333.9021428571427,ZENO|M15|NY p=0.83
20250430143000_196,M15,2025-04-30 14:30:00,BUY,0.04,3294.265,3283.1022857142857,3316.5904285714287,ZENO|M15|London p=0.83
20250505033000_197,M15,2025-05-05 03:30:00,BUY,0.06,3255.289,3248.1890714285714,3269.4888571428573,ZENO|M15|Off p=0.71
20250505073000_198,M15,2025-05-05 07:30:00,BUY,0.09,3264.275,3259.3905714285715,3274.043857142857,ZENO|M15|London p=0.83
20250505114500_199,M15,2025-05-05 11:45:00,BUY,0.06,3312.919,3306.154857142857,3326.4472857142855,ZENO|M15|London p=0.83
20250505230000_200,M15,2025-05-05 23:00:00,BUY,0.08,3331.78,3326.5305000000003,3342.279,ZENO|M15|Off p=0.83
20250506030000_201,M15,2025-05-06 03:00:00,BUY,0.04,3356.92,3345.2605714285714,3380.2388571428573,ZENO|M15|Off p=0.83
20250506043000_202,M15,2025-05-06 04:30:00,BUY,0.04,3360.606,3350.2262142857144,3381.365571428572,ZENO|M15|Off p=0.83
20250506044500_203,M15,2025-05-06 04:45:00,BUY,0.04,3363.248,3353.0057857142856,3383.7324285714285,ZENO|M15|Off p=0.83
20250506121500_204,M15,2025-05-06 12:15:00,BUY,0.08,3376.384,3370.944285714286,3387.2634285714284,ZENO|M15|London p=0.85
20250506144500_205,M15,2025-05-06 14:45:00,BUY,0.05,3386.29,3378.1004285714284,3402.669142857143,ZENO|M15|London p=0.83
20250512224500_206,M15,2025-05-12 22:45:00,BUY,0.1,3233.906,3229.4954285714284,3242.7271428571426,ZENO|M15|Off p=0.83
20250513111500_207,M15,2025-05-13 11:15:00,BUY,0.1,3255.841,3251.5197857142857,3264.4834285714287,ZENO|M15|London p=0.83
20250514013000_208,M15,2025-05-14 01:30:00,BUY,0.08,3244.872,3239.5451428571428,3255.525714285714,ZENO|M15|Off p=0.82
20250514104500_209,M15,2025-05-14 10:45:00,BUY,0.08,3235.753,3230.1992142857143,3246.860571428572,ZENO|M15|London p=0.85
20250514124500_210,M15,2025-05-14 12:45:00,BUY,0.06,3184.754,3176.9524285714283,3200.3571428571427,ZENO|M15|London p=0.71
20250514130000_211,M15,2025-05-14 13:00:00,BUY,0.05,3179.424,3171.152714285714,3195.9665714285716,ZENO|M15|London p=0.82
20250519140000_212,M15,2025-05-19 14:00:00,BUY,0.06,3222.872,3215.2871428571425,3238.041714285714,ZENO|M15|London p=0.83
20250519144500_213,M15,2025-05-19 14:45:00,BUY,0.05,3233.939,3225.4551428571426,3250.9067142857143,ZENO|M15|London p=0.83
20250519163000_214,M15,2025-05-19 16:30:00,BUY,0.06,3231.867,3224.4015714285715,3246.7978571428575,ZENO|M15|London p=0.82
20250519180000_215,M15,2025-05-19 18:00:00,BUY,0.09,3228.199,3223.249142857143,3238.0987142857143,ZENO|M15|NY p=0.71
20250519191500_216,M15,2025-05-19 19:15:00,BUY,0.11,3234.219,3230.196,3242.265,ZENO|M15|NY p=0.82
20250520130000_217,M15,2025-05-20 13:00:00,BUY,0.08,3236.46,3231.2680714285716,3246.8438571428574,ZENO|M15|London p=0.85
20250520233000_218,M15,2025-05-20 23:30:00,BUY,0.09,3292.037,3287.246357142857,3301.618285714286,ZENO|M15|Off p=0.83
20250521000000_219,M15,2025-05-21 00:00:00,BUY,0.09,3294.661,3289.6247857142857,3304.7334285714287,ZENO|M15|Off p=0.85
20250521080000_220,M15,2025-05-21 08:00:00,BUY,0.07,3305.237,3298.8636428571426,3317.9837142857145,ZENO|M15|London p=0.83
20250521103000_221,M15,2025-05-21 10:30:00,BUY,0.08,3311.147,3305.6972857142855,3322.046428571429,ZENO|M15|London p=0.85
20250523140000_222,M15,2025-05-23 14:00:00,BUY,0.04,3343.888,3333.3377142857144,3364.9885714285715,ZENO|M15|London p=0.82
20250529143000_223,M15,2025-05-29 14:30:00,BUY,0.06,3308.047,3300.427357142857,3323.286285714286,ZENO|M15|London p=0.83
20250530010000_224,M15,2025-05-30 01:00:00,BUY,0.11,3316.109,3312.3997142857143,3323.5275714285713,ZENO|M15|Off p=0.83
20250602104500_225,M15,2025-06-02 10:45:00,BUY,0.09,3348.629,3343.8307142857143,3358.2255714285716,ZENO|M15|London p=0.83
20250604070000_226,M15,2025-06-04 07:00:00,BUY,0.09,3359.77,3354.9024285714286,3369.505142857143,ZENO|M15|London p=0.83
20250604080000_227,M15,2025-06-04 08:00:00,BUY,0.08,3355.751,3350.5766428571433,3366.0997142857145,ZENO|M15|London p=0.83
20250611020000_228,M15,2025-06-11 02:00:00,BUY,0.08,3332.251,3327.1104285714287,3342.5321428571433,ZENO|M15|Off p=0.71
20250611061500_229,M15,2025-06-11 06:15:00,BUY,0.12,3333.348,3329.7225,3340.5989999999997,ZENO|M15|Off p=0.83
20250611234500_230,M15,2025-06-11 23:45:00,BUY,0.09,3365.376,3360.4020714285716,3375.3238571428574,ZENO|M15|Off p=0.85
20250612010000_231,M15,2025-06-12 01:00:00,BUY,0.07,3367.237,3361.275285714286,3379.160428571429,ZENO|M15|Off p=0.83
20250612113000_232,M15,2025-06-12 11:30:00,BUY,0.07,3376.788,3370.2365714285716,3389.890857142857,ZENO|M15|London p=0.83
20250612151500_233,M15,2025-06-12 15:15:00,BUY,0.05,3388.253,3379.2995714285717,3406.159857142857,ZENO|M15|London p=0.83
20250617121500_234,M15,2025-06-17 12:15:00,BUY,0.08,3388.253,3382.7362857142857,3399.2864285714286,ZENO|M15|London p=0.83
20250619133000_235,M15,2025-06-19 13:30:00,BUY,0.09,3367.707,3363.018714285714,3377.0835714285713,ZENO|M15|London p=0.71
20250623123000_236,M15,2025-06-23 12:30:00,BUY,0.08,3359.922,3354.5132857142858,3370.7394285714286,ZENO|M15|London p=0.83
20250623171500_237,M15,2025-06-23 17:15:00,BUY,0.06,3379.403,3372.733357142857,3392.7422857142856,ZENO|M15|NY p=0.82
20250623181500_238,M15,2025-06-23 18:15:00,BUY,0.07,3384.733,3378.900642857143,3396.3977142857148,ZENO|M15|NY p=0.83
20250623183000_239,M15,2025-06-23 18:30:00,BUY,0.07,3378.98,3372.8485,3391.2430000000004,ZENO|M15|NY p=0.83
20250625173000_240,M15,2025-06-25 17:30:00,BUY,0.11,3327.49,3323.6956428571425,3335.0787142857143,ZENO|M15|NY p=0.83
20250626053000_241,M15,2025-06-26 05:30:00,BUY,0.13,3335.523,3332.2980000000002,3341.9730000000004,ZENO|M15|Off p=0.83
20250626121500_242,M15,2025-06-26 12:15:00,BUY,0.09,3342.818,3338.3113571428576,3351.831285714286,ZENO|M15|London p=0.83
20250701134500_243,M15,2025-07-01 13:45:00,BUY,0.09,3351.512,3346.5815000000002,3361.373,ZENO|M15|London p=0.71
20250702134500_244,M15,2025-07-02 13:45:00,BUY,0.08,3337.44,3332.312142857143,3347.695714285714,ZENO|M15|London p=0.82
20250715193000_245,M15,2025-07-15 19:30:00,BUY,0.13,3329.494,3326.319,3335.844,ZENO|M15|NY p=0.83
20250716170000_246,M15,2025-07-16 17:00:00,BUY,0.03,3351.268,3338.754785714286,3376.294428571429,ZENO|M15|NY p=0.83
