datetime,symbol,tf,session,side,entry_price,sl_price,tp_price,lot,prob_win,prob_win_cal,comment
2024-01-02 13:00:00,XAUUSD,H1,London,buy,2066.272,2061.7974285714286,2075.2211428571427,0.1,0.5,0.5,ML
2024-01-10 13:00:00,XAUUSD,H1,London,buy,2030.197,2026.2509285714284,2038.0891428571429,0.11,0.5,0.5,ML
2024-01-10 15:00:00,XAUUSD,H1,London,buy,2027.812,2023.4757142857143,2036.4845714285714,0.1,0.5,0.5,ML
2024-01-11 14:00:00,XAUUSD,H1,London,buy,2029.689,2024.9475714285716,2039.1718571428573,0.1,0.5,0.5,ML
2024-01-16 13:00:00,XAUUSD,H1,London,buy,2037.632,2033.4192142857144,2046.0575714285715,0.11,0.5,0.5,ML
2024-01-19 14:00:00,XAUUSD,H1,London,buy,2029.646,2025.8319999999999,2037.274,0.12,0.5,0.5,ML
2024-01-19 15:00:00,XAUUSD,H1,London,buy,2027.661,2023.4490714285714,2036.0848571428573,0.11,0.5,0.5,ML
2024-01-23 09:00:00,XAUUSD,H1,London,buy,2028.67,2024.8770000000002,2036.256,0.12,0.5,0.5,ML
2024-01-23 15:00:00,XAUUSD,H1,London,buy,2025.108,2020.3298571428572,2034.6642857142856,0.09,0.5,0.5,ML
2024-01-23 23:00:00,XAUUSD,H1,Off,buy,2029.137,2025.337142857143,2036.7367142857142,0.12,0.5,0.5,ML
2024-01-24 07:00:00,XAUUSD,H1,London,buy,2029.528,2026.4340714285713,2035.7158571428572,0.14,0.5,0.5,ML
2024-01-24 08:00:00,XAUUSD,H1,London,buy,2030.899,2027.7622142857142,2037.1725714285712,0.14,0.5,0.5,ML
2024-01-30 12:00:00,XAUUSD,H1,London,buy,2035.884,2032.6619285714287,2042.328142857143,0.13,0.5,0.5,ML
2024-01-31 06:00:00,XAUUSD,H1,Off,buy,2034.272,2031.8902857142857,2039.0354285714286,0.17,0.5,0.5,ML
2024-01-31 16:00:00,XAUUSD,H1,London,buy,2049.962,2045.8229999999999,2058.2400000000002,0.11,0.5,0.5,ML
2024-02-02 00:00:00,XAUUSD,H1,Off,buy,2054.988,2047.983857142857,2068.9962857142855,0.07,0.5,0.5,ML
2024-02-06 21:00:00,XAUUSD,H1,NY,buy,2035.82,2031.8626428571429,2043.7347142857143,0.11,0.5,0.5,ML
2024-02-06 23:00:00,XAUUSD,H1,Off,buy,2035.069,2031.221357142857,2042.7642857142857,0.12,0.5,0.5,ML
2024-02-07 18:00:00,XAUUSD,H1,NY,buy,2034.76,2030.668642857143,2042.9427142857141,0.11,0.5,0.5,ML
2024-02-07 21:00:00,XAUUSD,H1,NY,buy,2034.943,2031.0410714285715,2042.7468571428572,0.11,0.5,0.5,ML
2024-02-12 15:00:00,XAUUSD,H1,London,buy,2013.132,2009.9895714285715,2019.4168571428572,0.14,0.5,0.5,ML
2024-02-15 08:00:00,XAUUSD,H1,London,buy,1995.201,1992.8395,1999.924,0.17,0.5,0.5,ML
2024-02-15 17:00:00,XAUUSD,H1,NY,buy,2003.605,1999.9462857142858,2010.9224285714286,0.12,0.5,0.5,ML
2024-02-21 01:00:00,XAUUSD,H1,Off,buy,2025.355,2022.7361428571428,2030.5927142857142,0.16,0.5,0.5,ML
2024-02-21 15:00:00,XAUUSD,H1,London,buy,2024.149,2021.1754285714285,2030.0961428571427,0.14,0.5,0.5,ML
2024-02-21 17:00:00,XAUUSD,H1,NY,buy,2024.115,2021.2355714285713,2029.873857142857,0.15,0.5,0.5,ML
2024-02-28 15:00:00,XAUUSD,H1,London,buy,2031.787,2028.7160714285715,2037.9288571428572,0.14,0.5,0.5,ML
2024-02-28 23:00:00,XAUUSD,H1,Off,buy,2034.303,2031.140285714286,2040.6284285714287,0.14,0.5,0.5,ML
2024-03-01 01:00:00,XAUUSD,H1,Off,buy,2044.289,2040.5624285714287,2051.742142857143,0.12,0.5,0.5,ML
2024-03-05 10:00:00,XAUUSD,H1,London,buy,2123.725,2119.697714285714,2131.779571428571,0.11,0.5,0.5,ML
2024-03-06 05:00:00,XAUUSD,H1,Off,buy,2125.244,2121.219857142857,2133.2922857142858,0.11,0.5,0.5,ML
2024-03-07 08:00:00,XAUUSD,H1,London,buy,2155.27,2149.6873571428573,2166.435285714286,0.08,0.5,0.5,ML
2024-03-08 05:00:00,XAUUSD,H1,Off,buy,2157.681,2153.761285714286,2165.5204285714285,0.11,0.5,0.5,ML
2024-03-08 06:00:00,XAUUSD,H1,Off,buy,2161.168,2157.277785714286,2168.948428571429,0.11,0.5,0.5,ML
2024-03-08 15:00:00,XAUUSD,H1,London,buy,2177.164,2170.290142857143,2190.9117142857144,0.07,0.5,0.5,ML
2024-03-12 07:00:00,XAUUSD,H1,London,buy,2176.924,2173.423142857143,2183.9257142857145,0.12,0.5,0.5,ML
2024-03-21 07:00:00,XAUUSD,H1,London,buy,2206.572,2197.499928571429,2224.716142857143,0.05,0.5,0.5,ML
2024-03-21 16:00:00,XAUUSD,H1,London,buy,2179.865,2172.678571428571,2194.237857142857,0.07,0.5,0.5,ML
2024-03-22 02:00:00,XAUUSD,H1,Off,buy,2172.579,2165.6442142857145,2186.4485714285715,0.07,0.5,0.5,ML
2024-03-26 04:00:00,XAUUSD,H1,Off,buy,2172.263,2169.3384285714283,2178.1121428571428,0.15,0.5,0.5,ML
2024-03-27 13:00:00,XAUUSD,H1,London,buy,2193.302,2187.052285714286,2205.8014285714285,0.07,0.5,0.5,ML
2024-03-27 18:00:00,XAUUSD,H1,NY,buy,2192.389,2186.1400000000003,2204.887,0.07,0.5,0.5,ML
2024-03-28 05:00:00,XAUUSD,H1,Off,buy,2197.203,2193.318214285714,2204.9725714285714,0.11,0.5,0.5,ML
2024-03-28 06:00:00,XAUUSD,H1,Off,buy,2198.666,2194.916857142857,2206.164285714286,0.12,0.5,0.5,ML
2024-03-28 07:00:00,XAUUSD,H1,London,buy,2193.719,2189.74,2201.677,0.11,0.5,0.5,ML
2024-03-28 08:00:00,XAUUSD,H1,London,buy,2194.729,2190.650357142857,2202.886285714286,0.11,0.5,0.5,ML
2024-03-31 23:00:00,XAUUSD,H1,Off,buy,2244.928,2235.2055,2264.373,0.05,0.5,0.5,ML
2024-04-02 00:00:00,XAUUSD,H1,Off,buy,2250.372,2242.492142857143,2266.131714285714,0.06,0.5,0.5,ML
2024-04-04 03:00:00,XAUUSD,H1,Off,buy,2299.175,2292.8302857142858,2311.8644285714286,0.07,0.5,0.5,ML
2024-04-04 09:00:00,XAUUSD,H1,London,buy,2293.21,2288.8695714285714,2301.8908571428574,0.1,0.5,0.5,ML
2024-04-04 13:00:00,XAUUSD,H1,London,buy,2287.503,2282.789142857143,2296.9307142857147,0.1,0.5,0.5,ML
2024-04-04 17:00:00,XAUUSD,H1,NY,buy,2293.969,2288.400857142857,2305.105285714286,0.08,0.5,0.5,ML
2024-04-04 23:00:00,XAUUSD,H1,Off,buy,2288.891,2281.043142857143,2304.5867142857146,0.06,0.5,0.5,ML
2024-04-10 00:00:00,XAUUSD,H1,Off,buy,2351.63,2343.3222142857144,2368.2455714285716,0.06,0.5,0.5,ML
2024-04-10 01:00:00,XAUUSD,H1,Off,buy,2349.319,2341.0934285714284,2365.7701428571427,0.06,0.5,0.5,ML
2024-04-15 10:00:00,XAUUSD,H1,London,buy,2356.745,2346.759857142857,2376.7152857142855,0.05,0.5,0.5,ML
2024-04-17 01:00:00,XAUUSD,H1,Off,buy,2384.596,2374.3555,2405.077,0.05,0.5,0.5,ML
2024-04-17 02:00:00,XAUUSD,H1,Off,buy,2382.338,2372.211071428572,2402.5918571428574,0.05,0.5,0.5,ML
2024-04-17 04:00:00,XAUUSD,H1,Off,buy,2381.919,2373.080857142857,2399.5952857142856,0.05,0.5,0.5,ML
2024-04-25 00:00:00,XAUUSD,H1,Off,buy,2319.111,2312.0822857142857,2333.1684285714286,0.07,0.5,0.5,ML
2024-04-25 02:00:00,XAUUSD,H1,Off,buy,2319.855,2312.8391428571426,2333.8867142857143,0.07,0.5,0.5,ML
2024-04-25 17:00:00,XAUUSD,H1,NY,buy,2332.2,2323.5899285714286,2349.4201428571428,0.05,0.5,0.5,ML
2024-05-10 11:00:00,XAUUSD,H1,London,buy,2372.126,2366.6202142857146,2383.1375714285714,0.08,0.5,0.5,ML
2024-05-10 15:00:00,XAUUSD,H1,London,buy,2364.804,2356.816428571429,2380.779142857143,0.06,0.5,0.5,ML
2024-05-16 03:00:00,XAUUSD,H1,Off,buy,2388.637,2380.440285714286,2405.0304285714287,0.06,0.5,0.5,ML
2024-05-16 05:00:00,XAUUSD,H1,Off,buy,2390.16,2384.403357142857,2401.6732857142856,0.08,0.5,0.5,ML
2024-05-16 15:00:00,XAUUSD,H1,London,buy,2381.506,2375.3495,2393.819,0.08,0.5,0.5,ML
2024-05-21 01:00:00,XAUUSD,H1,Off,buy,2420.466,2411.4717857142855,2438.4544285714287,0.05,0.5,0.5,ML
2024-05-31 00:00:00,XAUUSD,H1,Off,buy,2346.319,2340.3661428571427,2358.224714285714,0.08,0.5,0.5,ML
2024-05-31 01:00:00,XAUUSD,H1,Off,buy,2346.547,2341.0115714285716,2357.6178571428572,0.08,0.5,0.5,ML
2024-06-07 06:00:00,XAUUSD,H1,Off,buy,2375.404,2369.628357142857,2386.9552857142858,0.08,0.5,0.5,ML
2024-06-07 07:00:00,XAUUSD,H1,London,buy,2373.584,2367.8149999999996,2385.122,0.08,0.5,0.5,ML
2024-06-11 17:00:00,XAUUSD,H1,NY,buy,2312.702,2306.8278571428573,2324.450285714286,0.08,0.5,0.5,ML
2024-06-12 15:00:00,XAUUSD,H1,London,buy,2335.542,2328.4182142857144,2349.7895714285714,0.07,0.5,0.5,ML
2024-06-13 00:00:00,XAUUSD,H1,Off,buy,2320.728,2311.9660714285715,2338.2518571428573,0.05,0.5,0.5,ML
2024-06-19 00:00:00,XAUUSD,H1,Off,buy,2329.447,2323.721,2340.899,0.08,0.5,0.5,ML
2024-06-19 05:00:00,XAUUSD,H1,Off,buy,2329.3,2325.7322142857147,2336.4355714285716,0.12,0.5,0.5,ML
2024-06-19 11:00:00,XAUUSD,H1,London,buy,2330.407,2327.3604285714287,2336.500142857143,0.14,0.5,0.5,ML
2024-06-21 12:00:00,XAUUSD,H1,London,buy,2360.65,2355.818357142857,2370.313285714286,0.09,0.5,0.5,ML
2024-06-28 07:00:00,XAUUSD,H1,London,buy,2327.146,2323.3694285714287,2334.699142857143,0.12,0.5,0.5,ML
2024-07-03 07:00:00,XAUUSD,H1,London,buy,2345.304,2341.3922142857145,2353.1275714285716,0.11,0.5,0.5,ML
2024-07-03 08:00:00,XAUUSD,H1,London,buy,2344.59,2340.581142857143,2352.6077142857143,0.11,0.5,0.5,ML
2024-07-03 10:00:00,XAUUSD,H1,London,buy,2346.988,2342.8629285714283,2355.238142857143,0.11,0.5,0.5,ML
2024-07-03 12:00:00,XAUUSD,H1,London,buy,2350.472,2345.509785714286,2360.3964285714287,0.09,0.5,0.5,ML
2024-07-10 22:00:00,XAUUSD,H1,Off,buy,2372.84,2367.8593571428573,2382.8012857142858,0.09,0.5,0.5,ML
2024-07-11 08:00:00,XAUUSD,H1,London,buy,2381.328,2378.4022142857143,2387.1795714285713,0.15,0.5,0.5,ML
2024-07-12 13:00:00,XAUUSD,H1,London,buy,2403.718,2398.1547857142855,2414.8444285714286,0.08,0.5,0.5,ML
2024-07-16 01:00:00,XAUUSD,H1,Off,buy,2427.222,2421.2559285714287,2439.154142857143,0.08,0.5,0.5,ML
2024-07-16 12:00:00,XAUUSD,H1,London,buy,2432.553,2426.9632857142856,2443.7324285714285,0.08,0.5,0.5,ML
2024-07-25 03:00:00,XAUUSD,H1,Off,buy,2374.724,2365.2414285714285,2393.689142857143,0.05,0.5,0.5,ML
2024-08-09 08:00:00,XAUUSD,H1,London,buy,2424.477,2419.644,2434.143,0.09,0.5,0.5,ML
2024-08-09 12:00:00,XAUUSD,H1,London,buy,2429.61,2424.0827142857142,2440.6645714285714,0.08,0.5,0.5,ML
2024-08-09 20:00:00,XAUUSD,H1,NY,buy,2430.805,2424.5246428571427,2443.365714285714,0.07,0.5,0.5,ML
2024-08-21 05:00:00,XAUUSD,H1,Off,buy,2515.191,2509.3355714285713,2526.901857142857,0.08,0.5,0.5,ML
2024-08-27 06:00:00,XAUUSD,H1,Off,buy,2514.85,2510.5663571428568,2523.4172857142858,0.1,0.5,0.5,ML
2024-09-05 16:00:00,XAUUSD,H1,London,buy,2510.384,2504.041,2523.07,0.07,0.5,0.5,ML
2024-09-06 04:00:00,XAUUSD,H1,Off,buy,2518.395,2514.4207142857144,2526.3435714285715,0.11,0.5,0.5,ML
2024-09-11 15:00:00,XAUUSD,H1,London,buy,2514.743,2508.3281428571427,2527.572714285714,0.07,0.5,0.5,ML
2024-09-12 03:00:00,XAUUSD,H1,Off,buy,2515.844,2511.3167142857146,2524.8985714285714,0.1,0.5,0.5,ML
2024-09-12 23:00:00,XAUUSD,H1,Off,buy,2558.422,2550.1212142857144,2575.0235714285714,0.06,0.5,0.5,ML
2024-09-13 01:00:00,XAUUSD,H1,Off,buy,2563.186,2554.6455,2580.2670000000003,0.06,0.5,0.5,ML
2024-09-13 12:00:00,XAUUSD,H1,London,buy,2575.768,2570.302285714286,2586.6994285714286,0.08,0.5,0.5,ML
2024-09-16 00:00:00,XAUUSD,H1,Off,buy,2581.361,2575.973857142857,2592.1352857142856,0.08,0.5,0.5,ML
2024-09-25 11:00:00,XAUUSD,H1,London,buy,2657.431,2651.8284285714285,2668.636142857143,0.08,0.5,0.5,ML
2024-10-02 12:00:00,XAUUSD,H1,London,buy,2649.597,2644.0837142857144,2660.6235714285717,0.08,0.5,0.5,ML
2024-10-04 19:00:00,XAUUSD,H1,NY,buy,2651.624,2641.1747857142855,2672.5224285714285,0.05,0.5,0.5,ML
2024-10-06 23:00:00,XAUUSD,H1,Off,buy,2650.128,2640.012642857143,2670.3587142857145,0.05,0.5,0.5,ML
2024-10-11 11:00:00,XAUUSD,H1,London,buy,2644.635,2639.151142857143,2655.6027142857147,0.08,0.5,0.5,ML
2024-10-17 05:00:00,XAUUSD,H1,Off,buy,2683.507,2679.0695,2692.382,0.1,0.5,0.5,ML
2024-10-17 07:00:00,XAUUSD,H1,London,buy,2681.953,2677.8782857142855,2690.1024285714284,0.11,0.5,0.5,ML
2024-10-18 06:00:00,XAUUSD,H1,Off,buy,2707.348,2702.357571428571,2717.328857142857,0.09,0.5,0.5,ML
2024-10-23 09:00:00,XAUUSD,H1,London,buy,2750.622,2745.7824285714287,2760.3011428571426,0.09,0.5,0.5,ML
2024-10-23 11:00:00,XAUUSD,H1,London,buy,2749.967,2745.168,2759.565,0.09,0.5,0.5,ML
2024-10-29 05:00:00,XAUUSD,H1,Off,buy,2750.008,2745.5548571428567,2758.9142857142856,0.1,0.5,0.5,ML
2024-10-31 06:00:00,XAUUSD,H1,Off,buy,2779.863,2775.7718571428572,2788.0452857142855,0.11,0.5,0.5,ML
2024-11-05 20:00:00,XAUUSD,H1,NY,buy,2743.0,2736.0904285714287,2756.819142857143,0.07,0.5,0.5,ML
2024-11-06 02:00:00,XAUUSD,H1,Off,buy,2737.485,2729.6979285714287,2753.059142857143,0.06,0.5,0.5,ML
2024-11-06 03:00:00,XAUUSD,H1,Off,buy,2734.08,2725.7710714285713,2750.697857142857,0.06,0.5,0.5,ML
2024-11-06 09:00:00,XAUUSD,H1,London,buy,2724.559,2712.222,2749.233,0.04,0.5,0.5,ML
2024-11-13 21:00:00,XAUUSD,H1,NY,buy,2573.064,2564.4025,2590.3869999999997,0.05,0.5,0.5,ML
2024-11-19 23:00:00,XAUUSD,H1,Off,buy,2635.166,2628.219285714286,2649.0594285714287,0.07,0.5,0.5,ML
2024-11-21 16:00:00,XAUUSD,H1,London,buy,2664.688,2658.1750714285713,2677.7138571428573,0.07,0.5,0.5,ML
2024-12-04 10:00:00,XAUUSD,H1,London,buy,2644.36,2639.7492857142856,2653.5814285714287,0.1,0.5,0.5,ML
2024-12-10 00:00:00,XAUUSD,H1,Off,buy,2664.961,2658.854214285714,2677.174571428571,0.08,0.5,0.5,ML
2024-12-17 11:00:00,XAUUSD,H1,London,buy,2642.187,2636.4294999999997,2653.7019999999998,0.08,0.5,0.5,ML
2025-01-02 12:00:00,XAUUSD,H1,London,buy,2643.446,2638.0037857142856,2654.3304285714285,0.08,0.5,0.5,ML
2025-01-02 13:00:00,XAUUSD,H1,London,buy,2643.006,2637.0580714285716,2654.901857142857,0.08,0.5,0.5,ML
2025-01-08 19:00:00,XAUUSD,H1,NY,buy,2658.301,2651.282142857143,2672.338714285714,0.07,0.5,0.5,ML
2025-01-09 00:00:00,XAUUSD,H1,Off,buy,2659.96,2652.9805714285712,2673.918857142857,0.07,0.5,0.5,ML
2025-01-10 21:00:00,XAUUSD,H1,NY,buy,2689.551,2681.4038571428573,2705.8452857142856,0.06,0.5,0.5,ML
2025-01-15 08:00:00,XAUUSD,H1,London,buy,2683.909,2679.719142857143,2692.2887142857144,0.11,0.5,0.5,ML
2025-01-15 10:00:00,XAUUSD,H1,London,buy,2688.343,2684.177142857143,2696.674714285714,0.11,0.5,0.5,ML
2025-01-15 11:00:00,XAUUSD,H1,London,buy,2686.779,2682.6762857142858,2694.9844285714285,0.11,0.5,0.5,ML
2025-01-15 16:00:00,XAUUSD,H1,London,buy,2689.305,2682.8432857142857,2702.228428571428,0.07,0.5,0.5,ML
2025-01-16 11:00:00,XAUUSD,H1,London,buy,2706.412,2701.627071428571,2715.981857142857,0.09,0.5,0.5,ML
2025-01-17 07:00:00,XAUUSD,H1,London,buy,2710.528,2706.6741428571427,2718.235714285714,0.11,0.5,0.5,ML
2025-01-17 11:00:00,XAUUSD,H1,London,buy,2708.041,2704.1027142857142,2715.9175714285716,0.11,0.5,0.5,ML
2025-01-31 11:00:00,XAUUSD,H1,London,buy,2800.195,2795.4204285714286,2809.7441428571433,0.09,0.5,0.5,ML
2025-02-04 03:00:00,XAUUSD,H1,Off,buy,2821.403,2813.271142857143,2837.666714285714,0.06,0.5,0.5,ML
2025-02-05 14:00:00,XAUUSD,H1,London,buy,2870.908,2863.1035,2886.517,0.06,0.5,0.5,ML
2025-02-06 01:00:00,XAUUSD,H1,Off,buy,2871.559,2863.4605,2887.7560000000003,0.06,0.5,0.5,ML
2025-02-06 04:00:00,XAUUSD,H1,Off,buy,2868.5,2860.8497857142856,2883.8004285714287,0.06,0.5,0.5,ML
2025-02-07 12:00:00,XAUUSD,H1,London,buy,2863.592,2858.7122142857143,2873.3515714285713,0.09,0.5,0.5,ML
2025-02-11 03:00:00,XAUUSD,H1,Off,buy,2919.716,2908.307142857143,2942.5337142857143,0.04,0.5,0.5,ML
2025-02-11 23:00:00,XAUUSD,H1,Off,buy,2898.536,2890.215642857143,2915.1767142857143,0.06,0.5,0.5,ML
2025-02-12 01:00:00,XAUUSD,H1,Off,buy,2893.319,2884.3627857142856,2911.2314285714283,0.05,0.5,0.5,ML
2025-02-12 02:00:00,XAUUSD,H1,Off,buy,2892.444,2883.383357142857,2910.565285714286,0.05,0.5,0.5,ML
2025-02-13 09:00:00,XAUUSD,H1,London,buy,2915.401,2908.9610714285714,2928.280857142857,0.07,0.5,0.5,ML
2025-02-14 11:00:00,XAUUSD,H1,London,buy,2931.181,2925.5992857142855,2942.3444285714286,0.08,0.5,0.5,ML
2025-02-19 03:00:00,XAUUSD,H1,Off,buy,2928.825,2921.8166428571426,2942.841714285714,0.07,0.5,0.5,ML
2025-02-19 15:00:00,XAUUSD,H1,London,buy,2925.721,2917.761785714286,2941.6394285714287,0.06,0.5,0.5,ML
2025-02-20 11:00:00,XAUUSD,H1,London,buy,2948.768,2943.0896428571427,2960.124714285714,0.08,0.5,0.5,ML
2025-02-21 01:00:00,XAUUSD,H1,Off,buy,2928.821,2919.8836428571426,2946.695714285714,0.05,0.5,0.5,ML
2025-03-04 11:00:00,XAUUSD,H1,London,buy,2919.932,2911.8286428571428,2936.1387142857143,0.06,0.5,0.5,ML
2025-03-04 19:00:00,XAUUSD,H1,NY,buy,2916.087,2905.921214285714,2936.4185714285713,0.05,0.5,0.5,ML
2025-03-04 23:00:00,XAUUSD,H1,Off,buy,2914.363,2906.1051428571427,2930.8787142857145,0.06,0.5,0.5,ML
2025-03-05 00:00:00,XAUUSD,H1,Off,buy,2914.133,2906.1524999999997,2930.094,0.06,0.5,0.5,ML
2025-03-06 01:00:00,XAUUSD,H1,Off,buy,2924.606,2914.9668571428574,2943.884285714286,0.05,0.5,0.5,ML
2025-03-06 07:00:00,XAUUSD,H1,London,buy,2910.147,2903.9225714285712,2922.595857142857,0.07,0.5,0.5,ML
2025-03-12 03:00:00,XAUUSD,H1,Off,buy,2914.941,2909.2654285714284,2926.2921428571426,0.08,0.5,0.5,ML
2025-03-12 06:00:00,XAUUSD,H1,Off,buy,2911.951,2907.190642857143,2921.4717142857144,0.1,0.5,0.5,ML
2025-03-14 05:00:00,XAUUSD,H1,Off,buy,2986.394,2979.5393571428567,3000.1032857142854,0.07,0.5,0.5,ML
2025-03-19 08:00:00,XAUUSD,H1,London,buy,3025.156,3019.6000714285715,3036.2678571428573,0.08,0.5,0.5,ML
2025-03-20 05:00:00,XAUUSD,H1,Off,buy,3046.794,3039.6266428571425,3061.128714285714,0.07,0.5,0.5,ML
2025-03-20 17:00:00,XAUUSD,H1,NY,buy,3041.654,3033.436,3058.0899999999997,0.06,0.5,0.5,ML
2025-03-27 22:00:00,XAUUSD,H1,Off,buy,3055.028,3046.9176428571427,3071.248714285714,0.06,0.5,0.5,ML
2025-03-28 01:00:00,XAUUSD,H1,Off,buy,3073.88,3066.0525714285714,3089.534857142857,0.06,0.5,0.5,ML
2025-03-28 02:00:00,XAUUSD,H1,Off,buy,3071.917,3064.036071428571,3087.678857142857,0.06,0.5,0.5,ML
2025-03-30 22:00:00,XAUUSD,H1,Off,buy,3090.003,3080.1119285714285,3109.785142857143,0.05,0.5,0.5,ML
2025-04-01 01:00:00,XAUUSD,H1,Off,buy,3135.442,3126.6889285714287,3152.948142857143,0.05,0.5,0.5,ML
2025-04-01 02:00:00,XAUUSD,H1,Off,buy,3145.131,3135.9214285714284,3163.550142857143,0.05,0.5,0.5,ML
2025-04-01 12:00:00,XAUUSD,H1,London,buy,3133.235,3124.0915714285716,3151.5218571428572,0.05,0.5,0.5,ML
2025-04-03 01:00:00,XAUUSD,H1,Off,buy,3153.397,3138.4596428571426,3183.271714285714,0.03,0.5,0.5,ML
2025-04-03 02:00:00,XAUUSD,H1,Off,buy,3145.192,3130.002,3175.572,0.03,0.5,0.5,ML
2025-04-11 01:00:00,XAUUSD,H1,Off,buy,3207.168,3189.657357142857,3242.1892857142857,0.03,0.5,0.5,ML
2025-04-16 14:00:00,XAUUSD,H1,London,buy,3308.425,3294.140142857143,3336.994714285714,0.03,0.5,0.5,ML
2025-04-16 20:00:00,XAUUSD,H1,NY,buy,3342.198,3328.3850714285713,3369.823857142857,0.03,0.5,0.5,ML
2025-04-25 02:00:00,XAUUSD,H1,Off,buy,3348.738,3333.932714285714,3378.348571428571,0.03,0.5,0.5,ML
2025-04-25 04:00:00,XAUUSD,H1,Off,buy,3324.761,3309.2384285714284,3355.8061428571427,0.03,0.5,0.5,ML
2025-04-30 01:00:00,XAUUSD,H1,Off,buy,3308.233,3295.8427142857145,3333.0135714285716,0.04,0.5,0.5,ML
2025-04-30 03:00:00,XAUUSD,H1,Off,buy,3304.753,3292.842642857143,3328.5737142857142,0.04,0.5,0.5,ML
2025-04-30 04:00:00,XAUUSD,H1,Off,buy,3308.044,3297.129357142857,3329.8732857142854,0.04,0.5,0.5,ML
2025-04-30 05:00:00,XAUUSD,H1,Off,buy,3309.5,3299.3754285714285,3329.749142857143,0.05,0.5,0.5,ML
2025-05-05 17:00:00,XAUUSD,H1,NY,buy,3317.129,3305.6977857142856,3339.9914285714285,0.04,0.5,0.5,ML
2025-05-06 03:00:00,XAUUSD,H1,Off,buy,3360.401,3344.9924285714283,3391.218142857143,0.03,0.5,0.5,ML
2025-05-07 00:00:00,XAUUSD,H1,Off,buy,3379.565,3360.8032142857146,3417.0885714285714,0.03,0.5,0.5,ML
2025-05-07 01:00:00,XAUUSD,H1,Off,buy,3374.737,3354.690857142857,3414.8292857142856,0.02,0.5,0.5,ML
2025-05-13 11:00:00,XAUUSD,H1,London,buy,3249.167,3236.7996428571428,3273.901714285714,0.04,0.5,0.5,ML
2025-05-14 01:00:00,XAUUSD,H1,Off,buy,3238.942,3227.8731428571427,3261.0797142857145,0.04,0.5,0.5,ML
2025-05-16 01:00:00,XAUUSD,H1,Off,buy,3222.256,3209.0875,3248.593,0.04,0.5,0.5,ML
2025-05-16 06:00:00,XAUUSD,H1,Off,buy,3214.877,3201.8261428571427,3240.978714285714,0.04,0.5,0.5,ML
2025-05-16 12:00:00,XAUUSD,H1,London,buy,3177.431,3159.459428571429,3213.374142857143,0.03,0.5,0.5,ML
2025-05-16 15:00:00,XAUUSD,H1,London,buy,3183.479,3165.7959285714282,3218.8451428571425,0.03,0.5,0.5,ML
2025-05-22 05:00:00,XAUUSD,H1,Off,buy,3332.309,3322.3467142857144,3352.2335714285714,0.05,0.5,0.5,ML
2025-05-28 17:00:00,XAUUSD,H1,NY,buy,3296.766,3286.3872857142856,3317.5234285714287,0.05,0.5,0.5,ML
2025-05-28 22:00:00,XAUUSD,H1,Off,buy,3286.582,3275.885857142857,3307.9742857142855,0.04,0.5,0.5,ML
2025-05-30 18:00:00,XAUUSD,H1,NY,buy,3293.823,3280.5970714285713,3320.274857142857,0.04,0.5,0.5,ML
2025-06-02 13:00:00,XAUUSD,H1,London,buy,3371.107,3359.088357142857,3395.1442857142856,0.04,0.5,0.5,ML
2025-06-03 11:00:00,XAUUSD,H1,London,buy,3359.294,3349.5362857142854,3378.8094285714283,0.05,0.5,0.5,ML
2025-06-04 22:00:00,XAUUSD,H1,Off,buy,3373.534,3362.975214285714,3394.651571428572,0.05,0.5,0.5,ML
2025-06-04 23:00:00,XAUUSD,H1,Off,buy,3378.042,3367.9116428571424,3398.3027142857145,0.05,0.5,0.5,ML
2025-06-05 03:00:00,XAUUSD,H1,Off,buy,3369.674,3360.180714285714,3388.6605714285715,0.05,0.5,0.5,ML
2025-06-05 04:00:00,XAUUSD,H1,Off,buy,3368.487,3359.2327142857143,3386.9955714285716,0.05,0.5,0.5,ML
2025-06-05 10:00:00,XAUUSD,H1,London,buy,3399.949,3391.1738571428573,3417.499285714286,0.05,0.5,0.5,ML
2025-06-10 00:00:00,XAUUSD,H1,Off,buy,3316.578,3308.3962857142856,3332.9414285714283,0.06,0.5,0.5,ML
2025-06-10 01:00:00,XAUUSD,H1,Off,buy,3306.264,3297.414285714286,3323.9634285714287,0.05,0.5,0.5,ML
2025-06-12 18:00:00,XAUUSD,H1,NY,buy,3385.904,3371.6495714285716,3414.4128571428573,0.03,0.5,0.5,ML
2025-06-13 04:00:00,XAUUSD,H1,Off,buy,3425.305,3413.242571428571,3449.429857142857,0.04,0.5,0.5,ML
2025-06-18 05:00:00,XAUUSD,H1,Off,buy,3386.407,3377.253,3404.715,0.05,0.5,0.5,ML
2025-06-24 00:00:00,XAUUSD,H1,Off,buy,3351.064,3336.3226428571425,3380.546714285714,0.03,0.5,0.5,ML
2025-07-02 23:00:00,XAUUSD,H1,Off,buy,3349.395,3341.382857142857,3365.4192857142857,0.06,0.5,0.5,ML
2025-07-08 00:00:00,XAUUSD,H1,Off,buy,3334.261,3326.140357142857,3350.502285714286,0.06,0.5,0.5,ML
2025-07-16 22:00:00,XAUUSD,H1,Off,buy,3349.595,3338.083642857143,3372.617714285714,0.04,0.5,0.5,ML
