close,score,num_confs,pattern_code,bias_bull,hour,dow,atr,datetime
3115.168,0,0,5,1,20,1,13.105000000000018,2025-04-01 20:00:00+00:00
3125.489,1,1,1,1,0,2,17.919000000000096,2025-04-02 00:00:00+00:00
3125.314,2,2,2,1,4,2,17.998000000000047,2025-04-02 04:00:00+00:00
3121.23,1,1,5,1,8,2,19.444000000000074,2025-04-02 08:00:00+00:00
3125.883,0,0,5,1,12,2,18.677599999999984,2025-04-02 12:00:00+00:00
3124.383,2,2,2,1,16,2,18.181833333333316,2025-04-02 16:00:00+00:00
3162.709,2,2,1,1,20,2,24.594285714285693,2025-04-02 20:00:00+00:00
3148.066,1,1,5,1,0,3,24.531874999999957,2025-04-03 00:00:00+00:00
3128.957,1,1,5,1,4,3,25.50566666666666,2025-04-03 04:00:00+00:00
3093.188,0,0,5,1,8,3,27.647899999999982,2025-04-03 08:00:00+00:00
3110.521,3,3,3,0,12,3,32.54736363636361,2025-04-03 12:00:00+00:00
3107.593,1,1,5,0,16,3,31.029499999999985,2025-04-03 16:00:00+00:00
3112.884,2,2,1,0,20,3,29.624307692307692,2025-04-03 20:00:00+00:00
3098.409,2,2,0,0,0,4,29.566571428571415,2025-04-04 00:00:00+00:00
3092.85,0,0,5,0,4,4,29.913857142857132,2025-04-04 04:00:00+00:00
3110.242,2,2,5,0,8,4,32.456928571428534,2025-04-04 08:00:00+00:00
3021.951,1,1,0,0,12,4,37.94192857142856,2025-04-04 12:00:00+00:00
3036.427,1,1,5,0,16,4,38.05507142857141,2025-04-04 16:00:00+00:00
3038.506,1,1,5,0,20,4,37.44635714285716,2025-04-04 20:00:00+00:00
2999.944,0,1,5,0,20,6,40.71628571428573,2025-04-06 20:00:00+00:00
3018.922,2,2,5,0,0,0,42.29100000000004,2025-04-07 00:00:00+00:00
3018.569,2,2,2,0,4,0,42.8148571428572,2025-04-07 04:00:00+00:00
3031.27,2,2,1,0,8,0,42.472000000000044,2025-04-07 08:00:00+00:00
2987.558,1,1,0,0,12,0,43.277714285714346,2025-04-07 12:00:00+00:00
2976.636,1,1,5,0,16,0,39.702785714285774,2025-04-07 16:00:00+00:00
2981.328,1,1,5,0,20,0,40.02242857142863,2025-04-07 20:00:00+00:00
2994.741,1,1,5,0,0,1,40.86421428571433,2025-04-08 00:00:00+00:00
3003.607,1,1,5,0,4,1,40.584428571428624,2025-04-08 04:00:00+00:00
3017.379,0,0,5,0,8,1,41.06600000000003,2025-04-08 08:00:00+00:00
3001.545,3,3,0,0,12,1,38.43521428571434,2025-04-08 12:00:00+00:00
2984.959,1,1,5,0,16,1,33.57971428571432,2025-04-08 16:00:00+00:00
2978.321,1,1,5,0,20,1,33.2584285714286,2025-04-08 20:00:00+00:00
3004.464,1,1,5,0,0,2,35.52407142857146,2025-04-09 00:00:00+00:00
3041.091,0,0,5,0,4,2,34.90864285714289,2025-04-09 04:00:00+00:00
3066.596,0,0,5,0,8,2,31.11935714285716,2025-04-09 08:00:00+00:00
3086.288,0,0,5,0,12,2,32.099571428571416,2025-04-09 12:00:00+00:00
3093.574,1,1,3,0,16,2,33.71899999999995,2025-04-09 16:00:00+00:00
3086.784,1,1,5,0,20,2,31.280071428571382,2025-04-09 20:00:00+00:00
3125.406,1,1,1,0,0,3,32.846071428571385,2025-04-10 00:00:00+00:00
3108.703,1,1,5,0,4,3,33.35599999999996,2025-04-10 04:00:00+00:00
3124.648,1,1,5,0,8,3,33.20949999999997,2025-04-10 08:00:00+00:00
3157.924,0,0,5,0,12,3,35.64399999999997,2025-04-10 12:00:00+00:00
3170.773,0,0,5,0,16,3,35.65585714285713,2025-04-10 16:00:00+00:00
3188.972,0,0,5,0,20,3,35.75457142857142,2025-04-10 20:00:00+00:00
3217.686,0,0,5,0,0,4,36.3480714285714,2025-04-11 00:00:00+00:00
3212.415,1,1,5,0,4,4,37.149428571428544,2025-04-11 04:00:00+00:00
3213.872,2,2,3,0,8,4,36.47535714285713,2025-04-11 08:00:00+00:00
3240.577,0,0,5,0,12,4,35.06207142857141,2025-04-11 12:00:00+00:00
3231.084,2,2,5,1,16,4,34.619928571428545,2025-04-11 16:00:00+00:00
3237.519,1,1,5,1,20,4,31.974071428571442,2025-04-11 20:00:00+00:00
3223.733,3,3,3,1,20,6,30.028500000000026,2025-04-13 20:00:00+00:00
3232.39,2,2,5,1,0,0,30.4787142857143,2025-04-14 00:00:00+00:00
3228.013,1,1,5,1,4,0,27.85892857142861,2025-04-14 04:00:00+00:00
3223.359,0,0,5,1,8,0,27.821571428571456,2025-04-14 08:00:00+00:00
3198.051,1,1,5,0,12,0,28.6547142857143,2025-04-14 12:00:00+00:00
3212.699,1,1,5,0,16,0,25.793928571428587,2025-04-14 16:00:00+00:00
3212.626,2,2,2,0,20,0,24.58128571428574,2025-04-14 20:00:00+00:00
3228.304,1,1,1,0,0,1,24.30285714285716,2025-04-15 00:00:00+00:00
3225.671,2,2,5,0,4,1,22.87700000000005,2025-04-15 04:00:00+00:00
3220.164,1,1,5,0,8,1,21.684714285714335,2025-04-15 08:00:00+00:00
3221.371,3,3,3,0,12,1,20.674857142857167,2025-04-15 12:00:00+00:00
3229.793,0,0,5,0,16,1,19.19700000000002,2025-04-15 16:00:00+00:00
3251.78,0,0,5,0,20,1,19.15550000000001,2025-04-15 20:00:00+00:00
3281.401,0,0,5,0,0,2,20.73049999999999,2025-04-16 00:00:00+00:00
3300.482,0,0,5,0,4,2,21.259071428571424,2025-04-16 04:00:00+00:00
3306.842,0,0,5,0,8,2,21.178142857142834,2025-04-16 08:00:00+00:00
3325.328,0,0,5,0,12,2,22.21742857142853,2025-04-16 12:00:00+00:00
3336.694,0,0,5,0,16,2,21.904785714285676,2025-04-16 16:00:00+00:00
3350.133,1,2,5,1,20,2,21.132071428571408,2025-04-16 20:00:00+00:00
3344.529,1,1,5,1,0,3,22.314142857142834,2025-04-17 00:00:00+00:00
3323.323,1,1,5,1,4,3,23.972785714285692,2025-04-17 04:00:00+00:00
3327.371,2,2,3,1,8,3,24.153214285714252,2025-04-17 08:00:00+00:00
3296.431,1,1,5,1,12,3,27.24057142857136,2025-04-17 12:00:00+00:00
3320.746,1,1,5,1,16,3,28.11342857142849,2025-04-17 16:00:00+00:00
3327.671,1,1,5,1,20,3,27.80357142857133,2025-04-17 20:00:00+00:00
3348.078,0,0,5,1,20,6,28.73507142857134,2025-04-20 20:00:00+00:00
3382.472,0,1,5,1,0,0,29.627142857142776,2025-04-21 00:00:00+00:00
3385.082,1,2,3,1,4,0,29.36321428571419,2025-04-21 04:00:00+00:00
3404.443,0,1,5,1,8,0,28.716571428571342,2025-04-21 08:00:00+00:00
3422.941,0,1,5,1,12,0,28.930785714285644,2025-04-21 12:00:00+00:00
3423.431,1,2,3,1,16,0,28.448214285714226,2025-04-21 16:00:00+00:00
3434.548,0,1,5,1,20,0,28.70478571428563,2025-04-21 20:00:00+00:00
3487.777,0,0,5,1,0,1,32.93685714285708,2025-04-22 00:00:00+00:00
3468.67,2,3,5,1,4,1,33.20492857142852,2025-04-22 04:00:00+00:00
3456.705,1,2,5,1,8,1,33.09542857142849,2025-04-22 08:00:00+00:00
3417.721,0,1,5,1,12,1,35.57378571428564,2025-04-22 12:00:00+00:00
3374.789,0,1,5,1,16,1,35.274428571428516,2025-04-22 16:00:00+00:00
3336.561,0,0,5,1,20,1,38.08042857142852,2025-04-22 20:00:00+00:00
3338.878,2,2,3,1,0,2,41.40628571428569,2025-04-23 00:00:00+00:00
3319.13,1,1,0,1,4,2,43.7036428571428,2025-04-23 04:00:00+00:00
3324.594,2,2,3,1,8,2,43.51542857142853,2025-04-23 08:00:00+00:00
3280.352,2,2,0,0,12,2,46.86085714285712,2025-04-23 12:00:00+00:00
3293.86,1,1,5,0,16,2,47.25199999999999,2025-04-23 16:00:00+00:00
3316.383,1,1,5,0,20,2,47.303499999999985,2025-04-23 20:00:00+00:00
3327.074,2,2,4,0,0,3,49.42678571428568,2025-04-24 00:00:00+00:00
3333.586,0,0,5,0,4,3,49.455357142857146,2025-04-24 04:00:00+00:00
3336.917,1,1,3,0,8,3,44.88171428571426,2025-04-24 08:00:00+00:00
3329.391,3,3,0,0,12,3,44.792214285714245,2025-04-24 12:00:00+00:00
3342.226,1,1,1,0,16,3,44.43528571428568,2025-04-24 16:00:00+00:00
3348.976,2,2,4,1,20,3,42.7530714285714,2025-04-24 20:00:00+00:00
3323.655,0,0,5,1,0,4,41.76492857142856,2025-04-25 00:00:00+00:00
3307.449,0,0,5,1,4,4,39.90135714285712,2025-04-25 04:00:00+00:00
3293.455,0,0,5,1,8,4,37.28728571428568,2025-04-25 08:00:00+00:00
3282.883,1,1,5,0,12,4,35.88707142857142,2025-04-25 12:00:00+00:00
3304.818,2,2,1,0,16,4,35.66557142857141,2025-04-25 16:00:00+00:00
3318.798,1,1,5,0,20,4,31.47771428571426,2025-04-25 20:00:00+00:00
3302.739,3,3,0,0,20,6,31.753142857142816,2025-04-27 20:00:00+00:00
3290.902,2,2,5,0,0,0,32.81992857142853,2025-04-28 00:00:00+00:00
3287.452,1,1,5,0,4,0,30.613142857142844,2025-04-28 04:00:00+00:00
3294.176,2,2,1,0,8,0,30.53171428571425,2025-04-28 08:00:00+00:00
3325.005,0,0,5,0,12,0,32.72178571428568,2025-04-28 12:00:00+00:00
3352.076,1,2,5,1,16,0,32.044428571428526,2025-04-28 16:00:00+00:00
3337.682,1,1,5,1,20,0,31.72057142857141,2025-04-28 20:00:00+00:00
3316.03,1,1,5,1,0,1,31.67471428571425,2025-04-29 00:00:00+00:00
3323.042,1,1,5,1,4,1,30.124499999999962,2025-04-29 04:00:00+00:00
3309.373,1,1,0,1,8,1,28.5498571428571,2025-04-29 08:00:00+00:00
3312.455,3,3,3,1,12,1,28.608214285714276,2025-04-29 12:00:00+00:00
3320.535,2,2,5,1,16,1,27.16742857142854,2025-04-29 16:00:00+00:00
3317.122,1,1,5,1,20,1,25.776428571428532,2025-04-29 20:00:00+00:00
3304.753,0,0,5,1,0,2,26.45707142857139,2025-04-30 00:00:00+00:00
3307.203,2,2,4,1,4,2,25.153357142857107,2025-04-30 04:00:00+00:00
3272.319,1,1,0,1,8,2,24.551428571428556,2025-04-30 08:00:00+00:00
3307.955,3,3,1,0,12,2,26.659785714285686,2025-04-30 12:00:00+00:00
3295.883,1,1,5,0,16,2,26.536071428571404,2025-04-30 16:00:00+00:00
3272.887,1,1,5,0,20,2,25.03807142857142,2025-04-30 20:00:00+00:00
3229.493,0,0,5,0,0,3,26.39057142857145,2025-05-01 00:00:00+00:00
3230.192,2,2,3,0,4,3,26.523857142857132,2025-05-01 04:00:00+00:00
3205.502,0,0,5,0,8,3,26.62207142857145,2025-05-01 08:00:00+00:00
3216.448,2,2,5,0,12,3,27.525428571428588,2025-05-01 12:00:00+00:00
3228.25,1,1,5,0,16,3,27.671928571428616,2025-05-01 16:00:00+00:00
3237.253,0,0,5,0,20,3,27.230071428571428,2025-05-01 20:00:00+00:00
3254.916,0,0,5,0,0,4,28.18757142857144,2025-05-02 00:00:00+00:00
3258.895,1,1,3,0,4,4,28.504785714285713,2025-05-02 04:00:00+00:00
3262.698,1,1,5,0,8,4,27.78200000000002,2025-05-02 08:00:00+00:00
3231.601,1,1,5,0,12,4,29.302285714285713,2025-05-02 12:00:00+00:00
3233.555,3,3,3,0,16,4,27.70842857142855,2025-05-02 16:00:00+00:00
3240.947,1,1,5,0,20,4,24.54371428571426,2025-05-02 20:00:00+00:00
3247.931,1,1,5,0,20,6,24.017928571428552,2025-05-04 20:00:00+00:00
3254.585,2,2,4,0,0,0,24.232071428571412,2025-05-05 00:00:00+00:00
3264.76,0,0,5,0,4,0,21.853499999999972,2025-05-05 04:00:00+00:00
3312.919,0,0,5,0,8,0,24.28235714285714,2025-05-05 08:00:00+00:00
3312.065,2,2,2,0,12,0,23.313642857142863,2025-05-05 12:00:00+00:00
3328.793,1,1,1,0,16,0,23.359214285714252,2025-05-05 16:00:00+00:00
3334.031,0,0,5,0,20,0,22.630857142857103,2025-05-05 20:00:00+00:00
3360.401,1,2,5,1,0,1,26.08771428571429,2025-05-06 00:00:00+00:00
3371.2,0,1,5,1,4,1,25.960000000000004,2025-05-06 04:00:00+00:00
3379.104,0,1,5,1,8,1,25.926285714285736,2025-05-06 08:00:00+00:00
3395.098,0,1,5,1,12,1,26.830642857142852,2025-05-06 12:00:00+00:00
3423.168,0,1,5,1,16,1,26.457785714285755,2025-05-06 16:00:00+00:00
3400.68,2,3,5,1,20,1,29.388428571428612,2025-05-06 20:00:00+00:00
3375.541,2,3,5,1,0,2,31.747142857142894,2025-05-07 00:00:00+00:00
3388.016,1,2,5,1,4,2,32.29407142857148,2025-05-07 04:00:00+00:00
3387.083,2,3,2,1,8,2,31.791714285714306,2025-05-07 08:00:00+00:00
3385.27,3,4,2,1,12,2,32.387785714285755,2025-05-07 12:00:00+00:00
3371.904,0,1,5,1,16,2,30.839571428571453,2025-05-07 16:00:00+00:00
3376.488,1,2,5,1,20,2,30.383857142857128,2025-05-07 20:00:00+00:00
3396.864,1,2,5,1,0,3,31.02328571428575,2025-05-08 00:00:00+00:00
3342.884,1,1,5,0,4,3,35.92135714285717,2025-05-08 04:00:00+00:00
3344.381,2,2,3,0,8,3,32.522571428571446,2025-05-08 08:00:00+00:00
3330.509,0,0,5,0,12,3,33.47692857142858,2025-05-08 12:00:00+00:00
3306.384,0,0,5,0,16,3,35.28192857142858,2025-05-08 16:00:00+00:00
3316.412,1,1,5,0,20,3,34.81407142857146,2025-05-08 20:00:00+00:00
3308.106,2,2,5,0,0,4,36.17414285714286,2025-05-09 00:00:00+00:00
3327.101,2,2,1,0,4,4,33.744785714285726,2025-05-09 04:00:00+00:00
3332.964,0,0,5,0,8,4,32.06435714285713,2025-05-09 08:00:00+00:00
3345.064,0,0,5,0,12,4,32.29885714285712,2025-05-09 12:00:00+00:00
3328.802,3,3,0,0,16,4,32.14892857142858,2025-05-09 16:00:00+00:00
3326.805,1,1,5,0,20,4,30.911499999999997,2025-05-09 20:00:00+00:00
3287.534,1,1,3,0,20,6,32.81921428571426,2025-05-11 20:00:00+00:00
3283.25,0,0,5,0,0,0,34.09028571428569,2025-05-12 00:00:00+00:00
3222.647,0,0,5,0,4,0,35.98399999999996,2025-05-12 04:00:00+00:00
3224.862,3,3,3,0,8,0,32.23957142857138,2025-05-12 08:00:00+00:00
3239.262,1,1,5,0,12,0,33.098642857142785,2025-05-12 12:00:00+00:00
3235.394,1,1,5,0,16,0,31.4571428571428,2025-05-12 16:00:00+00:00
3236.88,2,2,3,0,20,0,29.32364285714279,2025-05-12 20:00:00+00:00
3236.743,3,3,2,0,0,1,29.849428571428493,2025-05-13 00:00:00+00:00
3259.098,2,2,1,0,4,1,28.583142857142775,2025-05-13 04:00:00+00:00
3249.167,1,2,5,0,8,1,27.750142857142787,2025-05-13 08:00:00+00:00
3253.325,3,3,3,0,12,1,28.63235714285708,2025-05-13 12:00:00+00:00
3249.324,1,2,5,0,16,1,27.92207142857137,2025-05-13 16:00:00+00:00
3254.414,1,1,5,0,20,1,26.993999999999915,2025-05-13 20:00:00+00:00
3228.366,0,0,5,0,0,2,28.656928571428484,2025-05-14 00:00:00+00:00
3238.085,1,1,5,0,4,2,25.538785714285627,2025-05-14 04:00:00+00:00
3220.132,0,0,5,0,8,2,25.054071428571337,2025-05-14 08:00:00+00:00
3182.674,0,0,5,0,12,2,23.631571428571338,2025-05-14 12:00:00+00:00
3180.587,1,1,2,0,16,2,23.359071428571365,2025-05-14 16:00:00+00:00
3186.128,1,1,5,0,20,2,22.069928571428495,2025-05-14 20:00:00+00:00
3150.594,1,1,5,0,0,3,23.82542857142848,2025-05-15 00:00:00+00:00
3142.318,1,1,5,0,4,3,25.345357142857047,2025-05-15 04:00:00+00:00
3179.18,2,2,1,0,8,3,26.302571428571323,2025-05-15 08:00:00+00:00
3219.74,0,0,5,0,12,3,27.147142857142757,2025-05-15 12:00:00+00:00
3232.006,0,0,5,0,16,3,27.458214285714185,2025-05-15 16:00:00+00:00
3237.15,2,2,4,1,20,3,26.785928571428485,2025-05-15 20:00:00+00:00
3211.889,2,2,0,1,0,4,28.377571428571304,2025-05-16 00:00:00+00:00
3207.667,1,1,5,1,4,4,29.58021428571416,2025-05-16 04:00:00+00:00
3163.124,1,1,5,1,8,4,31.739571428571285,2025-05-16 08:00:00+00:00
3183.479,1,1,5,1,12,4,32.9144999999999,2025-05-16 12:00:00+00:00
3192.615,1,1,5,1,16,4,32.26514285714279,2025-05-16 16:00:00+00:00
3202.214,1,1,5,1,20,4,29.635214285714223,2025-05-16 20:00:00+00:00
3234.91,0,0,5,1,20,6,31.06799999999992,2025-05-18 20:00:00+00:00
3212.27,3,3,0,1,0,0,33.3171428571428,2025-05-19 00:00:00+00:00
3232.349,2,2,5,1,4,0,32.14992857142855,2025-05-19 04:00:00+00:00
3243.82,0,0,5,1,8,0,31.10178571428573,2025-05-19 08:00:00+00:00
3231.662,1,1,5,1,12,0,30.125000000000032,2025-05-19 12:00:00+00:00
3233.01,2,2,3,1,16,0,27.849428571428593,2025-05-19 16:00:00+00:00
3222.532,2,2,0,1,20,0,27.696357142857128,2025-05-19 20:00:00+00:00
3211.407,1,1,5,0,0,1,28.213928571428532,2025-05-20 00:00:00+00:00
3222.843,2,2,1,0,4,1,26.742428571428555,2025-05-20 04:00:00+00:00
3241.138,0,0,5,0,8,1,26.55507142857141,2025-05-20 08:00:00+00:00
3277.264,0,0,5,0,12,1,26.153928571428555,2025-05-20 12:00:00+00:00
3294.078,0,0,5,0,16,1,25.167928571428547,2025-05-20 16:00:00+00:00
3290.695,1,1,5,0,20,1,25.18485714285709,2025-05-20 20:00:00+00:00
3307.544,0,0,5,0,0,2,26.50157142857136,2025-05-21 00:00:00+00:00
3309.906,2,2,3,1,4,2,25.02571428571423,2025-05-21 04:00:00+00:00
3311.177,1,1,3,1,8,2,23.068857142857105,2025-05-21 08:00:00+00:00
3311.978,2,2,3,1,12,2,22.81628571428564,2025-05-21 12:00:00+00:00
3318.389,0,0,5,1,16,2,23.07199999999992,2025-05-21 16:00:00+00:00
3320.085,1,1,3,1,20,2,21.912714285714205,2025-05-21 20:00:00+00:00
3335.44,1,1,5,1,0,3,23.011499999999938,2025-05-22 00:00:00+00:00
3327.621,1,1,5,1,4,3,23.16942857142853,2025-05-22 04:00:00+00:00
3314.466,1,1,5,1,8,3,24.50292857142855,2025-05-22 08:00:00+00:00
3294.675,1,1,5,0,12,3,25.862857142857138,2025-05-22 12:00:00+00:00
3290.296,0,0,5,0,16,3,25.328214285714303,2025-05-22 16:00:00+00:00
3300.146,1,1,5,0,20,3,22.42750000000004,2025-05-22 20:00:00+00:00
3302.07,3,3,3,0,0,4,22.569428571428585,2025-05-23 00:00:00+00:00
3329.145,0,0,5,0,4,4,23.783571428571445,2025-05-23 04:00:00+00:00
3347.926,0,0,5,0,8,4,23.63871428571435,2025-05-23 08:00:00+00:00
3361.655,0,1,5,0,12,4,24.044428571428625,2025-05-23 12:00:00+00:00
3360.785,3,4,2,1,16,4,23.69942857142863,2025-05-23 16:00:00+00:00
3356.306,1,2,5,1,20,4,22.350357142857224,2025-05-23 20:00:00+00:00
3342.713,1,1,5,1,20,6,21.83714285714294,2025-05-25 20:00:00+00:00
3347.636,2,2,3,1,0,0,22.867142857142944,2025-05-26 00:00:00+00:00
3337.296,1,1,0,1,4,0,22.41707142857152,2025-05-26 04:00:00+00:00
3333.13,1,1,5,1,8,0,22.363642857142946,2025-05-26 08:00:00+00:00
3337.957,1,1,5,1,12,0,20.10457142857152,2025-05-26 12:00:00+00:00
3341.558,1,1,5,1,16,0,17.934714285714367,2025-05-26 16:00:00+00:00
3346.139,2,2,2,1,20,0,17.32042857142866,2025-05-26 20:00:00+00:00
3341.217,2,2,5,1,0,1,17.739000000000065,2025-05-27 00:00:00+00:00
3296.244,0,0,5,1,4,1,19.66671428571437,2025-05-27 04:00:00+00:00
3288.414,0,0,5,1,8,1,18.956357142857218,2025-05-27 08:00:00+00:00
3293.605,3,3,4,0,12,1,18.426357142857178,2025-05-27 12:00:00+00:00
3304.38,1,1,5,0,16,1,17.498357142857166,2025-05-27 16:00:00+00:00
3309.411,1,1,5,0,20,1,17.76742857142858,2025-05-27 20:00:00+00:00
3297.757,3,3,0,0,0,2,19.087214285714285,2025-05-28 00:00:00+00:00
3319.249,1,1,1,0,4,2,20.021499999999996,2025-05-28 04:00:00+00:00
3311.143,2,2,5,0,8,2,19.491285714285727,2025-05-28 08:00:00+00:00
3296.094,0,0,5,0,12,2,19.783071428571443,2025-05-28 12:00:00+00:00
3296.983,2,2,3,0,16,2,19.661357142857177,2025-05-28 16:00:00+00:00
3259.895,1,1,0,0,20,2,21.933428571428617,2025-05-28 20:00:00+00:00
3274.551,2,2,5,0,0,3,23.975428571428633,2025-05-29 00:00:00+00:00
3286.607,1,1,5,0,4,3,24.994571428571493,2025-05-29 04:00:00+00:00
3299.719,0,0,5,0,8,3,25.77542857142865,2025-05-29 08:00:00+00:00
3321.578,0,0,5,0,12,3,23.95542857142865,2025-05-29 12:00:00+00:00
3316.615,2,2,5,1,16,3,23.459214285714356,2025-05-29 16:00:00+00:00
3315.503,1,1,5,1,20,3,22.631071428571527,2025-05-29 20:00:00+00:00
3294.531,1,1,5,1,0,4,23.80650000000011,2025-05-30 00:00:00+00:00
3295.002,2,2,3,1,4,4,24.11685714285727,2025-05-30 04:00:00+00:00
3294.055,1,1,2,1,8,4,23.255571428571557,2025-05-30 08:00:00+00:00
3288.676,1,1,5,1,12,4,23.88142857142871,2025-05-30 12:00:00+00:00
3294.826,2,2,1,1,16,4,23.43678571428583,2025-05-30 16:00:00+00:00
3289.665,1,1,5,1,20,4,22.24571428571439,2025-05-30 20:00:00+00:00
3310.255,0,0,5,1,20,6,23.145928571428676,2025-06-01 20:00:00+00:00
3308.701,1,1,5,1,0,0,20.745857142857208,2025-06-02 00:00:00+00:00
3352.579,0,1,5,1,4,0,21.85850000000005,2025-06-02 04:00:00+00:00
3356.324,1,2,3,1,8,0,21.44935714285719,2025-06-02 08:00:00+00:00
3374.294,0,1,5,1,12,0,21.414571428571435,2025-06-02 12:00:00+00:00
3381.539,0,1,5,1,16,0,20.672785714285737,2025-06-02 16:00:00+00:00
3387.456,1,2,5,1,20,0,20.5414285714286,2025-06-02 20:00:00+00:00
3361.087,1,2,5,1,0,1,22.021785714285702,2025-06-03 00:00:00+00:00
3359.648,2,3,2,1,4,1,20.958357142857135,2025-06-03 04:00:00+00:00
3359.294,1,2,2,1,8,1,20.526214285714268,2025-06-03 08:00:00+00:00
3350.304,1,2,5,1,12,1,21.811428571428547,2025-06-03 12:00:00+00:00
3352.657,2,3,3,1,16,1,19.961214285714245,2025-06-03 16:00:00+00:00
3359.996,1,2,5,1,20,1,19.77314285714283,2025-06-03 20:00:00+00:00
3359.246,3,4,2,1,0,2,21.12892857142856,2025-06-04 00:00:00+00:00
3354.721,1,2,5,1,4,2,20.428571428571395,2025-06-04 04:00:00+00:00
3346.577,1,1,5,1,8,2,20.980999999999995,2025-06-04 08:00:00+00:00
3371.754,1,2,5,1,12,2,20.266500000000015,2025-06-04 12:00:00+00:00
3373.614,1,2,4,1,16,2,19.951785714285734,2025-06-04 16:00:00+00:00
3378.042,0,1,5,1,20,2,18.51092857142862,2025-06-04 20:00:00+00:00
3369.674,2,3,0,1,0,3,18.71950000000002,2025-06-05 00:00:00+00:00
3371.304,2,3,3,1,4,3,18.6863571428572,2025-06-05 04:00:00+00:00
3392.293,1,2,5,1,8,3,19.044071428571506,2025-06-05 08:00:00+00:00
3344.766,2,2,0,0,12,3,22.200642857142935,2025-06-05 12:00:00+00:00
3356.909,1,2,5,0,16,3,22.91214285714292,2025-06-05 16:00:00+00:00
3361.81,1,2,5,0,20,3,21.592071428571508,2025-06-05 20:00:00+00:00
3369.747,1,2,5,0,0,4,21.934642857142958,2025-06-06 00:00:00+00:00
3359.374,2,3,5,0,4,4,22.91342857142867,2025-06-06 04:00:00+00:00
3358.292,2,3,2,0,8,4,22.121000000000095,2025-06-06 08:00:00+00:00
3332.228,0,0,5,0,12,4,24.326714285714388,2025-06-06 12:00:00+00:00
3312.345,0,0,5,0,16,4,24.336857142857234,2025-06-06 16:00:00+00:00
3311.702,0,0,5,0,20,4,21.87514285714295,2025-06-06 20:00:00+00:00
3318.038,2,2,3,0,20,6,21.917428571428673,2025-06-08 20:00:00+00:00
3310.769,2,2,0,0,0,0,23.11021428571439,2025-06-09 00:00:00+00:00
3324.238,1,1,5,0,4,0,23.354857142857263,2025-06-09 04:00:00+00:00
3317.456,1,1,5,0,8,0,23.3680000000001,2025-06-09 08:00:00+00:00
3328.665,1,1,1,0,12,0,22.46921428571438,2025-06-09 12:00:00+00:00
3327.231,2,2,5,0,16,0,19.00828571428581,2025-06-09 16:00:00+00:00
3326.766,2,2,2,0,20,0,18.032928571428688,2025-06-09 20:00:00+00:00
3307.602,1,1,5,0,0,1,18.988142857142975,2025-06-10 00:00:00+00:00
3330.18,1,1,1,0,4,1,19.969142857142938,2025-06-10 04:00:00+00:00
3333.78,1,1,4,0,8,1,19.506714285714356,2025-06-10 08:00:00+00:00
3326.692,3,3,0,1,12,1,20.285928571428617,2025-06-10 12:00:00+00:00
3328.716,2,2,3,1,16,1,17.935428571428606,2025-06-10 16:00:00+00:00
3327.862,3,3,2,1,20,1,17.367857142857183,2025-06-10 20:00:00+00:00
3339.416,0,0,5,1,0,2,18.133214285714303,2025-06-11 00:00:00+00:00
3345.696,0,0,5,1,4,2,18.42307142857141,2025-06-11 04:00:00+00:00
3333.072,1,1,5,1,8,2,18.08992857142854,2025-06-11 08:00:00+00:00
3333.267,2,2,3,1,12,2,19.101642857142842,2025-06-11 12:00:00+00:00
3346.849,1,1,5,1,16,2,20.27492857142855,2025-06-11 16:00:00+00:00
3365.376,0,1,5,1,20,2,20.678071428571425,2025-06-11 20:00:00+00:00
3373.436,0,1,5,1,0,3,20.915357142857147,2025-06-12 00:00:00+00:00
3346.168,2,2,5,1,4,3,23.008142857142825,2025-06-12 04:00:00+00:00
3379.285,0,1,5,1,8,3,24.256642857142815,2025-06-12 08:00:00+00:00
3385.804,2,3,4,1,12,3,23.77528571428567,2025-06-12 12:00:00+00:00
3388.139,1,2,3,1,16,3,23.5491428571428,2025-06-12 16:00:00+00:00
3395.882,0,1,5,1,20,3,22.886714285714238,2025-06-12 20:00:00+00:00
3425.557,1,2,5,1,0,4,25.557857142857106,2025-06-13 00:00:00+00:00
3414.933,1,2,5,1,4,4,26.200285714285688,2025-06-13 04:00:00+00:00
3422.217,1,2,5,1,8,4,26.16485714285714,2025-06-13 08:00:00+00:00
3426.225,2,3,4,1,12,4,26.870428571428583,2025-06-13 12:00:00+00:00
3432.307,0,1,5,1,16,4,26.845357142857146,2025-06-13 16:00:00+00:00
3433.449,1,2,3,1,20,4,24.86571428571428,2025-06-13 20:00:00+00:00
3444.141,2,3,4,1,20,6,23.993071428571415,2025-06-15 20:00:00+00:00
3431.428,2,3,0,1,0,0,23.634571428571398,2025-06-16 00:00:00+00:00
3412.619,0,1,5,1,4,0,24.217214285714267,2025-06-16 04:00:00+00:00
3415.0,2,3,4,1,8,0,22.48014285714284,2025-06-16 08:00:00+00:00
3404.563,2,3,0,1,12,0,21.97492857142853,2025-06-16 12:00:00+00:00
3384.094,0,1,5,1,16,0,21.941285714285705,2025-06-16 16:00:00+00:00
3402.769,1,2,5,1,20,0,22.400714285714294,2025-06-16 20:00:00+00:00
3387.583,2,3,5,0,0,1,23.335857142857126,2025-06-17 00:00:00+00:00
3387.783,2,3,3,0,4,1,20.662571428571418,2025-06-17 04:00:00+00:00
3388.635,2,3,3,0,8,1,20.80935714285712,2025-06-17 08:00:00+00:00
3379.284,2,3,0,0,12,1,21.908999999999942,2025-06-17 12:00:00+00:00
3385.71,1,2,5,0,16,1,21.19007142857137,2025-06-17 16:00:00+00:00
3387.369,2,3,4,0,20,1,20.64321428571423,2025-06-17 20:00:00+00:00
3390.96,2,3,3,0,0,2,21.71578571428563,2025-06-18 00:00:00+00:00
3385.991,2,3,5,0,4,2,22.08514285714279,2025-06-18 04:00:00+00:00
3382.048,1,2,5,0,8,2,21.441499999999937,2025-06-18 08:00:00+00:00
3392.678,1,2,1,0,12,2,21.383928571428473,2025-06-18 12:00:00+00:00
3366.818,1,2,0,0,16,2,22.819142857142747,2025-06-18 16:00:00+00:00
3375.023,1,2,5,0,20,2,21.536857142857052,2025-06-18 20:00:00+00:00
3373.609,2,3,2,0,0,3,21.25507142857129,2025-06-19 00:00:00+00:00
3365.992,1,2,5,0,4,3,21.835714285714143,2025-06-19 04:00:00+00:00
3371.967,1,2,5,0,8,3,20.906999999999893,2025-06-19 08:00:00+00:00
3369.26,1,2,5,0,12,3,20.639214285714193,2025-06-19 12:00:00+00:00
3373.455,2,3,1,0,16,3,19.463928571428465,2025-06-19 16:00:00+00:00
3368.739,2,3,2,0,20,3,18.039285714285597,2025-06-19 20:00:00+00:00
3355.507,0,1,5,0,0,4,18.74142857142845,2025-06-20 00:00:00+00:00
3347.691,1,1,5,0,4,4,19.078571428571326,2025-06-20 04:00:00+00:00
3347.051,1,1,2,0,8,4,18.494999999999923,2025-06-20 08:00:00+00:00
3369.856,2,3,5,0,12,4,19.181857142857034,2025-06-20 12:00:00+00:00
3365.625,1,2,5,0,16,4,18.880214285714146,2025-06-20 16:00:00+00:00
3368.546,1,2,5,0,20,4,17.566285714285577,2025-06-20 20:00:00+00:00
3372.755,1,2,5,1,20,6,16.66821428571419,2025-06-22 20:00:00+00:00
3363.372,1,2,5,1,0,0,16.972999999999892,2025-06-23 00:00:00+00:00
3357.627,1,2,5,1,4,0,16.96107142857136,2025-06-23 04:00:00+00:00
3380.596,0,1,5,1,8,0,16.716642857142784,2025-06-23 08:00:00+00:00
3387.24,1,2,3,1,12,0,17.941499999999937,2025-06-23 12:00:00+00:00
3376.362,2,3,5,1,16,0,18.407642857142783,2025-06-23 16:00:00+00:00
3344.235,0,0,5,1,20,0,20.39457142857139,2025-06-23 20:00:00+00:00
3352.476,1,2,5,1,0,1,21.341499999999964,2025-06-24 00:00:00+00:00
3329.645,0,0,5,1,4,1,22.180285714285706,2025-06-24 04:00:00+00:00
3321.214,0,0,5,1,8,1,21.978214285714266,2025-06-24 08:00:00+00:00
3313.261,1,1,5,0,12,1,22.91521428571426,2025-06-24 12:00:00+00:00
3323.479,1,1,5,0,16,1,21.580785714285735,2025-06-24 16:00:00+00:00
3324.142,2,2,3,0,20,1,21.243642857142895,2025-06-24 20:00:00+00:00
3328.295,1,1,5,0,0,2,21.7406428571429,2025-06-25 00:00:00+00:00
3330.631,2,2,4,0,4,2,21.089571428571453,2025-06-25 04:00:00+00:00
3322.682,2,2,0,0,8,2,20.32971428571435,2025-06-25 08:00:00+00:00
3325.627,3,3,3,0,12,2,20.293000000000056,2025-06-25 12:00:00+00:00
3333.706,0,0,5,0,16,2,19.40185714285722,2025-06-25 16:00:00+00:00
3339.028,0,0,5,0,20,2,17.613928571428623,2025-06-25 20:00:00+00:00
3337.976,2,2,2,0,0,3,17.33007142857147,2025-06-26 00:00:00+00:00
3346.051,0,0,5,0,4,3,15.931714285714309,2025-06-26 04:00:00+00:00
3332.921,3,3,0,1,8,3,15.510428571428617,2025-06-26 08:00:00+00:00
3324.846,1,1,5,0,12,3,15.273857142857164,2025-06-26 12:00:00+00:00
3331.301,1,1,5,0,16,3,15.147428571428593,2025-06-26 16:00:00+00:00
3318.758,1,1,0,0,20,3,14.452857142857185,2025-06-26 20:00:00+00:00
3294.318,0,0,5,0,0,4,15.56735714285719,2025-06-27 00:00:00+00:00
3284.458,0,0,5,0,4,4,16.532214285714353,2025-06-27 04:00:00+00:00
3281.389,0,0,5,0,8,4,16.787214285714363,2025-06-27 08:00:00+00:00
3274.655,1,1,5,0,12,4,17.874500000000094,2025-06-27 12:00:00+00:00
3270.574,0,0,5,0,16,4,18.120571428571502,2025-06-27 16:00:00+00:00
3274.598,1,1,5,0,20,4,17.23992857142863,2025-06-27 20:00:00+00:00
3263.806,1,1,5,0,20,6,18.294428571428625,2025-06-29 20:00:00+00:00
3278.981,2,2,1,0,0,0,19.358357142857194,2025-06-30 00:00:00+00:00
3292.873,1,1,5,0,4,0,19.77750000000005,2025-06-30 04:00:00+00:00
3277.932,2,2,0,0,8,0,20.194214285714356,2025-06-30 08:00:00+00:00
3289.625,1,1,5,0,12,0,19.762571428571523,2025-06-30 12:00:00+00:00
3308.534,0,0,5,0,16,0,18.781428571428673,2025-06-30 16:00:00+00:00
3312.441,0,0,5,0,20,0,18.751642857142965,2025-06-30 20:00:00+00:00
3321.161,0,0,5,0,0,1,18.51364285714294,2025-07-01 00:00:00+00:00
3339.497,0,0,5,0,4,1,17.905642857142897,2025-07-01 04:00:00+00:00
3349.017,0,0,5,0,8,1,17.81850000000002,2025-07-01 08:00:00+00:00
3340.228,2,2,5,1,12,1,18.23864285714285,2025-07-01 12:00:00+00:00
3338.005,1,1,5,1,16,1,16.821999999999985,2025-07-01 16:00:00+00:00
3338.152,2,2,3,1,20,1,16.292928571428547,2025-07-01 20:00:00+00:00
3339.959,2,2,3,1,0,2,17.093357142857126,2025-07-02 00:00:00+00:00
3334.571,1,1,5,1,4,2,16.35842857142854,2025-07-02 04:00:00+00:00
3342.199,0,0,5,1,8,2,15.718571428571392,2025-07-02 08:00:00+00:00
3341.021,2,2,2,1,12,2,15.53271428571426,2025-07-02 12:00:00+00:00
3358.258,1,2,1,1,16,2,15.280571428571355,2025-07-02 16:00:00+00:00
3349.395,2,2,5,1,20,2,15.578142857142764,2025-07-02 20:00:00+00:00
3347.509,1,1,5,1,0,3,14.808357142857046,2025-07-03 00:00:00+00:00
3353.077,2,3,1,1,4,3,15.093285714285619,2025-07-03 04:00:00+00:00
3346.073,2,2,0,1,8,3,15.28157142857133,2025-07-03 08:00:00+00:00
3328.045,1,1,5,0,12,3,16.693857142857073,2025-07-03 12:00:00+00:00
3328.749,2,2,3,0,16,3,16.183785714285673,2025-07-03 16:00:00+00:00
3330.871,2,2,3,0,20,3,15.28235714285714,2025-07-03 20:00:00+00:00
3338.35,1,1,5,0,0,4,15.738857142857114,2025-07-04 00:00:00+00:00
3342.947,2,2,5,0,4,4,15.857357142857122,2025-07-04 04:00:00+00:00
3334.795,2,2,0,0,8,4,15.595071428571405,2025-07-04 08:00:00+00:00
3332.393,1,1,5,0,12,4,14.9407857142857,2025-07-04 12:00:00+00:00
3335.07,2,2,1,0,16,4,14.145428571428576,2025-07-04 16:00:00+00:00
3328.853,2,2,0,0,20,6,14.034928571428575,2025-07-06 20:00:00+00:00
3310.848,0,0,5,0,0,0,14.404071428571472,2025-07-07 00:00:00+00:00
3302.217,0,0,5,0,4,0,14.233428571428606,2025-07-07 04:00:00+00:00
3301.982,2,2,2,0,8,0,14.723214285714318,2025-07-07 08:00:00+00:00
3320.849,2,2,1,0,12,0,15.106214285714291,2025-07-07 12:00:00+00:00
3336.988,0,0,5,0,16,0,15.460428571428597,2025-07-07 16:00:00+00:00
3334.653,2,2,5,1,20,0,13.399000000000017,2025-07-07 20:00:00+00:00
3331.469,1,1,5,1,0,1,13.345714285714296,2025-07-08 00:00:00+00:00
3333.915,2,2,4,1,4,1,13.615785714285721,2025-07-08 04:00:00+00:00
3324.971,1,1,5,1,8,1,13.679785714285734,2025-07-08 08:00:00+00:00
3298.241,1,1,5,0,12,1,16.114142857142888,2025-07-08 12:00:00+00:00
3302.992,1,1,5,0,16,1,16.23607142857145,2025-07-08 16:00:00+00:00
3302.277,1,1,5,0,20,1,16.210857142857158,2025-07-08 20:00:00+00:00
3293.276,0,0,5,0,0,2,17.59450000000002,2025-07-09 00:00:00+00:00
3291.852,0,0,5,0,4,2,17.354714285714312,2025-07-09 04:00:00+00:00
3284.936,1,1,5,0,8,2,16.613071428571434,2025-07-09 08:00:00+00:00
3309.606,0,0,5,0,12,2,17.568428571428576,2025-07-09 12:00:00+00:00
3315.605,0,0,5,0,16,2,17.033500000000004,2025-07-09 16:00:00+00:00
3317.639,1,1,3,0,20,2,16.171428571428578,2025-07-09 20:00:00+00:00
3315.747,1,1,5,0,0,3,15.506928571428555,2025-07-10 00:00:00+00:00
3321.047,1,1,1,0,4,3,15.707071428571387,2025-07-10 04:00:00+00:00
3320.411,3,3,2,0,8,3,15.961785714285659,2025-07-10 08:00:00+00:00
3319.743,3,3,2,0,12,3,16.476999999999958,2025-07-10 12:00:00+00:00
3324.826,1,1,1,0,16,3,16.4646428571428,2025-07-10 16:00:00+00:00
3323.808,1,1,5,0,20,3,13.738999999999935,2025-07-10 20:00:00+00:00
3333.765,1,1,1,0,0,4,13.59821428571422,2025-07-11 00:00:00+00:00
3341.833,0,0,5,0,4,4,14.129285714285677,2025-07-11 04:00:00+00:00
3347.507,0,0,5,0,8,4,13.73942857142853,2025-07-11 08:00:00+00:00
3358.915,1,2,5,1,12,4,14.59749999999992,2025-07-11 12:00:00+00:00
3356.411,1,2,5,1,16,4,14.401499999999942,2025-07-11 16:00:00+00:00
3355.105,1,2,5,1,20,4,12.786142857142782,2025-07-11 20:00:00+00:00
3367.772,0,1,5,1,20,6,13.498642857142775,2025-07-13 20:00:00+00:00
3356.964,1,2,5,1,0,0,14.203428571428535,2025-07-14 00:00:00+00:00
3371.948,2,3,1,1,4,0,14.938428571428533,2025-07-14 04:00:00+00:00
3364.169,1,2,5,1,8,0,14.653928571428553,2025-07-14 08:00:00+00:00
3345.105,1,1,5,1,12,0,15.628714285714263,2025-07-14 12:00:00+00:00
3344.125,0,0,5,1,16,0,14.856428571428523,2025-07-14 16:00:00+00:00
3345.337,2,2,1,1,20,0,14.251928571428541,2025-07-14 20:00:00+00:00
3357.841,1,2,5,1,0,1,14.890499999999975,2025-07-15 00:00:00+00:00
3364.347,0,1,5,1,4,1,14.564428571428575,2025-07-15 04:00:00+00:00
3354.932,3,4,0,1,8,1,14.428142857142834,2025-07-15 08:00:00+00:00
3328.996,0,0,5,1,12,1,15.670285714285715,2025-07-15 12:00:00+00:00
3330.455,3,3,3,0,16,1,14.764928571428625,2025-07-15 16:00:00+00:00
3331.056,2,2,3,0,20,1,14.505714285714314,2025-07-15 20:00:00+00:00
3334.338,1,1,5,0,0,2,14.838428571428592,2025-07-16 00:00:00+00:00
3337.808,1,1,5,0,4,2,14.14164285714287,2025-07-16 04:00:00+00:00
3339.259,1,1,3,0,8,2,13.420142857142862,2025-07-16 08:00:00+00:00
3343.739,2,2,3,0,12,2,16.040000000000028,2025-07-16 12:00:00+00:00
3347.08,1,1,4,0,16,2,16.596714285714306,2025-07-16 16:00:00+00:00
3346.526,2,2,2,0,20,2,15.263071428571461,2025-07-16 20:00:00+00:00
3341.486,1,1,5,0,0,3,15.446500000000047,2025-07-17 00:00:00+00:00
3325.886,0,0,5,0,4,3,16.459214285714356,2025-07-17 04:00:00+00:00
3324.254,0,0,5,0,8,3,16.213285714285803,2025-07-17 08:00:00+00:00
3336.707,2,2,5,0,12,3,17.68585714285723,2025-07-17 12:00:00+00:00
3339.763,1,1,5,0,16,3,17.2085714285715,2025-07-17 16:00:00+00:00
3340.139,2,2,3,0,20,3,15.173000000000034,2025-07-17 20:00:00+00:00
3334.528,2,2,0,0,0,4,15.066214285714295,2025-07-18 00:00:00+00:00
3349.823,1,2,5,0,4,4,15.879142857142856,2025-07-18 04:00:00+00:00
3354.435,0,1,5,0,8,4,15.983000000000013,2025-07-18 08:00:00+00:00
3353.654,3,4,2,0,12,4,16.050571428571466,2025-07-18 12:00:00+00:00
3348.325,1,1,5,0,16,4,16.09042857142858,2025-07-18 16:00:00+00:00
3350.395,1,2,5,0,20,4,12.251428571428571,2025-07-18 20:00:00+00:00
3349.122,3,3,3,0,20,6,11.31292857142856,2025-07-20 20:00:00+00:00
3351.286,2,3,4,0,0,0,11.60114285714287,2025-07-21 00:00:00+00:00
3364.763,0,1,5,0,4,0,12.244214285714277,2025-07-21 04:00:00+00:00
3375.302,0,1,5,0,8,0,11.773642857142834,2025-07-21 08:00:00+00:00
3397.994,0,1,5,0,12,0,12.981571428571376,2025-07-21 12:00:00+00:00
3398.811,1,2,3,0,16,0,11.533499999999906,2025-07-21 16:00:00+00:00
3396.532,2,3,5,1,20,0,11.80885714285705,2025-07-21 20:00:00+00:00
3392.593,1,2,5,1,0,1,12.241785714285632,2025-07-22 00:00:00+00:00
3387.562,2,3,5,1,4,1,12.179642857142783,2025-07-22 04:00:00+00:00
3391.348,1,2,5,1,8,1,11.380214285714244,2025-07-22 08:00:00+00:00
3426.597,0,1,5,1,12,1,13.388857142857107,2025-07-22 12:00:00+00:00
3431.738,0,1,5,1,16,1,13.183999999999969,2025-07-22 16:00:00+00:00
3427.458,1,2,5,1,20,1,12.983142857142834,2025-07-22 20:00:00+00:00
3423.153,2,3,5,1,0,2,14.093928571428544,2025-07-23 00:00:00+00:00
3420.72,1,2,5,1,4,2,14.664999999999996,2025-07-23 04:00:00+00:00
3428.18,1,2,5,1,8,2,14.845857142857117,2025-07-23 08:00:00+00:00
3398.206,0,1,5,1,12,2,15.671214285714248,2025-07-23 12:00:00+00:00
3390.081,0,1,5,1,16,2,15.949928571428538,2025-07-23 16:00:00+00:00
3390.008,1,2,2,1,20,2,14.47199999999998,2025-07-23 20:00:00+00:00
3383.758,0,1,5,1,0,3,15.217214285714297,2025-07-24 00:00:00+00:00
3367.757,0,1,5,1,4,3,15.91435714285717,2025-07-24 04:00:00+00:00
3362.296,0,1,5,1,8,3,15.97928571428575,2025-07-24 08:00:00+00:00
3368.346,2,3,1,1,12,3,16.800071428571464,2025-07-24 12:00:00+00:00
