Datetime,Entry,SL,TP,Direction,Win,Gain,Equity,R
1970-01-01 00:00:00.000007874,2199.911,2202.224,2195.285,bearish,True,200.0,10200.0,2.0
1970-01-01 00:00:00.000009881,2250.25,2243.562,2263.626,bullish,True,204.0,10404.0,2.0
1970-01-01 00:00:00.000009975,2249.73,2239.85,2269.49,bullish,True,208.07999999999524,10612.079999999994,1.999999999999954
1970-01-01 00:00:00.000009992,2249.615,2248.577,2251.690999999999,bullish,True,212.2415999999999,10824.321599999994,2.0
1970-01-01 00:00:00.000010049,2250.951,2247.871,2257.111,bullish,True,216.4864319999999,11040.808031999994,2.0
1970-01-01 00:00:00.000010532,2298.577,2296.116,2303.4990000000007,bullish,True,220.81616063999988,11261.624192639993,2.0
1970-01-01 00:00:00.000010549,2298.806,2298.038,2300.342,bullish,True,225.23248385279985,11486.856676492793,2.0
1970-01-01 00:00:00.000010555,2299.785,2298.813,2301.729,bullish,True,229.73713352990958,11716.593810022703,2.0000000000004676
1970-01-01 00:00:00.000010568,2299.559,2298.836,2301.005000000001,bullish,True,234.33187620045408,11950.925686223158,2.0
1970-01-01 00:00:00.000010579,2301.387,2299.284,2305.5930000000003,bullish,True,239.01851372446316,12189.94419994762,2.0
1970-01-01 00:00:00.000010627,2299.546,2302.073,2294.492,bearish,True,243.7988839989305,12433.74308394655,1.9999999999998201
1970-01-01 00:00:00.000010646,2298.791,2300.178,2296.0170000000007,bearish,True,248.67486167893102,12682.417945625482,2.0
1970-01-01 00:00:00.000012406,2398.059,2384.707,2424.763000000001,bullish,True,253.64835891250965,12936.066304537992,2.0
1970-01-01 00:00:00.000014358,2301.376,2334.376,2235.376,bearish,True,258.7213260907598,13194.78763062875,2.0
1970-01-01 00:00:00.000016272,2301.455,2304.954,2294.4569999999994,bearish,True,263.895752612575,13458.683383241325,2.0
1970-01-01 00:00:00.000016274,2300.359,2304.954,2291.1689999999994,bearish,True,269.1736676648265,13727.857050906152,2.0
1970-01-01 00:00:00.000016524,2298.088,2287.652,2318.9600000000005,bullish,True,274.55714101812305,14002.414191924276,2.0
1970-01-01 00:00:00.000016530,2301.06,2294.547,2314.086,bullish,True,280.04828383848553,14282.46247576276,2.0
1970-01-01 00:00:00.000016549,2301.363,2298.997,2306.095,bullish,True,285.64924951525524,14568.111725278017,2.0
1970-01-01 00:00:00.000016597,2301.632,2303.535,2297.8260000000005,bearish,True,291.36223450556037,14859.473959783578,2.0
1970-01-01 00:00:00.000016763,2299.986,2301.848,2296.262,bearish,True,297.1894791956353,15156.663438979213,1.9999999999997558
1970-01-01 00:00:00.000016764,2299.511,2300.587,2297.359,bearish,True,303.1332687795843,15459.796707758796,2.0
1970-01-01 00:00:00.000016801,2300.978,2308.947,2285.04,bearish,True,309.19593415517596,15768.992641913972,2.0
1970-01-01 00:00:00.000024260,2298.51,2296.039,2303.452,bullish,True,315.3798528382794,16084.372494752251,2.0
1970-01-01 00:00:00.000024261,2298.643,2296.039,2303.851,bullish,True,321.68744989507314,16406.059944647324,2.0000000000001745
1970-01-01 00:00:00.000024263,2300.795,2296.039,2310.307,bullish,True,328.1211988929465,16734.18114354027,2.0
1970-01-01 00:00:00.000024266,2300.89,2298.632,2305.4059999999995,bullish,True,334.68362287080544,17068.864766411076,2.0
1970-01-01 00:00:00.000027905,2299.497,2297.982,2302.527,bullish,True,341.37729532827274,17410.242061739347,2.0000000000003
1970-01-01 00:00:00.000030902,2399.569,2378.092,2442.523,bullish,True,348.20484123479065,17758.446902974138,2.0000000000000213
1970-01-01 00:00:00.000030903,2399.601,2378.092,2442.619,bullish,True,355.16893805948274,18113.61584103362,2.0
1970-01-01 00:00:00.000031164,2401.217,2405.476,2392.699,bearish,True,362.2723168206724,18475.888157854293,2.0
1970-01-01 00:00:00.000031182,2400.778,2401.68,2398.974,bearish,True,369.5177631569927,18845.405921011286,1.9999999999994957
1970-01-01 00:00:00.000032731,2400.451,2398.032,2405.289,bullish,True,376.90811842026113,19222.31403943155,2.000000000000188
1970-01-01 00:00:00.000032732,2400.451,2398.032,2405.289,bullish,True,384.4462807886671,19606.760320220215,2.000000000000188
1970-01-01 00:00:00.000032733,2400.451,2398.032,2405.289,bullish,True,392.13520640444113,19998.895526624656,2.000000000000188
1970-01-01 00:00:00.000032734,2400.451,2398.032,2405.289,bullish,True,399.9779105325307,20398.873437157188,2.000000000000188
1970-01-01 00:00:00.000032735,2400.451,2398.032,2405.289,bullish,True,407.9774687431821,20806.85090590037,2.000000000000188
1970-01-01 00:00:00.000032736,2400.451,2398.032,2405.289,bullish,True,416.1370181180465,21222.987924018416,2.000000000000188
1970-01-01 00:00:00.000032737,2400.451,2398.032,2405.289,bullish,True,424.4597584804082,21647.447682498823,2.000000000000188
1970-01-01 00:00:00.000032738,2400.451,2398.032,2405.289,bullish,True,432.94895365001713,22080.396636148842,2.000000000000188
1970-01-01 00:00:00.000032739,2400.451,2398.032,2405.289,bullish,True,441.60793272301834,22522.00456887186,2.000000000000188
1970-01-01 00:00:00.000032740,2400.451,2398.032,2405.289,bullish,True,450.4400913774795,22972.44466024934,2.000000000000188
1970-01-01 00:00:00.000032741,2400.451,2398.032,2405.289,bullish,True,459.44889320502995,23431.89355345437,2.000000000000188
1970-01-01 00:00:00.000032742,2400.451,2398.032,2405.289,bullish,True,468.6378710691314,23900.531424523502,2.000000000000188
1970-01-01 00:00:00.000032743,2400.451,2398.032,2405.289,bullish,True,478.01062849051493,24378.542053014018,2.000000000000188
1970-01-01 00:00:00.000032744,2400.451,2398.032,2405.289,bullish,True,487.5708410603262,24866.112894074344,2.000000000000188
1970-01-01 00:00:00.000032745,2400.451,2398.032,2405.289,bullish,True,497.32225788153363,25363.435151955877,2.000000000000188
1970-01-01 00:00:00.000032746,2400.451,2398.032,2405.289,bullish,True,507.2687030391652,25870.70385499504,2.000000000000188
1970-01-01 00:00:00.000032747,2400.451,2398.032,2405.289,bullish,True,517.4140770999494,26388.117932094992,2.000000000000188
1970-01-01 00:00:00.000032748,2400.451,2398.032,2405.289,bullish,True,527.7623586419494,26915.880290736943,2.000000000000188
1970-01-01 00:00:00.000033071,2400.499,2397.858,2405.780999999999,bullish,True,538.3176058147388,27454.197896551683,2.0
1970-01-01 00:00:00.000033218,2401.975,2405.075,2395.775,bearish,True,549.0839579310336,28003.281854482717,2.0
1970-01-01 00:00:00.000033583,2398.358,2407.176,2380.7220000000007,bearish,True,560.0656370896544,28563.34749157237,2.0
1970-01-01 00:00:00.000033588,2399.138,2399.898,2397.6179999999995,bearish,True,571.2669498314474,29134.614441403817,2.0
1970-01-01 00:00:00.000033620,2398.233,2394.26,2406.179,bullish,True,582.6922888280764,29717.306730231892,2.0
1970-01-01 00:00:00.000036362,2398.216,2396.113,2402.422,bullish,True,594.3461346046379,30311.65286483653,2.0
1970-01-01 00:00:00.000038586,2499.285,2503.139,2491.5769999999998,bearish,True,606.2330572966949,30917.885922133228,1.999999999999882
1970-01-01 00:00:00.000038901,2501.583,2504.654,2495.4410000000003,bearish,True,618.3577184426646,31536.243640575893,2.0
1970-01-01 00:00:00.000039440,2501.729,2502.609,2499.969,bearish,True,630.724872811355,32166.968513387248,1.9999999999994833
1970-01-01 00:00:00.000039793,2501.138,2500.041,2503.3319999999994,bullish,True,643.3393702677449,32810.30788365499,2.0
1970-01-01 00:00:00.000039815,2499.328,2497.388,2503.208,bullish,True,656.2061576730998,33466.51404132809,2.0
1970-01-01 00:00:00.000039816,2499.579,2498.462,2501.813000000001,bullish,True,669.3302808266981,34135.844322154786,2.0000000000004072
1970-01-01 00:00:00.000039822,2501.24,2498.951,2505.8179999999998,bullish,True,682.7168864431635,34818.56120859795,2.0000000000001985
1970-01-01 00:00:00.000040687,2501.485,2504.084,2496.2870000000007,bearish,True,696.371224171959,35514.932432769914,2.0
1970-01-01 00:00:00.000040691,2499.026,2504.084,2488.91,bearish,True,710.2986486553983,36225.231081425314,2.0
1970-01-01 00:00:00.000040692,2498.94,2504.084,2488.6520000000005,bearish,True,724.5046216285062,36949.73570305382,2.0
1970-01-01 00:00:00.000041422,2501.899,2504.69,2496.317,bearish,True,738.9947140610161,37688.730417114835,1.999999999999837
1970-01-01 00:00:00.000041556,2501.446,2499.881,2504.576,bullish,True,753.7746083422967,38442.50502545713,2.0
1970-01-01 00:00:00.000041558,2501.369,2499.881,2504.3450000000007,bullish,True,768.8501005091426,39211.35512596628,2.0
1970-01-01 00:00:00.000041678,2498.466,2499.025,2497.3479999999995,bearish,True,784.2271025193256,39995.582228485604,2.0
1970-01-01 00:00:00.000042160,2498.668,2488.278,2519.448000000001,bullish,True,799.911644569712,40795.49387305532,2.0
1970-01-01 00:00:00.000042161,2499.712,2488.278,2522.5800000000004,bullish,True,815.9098774611064,41611.40375051642,2.0
1970-01-01 00:00:00.000042995,2499.154,2496.28,2504.902,bullish,True,832.2280750103943,42443.63182552682,2.000000000000158
1970-01-01 00:00:00.000043042,2501.859,2500.133,2505.311,bullish,True,848.8726365105364,43292.50446203736,2.0
1970-01-01 00:00:00.000045086,2599.411,2580.394,2637.4450000000006,bullish,True,865.8500892407473,44158.354551278106,2.0
1970-01-01 00:00:00.000045518,2599.837,2596.403,2606.7050000000004,bullish,True,883.1670910255622,45041.52164230367,2.0
1970-01-01 00:00:00.000052119,2750.035,2745.347,2759.410999999999,bullish,True,900.8304328460734,45942.35207514974,2.0
1970-01-01 00:00:00.000052120,2750.033,2749.044,2752.011,bullish,True,918.8470415029949,46861.19911665274,2.0
1970-01-01 00:00:00.000052121,2750.284,2749.044,2752.7640000000006,bullish,True,937.2239823330548,47798.42309898579,2.0
1970-01-01 00:00:00.000053238,2751.759,2749.891,2755.495,bullish,True,955.9684619797158,48754.39156096551,2.0
1970-01-01 00:00:00.000053283,2751.809,2754.435,2746.5570000000007,bearish,True,975.0878312193101,49729.47939218482,2.0
1970-01-01 00:00:00.000053284,2751.817,2754.435,2746.581,bearish,True,994.5895878436963,50724.06898002851,2.0
1970-01-01 00:00:00.000053286,2750.971,2753.325,2746.2630000000004,bearish,True,1014.4813796005702,51738.55035962908,2.0
1970-01-01 00:00:00.000054125,2750.581,2749.246,2753.251,bullish,True,1034.7710071925817,52773.32136682166,2.0
1970-01-01 00:00:00.000054127,2751.77,2749.246,2756.818,bullish,True,1055.4664273365283,53828.78779415819,2.0000000000001803
1970-01-01 00:00:00.000054165,2751.037,2753.113,2746.885,bearish,True,1076.5757558830458,54905.363550041235,1.9999999999997808
1970-01-01 00:00:00.000054169,2750.055,2751.99,2746.185,bearish,True,1098.1072710008248,56003.47082104206,2.0
1970-01-01 00:00:00.000054227,2751.33,2754.707,2744.576,bearish,True,1120.0694164208412,57123.5402374629,2.0
1970-01-01 00:00:00.000054228,2751.436,2754.707,2744.8940000000007,bearish,True,1142.470804749258,58266.01104221216,2.0
1970-01-01 00:00:00.000054253,2751.83,2758.146,2739.1979999999994,bearish,True,1165.3202208442433,59431.3312630564,2.0
1970-01-01 00:00:00.000054254,2749.897,2752.766,2744.159,bearish,True,1188.626625261034,60619.95788831744,1.9999999999998415
1970-01-01 00:00:00.000054966,2749.527,2732.584,2783.4130000000005,bullish,True,1212.399157766349,61832.35704608379,2.0
1970-01-01 00:00:00.000055442,2698.369,2694.224,2706.659,bullish,True,1236.6471409216758,63069.00418700546,2.0
1970-01-01 00:00:00.000055538,2699.151,2702.479,2692.495,bearish,True,1261.3800837401093,64330.38427074557,2.0
1970-01-01 00:00:00.000056184,2600.219,2608.282,2584.093,bearish,True,1286.6076854149114,65616.99195616048,2.0
1970-01-01 00:00:00.000056382,2599.611,2597.881,2603.071,bullish,True,1312.3398391232095,66929.33179528368,2.0
1970-01-01 00:00:00.000058549,2698.388,2701.404,2692.356,bearish,True,1338.5866359055726,68267.91843118926,1.9999999999998492
1970-01-01 00:00:00.000058551,2700.531,2696.996,2707.601,bullish,True,1365.3583686238733,69633.27679981313,2.000000000000129
1970-01-01 00:00:00.000062152,2700.312,2693.416,2714.104,bullish,True,1392.6655359963083,71025.94233580944,2.0000000000000657
1970-01-01 00:00:00.000062268,2698.625,2697.139,2701.597,bullish,True,1420.5188467164062,72446.46118252585,2.000000000000306
1970-01-01 00:00:00.000064034,2599.278,2605.512,2586.809999999999,bearish,True,1448.9292236505169,73895.39040617636,2.0
1970-01-01 00:00:00.000064178,2599.685,2596.486,2606.083,bullish,True,1477.9078081235273,75373.29821429988,2.0
1970-01-01 00:00:00.000070796,2748.691,2746.98,2752.1129999999994,bullish,True,1507.4659642859976,76880.76417858587,2.0
1970-01-01 00:00:00.000070826,2749.749,2747.884,2753.479,bullish,True,1537.615283571905,78418.37946215778,2.000000000000244
1970-01-01 00:00:00.000070876,2751.782,2750.92,2753.5060000000003,bullish,True,1568.3675892431556,79986.74705140093,2.0
1970-01-01 00:00:00.000071113,2750.661,2753.043,2745.897,bearish,True,1599.7349410280187,81586.48199242895,2.0
1970-01-01 00:00:00.000071201,2751.114,2745.224,2762.894,bullish,True,1631.729639848579,83218.21163227753,2.0
1970-01-01 00:00:00.000071267,2750.794,2744.198,2763.986,bullish,True,1664.3642326455506,84882.57586492307,2.0
1970-01-01 00:00:00.000071269,2750.875,2749.103,2754.419,bullish,True,1697.6515172984614,86580.22738222154,2.0
1970-01-01 00:00:00.000071821,2750.759,2756.292,2739.693,bearish,True,1731.6045476444308,88311.83192986596,2.0
1970-01-01 00:00:00.000072106,2750.94,2748.914,2754.992,bullish,True,1766.2366385975174,90078.06856846348,2.0000000000002243
1970-01-01 00:00:00.000072425,2749.464,2753.415,2741.562,bearish,True,1801.5613713692696,91879.62993983275,2.0
1970-01-01 00:00:00.000072443,2751.041,2752.373,2748.3770000000004,bearish,True,1837.592598796655,93717.22253862942,2.0
1970-01-01 00:00:00.000073021,2799.655,2816.241,2766.4830000000006,bearish,True,1874.3444507725883,95591.56698940201,2.0
1970-01-01 00:00:00.000073033,2801.758,2796.973,2811.3279999999995,bullish,True,1911.8313397880402,97503.39832919005,2.0
1970-01-01 00:00:00.000073220,2801.142,2792.995,2817.436,bullish,True,1950.0679665838557,99453.4662957739,2.000000000000056
1970-01-01 00:00:00.000074638,2900.922,2896.132,2910.502,bullish,True,1989.0693259154782,101442.53562168939,2.0
1970-01-01 00:00:00.000074642,2901.844,2899.199,2907.134,bullish,True,2028.8507124337877,103471.38633412318,2.0
1970-01-01 00:00:00.000075055,2900.082,2903.245,2893.756,bearish,True,2069.427726682464,105540.81406080564,2.0
1970-01-01 00:00:00.000075056,2899.315,2903.245,2891.4550000000004,bearish,True,2110.8162812161127,107651.63034202176,2.0
1970-01-01 00:00:00.000075999,2898.157,2893.961,2906.549000000001,bullish,True,2153.032606840435,109804.6629488622,2.0
1970-01-01 00:00:00.000076004,2899.943,2897.835,2904.159000000001,bullish,True,2196.093258977481,112000.75620783967,2.000000000000216
1970-01-01 00:00:00.000076009,2901.005,2899.238,2904.5390000000007,bullish,True,2240.0151241567937,114240.77133199647,2.0
1970-01-01 00:00:00.000076144,2899.847,2896.859,2905.823000000001,bullish,True,2284.8154266399292,116525.5867586364,2.0
1970-01-01 00:00:00.000076146,2900.415,2896.859,2907.527,bullish,True,2330.511735172728,118856.09849380913,2.0
1970-01-01 00:00:00.000076255,2899.373,2897.109,2903.9010000000003,bullish,True,2377.1219698761824,121233.22046368531,2.0
1970-01-01 00:00:00.000076256,2899.556,2898.878,2900.912,bullish,True,2424.6644092737065,123657.88487295902,2.0
1970-01-01 00:00:00.000076268,2898.039,2899.942,2894.2330000000006,bearish,True,2473.1576974591803,126131.0425704182,2.0
1970-01-01 00:00:00.000076282,2898.307,2894.144,2906.633,bullish,True,2522.620851408364,128653.66342182657,2.0
1970-01-01 00:00:00.000078329,2900.107,2902.046,2896.2290000000003,bearish,True,2573.0732684365316,131226.7366902631,2.0
1970-01-01 00:00:00.000079588,2899.88,2916.509,2866.6220000000003,bearish,True,2624.534733805262,133851.27142406834,2.0
1970-01-01 00:00:00.000080392,2900.458,2904.536,2892.302,bearish,True,2677.025428481367,136528.2968525497,2.0
1970-01-01 00:00:00.000080451,2900.3,2908.625,2883.6500000000005,bearish,True,2730.5659370509943,139258.8627896007,2.0
1970-01-01 00:00:00.000080490,2899.418,2905.966,2886.322000000001,bearish,True,2785.1772557919176,142044.04004539264,1.9999999999999305
1970-01-01 00:00:00.000081903,2999.122,2990.27,3016.826,bullish,True,2840.880800907926,144884.92084630058,2.0000000000000515
1970-01-01 00:00:00.000081947,2999.395,2996.714,3004.757,bullish,True,2897.6984169260118,147782.6192632266,2.0
1970-01-01 00:00:00.000084634,3098.778,3090.144,3116.046,bullish,True,2955.6523852645323,150738.27164849112,2.0
1970-01-01 00:00:00.000084635,3099.044,3096.991,3103.15,bullish,True,3014.765432970157,153753.03708146128,2.0000000000002216
1970-01-01 00:00:00.000085810,3099.511,3097.166,3104.201,bullish,True,3075.0607416295243,156828.0978230908,2.000000000000194
1970-01-01 00:00:00.000086384,2998.566,2993.559,3008.579999999999,bullish,True,3136.561956461816,159964.6597795526,2.0
1970-01-01 00:00:00.000086860,3098.35,3087.572,3119.9059999999995,bullish,True,3199.293195591052,163163.95297514365,2.0
1970-01-01 00:00:00.000088157,3299.377,3294.512,3309.1069999999995,bullish,True,3263.279059502873,166427.23203464653,2.0
1970-01-01 00:00:00.000088367,3356.068,3342.027,3384.1500000000005,bullish,True,3328.5446406929304,169755.77667533947,2.0
1970-01-01 00:00:00.000089665,3299.92,3309.542,3280.6760000000004,bearish,True,3395.1155335067892,173150.89220884626,2.0
1970-01-01 00:00:00.000089666,3301.577,3309.542,3285.647000000001,bearish,True,3463.0178441769253,176613.9100530232,2.0
1970-01-01 00:00:00.000090314,3298.553,3287.8,3320.0589999999997,bullish,True,3532.278201060539,180146.18825408374,2.000000000000042
1970-01-01 00:00:00.000091251,3249.109,3243.809,3259.7089999999994,bullish,True,3602.923765081675,183749.11201916542,2.0
1970-01-01 00:00:00.000091560,3251.923,3249.016,3257.736999999999,bullish,True,3674.9822403833086,187424.09425954873,2.0
1970-01-01 00:00:00.000092161,3356.201,3366.213,3336.177,bearish,True,3748.481885190889,191172.5761447396,1.9999999999999545
1970-01-01 00:00:00.000092821,3353.641,3341.243,3378.4370000000004,bullish,True,3823.451522894792,194996.0276676344,2.0
1970-01-01 00:00:00.000092839,3356.076,3369.602,3329.0240000000003,bearish,True,3899.920553352688,198895.94822098708,2.0
1970-01-01 00:00:00.000092840,3356.016,3369.602,3328.8440000000005,bearish,True,3977.9189644197418,202873.86718540682,2.0
1970-01-01 00:00:00.000093612,3249.085,3255.807,3235.6410000000005,bearish,True,4057.4773437081367,206931.34452911495,2.0
1970-01-01 00:00:00.000093713,3248.659,3241.593,3262.7910000000006,bullish,True,4138.626890582299,211069.97141969725,2.0
1970-01-01 00:00:00.000093976,3201.005,3217.169,3168.6770000000006,bearish,True,4221.399428393945,215291.3708480912,2.0
1970-01-01 00:00:00.000094383,3249.226,3244.08,3259.5180000000005,bullish,True,4305.827416961824,219597.19826505304,2.0
1970-01-01 00:00:00.000094385,3249.702,3247.807,3253.492000000001,bullish,True,4391.943965301061,223989.1422303541,2.0
1970-01-01 00:00:00.000094386,3250.721,3247.807,3256.5490000000004,bullish,True,4479.782844607083,228468.92507496118,2.0
1970-01-01 00:00:00.000095127,3248.282,3234.38,3276.086,bullish,True,4569.378501499149,233038.30357646034,1.9999999999999674
1970-01-01 00:00:00.000095884,3301.139,3297.872,3307.6730000000007,bullish,True,4660.766071529207,237699.06964798956,2.0
1970-01-01 00:00:00.000095990,3354.124,3345.985,3370.401999999999,bullish,True,4753.981392959791,242453.05104094936,2.0
1970-01-01 00:00:00.000096015,3353.664,3347.21,3366.572000000001,bullish,True,4849.061020819158,247302.1120617685,2.0000000000000706
1970-01-01 00:00:00.000096086,3359.26,3361.7,3354.380000000001,bearish,True,4946.04224123537,252248.1543030039,2.0
1970-01-01 00:00:00.000096184,3349.359,3346.253,3355.5709999999995,bullish,True,5044.963086060078,257293.11738906396,2.0
1970-01-01 00:00:00.000096625,3301.93,3296.866,3312.0579999999995,bullish,True,5145.862347781279,262438.97973684524,2.0
1970-01-01 00:00:00.000096626,3301.181,3300.363,3302.8170000000005,bullish,True,5248.779594736905,267687.7593315822,2.0
1970-01-01 00:00:00.000096635,3300.376,3303.406,3294.3160000000007,bearish,True,5353.7551866316435,273041.5145182138,2.0
1970-01-01 00:00:00.000097309,3301.994,3312.208,3281.5660000000003,bearish,True,5460.830290364276,278502.3448085781,2.0
1970-01-01 00:00:00.000097310,3301.914,3312.208,3281.3260000000005,bearish,True,5570.0468961715615,284072.39170474967,2.0
1970-01-01 00:00:00.000097312,3300.27,3303.939,3292.932,bearish,True,5681.447834095346,289753.839538845,2.000000000000124
1970-01-01 00:00:00.000097349,3300.78,3297.703,3306.9340000000007,bullish,True,5795.0767907769,295548.9163296219,2.0
1970-01-01 00:00:00.000097400,3298.907,3294.998,3306.7250000000004,bullish,True,5910.978326592439,301459.89465621434,2.0
1970-01-01 00:00:00.000097655,3356.16,3339.931,3388.6179999999995,bullish,True,6029.197893124287,307489.09254933865,2.0
1970-01-01 00:00:00.000097656,3356.239,3339.931,3388.855,bullish,True,6149.781850986773,313638.8744003254,2.0
1970-01-01 00:00:00.000097715,3359.237,3357.04,3363.6310000000003,bullish,True,6272.777488006508,319911.6518883319,2.0
1970-01-01 00:00:00.000097730,3356.25,3350.32,3368.11,bullish,True,6398.233037766884,326309.8849260988,2.000000000000077
1970-01-01 00:00:00.000097966,3359.378,3362.688,3352.7580000000003,bearish,True,6526.197698521976,332836.08262462076,2.0
1970-01-01 00:00:00.000097979,3356.032,3358.282,3351.532,bearish,True,6656.721652492415,339492.8042771132,2.0
1970-01-01 00:00:00.000097996,3357.98,3355.976,3361.988,bullish,True,6789.856085542264,346282.6603626554,2.0
1970-01-01 00:00:00.000098000,3356.201,3360.006,3348.5910000000003,bearish,True,6925.653207253108,353208.3135699085,2.0
1970-01-01 00:00:00.000098042,3349.83,3346.196,3357.098,bullish,True,7064.1662713981705,360272.4798413067,2.0
1970-01-01 00:00:00.000098049,3352.05,3348.17,3359.8100000000004,bullish,True,7205.4495968261335,367477.92943813285,2.0
1970-01-01 00:00:00.000098125,3357.625,3355.689,3361.4970000000003,bullish,True,7349.558588762658,374827.4880268955,2.0
1970-01-01 00:00:00.000098152,3353.408,3359.13,3341.9639999999995,bearish,True,7496.5497605379105,382324.0377874334,2.0
1970-01-01 00:00:00.000098153,3353.692,3359.13,3342.816,bearish,True,7646.480755748668,389970.5185431821,2.0
1970-01-01 00:00:00.000098192,3359.703,3361.531,3356.047,bearish,True,7799.410370863642,397769.92891404574,2.0
1970-01-01 00:00:00.000098203,3354.781,3361.52,3341.303,bearish,True,7955.398578280915,405725.3274923267,2.0
1970-01-01 00:00:00.000098204,3351.723,3356.441,3342.2870000000003,bearish,True,8114.506549846534,413839.8340421732,2.0
1970-01-01 00:00:00.000098220,3353.039,3350.627,3357.8630000000007,bullish,True,8276.796680843465,422116.6307230167,2.0
1970-01-01 00:00:00.000098222,3355.956,3351.676,3364.5160000000005,bullish,True,8442.332614460334,430558.963337477,2.0
1970-01-01 00:00:00.000098261,3360.078,3364.973,3350.288,bearish,True,8611.179266749541,439170.14260422654,2.0
1970-01-01 00:00:00.000098316,3366.612,3363.923,3371.9900000000007,bullish,True,8783.402852084531,447953.5454563111,2.0
1970-01-01 00:00:00.000098508,3368.17,3361.149,3382.2120000000004,bullish,True,8959.070909126222,456912.6163654373,2.0
1970-01-01 00:00:00.000098509,3368.77,3361.149,3384.012,bullish,True,9138.252327308746,466050.86869274604,2.0
1970-01-01 00:00:00.000098562,3398.386,3395.869,3403.42,bullish,True,9321.017373855762,475371.8860666018,2.0000000000001807
1970-01-01 00:00:00.000098564,3400.378,3395.869,3409.396,bullish,True,9507.437721332037,484879.3237879338,2.0
1970-01-01 00:00:00.000098662,3356.082,3352.974,3362.298,bullish,True,9697.586475759384,494576.9102636932,2.000000000000146
1970-01-01 00:00:00.000098788,3366.207,3375.685,3347.251,bearish,True,9891.538205273628,504468.4484689668,1.999999999999952
1970-01-01 00:00:00.000098813,3355.909,3361.795,3344.137,bearish,True,10089.368969379337,514557.81743834616,2.0
1970-01-01 00:00:00.000098814,3355.843,3361.795,3343.9389999999994,bearish,True,10291.156348766923,524848.9737871131,2.0
1970-01-01 00:00:00.000098824,3367.033,3363.057,3374.985,bullish,True,10496.979475742262,535345.9532628553,2.0
1970-01-01 00:00:00.000098826,3367.707,3363.057,3377.007,bullish,True,10706.919065257107,546052.8723281124,2.0
1970-01-01 00:00:00.000098865,3358.279,3360.37,3354.097,bearish,True,10921.057446562247,556973.9297746746,2.0
1970-01-01 00:00:00.000099734,3355.635,3327.196,3412.513000000001,bullish,True,11139.478595493492,568113.4083701681,2.0
1970-01-01 00:00:00.000099849,3360.029,3356.289,3367.509,bullish,True,11362.268167404052,579475.6765375722,2.0000000000001217
1970-01-01 00:00:00.000099877,3367.357,3362.368,3377.335,bullish,True,11589.513530751443,591065.1900683236,2.0
1970-01-01 00:00:00.000100644,3398.776,3401.21,3393.9079999999994,bearish,True,11821.303801366474,602886.4938696901,2.0
1970-01-01 00:00:00.000101384,3358.839,3374.522,3327.473,bearish,True,12057.729877393802,614944.2237470839,2.0
1970-01-01 00:00:00.000101386,3355.656,3374.522,3317.924,bearish,True,12298.884474941678,627243.1082220256,2.0
1970-01-01 00:00:00.000101388,3354.514,3374.522,3314.4980000000005,bearish,True,12544.862164440512,639787.9703864661,2.0
1970-01-01 00:00:00.000101390,3350.775,3374.522,3303.2810000000004,bearish,True,12795.759407729323,652583.7297941955,2.0
1970-01-01 00:00:00.000101577,3366.95,3370.375,3360.0999999999995,bearish,True,13051.674595883911,665635.4043900794,2.0
1970-01-01 00:00:00.000101626,3356.161,3360.653,3347.1770000000006,bearish,True,13312.70808780159,678948.112477881,2.0
1970-01-01 00:00:00.000101631,3354.949,3358.068,3348.711,bearish,True,13578.96224955762,692527.0747274386,2.0
1970-01-01 00:00:00.000101636,3353.069,3356.932,3345.3430000000003,bearish,True,13850.541494548772,706377.6162219874,2.0
1970-01-01 00:00:00.000101637,3348.792,3354.045,3338.286,bearish,True,14127.552324439137,720505.1685464266,1.9999999999999134
1970-01-01 00:00:00.000101652,3356.129,3353.953,3360.481,bullish,True,14410.10337093004,734915.2719173566,2.000000000000209
1970-01-01 00:00:00.000101655,3356.219,3356.189,3356.2790000000005,bullish,True,14698.305438347134,749613.5773557038,2.0
1970-01-01 00:00:00.000101664,3352.107,3355.186,3345.949,bearish,True,14992.271547112969,764605.8489028168,1.9999999999998523
1970-01-01 00:00:00.000101710,3353.914,3349.177,3363.3880000000004,bullish,True,15292.116978056336,779897.9658808731,2.0
1970-01-01 00:00:00.000101712,3354.82,3352.238,3359.984000000001,bullish,True,15597.959317617464,795495.9251984906,2.0
1970-01-01 00:00:00.000101713,3356.053,3352.238,3363.683,bullish,True,15909.918503969813,811405.8437024604,2.0
1970-01-01 00:00:00.000101730,3355.848,3355.11,3357.324,bullish,True,16228.11687405421,827633.9605765146,2.0000000000006164
1970-01-01 00:00:00.000101759,3352.531,3342.988,3371.617,bullish,True,16552.679211530292,844186.6397880448,2.0
1970-01-01 00:00:00.000101760,3355.503,3342.988,3380.533000000001,bullish,True,16883.732795760898,861070.3725838057,2.0
1970-01-01 00:00:00.000101816,3367.546,3370.33,3361.978,bearish,True,17221.407451674706,878291.7800354804,1.9999999999998366
1970-01-01 00:00:00.000101891,3366.047,3373.551,3351.039,bearish,True,17565.835600709608,895857.61563619,2.0
1970-01-01 00:00:00.000101900,3366.645,3361.909,3376.117,bullish,True,17917.15231272466,913774.7679489147,2.000000000000096
1970-01-01 00:00:00.000101904,3356.159,3368.135,3332.207,bearish,True,18275.495358978293,932050.263307893,2.0
1970-01-01 00:00:00.000101974,3352.616,3358.71,3340.428,bearish,True,18641.00526615786,950691.2685740509,2.0
1970-01-01 00:00:00.000101980,3356.05,3358.68,3350.790000000001,bearish,True,19013.825371481016,969705.0939455319,2.0
1970-01-01 00:00:00.000102154,3357.663,3363.798,3345.3930000000005,bearish,True,19394.10187891064,989099.1958244425,2.0
1970-01-01 00:00:00.000102218,3356.076,3351.579,3365.07,bullish,True,19781.98391648985,1008881.1797409324,2.0000000000001013
1970-01-01 00:00:00.000103768,3355.877,3350.006,3367.619,bullish,True,20177.623594818648,1029058.803335751,2.0
1970-01-01 00:00:00.000103775,3348.38,3357.813,3329.514,bearish,True,20581.176066715023,1049639.979402466,2.0
1970-01-01 00:00:00.000104107,3348.668,3344.229,3357.5460000000007,bullish,True,20992.79958804932,1070632.7789905153,2.0
1970-01-01 00:00:00.000104131,3354.906,3351.443,3361.8319999999994,bullish,True,21412.655579810307,1092045.4345703255,2.0
1970-01-01 00:00:00.000104132,3356.249,3351.443,3365.860999999999,bullish,True,21840.908691406512,1113886.343261732,2.0
1970-01-01 00:00:00.000104139,3356.19,3355.519,3357.5320000000006,bullish,True,22277.72686523464,1136164.0701269666,2.0
1970-01-01 00:00:00.000104144,3358.614,3355.519,3364.8040000000005,bullish,True,22723.28140253933,1158887.3515295058,2.0
1970-01-01 00:00:00.000104169,3359.619,3355.54,3367.7770000000005,bullish,True,23177.747030590115,1182065.098560096,2.0
1970-01-01 00:00:00.000104253,3351.84,3349.895,3355.7300000000005,bullish,True,23641.30197120192,1205706.400531298,2.0
1970-01-01 00:00:00.000104287,3353.077,3355.956,3347.3190000000004,bearish,True,24114.128010625962,1229820.528541924,2.0
1970-01-01 00:00:00.000104289,3352.641,3355.956,3346.011,bearish,True,24596.41057083848,1254416.9391127625,2.0
1970-01-01 00:00:00.000105230,3301.567,3307.687,3289.327,bearish,True,25088.33878225525,1279505.2778950178,2.0
1970-01-01 00:00:00.000105231,3301.329,3307.687,3288.6130000000007,bearish,True,25590.105557900355,1305095.3834529181,2.0
1970-01-01 00:00:00.000105259,3300.481,3296.053,3309.337000000001,bullish,True,26101.907669058364,1331197.2911219765,2.0
1970-01-01 00:00:00.000105339,3300.249,3303.916,3292.914999999999,bearish,True,26623.94582243953,1357821.236944416,2.0
1970-01-01 00:00:00.000106073,3355.845,3344.931,3377.673,bullish,True,27156.42473888889,1384977.661683305,2.0000000000000417
1970-01-01 00:00:00.000106077,3357.612,3353.44,3365.956,bullish,True,27699.553233666098,1412677.214916971,2.0
1970-01-01 00:00:00.000106118,3355.867,3354.037,3359.527000000001,bullish,True,28253.54429833942,1440930.7592153104,2.0
1970-01-01 00:00:00.000106139,3357.739,3354.444,3364.329,bullish,True,28818.61518430621,1469749.3743996166,2.0
1970-01-01 00:00:00.000106147,3356.101,3358.095,3352.1130000000007,bearish,True,29394.987487992334,1499144.361887609,2.0
1970-01-01 00:00:00.000106159,3356.411,3359.322,3350.589,bearish,True,29982.887237752177,1529127.249125361,2.0
1970-01-01 00:00:00.000000546,1800.053,1802.346,1795.4670000000003,bearish,True,30582.54498250722,1559709.794107868,2.0
1970-01-01 00:00:00.000000548,1799.538,1802.346,1793.922,bearish,True,31194.195882157364,1590903.9899900255,2.0
1970-01-01 00:00:00.000000669,1800.155,1816.915,1766.635,bearish,True,31818.07979980051,1622722.069789826,2.0
1970-01-01 00:00:00.000001649,1801.673,1799.543,1805.933,bullish,True,32454.441395794787,1655176.5111856207,1.9999999999998932
1970-01-01 00:00:00.000002695,1749.27,1741.649,1764.5120000000002,bullish,True,33103.53022371241,1688280.041409333,2.0
1970-01-01 00:00:00.000002722,1751.116,1752.56,1748.228,bearish,True,33765.60082818666,1722045.6422375196,2.0
1970-01-01 00:00:00.000002724,1751.076,1752.56,1748.1080000000002,bearish,True,34440.91284475039,1756486.55508227,2.0
1970-01-01 00:00:00.000002751,1751.614,1749.198,1756.446,bullish,True,35129.7311016454,1791616.2861839153,2.0
1970-01-01 00:00:00.000002777,1749.468,1752.555,1743.294,bearish,True,35832.32572367831,1827448.6119075937,2.0
1970-01-01 00:00:00.000002778,1751.13,1752.555,1748.2800000000002,bearish,True,36548.97223815187,1863997.5841457455,2.0
1970-01-01 00:00:00.000002792,1750.685,1745.567,1760.9209999999998,bullish,True,37279.951682914914,1901277.5358286605,2.0
1970-01-01 00:00:00.000003592,1801.697,1802.775,1799.5409999999997,bearish,True,38025.5507165692,1939303.0865452297,1.999999999999789
1970-01-01 00:00:00.000003593,1801.705,1802.775,1799.5649999999996,bearish,True,38786.06173090459,1978089.1482761342,2.0
1970-01-01 00:00:00.000003595,1800.554,1802.593,1796.476,bearish,True,39561.78296552268,2017650.931241657,2.0
1970-01-01 00:00:00.000003798,1798.189,1796.698,1801.171,bullish,True,40353.01862483314,2058003.94986649,2.0
1970-01-01 00:00:00.000005059,1801.623,1804.227,1796.415,bearish,True,41160.0789973298,2099164.02886382,2.0
1970-01-01 00:00:00.000005061,1800.39,1804.227,1792.716,bearish,True,41983.280577277634,2141147.3094410975,2.000000000000059
1970-01-01 00:00:00.000005346,1751.249,1749.213,1755.321,bullish,True,42822.94618881956,2183970.255629917,1.9999999999998883
1970-01-01 00:00:00.000005686,1749.318,1751.219,1745.5159999999998,bearish,True,43679.405112598346,2227649.6607425157,2.0
1970-01-01 00:00:00.000005688,1748.323,1751.219,1742.5310000000002,bearish,True,44552.993214850314,2272202.653957366,2.0
1970-01-01 00:00:00.000005710,1748.586,1746.616,1752.526,bullish,True,45444.05307914732,2317646.7070365134,2.0
1970-01-01 00:00:00.000005878,1750.809,1752.605,1747.217,bearish,True,46352.93414072734,2363999.6411772408,1.9999999999998734
1970-01-01 00:00:00.000005880,1750.754,1750.941,1750.3799999999997,bearish,True,47279.99282354482,2411279.6340007856,2.0
1970-01-01 00:00:00.000006188,1751.783,1753.692,1747.9649999999997,bearish,True,48225.59268001571,2459505.2266808013,2.0
1970-01-01 00:00:00.000006234,1750.032,1756.022,1738.052,bearish,True,49190.104533616024,2508695.3312144172,2.0
1970-01-01 00:00:00.000006326,1748.58,1752.316,1741.1079999999995,bearish,True,50173.90662428988,2558869.237838707,2.000000000000061
1970-01-01 00:00:00.000006506,1748.372,1754.754,1735.6080000000004,bearish,True,51177.38475677414,2610046.622595481,2.0
1970-01-01 00:00:00.000006515,1750.086,1747.073,1756.112,bullish,True,52200.9324519116,2662247.555047393,2.0000000000000755
1970-01-01 00:00:00.000006517,1750.34,1747.073,1756.8739999999996,bullish,True,53244.95110094786,2715492.5061483406,2.0
1970-01-01 00:00:00.000007092,1798.668,1795.317,1805.37,bullish,True,54309.85012296866,2769802.3562713093,2.000000000000068
1970-01-01 00:00:00.000007756,1800.297,1796.763,1807.365,bullish,True,55396.047125424404,2825198.4033967336,1.9999999999999356
1970-01-01 00:00:00.000007848,1801.534,1806.463,1791.6760000000004,bearish,True,56503.96806793467,2881702.3714646683,2.0
1970-01-01 00:00:00.000007849,1800.338,1802.96,1795.0939999999998,bearish,True,57634.047429293365,2939336.4188939617,2.0
1970-01-01 00:00:00.000008032,1801.989,1799.77,1806.427,bullish,True,58786.72837787622,2998123.147271838,1.9999999999998976
1970-01-01 00:00:00.000008034,1800.916,1800.575,1801.598,bullish,True,59962.46294545675,3058085.6102172947,2.0000000000006666
1970-01-01 00:00:00.000008047,1799.337,1803.097,1791.817,bearish,True,61161.712204345895,3119247.3224216406,2.0
1970-01-01 00:00:00.000011592,1799.212,1802.539,1792.558,bearish,True,62384.94644843281,3181632.2688700734,2.0
1970-01-01 00:00:00.000011593,1798.184,1799.86,1794.832,bearish,True,63632.645377401466,3245264.9142474746,2.0
1970-01-01 00:00:00.000011709,1798.596,1796.127,1803.534,bullish,True,64905.298284949495,3310170.212532424,2.0
1970-01-01 00:00:00.000012347,1801.279,1803.287,1797.263,bearish,True,66203.40425064848,3376373.6167830722,2.0
1970-01-01 00:00:00.000012348,1801.005,1801.825,1799.3650000000002,bearish,True,67527.47233566144,3443901.0891187335,2.0
1970-01-01 00:00:00.000012365,1801.689,1796.118,1812.8310000000004,bullish,True,68878.02178237468,3512779.110901108,2.0
1970-01-01 00:00:00.000013087,1801.67,1799.636,1805.7380000000005,bullish,True,70255.58221802609,3583034.6931191343,2.000000000000112
1970-01-01 00:00:00.000014307,1799.133,1809.41,1778.579,bearish,True,71660.69386238269,3654695.386981517,2.0
1970-01-01 00:00:00.000014359,1799.338,1797.518,1802.978,bullish,True,73093.9077396349,3727789.294721152,2.000000000000125
1970-01-01 00:00:00.000014596,1801.124,1805.973,1791.4260000000002,bearish,True,74555.78589442304,3802345.0806155754,2.0
1970-01-01 00:00:00.000015760,1898.953,1893.058,1910.743,bullish,True,76046.90161231151,3878391.982227887,2.0
1970-01-01 00:00:00.000016078,1900.605,1897.744,1906.327,bullish,True,77567.83964455465,3955959.8218724416,1.9999999999999205
1970-01-01 00:00:00.000016392,1900.11,1910.042,1880.246,bearish,True,79119.19643744793,4035079.0183098894,1.9999999999999771
1970-01-01 00:00:00.000016883,2000.638,1995.675,2010.564,bullish,True,80701.58036619963,4115780.598676089,2.0000000000000457
1970-01-01 00:00:00.000020327,1898.596,1904.398,1886.992,bearish,True,82315.6119735234,4198096.210649612,2.000000000000039
1970-01-01 00:00:00.000020370,1900.571,1905.101,1891.5109999999995,bearish,True,83961.92421299225,4282058.134862605,2.0
1970-01-01 00:00:00.000020372,1898.12,1905.101,1884.1579999999997,bearish,True,85641.1626972507,4367699.2975598555,1.9999999999999674
1970-01-01 00:00:00.000020441,1900.399,1895.924,1909.349,bullish,True,87353.98595119933,4455053.283511055,2.0000000000000506
1970-01-01 00:00:00.000020590,1901.923,1896.639,1912.491,bullish,True,89101.06567021918,4544154.349181274,1.999999999999957
1970-01-01 00:00:00.000020975,1901.329,1893.033,1917.921,bullish,True,90883.08698362549,4635037.4361649,2.0
1970-01-01 00:00:00.000020993,1898.921,1902.189,1892.385,bearish,True,92700.74872329799,4727738.184888198,2.0
1970-01-01 00:00:00.000020995,1898.469,1902.13,1891.147,bearish,True,94554.76369776396,4822292.948585962,2.0
1970-01-01 00:00:00.000026804,1750.568,1752.777,1746.15,bearish,True,96445.85897171427,4918738.807557676,1.999999999999897
1970-01-01 00:00:00.000027886,1798.339,1801.693,1791.631,bearish,True,98374.77615115019,5017113.583708826,1.9999999999999323
1970-01-01 00:00:00.000029239,1699.693,1696.266,1706.5469999999998,bullish,True,100342.27167417653,5117455.855383003,2.0
1970-01-01 00:00:00.000029254,1701.34,1700.992,1702.0359999999998,bullish,True,102349.11710766006,5219804.972490664,2.0
1970-01-01 00:00:00.000029485,1701.372,1704.338,1695.4400000000005,bearish,True,104396.09944980928,5324201.071940473,1.9999999999999234
1970-01-01 00:00:00.000029540,1698.296,1696.271,1702.3460000000002,bullish,True,106484.02143880946,5430685.093379282,2.0
1970-01-01 00:00:00.000030041,1701.591,1704.993,1694.7869999999998,bearish,True,108613.70186758565,5539298.795246868,2.0
1970-01-01 00:00:00.000030061,1701.239,1703.37,1696.9770000000003,bearish,True,110785.97590493737,5650084.771151805,2.0
1970-01-01 00:00:00.000030064,1699.686,1703.37,1692.318,bearish,True,113001.69542303612,5763086.466574841,2.0
1970-01-01 00:00:00.000031332,1700.326,1698.168,1704.6420000000005,bullish,True,115261.7293315029,5878348.195906344,2.0000000000001052
1970-01-01 00:00:00.000031676,1701.21,1713.339,1676.9520000000002,bearish,True,117566.96391812689,5995915.159824471,2.0
1970-01-01 00:00:00.000034003,1750.605,1746.214,1759.3870000000002,bullish,True,119918.30319648942,6115833.463020961,2.0
1970-01-01 00:00:00.000034004,1751.873,1746.214,1763.1910000000005,bullish,True,122316.66926042167,6238150.132281383,2.00000000000004
1970-01-01 00:00:00.000034029,1751.735,1753.359,1748.487,bearish,True,124763.00264561891,6362913.134927002,1.99999999999986
1970-01-01 00:00:00.000034593,1750.852,1748.054,1756.448,bullish,True,127258.26269854004,6490171.397625542,2.0
1970-01-01 00:00:00.000034870,1749.491,1742.678,1763.1169999999995,bullish,True,129803.42795250867,6619974.825578051,1.9999999999999667
1970-01-01 00:00:00.000035101,1751.499,1750.517,1753.463,bullish,True,132399.496511561,6752374.322089612,2.0
1970-01-01 00:00:00.000035102,1751.718,1750.517,1754.12,bullish,True,135047.48644177945,6887421.808531391,1.9999999999998106
1970-01-01 00:00:00.000035192,1749.502,1744.574,1759.3579999999995,bullish,True,137748.43617062466,7025170.244702016,1.9999999999999538
1970-01-01 00:00:00.000035193,1750.434,1744.574,1762.1539999999998,bullish,True,140503.40489404032,7165673.649596056,2.0
1970-01-01 00:00:00.000035235,1748.308,1753.394,1738.136,bearish,True,143313.47299192112,7308987.122587977,2.0
1970-01-01 00:00:00.000035276,1750.307,1749.055,1752.811,bullish,True,146179.74245175955,7455166.865039737,2.0
1970-01-01 00:00:00.000035279,1750.762,1749.055,1754.1759999999997,bullish,True,149103.33730079475,7604270.202340532,2.0
1970-01-01 00:00:00.000035336,1751.69,1763.228,1728.614,bearish,True,152085.40404681064,7756355.606387342,2.0
1970-01-01 00:00:00.000035429,1801.647,1795.686,1813.569,bullish,True,155127.11212774686,7911482.718515089,2.0
1970-01-01 00:00:00.000035436,1801.844,1794.141,1817.25,bullish,True,158229.65437030178,8069712.37288539,2.0
1970-01-01 00:00:00.000035992,1798.389,1792.77,1809.627,bullish,True,161394.24745771106,8231106.620343101,2.0000000000000404
1970-01-01 00:00:00.000036870,1798.158,1802.54,1789.3939999999998,bearish,True,164622.13240686202,8395728.752749963,2.0
1970-01-01 00:00:00.000036969,1800.527,1791.986,1817.609,bullish,True,167914.57505499927,8563643.327804962,2.0
1970-01-01 00:00:00.000036993,1798.469,1795.53,1804.347,bullish,True,171272.86655609263,8734916.194361055,1.9999999999999227
1970-01-01 00:00:00.000037103,1801.24,1803.427,1796.8660000000002,bearish,True,174698.3238872211,8909614.518248277,2.0
1970-01-01 00:00:00.000038394,1899.57,1906.921,1884.868,bearish,True,178192.2903649628,9087806.808613239,1.9999999999999691
1970-01-01 00:00:00.000038737,1901.891,1909.477,1886.719,bearish,True,181756.13617226479,9269562.944785504,2.0
1970-01-01 00:00:00.000042334,1899.479,1893.527,1911.383,bullish,True,185391.25889571008,9454954.203681214,2.0
1970-01-01 00:00:00.000042496,1900.809,1902.027,1898.373,bearish,True,189099.08407360662,9644053.28775482,1.9999999999998133
1970-01-01 00:00:00.000042497,1900.121,1901.236,1897.891,bearish,True,192881.0657550964,9836934.353509918,2.0
1970-01-01 00:00:00.000044238,1998.666,1996.827,2002.344,bullish,True,196738.6870702105,10033673.04058013,2.0000000000001235
1970-01-01 00:00:00.000044251,1999.116,2002.935,1991.478,bearish,True,200673.4608116026,10234346.501391731,2.0
1970-01-01 00:00:00.000044646,1999.007,2028.041,1940.9390000000003,bearish,True,204686.93002783463,10439033.431419566,2.0
1970-01-01 00:00:00.000044735,2000.306,2002.154,1996.61,bearish,True,208780.66862840418,10647814.10004797,2.000000000000123
1970-01-01 00:00:00.000044996,2000.513,1991.383,2018.773,bullish,True,212956.28200096206,10860770.382048933,2.000000000000025
1970-01-01 00:00:00.000049820,1900.043,1912.092,1875.9449999999997,bearish,True,217215.40764097663,11077985.78968991,1.9999999999999811
1970-01-01 00:00:00.000053083,1901.832,1906.632,1892.232,bearish,True,221559.71579380348,11299545.505483713,2.0000000000000475
1970-01-01 00:00:00.000053449,1901.445,1897.649,1909.037,bullish,True,225990.91010967427,11525536.415593388,2.0
1970-01-01 00:00:00.000053467,1899.949,1903.368,1893.1110000000003,bearish,True,230510.72831186774,11756047.143905256,2.0
1970-01-01 00:00:00.000053520,1901.338,1898.737,1906.54,bullish,True,235120.9428781154,11991168.086783372,2.0000000000000875
1970-01-01 00:00:00.000055911,1901.453,1900.925,1902.509,bullish,True,239823.36173566745,12230991.44851904,2.0
1970-01-01 00:00:00.000058260,1998.641,1996.418,2003.0870000000004,bullish,True,244619.8289703808,12475611.27748942,2.0
1970-01-01 00:00:00.000059808,1998.062,2003.21,1987.766,bearish,True,249512.2255497774,12725123.503039198,1.9999999999999116
1970-01-01 00:00:00.000065663,1998.811,1997.434,2001.565,bullish,True,254502.47006080498,12979625.973100003,2.000000000000165
1970-01-01 00:00:00.000066823,2101.059,2097.491,2108.1950000000006,bullish,True,259592.51946200005,13239218.492562003,2.0
1970-01-01 00:00:00.000069588,2399.863,2395.921,2407.747,bullish,True,264784.3698512401,13504002.862413244,2.0
1970-01-01 00:00:00.000070756,2298.09,2313.282,2267.706,bearish,True,270080.0572482649,13774082.919661509,2.0
1970-01-01 00:00:00.000070847,2301.05,2295.143,2312.8640000000005,bullish,True,275481.6583932302,14049564.57805474,2.0
1970-01-01 00:00:00.000070864,2300.427,2307.014,2287.253,bearish,True,280991.2915610948,14330555.869615834,2.0
1970-01-01 00:00:00.000073461,2301.407,2308.297,2287.6270000000004,bearish,True,286611.1173923167,14617166.98700815,2.0
1970-01-01 00:00:00.000074709,2298.918,2301.048,2294.658000000001,bearish,True,292343.339740163,14909510.326748313,2.0
1970-01-01 00:00:00.000075829,2400.181,2402.951,2394.641,bearish,True,298190.2065349663,15207700.53328328,2.0
1970-01-01 00:00:00.000076349,2400.451,2397.783,2405.7870000000003,bullish,True,304154.0106656656,15511854.543948947,2.0
1970-01-01 00:00:00.000076462,2400.125,2394.705,2410.965,bullish,True,310237.09087897895,15822091.634827925,2.0
1970-01-01 00:00:00.000076844,2399.473,2385.429,2427.561,bullish,True,316441.8326965636,16138533.46752449,2.0000000000000324
1970-01-01 00:00:00.000077561,2401.152,2394.222,2415.012,bullish,True,322770.6693505004,16461304.13687499,2.0000000000000657
1970-01-01 00:00:00.000077635,2398.95,2392.407,2412.035999999999,bullish,True,329226.0827374998,16790530.21961249,2.0
1970-01-01 00:00:00.000078702,2499.254,2496.887,2503.9879999999994,bullish,True,335810.60439224984,17126340.82400474,2.0
1970-01-01 00:00:00.000079266,2499.212,2495.2,2507.2360000000003,bullish,True,342526.8164800948,17468867.640484836,2.0
1970-01-01 00:00:00.000079369,2500.843,2494.763,2513.003,bullish,True,349377.3528097098,17818244.993294545,2.0000000000000746
1970-01-01 00:00:00.000079773,2500.918,2496.28,2510.194,bullish,True,356364.8998658909,18174609.893160436,2.0
1970-01-01 00:00:00.000080612,2599.811,2592.378,2614.677,bullish,True,363492.1978632087,18538102.091023646,2.0
1970-01-01 00:00:00.000083183,2748.59,2743.203,2759.3640000000005,bullish,True,370762.0418204729,18908864.13284412,2.0
1970-01-01 00:00:00.000083229,2749.1,2753.787,2739.726,bearish,True,378177.2826568824,19287041.415501002,2.0
1970-01-01 00:00:00.000083473,2749.637,2745.38,2758.1510000000003,bullish,True,385740.82831002004,19672782.243811022,2.0
1970-01-01 00:00:00.000083481,2751.77,2745.756,2763.798,bullish,True,393455.64487620554,20066237.888687227,1.9999999999999243
1970-01-01 00:00:00.000083483,2751.693,2750.644,2753.791000000001,bullish,True,401324.7577737445,20467562.646460973,2.0
1970-01-01 00:00:00.000083804,2700.634,2708.066,2685.7700000000004,bearish,True,409351.25292921945,20876913.89939019,2.0
1970-01-01 00:00:00.000084575,2599.048,2592.87,2611.4039999999995,bullish,True,417538.2779878038,21294452.177377995,2.0
1970-01-01 00:00:00.000086158,2700.186,2696.611,2707.3360000000007,bullish,True,425889.04354755994,21720341.220925555,2.0
1970-01-01 00:00:00.000086208,2700.217,2690.641,2719.369,bullish,True,434406.8244185111,22154748.045344066,2.0
1970-01-01 00:00:00.000086209,2700.991,2690.641,2721.691,bullish,True,443094.9609068813,22597843.006250948,2.0
1970-01-01 00:00:00.000086784,2601.396,2626.43,2551.328000000001,bearish,True,451956.860125019,23049799.866375968,2.0
1970-01-01 00:00:00.000086805,2599.69,2592.511,2614.048,bullish,True,460995.99732750474,23510795.863703474,1.9999999999999367
1970-01-01 00:00:00.000086806,2600.14,2592.511,2615.398,bullish,True,470215.9172740835,23981011.78097756,2.0000000000000595
1970-01-01 00:00:00.000086832,2601.01,2589.593,2623.844000000001,bullish,True,479620.23561955115,24460632.01659711,2.0
1970-01-01 00:00:00.000086848,2600.474,2596.422,2608.5780000000004,bullish,True,489212.64033194224,24949844.656929053,2.0
1970-01-01 00:00:00.000086850,2601.461,2598.883,2606.617,bullish,True,498996.8931386251,25448841.550067678,2.0000000000001763
1970-01-01 00:00:00.000086879,2600.944,2605.195,2592.442,bearish,True,508976.8310013263,25957818.381069005,1.999999999999893
1970-01-01 00:00:00.000088680,2698.354,2689.907,2715.247999999999,bullish,True,519156.3676213801,26476974.748690385,2.0
1970-01-01 00:00:00.000088681,2698.271,2696.192,2702.4290000000005,bullish,True,529539.4949738077,27006514.243664194,2.0
1970-01-01 00:00:00.000089050,2750.657,2748.593,2754.7850000000008,bullish,True,540130.2848732839,27546644.52853748,2.0
1970-01-01 00:00:00.000089054,2751.419,2750.231,2753.794999999999,bullish,True,550932.8905707495,28097577.419108227,2.0
1970-01-01 00:00:00.000090318,2900.922,2892.213,2918.34,bullish,True,561951.5483821792,28659528.967490405,2.0000000000000524
1970-01-01 00:00:00.000090320,2901.382,2892.213,2919.72,bullish,True,573190.5793498082,29232719.546840213,2.0
1970-01-01 00:00:00.000090426,2900.354,2906.745,2887.572,bearish,True,584654.3909367835,29817373.937776998,1.999999999999929
1970-01-01 00:00:00.000090456,2901.746,2906.496,2892.246,bearish,True,596347.47875554,30413721.41653254,2.0
1970-01-01 00:00:00.000090775,2901.005,2893.961,2915.0930000000008,bullish,True,608274.4283306508,31021995.84486319,2.0
1970-01-01 00:00:00.000091969,2899.878,2916.509,2866.6160000000004,bearish,True,620439.9168972638,31642435.761760455,2.0
1970-01-01 00:00:00.000092624,2998.883,2994.624,3007.401,bullish,True,632848.7152352091,32275284.47699566,2.0
1970-01-01 00:00:00.000092727,3000.282,2994.722,3011.402,bullish,True,645505.6895399132,32920790.166535575,2.0
1970-01-01 00:00:00.000092754,2998.427,2996.714,3001.8530000000005,bullish,True,658415.8033307116,33579205.96986628,2.0
1970-01-01 00:00:00.000092763,3001.132,2997.658,3008.0800000000004,bullish,True,671584.1193973257,34250790.08926361,2.0
1970-01-01 00:00:00.000092765,3001.427,2997.658,3008.9650000000006,bullish,True,685015.8017852722,34935805.891048886,2.0
1970-01-01 00:00:00.000092766,3001.427,2997.658,3008.9650000000006,bullish,True,698716.1178209777,35634522.008869864,2.0
1970-01-01 00:00:00.000092767,3001.427,2997.658,3008.9650000000006,bullish,True,712690.4401773973,36347212.44904726,2.0
1970-01-01 00:00:00.000092777,2999.831,3002.8,2993.893,bearish,True,726944.2489809452,37074156.69802821,2.0
1970-01-01 00:00:00.000093974,3098.289,3112.958,3068.9510000000005,bearish,True,741483.1339605642,37815639.831988774,2.0
1970-01-01 00:00:00.000094825,3300.482,3286.685,3328.076,bullish,True,756312.7966397755,38571952.62862855,2.0
1970-01-01 00:00:00.000094869,3338.31,3324.413,3366.104,bullish,True,771439.0525725711,39343391.68120112,2.0
1970-01-01 00:00:00.000094970,3322.005,3317.983,3330.049,bullish,True,786867.8336240224,40130259.51482514,2.0
1970-01-01 00:00:00.000095275,3350.885,3332.107,3388.4410000000007,bullish,True,802605.1902965029,40932864.705121644,2.0
1970-01-01 00:00:00.000095374,3348.324,3329.096,3386.78,bullish,True,818657.2941024329,41751521.999224074,2.0
1970-01-01 00:00:00.000095390,3325.954,3331.045,3315.7720000000004,bearish,True,835030.4399844815,42586552.43920855,2.0
1970-01-01 00:00:00.000095394,3323.377,3335.608,3298.9149999999995,bearish,True,851731.0487841711,43438283.487992726,2.0
1970-01-01 00:00:00.000095637,3349.015,3333.902,3379.2409999999995,bullish,True,868765.6697598546,44307049.15775258,2.0
1970-01-01 00:00:00.000095639,3349.888,3345.585,3358.494,bullish,True,886140.9831550984,45193190.14090768,2.0000000000001057
1970-01-01 00:00:00.000095640,3349.884,3345.585,3358.482,bullish,True,903863.8028181536,46097053.94372584,2.0
1970-01-01 00:00:00.000095831,3299.337,3305.778,3286.4550000000004,bearish,True,921941.0788745168,47018995.02260035,2.0
1970-01-01 00:00:00.000096470,3331.033,3322.014,3349.0709999999995,bullish,True,940379.9004520071,47959374.92305236,2.0
1970-01-01 00:00:00.000096986,3199.439,3190.909,3216.499,bullish,True,959187.4984610729,48918562.42151344,2.0000000000000533
1970-01-01 00:00:00.000097286,3320.906,3315.583,3331.552,bullish,True,978371.2484303105,49896933.66994375,2.0000000000000853
1970-01-01 00:00:00.000097300,3343.501,3336.523,3357.4570000000003,bullish,True,997938.673398875,50894872.343342625,2.0
1970-01-01 00:00:00.000097331,3299.36,3309.893,3278.2940000000003,bearish,True,1017897.4468668525,51912769.79020948,2.0
1970-01-01 00:00:00.000097332,3299.377,3309.893,3278.345,bearish,True,1038255.3958041896,52951025.18601367,2.0
1970-01-01 00:00:00.000097383,3299.229,3297.31,3303.067,bullish,True,1059020.503720399,54010045.68973407,2.000000000000237
1970-01-01 00:00:00.000097386,3299.993,3293.447,3313.085,bullish,True,1080200.913794719,55090246.60352879,2.0000000000000693
1970-01-01 00:00:00.000097409,3323.926,3316.512,3338.7539999999995,bullish,True,1101804.932070576,56192051.535599366,2.0
1970-01-01 00:00:00.000097436,3358.073,3324.505,3425.2089999999994,bullish,True,1123841.0307119873,57315892.56631135,2.0
1970-01-01 00:00:00.000097632,3300.893,3291.47,3319.7390000000005,bullish,True,1146317.851326227,58462210.41763758,2.0
1970-01-01 00:00:00.000097713,3324.108,3320.045,3332.2340000000004,bullish,True,1169244.2083527516,59631454.62599033,2.0
1970-01-01 00:00:00.000097906,3299.657,3294.998,3308.9750000000004,bullish,True,1192629.0925198067,60824083.718510136,2.0
1970-01-01 00:00:00.000097984,3322.465,3303.38,3360.635,bullish,True,1216481.6743702027,62040565.392880335,2.0
1970-01-01 00:00:00.000098010,3357.775,3353.114,3367.097,bullish,True,1240811.3078576068,63281376.700737946,2.0
1970-01-01 00:00:00.000098171,3360.084,3361.52,3357.2119999999995,bearish,True,1265627.534014759,64547004.23475271,2.0
1970-01-01 00:00:00.000098197,3350.87,3364.973,3322.664,bearish,True,1290940.0846950335,65837944.31944774,1.9999999999999678
1970-01-01 00:00:00.000098312,3350.683,3383.275,3285.499,bearish,True,1316758.886388955,67154703.2058367,2.0
1970-01-01 00:00:00.000098471,3325.689,3312.439,3352.189,bullish,True,1343094.064116734,68497797.26995343,2.0
1970-01-01 00:00:00.000098519,3331.364,3335.478,3323.136,bearish,True,1369955.9453990685,69867753.2153525,2.0
1970-01-01 00:00:00.000098538,3323.469,3327.913,3314.581,bearish,True,1397355.06430705,71265108.27965955,2.0
1970-01-01 00:00:00.000098599,3326.679,3349.153,3281.7310000000007,bearish,True,1425302.165593191,72690410.44525275,2.0
1970-01-01 00:00:00.000098634,3328.3,3315.521,3353.858,bullish,True,1453808.208905055,74144218.6541578,2.0
1970-01-01 00:00:00.000098646,3336.753,3327.142,3355.975000000001,bullish,True,1482884.373083156,75627103.02724096,2.0
1970-01-01 00:00:00.000098700,3329.4,3342.764,3302.672,bearish,True,1512542.0605448193,77139645.08778578,2.0
1970-01-01 00:00:00.000098702,3327.083,3332.528,3316.1930000000007,bearish,True,1542792.9017557157,78682437.9895415,2.0
1970-01-01 00:00:00.000099329,3344.74,3357.665,3318.8899999999994,bearish,True,1573648.75979083,80256086.74933232,2.0
1970-01-01 00:00:00.000099331,3344.051,3348.71,3334.733,bearish,True,1605121.734986568,81861208.4843189,1.9999999999999023
1970-01-01 00:00:00.000099404,3365.074,3373.551,3348.1200000000003,bearish,True,1637224.169686378,83498432.65400527,2.0
1970-01-01 00:00:00.000099496,3351.048,3361.251,3330.641999999999,bearish,True,1669968.6530801055,85168401.30708538,2.0
1970-01-01 00:00:00.000099596,3325.177,3322.317,3330.8970000000004,bullish,True,1703368.0261417076,86871769.33322708,2.0
1970-01-01 00:00:00.000099624,3335.189,3326.754,3352.059,bullish,True,1737435.3866645882,88609204.71989167,2.0000000000000537
1970-01-01 00:00:00.000099766,3330.012,3334.793,3320.4500000000003,bearish,True,1772184.0943978333,90381388.8142895,2.0
1970-01-01 00:00:00.000099992,3321.608,3315.696,3333.4320000000007,bullish,True,1807627.77628579,92189016.59057528,2.0
1970-01-01 00:00:00.000099993,3321.161,3315.696,3332.0910000000003,bullish,True,1843780.3318115056,94032796.92238678,2.0
1970-01-01 00:00:00.000099994,3321.426,3318.893,3326.492,bullish,True,1880655.9384479045,95913452.86083469,2.0000000000001794
1970-01-01 00:00:00.000099996,3322.901,3318.893,3330.9169999999995,bullish,True,1918269.0572166939,97831721.91805138,2.0
1970-01-01 00:00:00.000099997,3322.98,3321.981,3324.978,bullish,True,1956634.438361473,99788356.35641284,2.000000000000455
1970-01-01 00:00:00.000100009,3339.497,3333.542,3351.407,bullish,True,1995767.127128333,101784123.48354118,2.0000000000000764
1970-01-01 00:00:00.000100022,3350.754,3345.242,3361.778,bullish,True,2035682.4696709076,103819805.95321208,2.0000000000000826
1970-01-01 00:00:00.000100168,3350.81,3365.748,3320.934,bearish,True,2076396.11906421,105896202.0722763,1.9999999999999696
1970-01-01 00:00:00.000100172,3344.766,3365.748,3302.802,bearish,True,2117924.041445526,108014126.11372182,2.0
1970-01-01 00:00:00.000100251,3326.821,3329.551,3321.361,bearish,True,2160282.5222744364,110174408.63599625,2.0
1970-01-01 00:00:00.000100263,3330.609,3323.611,3344.605,bullish,True,2203488.172719925,112377896.80871618,2.0
1970-01-01 00:00:00.000100294,3338.993,3343.782,3329.4149999999995,bearish,True,2247557.936174324,114625454.7448905,2.0
1970-01-01 00:00:00.000100424,3320.953,3316.089,3330.681,bullish,True,2292509.09489781,116917963.8397883,2.0
1970-01-01 00:00:00.000100426,3322.683,3320.082,3327.885,bullish,True,2338359.2767957663,119256323.11658406,2.0
1970-01-01 00:00:00.000100439,3338.487,3328.439,3358.5830000000005,bullish,True,2385126.4623316815,121641449.57891575,2.0
1970-01-01 00:00:00.000100459,3332.7,3337.3,3323.499999999999,bearish,True,2432828.991578315,124074278.57049406,2.0
1970-01-01 00:00:00.000100460,3333.579,3337.3,3326.137,bearish,True,2481485.571409881,126555764.14190394,2.0
1970-01-01 00:00:00.000100478,3333.637,3327.305,3346.301000000001,bullish,True,2531115.2828380787,129086879.42474201,2.0
1970-01-01 00:00:00.000100491,3328.499,3335.536,3314.4249999999997,bearish,True,2581737.588494757,131668617.01323678,1.9999999999999354
1970-01-01 00:00:00.000100492,3326.491,3329.623,3320.227,bearish,True,2633372.3402647357,134301989.3535015,2.0
1970-01-01 00:00:00.000100674,3324.835,3320.676,3333.153,bullish,True,2686039.787069883,136988029.1405714,1.9999999999998908
1970-01-01 00:00:00.000100746,3326.532,3323.257,3333.0820000000003,bullish,True,2739760.582811428,139727789.7233828,2.0
1970-01-01 00:00:00.000000262,1800.523,1815.282,1771.005,bearish,True,2794555.7944676345,142522345.51785043,1.9999999999999847
1970-01-01 00:00:00.000000590,1801.027,1805.57,1791.9410000000005,bearish,True,2850446.9103569374,145372792.42820737,1.99999999999995
1970-01-01 00:00:00.000001189,1799.715,1792.616,1813.913,bullish,True,2907455.848564194,148280248.27677158,2.000000000000032
1970-01-01 00:00:00.000001703,1750.736,1756.337,1739.5340000000003,bearish,True,2965604.9655354316,151245853.242307,2.0
1970-01-01 00:00:00.000002160,1799.254,1784.842,1828.0779999999995,bullish,True,3024917.0648461403,154270770.30715314,2.0
1970-01-01 00:00:00.000003588,1798.639,1795.03,1805.857,bullish,True,3085415.40614316,157356185.7132963,2.000000000000063
1970-01-01 00:00:00.000003589,1798.578,1795.03,1805.674,bullish,True,3147123.714265926,160503309.4275622,2.0
1970-01-01 00:00:00.000006966,1801.406,1790.365,1823.488,bullish,True,3210066.188551277,163713375.61611348,2.0000000000000204
1970-01-01 00:00:00.000006967,1801.884,1790.365,1824.922,bullish,True,3274267.51232227,166987643.12843576,2.0
1970-01-01 00:00:00.000006968,1801.884,1790.365,1824.922,bullish,True,3339752.862568715,170327395.99100447,2.0
1970-01-01 00:00:00.000007312,1701.648,1696.266,1712.4119999999996,bullish,True,3406547.9198200894,173733943.91082457,2.0
1970-01-01 00:00:00.000007499,1700.265,1703.148,1694.4990000000005,bearish,True,3474678.8782164915,177208622.78904107,2.0
1970-01-01 00:00:00.000007830,1700.771,1659.578,1783.157,bullish,True,3544172.4557808214,180752795.2448219,2.0
1970-01-01 00:00:00.000008686,1748.512,1745.722,1754.092,bullish,True,3615055.9048965857,184367851.1497185,2.0000000000000817
1970-01-01 00:00:00.000009236,1798.659,1795.021,1805.9350000000004,bullish,True,3687357.0229943697,188055208.17271286,2.0
1970-01-01 00:00:00.000011079,1999.733,1988.773,2021.653,bullish,True,3761104.1634542574,191816312.33616713,2.0
1970-01-01 00:00:00.000011183,2000.539,2010.572,1980.473,bearish,True,3836326.246723386,195652638.5828905,2.0000000000000226
1970-01-01 00:00:00.000011224,2000.4,2008.077,1985.0460000000005,bearish,True,3913052.7716577523,199565691.35454828,1.9999999999999705
1970-01-01 00:00:00.000013382,1901.524,1900.106,1904.36,bullish,True,3991313.8270912855,203557005.18163955,2.0000000000001603
1970-01-01 00:00:00.000014566,1999.844,1992.389,2014.7540000000004,bullish,True,4071140.103632791,207628145.28527233,2.0
1970-01-01 00:00:00.000017003,2198.931,2192.364,2212.065,bullish,True,4152562.905705447,211780708.19097778,2.0
1970-01-01 00:00:00.000018458,2298.992,2317.038,2262.9000000000005,bearish,True,4235614.163819556,216016322.35479733,2.0
1970-01-01 00:00:00.000019102,2398.056,2408.352,2377.4640000000004,bearish,True,4320326.447095946,220336648.8018933,2.0
1970-01-01 00:00:00.000019676,2498.976,2490.54,2515.8480000000004,bullish,True,4406732.9760378655,224743381.77793115,2.0
1970-01-01 00:00:00.000019677,2499.009,2495.597,2505.833,bullish,True,4494867.635558922,229238249.4134901,2.0000000000001332
1970-01-01 00:00:00.000019888,2501.914,2493.759,2518.2240000000006,bullish,True,4584764.988269802,233823014.4017599,2.0
1970-01-01 00:00:00.000019934,2499.28,2496.727,2504.386000000001,bullish,True,4676460.288035198,238499474.68979508,2.0
1970-01-01 00:00:00.000020694,2748.306,2743.827,2757.264,bullish,True,4769989.493796144,243269464.18359122,2.0000000000001017
1970-01-01 00:00:00.000021866,2601.599,2622.635,2559.527,bearish,True,4865389.283671824,248134853.46726304,2.0
1970-01-01 00:00:00.000022261,2748.904,2746.252,2754.208,bullish,True,4962697.069345261,253097550.5366083,2.0
1970-01-01 00:00:00.000022338,2749.478,2772.571,2703.2920000000004,bearish,True,5061951.0107321665,258159501.54734048,2.0
1970-01-01 00:00:00.000022992,2899.878,2919.239,2861.1560000000004,bearish,True,5163190.03094681,263322691.5782873,2.0
1970-01-01 00:00:00.000023195,3001.498,2984.718,3035.0580000000004,bullish,True,5266453.831565746,268589145.40985304,2.0
1970-01-01 00:00:00.000023717,3338.31,3305.222,3404.4859999999994,bullish,True,5371782.908197061,273960928.3180501,2.0
1970-01-01 00:00:00.000023718,3336.694,3305.222,3399.6379999999995,bullish,True,5479218.566361002,279440146.8844111,2.0
1970-01-01 00:00:00.000023736,3315.081,3342.361,3260.5210000000006,bearish,True,5588802.937688222,285028949.8220993,2.0
1970-01-01 00:00:00.000023854,3336.917,3325.428,3359.895,bullish,True,5700578.996441986,290729528.8185413,2.0
1970-01-01 00:00:00.000023872,3294.514,3354.232,3175.0780000000004,bearish,True,5814590.576370826,296544119.3949121,2.0
1970-01-01 00:00:00.000023907,3336.556,3286.823,3436.0220000000004,bullish,True,5930882.387898243,302475001.7828104,2.0
1970-01-01 00:00:00.000023909,3349.015,3286.823,3473.399,bullish,True,6049500.035656208,308524501.8184666,2.0
1970-01-01 00:00:00.000023947,3284.573,3314.67,3224.3789999999995,bearish,True,6170490.036369332,314694991.8548359,2.0
1970-01-01 00:00:00.000023951,3298.609,3314.67,3266.487,bearish,True,6293899.83709663,320988891.69193256,1.9999999999999716
1970-01-01 00:00:00.000023992,3251.925,3227.533,3300.7090000000007,bullish,True,6419777.833838651,327408669.5257712,2.0
1970-01-01 00:00:00.000024098,3330.509,3369.602,3252.3230000000003,bearish,True,6548173.390515424,333956842.91628665,2.0
1970-01-01 00:00:00.000024118,3332.964,3322.014,3354.864,bullish,True,6679136.858325873,340635979.77461255,2.0000000000000417
1970-01-01 00:00:00.000024121,3337.145,3320.298,3370.8390000000004,bullish,True,6812719.595492251,347448699.3701048,2.0
1970-01-01 00:00:00.000024123,3336.893,3320.298,3370.0830000000005,bullish,True,6948973.987402096,354397673.3575069,2.0
1970-01-01 00:00:00.000024324,3338.147,3302.769,3408.903,bullish,True,7087953.467150092,361485626.82465696,1.9999999999999871
1970-01-01 00:00:00.000024346,3300.146,3289.009,3322.4200000000005,bullish,True,7229712.536493139,368715339.3611501,2.0
1970-01-01 00:00:00.000024347,3301.0,3286.972,3329.056,bullish,True,7374306.787223121,376089646.1483732,2.0000000000000324
1970-01-01 00:00:00.000024360,3340.029,3323.352,3373.3830000000003,bullish,True,7521792.922967464,383611439.0713407,2.0
1970-01-01 00:00:00.000024377,3337.229,3351.906,3307.8749999999995,bearish,True,7672228.781426813,391283667.85276747,2.0
1970-01-01 00:00:00.000024378,3337.296,3351.906,3308.076,bearish,True,7825673.357055227,399109341.2098227,1.999999999999969
1970-01-01 00:00:00.000024403,3298.62,3347.229,3201.402,bearish,True,7982186.824196454,407091528.0340192,2.0
1970-01-01 00:00:00.000024409,3299.883,3304.901,3289.847,bearish,True,8141830.560680015,415233358.5946992,1.9999999999999094
1970-01-01 00:00:00.000024452,3282.103,3276.276,3293.7570000000005,bullish,True,8304667.171893984,423538025.7665932,2.0
1970-01-01 00:00:00.000024454,3299.719,3276.276,3346.6050000000005,bullish,True,8470760.515331864,432008786.2819251,2.0
1970-01-01 00:00:00.000024491,3311.418,3271.526,3391.2020000000007,bullish,True,8640175.725638501,440648962.0075636,2.0
1970-01-01 00:00:00.000024528,3345.698,3363.095,3310.904,bearish,True,8812979.240151271,449461941.2477149,2.0
1970-01-01 00:00:00.000024627,3337.588,3310.698,3391.368000000001,bullish,True,8989238.824954297,458451180.07266915,2.0
1970-01-01 00:00:00.000024647,3337.237,3328.2,3355.3110000000006,bullish,True,9169023.601453383,467620203.6741225,2.0
1970-01-01 00:00:00.000024661,3338.267,3327.142,3360.517,bullish,True,9352404.07348245,476972607.74760497,2.0
1970-01-01 00:00:00.000024662,3339.416,3327.142,3363.964000000001,bullish,True,9539452.1549521,486512059.9025571,2.0
1970-01-01 00:00:00.000024673,3337.564,3326.11,3360.4719999999998,bullish,True,9730241.198051333,496242301.1006084,2.0000000000000395
1970-01-01 00:00:00.000024922,3339.028,3331.273,3354.537999999999,bullish,True,9924846.022012169,506167147.1226206,2.0
1970-01-01 00:00:00.000024925,3339.471,3329.181,3360.051,bullish,True,10123342.942452412,516290490.065073,2.0
1970-01-01 00:00:00.000024989,3298.414,3277.955,3339.332000000001,bullish,True,10325809.80130146,526616299.8663745,2.0
1970-01-01 00:00:00.000024993,3311.444,3302.298,3329.7360000000003,bullish,True,10532325.99732749,537148625.8637019,2.0
1970-01-01 00:00:00.000024994,3312.441,3302.298,3332.727,bullish,True,10742972.517274039,547891598.380976,2.0
1970-01-01 00:00:00.000024998,3321.161,3302.298,3358.8870000000006,bullish,True,10957831.96761952,558849430.3485955,2.0
1970-01-01 00:00:00.000025002,3339.497,3302.298,3413.895,bullish,True,11176988.60697191,570026418.9555674,2.0
1970-01-01 00:00:00.000025003,3339.525,3302.298,3413.9790000000007,bullish,True,11400528.379111348,581426947.3346786,2.0
1970-01-01 00:00:00.000025012,3339.695,3336.981,3345.123,bullish,True,11628538.946693573,593055486.2813722,2.0
1970-01-01 00:00:00.000025014,3338.005,3336.981,3340.053,bullish,True,11861109.725627445,604916596.0069996,2.0
1970-01-01 00:00:00.000025020,3332.194,3344.987,3306.608,bearish,True,12098331.920139778,617014927.9271394,1.9999999999999645
1970-01-01 00:00:00.000025024,3338.743,3343.951,3328.327,bearish,True,12340298.55854225,629355226.4856817,1.9999999999999127
1970-01-01 00:00:00.000025070,3338.35,3326.143,3362.764,bullish,True,12587104.529713867,641942331.0153955,2.0000000000000373
1970-01-01 00:00:00.000025071,3340.817,3326.143,3370.165,bullish,True,12838846.620307911,654781177.6357034,2.0
1970-01-01 00:00:00.000025072,3339.491,3326.143,3366.187,bullish,True,13095623.552714068,667876801.1884176,2.0
1970-01-01 00:00:00.000025110,3336.988,3296.296,3418.372,bullish,True,13357536.02376835,681234337.2121859,2.0
1970-01-01 00:00:00.000025113,3339.804,3296.296,3426.8200000000006,bullish,True,13624686.744243717,694859023.9564296,2.0
1970-01-01 00:00:00.000025128,3315.27,3329.864,3286.082,bearish,True,13897180.479128592,708756204.4355582,2.0
1970-01-01 00:00:00.000025156,3309.498,3283.24,3362.0140000000006,bullish,True,14175124.088711165,722931328.5242693,2.0
2021-07-26 12:00:00.000000000,1799.42,1811.448,1775.364,bearish,True,14458626.570485387,737389955.0947547,2.0
2021-12-16 20:00:00.000000000,1798.708,1782.164,1831.7960000000005,bullish,True,14747799.101895196,752137754.1966499,2.0000000000000138
2022-01-10 16:00:00.000000000,1800.849,1790.033,1822.481,bullish,True,15042755.083932998,767180509.2805829,2.0
2022-10-03 20:00:00.000000000,1700.996,1659.578,1783.8320000000003,bullish,True,15343610.185611658,782524119.4661945,2.0
2022-10-04 00:00:00.000000000,1699.695,1695.125,1708.8349999999998,bullish,True,15650482.38932389,798174601.8555183,2.0
2022-11-22 08:00:00.000000000,1748.512,1732.473,1780.59,bullish,True,15963492.037110368,814138093.8926287,2.0
2022-12-09 08:00:00.000000000,1800.377,1788.899,1823.333,bullish,True,16282761.877852574,830420855.7704812,2.0
2022-12-23 12:00:00.000000000,1800.527,1791.14,1819.301,bullish,True,16608417.115409626,847029272.8858908,2.0
2025-01-16 04:00:00.000000000,2698.271,2689.907,2714.9990000000003,bullish,True,16940585.457717817,863969858.3436086,2.0
2025-01-31 08:00:00.000000000,2800.195,2791.0,2818.5850000000005,bullish,True,17279397.166872174,881249255.5104808,2.0
2025-04-16 04:00:00.000000000,3300.482,3211.627,3478.192,bullish,True,17624985.110209614,898874240.6206903,2.0
2025-04-16 12:00:00.000000000,3325.328,3211.627,3552.73,bullish,True,17977484.812413808,916851725.4331042,2.0
2025-04-28 12:00:00.000000000,3325.005,3273.284,3428.447,bullish,True,18337034.508662082,935188759.9417663,2.0
2025-05-05 16:00:00.000000000,3328.793,3305.577,3375.225,bullish,True,18703775.198835324,953892535.1406016,2.0
2025-05-08 08:00:00.000000000,3344.381,3414.851,3203.441,bearish,True,19077850.702811975,972970385.8434136,1.9999999999999936
2025-05-21 12:00:00.000000000,3311.978,3290.693,3354.548,bullish,True,19459407.716868274,992429793.5602819,2.0
2025-06-10 12:00:00.000000000,3326.692,3349.153,3281.7700000000004,bearish,True,19848595.87120564,1012278389.4314876,2.0
2025-06-24 20:00:00.000000000,3324.142,3325.184,3322.057999999999,bearish,True,20245567.78862975,1032523957.2201173,2.0
2025-06-25 12:00:00.000000000,3325.627,3337.096,3302.689,bearish,True,20650479.144402348,1053174436.3645197,2.0
2025-06-26 20:00:00.000000000,3318.758,3350.37,3255.534,bearish,True,21063488.727290243,1074237925.09181,1.9999999999999856
2025-07-02 16:00:00.000000000,3358.258,3327.563,3419.6479999999992,bullish,True,21484758.5018362,1095722683.5936463,2.0
2025-07-10 16:00:00.000000000,3324.826,3330.337,3313.804,bearish,True,21914453.671872925,1117637137.2655191,2.0
2025-07-11 00:00:00.000000000,3333.765,3310.064,3381.167,bullish,True,22352742.745310385,1139989880.0108294,2.0
2021-09-23 00:00:00.000000000,99000.0,1746.198,293507.604,bullish,True,22799797.60021659,1162789677.611046,2.0
2022-02-22 00:00:00.000000000,103098.0,1898.158,305497.684,bullish,True,23255793.552220922,1186045471.163267,2.0
2022-03-31 00:00:00.000000000,110699.0,1916.354,328264.292,bullish,True,23720909.42326534,1209766380.5865324,2.0000000000000004
2022-04-11 00:00:00.000000000,114250.0,1920.618,338908.764,bullish,True,24195327.61173065,1233961708.198263,2.0000000000000004
2022-04-12 00:00:00.000000000,112599.0,1920.618,333955.764,bullish,True,24679234.163965262,1258640942.3622282,2.0000000000000004
2022-04-18 00:00:00.000000000,100398.0,1920.618,297352.764,bullish,True,25172818.847244572,1283813761.2094727,2.0000000000000004
2022-04-29 00:00:00.000000000,112102.0,1885.633,332534.734,bullish,True,25676275.224189453,1309490036.4336622,2.0
2022-06-01 00:00:00.000000000,96101.0,1836.404,284630.19200000004,bullish,True,26189800.728673253,1335679837.1623354,2.0000000000000004
2022-06-17 00:00:00.000000000,109101.0,1810.902,323681.196,bullish,True,26713596.743246708,1362393433.9055822,2.0
2022-12-05 00:00:00.000000000,110100.0,1769.348,326761.304,bullish,True,27247868.678111643,1389641302.5836937,2.0
2023-11-20 00:00:00.000000000,95902.0,1980.635,283744.73,bullish,True,27792826.05167387,1417434128.6353676,1.9999999999999998
2024-01-09 00:00:00.000000000,108999.0,2042.666,322911.668,bullish,True,28348682.572707355,1445782811.208075,2.0
