datetime,open,high,low,close,volume,swing_high,swing_low,bos,choch,trend_state,pattern_code,candle_pattern,bias_bull,conf_structure,conf_bos_or_choch,conf_candle,conf_sr_zone,conf_psych_level,conf_fib_zone,bias_bull,primary_score,secondary_score,total_confluence,score,num_confs,atr,hour,dow
2025-07-03 05:45:00,3352.664,3360.466,3352.438,3359.279,2515,,,,,,0,none,0,0,0,0,0,0,1,0,0,1,1,0,1,8.027999999999793,5,3
2025-07-03 06:00:00,3359.345,3363.677,3358.368,3358.779,2356,,,,,,0,none,0,0,0,0,0,0,1,0,0,1,1,0,1,6.6684999999999945,6,3
2025-07-03 06:15:00,3358.744,3361.027,3357.109,3360.039,1821,,,,,,1,bullish_engulfing,0,0,0,1,0,0,1,0,1,1,2,1,2,5.751666666666703,6,3
2025-07-03 06:30:00,3360.059,3360.741,3356.665,3356.775,1598,,,,,,2,bearish_engulfing,0,0,0,1,0,0,1,0,1,1,2,1,2,5.332750000000033,6,3
2025-07-03 06:45:00,3356.758,3362.048,3356.488,3361.859,1785,,,,,,1,bullish_engulfing,1,0,0,1,0,0,1,0,1,2,3,1,3,5.378200000000016,6,3
2025-07-03 07:00:00,3361.823,3363.116,3356.926,3357.065,1963,3363.116,,,,,0,none,0,1,0,0,1,0,1,0,2,1,3,2,3,5.513500000000022,7,3
2025-07-03 07:15:00,3357.154,3358.254,3354.231,3356.326,1988,,,,,bear,0,none,0,0,0,0,0,0,1,0,0,1,1,0,1,5.300571428571402,7,3
2025-07-03 07:30:00,3356.352,3359.381,3355.137,3355.459,1975,,,,,bear,0,none,0,0,0,0,0,0,1,0,0,1,1,0,1,5.168499999999938,7,3
2025-07-03 07:45:00,3355.513,3355.956,3352.628,3353.077,1829,,,,,bear,0,none,0,0,0,0,0,0,1,0,0,1,1,0,1,4.963999999999942,7,3
2025-07-03 08:00:00,3353.096,3353.877,3352.532,3353.312,1613,,,,,bear,3,hammer,0,0,0,1,1,0,1,0,2,1,3,2,3,4.602099999999927,8,3
2025-07-03 08:15:00,3353.375,3355.213,3351.678,3355.087,1713,,3351.678,,,bear,0,none,0,1,0,0,1,0,1,0,2,1,3,2,3,4.505090909090871,8,3
2025-07-03 08:30:00,3355.052,3358.108,3353.822,3357.471,1730,,,,,bear,0,none,0,0,0,0,0,0,1,0,0,1,1,0,1,4.486833333333304,8,3
2025-07-03 08:45:00,3357.442,3358.378,3355.794,3356.225,1432,3358.378,,,,bear,0,none,0,1,0,0,1,0,1,0,2,1,3,2,3,4.3404615384615335,8,3
2025-07-03 09:00:00,3356.183,3356.423,3352.541,3353.139,1493,,,,,bear,0,none,0,0,0,0,1,0,1,0,1,1,2,1,2,4.307714285714253,9,3
2025-07-03 09:15:00,3353.095,3353.5,3349.959,3350.55,1700,,,,,bear,0,none,0,0,0,0,0,0,1,0,0,1,1,0,1,3.9872142857142796,9,3
2025-07-03 09:30:00,3350.54,3351.047,3344.754,3344.984,2549,,,,,bear,0,none,0,0,0,0,0,0,1,0,0,1,1,0,1,4.057499999999989,9,3
2025-07-03 09:45:00,3345.029,3347.294,3343.798,3345.687,2064,,3343.798,,,bear,4,inverted_hammer,0,1,0,1,1,0,1,0,3,1,4,3,4,4.027357142857129,9,3
2025-07-03 10:00:00,3345.673,3347.253,3344.745,3346.365,1644,,,,,bear,0,none,0,0,0,0,1,0,1,0,1,1,2,1,2,3.9153571428571468,10,3
2025-07-03 10:15:00,3346.362,3349.66,3346.144,3349.438,1397,,,,,bear,0,none,0,0,0,0,1,0,1,0,1,1,2,1,2,3.769357142857156,10,3
2025-07-03 10:30:00,3349.473,3353.725,3348.964,3353.284,1437,,,,,bear,0,none,0,0,0,0,0,0,1,0,0,1,1,0,1,3.6672857142857214,10,3
2025-07-03 10:45:00,3353.317,3355.368,3352.703,3353.04,1670,3355.368,,,,bear,0,none,0,1,0,0,1,0,1,0,2,1,3,2,3,3.5702857142857414,10,3
2025-07-03 11:00:00,3353.077,3353.717,3347.924,3348.027,1964,,,,,bear,0,none,0,0,0,0,1,0,1,0,1,1,2,1,2,3.6809285714286295,11,3
2025-07-03 11:15:00,3347.986,3348.985,3346.985,3347.815,1489,,,,,bear,5,doji,0,0,0,1,1,0,1,0,2,1,3,2,3,3.5860714285714885,11,3
2025-07-03 11:30:00,3347.802,3348.041,3344.608,3345.939,1530,,,,,bear,0,none,0,0,0,0,0,0,1,0,0,1,1,0,1,3.7352142857143593,11,3
2025-07-03 11:45:00,3345.971,3346.716,3342.981,3346.073,1873,,,,,bear,3,hammer,0,0,0,1,1,0,1,0,2,1,3,2,3,3.7495000000000283,11,3
2025-07-03 12:00:00,3346.041,3348.073,3342.952,3347.675,2449,,,,,bear,0,none,0,0,0,0,1,0,1,0,1,1,2,1,2,3.8091428571428554,12,3
2025-07-03 12:15:00,3347.686,3352.306,3347.499,3349.744,2661,3352.306,,,,bear,0,none,0,1,0,0,0,0,1,0,1,1,2,1,2,3.9679285714285664,12,3
2025-07-03 12:30:00,3349.743,3349.879,3311.535,3312.114,14471,,3311.535,,,bear,0,none,0,1,0,0,0,0,1,0,1,1,2,1,2,6.429500000000027,12,3
2025-07-03 12:45:00,3312.144,3325.68,3311.789,3324.503,9749,,,,,bear,0,none,0,0,0,0,1,0,1,0,1,1,2,1,2,7.168785714285702,12,3
2025-07-03 13:00:00,3324.555,3330.684,3322.063,3327.974,7300,,,,,bear,0,none,0,0,0,0,1,0,1,0,1,1,2,1,2,7.335071428571415,13,3
2025-07-03 13:15:00,3328.001,3334.238,3327.12,3332.258,4506,,,,,bear,0,none,0,0,0,0,1,0,1,0,1,1,2,1,2,7.593785714285689,13,3
2025-07-03 13:30:00,3332.309,3338.551,3330.601,3337.475,5629,3338.551,,,,bear,0,none,0,1,0,0,1,0,1,0,2,1,3,2,3,7.982499999999943,13,3
2025-07-03 13:45:00,3337.444,3337.532,3332.081,3332.223,3720,,,,,bear,0,none,0,0,0,0,1,0,1,0,1,1,2,1,2,8.120714285714225,13,3
2025-07-03 14:00:00,3332.257,3334.681,3326.35,3331.292,4922,,,,,bear,0,none,0,0,0,0,1,0,1,0,1,1,2,1,2,8.375714285714237,14,3
2025-07-03 14:15:00,3331.321,3332.31,3323.441,3327.611,4421,,,,,bear,0,none,0,0,0,0,0,0,1,0,0,1,1,0,1,8.818857142857107,14,3
2025-07-03 14:30:00,3327.629,3331.313,3325.66,3326.113,3373,,,,,bear,0,none,0,0,0,0,0,0,1,0,0,1,1,0,1,8.808857142857116,14,3
2025-07-03 14:45:00,3326.139,3329.286,3323.556,3324.643,2669,,,,,bear,0,none,0,0,0,0,0,0,1,0,0,1,1,0,1,9.075285714285688,14,3
2025-07-03 15:00:00,3324.636,3328.912,3323.022,3327.44,2801,,3323.022,,,bear,1,bullish_engulfing,0,1,0,1,1,0,1,0,3,1,4,3,4,9.25078571428568,15,3
2025-07-03 15:15:00,3327.473,3331.481,3327.251,3329.398,2285,3331.481,,,,bear,0,none,0,1,0,0,1,0,1,0,2,1,3,2,3,9.286142857142847,15,3
2025-07-03 15:30:00,3329.384,3330.141,3326.881,3327.688,1907,,,,,bear,0,none,0,0,0,0,1,0,1,0,1,1,2,1,2,9.153214285714316,15,3
2025-07-03 15:45:00,3327.695,3328.533,3326.41,3328.045,1696,,,,,bear,3,hammer,0,0,0,1,1,0,1,0,2,1,3,2,3,8.961500000000017,15,3
2025-07-03 16:00:00,3328.106,3328.743,3326.374,3326.735,1531,,,,,bear,2,bearish_engulfing,0,0,0,1,1,0,1,0,2,1,3,2,3,6.391857142857167,16,3
2025-07-03 16:15:00,3326.776,3328.599,3325.676,3328.536,1448,,3325.676,,,bear,0,none,0,1,0,0,1,0,1,0,2,1,3,2,3,5.608428571428639,16,3
2025-07-03 16:30:00,3328.528,3332.677,3328.528,3332.15,1607,,,↑,↑,bull,0,none,0,0,1,0,0,0,1,0,1,1,2,1,2,5.289000000000085,16,3
2025-07-03 16:45:00,3332.196,3334.714,3331.988,3333.866,1793,,,↑,,bull,0,none,0,0,1,0,0,0,1,0,1,1,2,1,2,4.975285714285811,16,3
2025-07-03 17:00:00,3333.827,3334.862,3332.832,3333.604,1264,3334.862,,↑,,bull,0,none,1,1,1,0,1,0,1,0,3,2,5,3,5,4.552428571428696,17,3
2025-07-03 17:15:00,3333.545,3334.064,3332.309,3332.444,1194,,,↑,,bull,0,none,1,0,1,0,1,0,1,0,2,2,4,2,4,4.288428571428669,17,3
2025-07-03 17:30:00,3332.48,3332.684,3328.973,3330.268,1125,,,,,bull,0,none,0,0,0,0,1,0,1,0,1,1,2,1,2,3.9584285714286773,17,3
2025-07-03 17:45:00,3330.3,3330.594,3328.839,3329.141,722,,,,,bull,0,none,0,0,0,0,0,0,1,0,0,1,1,0,1,3.450285714285818,17,3
2025-07-03 18:00:00,3329.069,3329.2,3328.029,3328.316,616,,,,,bull,0,none,0,0,0,0,0,0,1,0,0,1,1,0,1,3.1301428571429306,18,3
2025-07-03 18:15:00,3328.384,3329.424,3327.843,3329.212,679,,,,,bull,0,none,0,0,0,0,1,0,1,0,1,1,2,1,2,2.8337857142857956,18,3
2025-07-03 18:30:00,3329.207,3329.448,3328.392,3328.765,558,,,,,bull,0,none,0,0,0,0,1,0,1,0,1,1,2,1,2,2.4885000000000934,18,3
2025-07-03 18:45:00,3328.692,3330.286,3328.689,3329.132,650,3330.286,,,,bull,4,inverted_hammer,0,1,0,1,1,0,1,0,3,1,4,3,4,2.3004285714286783,18,3
2025-07-03 19:00:00,3329.1,3329.285,3327.011,3328.104,760,,3327.011,,,bull,0,none,0,1,0,0,0,0,1,0,1,1,2,1,2,2.230000000000083,19,3
2025-07-03 19:15:00,3328.1,3329.089,3327.957,3328.746,524,,,,,bull,0,none,0,0,0,0,1,0,1,0,1,1,2,1,2,2.15921428571437,19,3
2025-07-03 19:30:00,3328.743,3329.551,3328.344,3328.915,539,,,,,bull,3,hammer,0,0,0,1,1,0,1,0,2,1,3,2,3,2.076214285714351,19,3
2025-07-03 19:45:00,3328.916,3329.071,3328.283,3328.749,613,,,,,bull,0,none,0,0,0,0,1,0,1,0,1,1,2,1,2,1.9237142857143357,19,3
2025-07-03 20:00:00,3328.713,3328.911,3326.566,3326.652,531,,,↓,↓,bear,0,none,0,0,1,0,0,0,1,0,1,1,2,1,2,1.7948571428571864,20,3
2025-07-03 20:15:00,3326.662,3327.343,3325.807,3326.821,525,,,↓,,bear,3,hammer,0,0,1,1,1,0,1,0,3,1,4,3,4,1.7098571428571827,20,3
2025-07-03 20:30:00,3326.778,3327.427,3326.142,3327.15,432,,,,,bear,0,none,0,0,0,0,1,0,1,0,1,1,2,1,2,1.6566428571429046,20,3
2025-07-03 20:45:00,3327.077,3327.098,3325.321,3326.687,565,,,↓,,bear,0,none,0,0,1,0,1,0,1,0,2,1,3,2,3,1.6619285714286565,20,3
2025-07-03 22:00:00,3326.167,3326.227,3323.611,3324.483,839,,3323.611,↓,,bear,0,none,0,1,1,0,0,0,1,0,2,1,3,2,3,1.616571428571498,22,3
2025-07-03 22:15:00,3324.484,3325.416,3323.97,3325.089,695,,,↓,,bear,0,none,0,0,1,0,1,0,1,0,2,1,3,2,3,1.5945000000000877,22,3
2025-07-03 22:30:00,3325.15,3327.937,3325.001,3327.705,807,,,,,bear,0,none,0,0,0,0,0,0,1,0,0,1,1,0,1,1.7205714285715072,22,3
2025-07-03 22:45:00,3327.73,3329.607,3327.041,3329.07,898,,,,,bear,0,none,0,0,0,0,0,0,1,0,0,1,1,0,1,1.7909285714286267,22,3
2025-07-03 23:00:00,3329.036,3330.448,3328.526,3330.448,1098,,,,,bear,0,none,1,0,0,0,0,0,1,0,0,2,2,0,2,1.8527857142857687,23,3
2025-07-03 23:15:00,3330.385,3331.459,3329.117,3330.609,905,,,,,bear,3,hammer,1,0,0,1,0,0,1,0,1,2,3,1,3,1.9060000000000141,23,3
2025-07-03 23:30:00,3330.647,3331.958,3329.405,3331.816,1432,,,,,bear,0,none,1,0,0,0,0,0,1,0,0,2,2,0,2,1.9259285714285852,23,3
2025-07-03 23:45:00,3331.886,3332.025,3329.443,3330.871,1081,3332.025,,,,bear,0,none,1,1,0,0,1,0,1,0,2,2,4,2,4,2.029500000000001,23,3
2025-07-04 00:00:00,3330.875,3331.12,3326.161,3326.396,1518,,,↓,,bear,0,none,1,0,1,0,0,0,1,0,1,2,3,1,3,2.297499999999997,0,4
2025-07-04 00:15:00,3326.325,3329.129,3325.869,3328.318,1475,,3325.869,,,bear,0,none,0,1,0,0,1,0,1,0,2,1,3,2,3,2.4740714285714085,0,4
2025-07-04 00:30:00,3328.311,3329.495,3327.972,3328.821,1293,,,,,bear,0,none,0,0,0,0,1,0,1,0,1,1,2,1,2,2.415357142857082,0,4
2025-07-04 00:45:00,3328.816,3330.83,3328.356,3328.996,1110,,,,,bear,3,hammer,0,0,0,1,1,0,1,0,2,1,3,2,3,2.4823571428570568,0,4
2025-07-04 01:00:00,3328.948,3329.74,3326.429,3329.524,1772,,,,,bear,3,hammer,1,0,0,1,1,0,1,0,2,2,4,2,4,2.6270714285712984,1,4
2025-07-04 01:15:00,3329.529,3334.296,3329.431,3332.592,1816,3334.296,,↑,↑,bull,0,none,1,1,1,0,0,0,1,0,2,2,4,2,4,2.843928571428413,1,4
2025-07-04 01:30:00,3332.538,3332.732,3328.054,3331.07,1641,,,,,bull,0,none,1,0,0,0,1,0,1,0,1,2,3,1,3,2.9583571428569746,1,4
2025-07-04 01:45:00,3331.104,3332.037,3329.228,3330.056,1716,,,,,bull,0,none,1,0,0,0,1,0,1,0,1,2,3,1,3,3.0557142857140724,1,4
2025-07-04 02:00:00,3330.088,3331.265,3328.805,3330.436,1571,,,,,bull,3,hammer,1,0,0,1,1,0,1,0,2,2,4,2,4,3.021714285714097,2,4
2025-07-04 02:15:00,3330.408,3331.934,3329.519,3331.483,1308,,,,,bull,0,none,1,0,0,0,1,0,1,0,1,2,3,1,3,3.0109285714284266,2,4
2025-07-04 02:30:00,3331.572,3332.443,3328.927,3329.819,1458,,,,,bull,2,bearish_engulfing,1,0,0,1,0,0,1,0,1,2,3,1,3,3.124785714285573,2,4
2025-07-04 02:45:00,3329.812,3330.043,3327.079,3327.333,1535,,,,,bull,0,none,0,0,0,0,0,0,1,0,0,1,1,0,1,3.169214285714166,2,4
2025-07-04 03:00:00,3327.29,3329.419,3326.143,3329.388,1365,,3326.143,,,bull,0,none,0,1,0,0,1,0,1,0,2,1,3,2,3,3.22085714285702,3,4
2025-07-04 03:15:00,3329.38,3333.041,3329.024,3332.859,1301,,,↑,,bull,0,none,1,0,1,0,0,0,1,0,1,2,3,1,3,3.3233571428570485,3,4
2025-07-04 03:30:00,3332.857,3337.942,3332.778,3337.738,1455,,,↑,,bull,0,none,1,0,1,0,0,0,1,0,1,2,3,1,3,3.337999999999933,3,4
2025-07-04 03:45:00,3337.754,3338.948,3336.908,3338.35,1463,,,↑,,bull,0,none,1,0,1,0,0,0,1,0,1,2,3,1,3,3.25085714285709,3,4
2025-07-04 04:00:00,3338.307,3340.467,3337.973,3340.065,1382,,,↑,,bull,0,none,1,0,1,0,0,0,1,0,1,2,3,1,3,3.3202142857142656,4,4
2025-07-04 04:15:00,3340.048,3342.252,3339.893,3340.717,1383,,,↑,,bull,4,inverted_hammer,1,0,1,1,0,0,1,0,2,2,4,2,4,3.3119999999999954,4,4
2025-07-04 04:30:00,3340.722,3341.937,3340.045,3341.354,1194,,,↑,,bull,0,none,1,0,1,0,0,0,1,0,1,2,3,1,3,3.210642857142862,4,4
2025-07-04 04:45:00,3341.43,3341.635,3339.331,3340.817,1184,,,↑,,bull,0,none,1,0,1,0,1,0,1,0,2,2,4,2,4,3.0277142857143127,4,4
2025-07-04 05:00:00,3340.81,3342.266,3340.782,3341.595,1033,3342.266,,↑,,bull,1,bullish_engulfing,1,1,1,1,0,0,1,0,3,2,5,3,5,2.799571428571458,5,4
2025-07-04 05:15:00,3341.643,3342.018,3340.243,3340.243,925,,,↑,,bull,2,bearish_engulfing,1,0,1,1,1,0,1,0,3,2,5,3,5,2.72571428571434,5,4
2025-07-04 05:30:00,3340.2,3340.648,3338.371,3339.191,1838,,3338.371,↑,,bull,0,none,1,1,1,0,0,0,1,0,2,2,4,2,4,2.7126428571429124,5,4
2025-07-04 05:45:00,3339.238,3340.545,3338.688,3339.491,1296,,,↑,,bull,3,hammer,1,0,1,1,1,0,1,0,3,2,5,3,5,2.6727857142857374,5,4
2025-07-04 06:00:00,3339.565,3344.896,3339.208,3341.794,2540,,,↑,,bull,0,none,1,0,1,0,0,0,1,0,1,2,3,1,3,2.8279285714285964,6,4
2025-07-04 06:15:00,3341.722,3345.098,3341.392,3344.117,1753,3345.098,,↑,,bull,0,none,1,1,1,0,0,0,1,0,2,2,4,2,4,2.8809285714286097,6,4
2025-07-04 06:30:00,3344.092,3344.102,3341.969,3342.314,1203,,,↑,,bull,0,none,1,0,1,0,1,0,1,0,2,2,4,2,4,2.8003571428572025,6,4
2025-07-04 06:45:00,3342.357,3343.12,3341.933,3342.606,1169,,,↑,,bull,4,inverted_hammer,1,0,1,1,1,0,1,0,3,2,5,3,5,2.598214285714318,6,4
2025-07-04 07:00:00,3342.64,3343.782,3337.753,3338.993,1855,,,↑,,bull,2,bearish_engulfing,1,0,1,1,0,0,1,0,2,2,4,2,4,2.660000000000017,7,4
2025-07-04 07:15:00,3338.95,3340.153,3336.384,3337.505,2133,,3336.384,↓,↓,bear,0,none,1,1,1,0,0,0,1,0,2,2,4,2,4,2.7835000000000036,7,4
2025-07-04 07:30:00,3337.463,3342.555,3337.145,3341.553,1843,,,,,bear,1,bullish_engulfing,1,0,0,1,1,0,1,0,2,2,4,2,4,2.9917857142856974,7,4
2025-07-04 07:45:00,3341.532,3343.373,3340.911,3342.947,1536,,,,,bear,0,none,1,0,0,0,0,0,1,0,0,2,2,0,2,2.999142857142845,7,4
2025-07-04 08:00:00,3342.95,3344.086,3340.829,3341.819,1578,,,,,bear,0,none,1,0,0,0,1,0,1,0,1,2,3,1,3,3.0966428571428293,8,4
2025-07-04 08:15:00,3341.823,3344.17,3341.769,3342.874,1436,,,,,bear,0,none,1,0,0,0,1,0,1,0,1,2,3,1,3,3.1035714285714158,8,4
2025-07-04 08:30:00,3342.939,3344.247,3341.819,3343.1,1094,3344.247,,,,bear,3,hammer,1,1,0,1,0,0,1,0,2,2,4,2,4,3.1709999999999843,8,4
2025-07-04 08:45:00,3343.008,3343.908,3341.596,3342.804,1271,,,,,bear,5,doji,1,0,0,1,1,0,1,0,2,2,4,2,4,3.209357142857113,8,4
2025-07-04 09:00:00,3342.803,3343.06,3339.397,3339.91,1215,,,,,bear,0,none,1,0,0,0,0,0,1,0,0,2,2,0,2,3.308357142857111,9,4
2025-07-04 09:15:00,3339.917,3342.167,3338.171,3338.26,1341,,,↓,,bear,0,none,1,0,1,0,0,0,1,0,1,2,3,1,3,3.461142857142834,9,4
2025-07-04 09:30:00,3338.302,3338.713,3332.974,3334.303,2851,,3332.974,↓,,bear,0,none,0,1,1,0,0,0,1,0,2,1,3,2,3,3.464785714285686,9,4
2025-07-04 09:45:00,3334.374,3336.937,3333.89,3334.403,1440,,,↓,,bear,3,hammer,0,0,1,1,1,0,1,0,3,1,4,3,4,3.41771428571425,9,4
2025-07-04 10:00:00,3334.373,3335.965,3334.071,3335.021,1233,,,↓,,bear,0,none,0,0,1,0,1,0,1,0,2,1,3,2,3,3.3995714285713996,10,4
2025-07-04 10:15:00,3335.093,3336.308,3333.327,3334.329,1445,,,↓,,bear,2,bearish_engulfing,0,0,1,1,1,0,1,0,3,1,4,3,4,3.5277142857142474,10,4
2025-07-04 10:30:00,3334.348,3335.951,3331.466,3334.361,1643,,3331.466,↓,,bear,3,hammer,0,1,1,1,1,0,1,0,4,1,5,4,5,3.4174285714285424,10,4
2025-07-04 10:45:00,3334.39,3338.069,3334.035,3336.799,1450,3338.069,,↓,,bear,0,none,0,1,1,0,0,0,1,0,2,1,3,2,3,3.4363571428571373,10,4
2025-07-04 11:00:00,3336.776,3337.035,3335.091,3335.728,1291,,,↓,,bear,0,none,0,0,1,0,1,0,1,0,2,1,3,2,3,3.1887857142857166,11,4
2025-07-04 11:15:00,3335.716,3337.453,3335.111,3337.237,1290,,,↓,,bear,1,bullish_engulfing,0,0,1,1,0,0,1,0,2,1,3,2,3,3.1802142857142957,11,4
2025-07-04 11:30:00,3337.312,3337.832,3336.245,3336.617,924,,,↓,,bear,0,none,0,0,1,0,1,0,1,0,2,1,3,2,3,3.0609285714286085,11,4
2025-07-04 11:45:00,3336.621,3337.272,3334.35,3334.795,1269,,,↓,,bear,0,none,0,0,1,0,1,0,1,0,2,1,3,2,3,3.098142857142875,11,4
2025-07-04 12:00:00,3334.791,3337.83,3333.797,3336.553,1625,,,↓,,bear,0,none,0,0,1,0,1,0,1,0,2,1,3,2,3,3.2127857142857335,12,4
2025-07-04 12:15:00,3336.511,3337.264,3334.112,3335.194,1634,,,↓,,bear,0,none,0,0,1,0,1,0,1,0,2,1,3,2,3,3.2727857142857437,12,4
2025-07-04 12:30:00,3335.213,3336.952,3332.162,3332.921,1546,,,↓,,bear,0,none,0,0,1,0,0,0,1,0,1,1,2,1,2,3.353285714285773,12,4
2025-07-04 12:45:00,3332.928,3335.146,3331.351,3333.931,1876,,3331.351,↓,,bear,0,none,0,1,1,0,1,0,1,0,3,1,4,3,4,3.3389285714286285,12,4
2025-07-04 13:00:00,3333.888,3335.675,3332.254,3333.799,1852,,,↓,,bear,5,doji,0,0,1,1,1,0,1,0,3,1,4,3,4,3.1733571428572174,13,4
2025-07-04 13:15:00,3333.797,3334.959,3333.256,3334.068,1381,,,↓,,bear,1,bullish_engulfing,0,0,1,1,1,0,1,0,3,1,4,3,4,3.0773571428572137,13,4
2025-07-04 13:30:00,3334.06,3337.735,3333.769,3337.721,1649,,,↓,,bear,0,none,0,0,1,0,0,0,1,0,1,1,2,1,2,3.2253571428572223,13,4
2025-07-04 13:45:00,3337.739,3338.059,3333.651,3333.856,2174,3338.059,,↓,,bear,2,bearish_engulfing,0,1,1,1,1,0,1,0,4,1,5,4,5,3.3272857142858356,13,4
2025-07-04 14:00:00,3333.866,3334.096,3331.572,3331.723,2025,,,↓,,bear,0,none,0,0,1,0,0,0,1,0,1,1,2,1,2,3.18721428571439,14,4
2025-07-04 14:15:00,3331.689,3334.214,3331.399,3333.822,1390,,,↓,,bear,0,none,0,0,1,0,1,0,1,0,2,1,3,2,3,3.100142857142958,14,4
2025-07-04 14:30:00,3333.798,3334.146,3330.975,3331.545,1336,,,↓,,bear,0,none,0,0,1,0,0,0,1,0,1,1,2,1,2,3.1877857142858375,14,4
2025-07-04 14:45:00,3331.645,3333.796,3330.866,3333.212,1168,,,↓,,bear,0,none,0,0,1,0,1,0,1,0,2,1,3,2,3,3.2297857142858186,14,4
2025-07-04 15:00:00,3333.21,3333.982,3331.628,3333.014,1242,,,↓,,bear,5,doji,0,0,1,1,1,0,1,0,3,1,4,3,4,3.2845714285715206,15,4
2025-07-04 15:15:00,3332.948,3333.223,3331.931,3332.237,921,,,↓,,bear,0,none,0,0,1,0,1,0,1,0,2,1,3,2,3,3.1681428571429415,15,4
2025-07-04 15:30:00,3332.281,3333.077,3330.831,3332.999,913,,3330.831,↓,,bear,3,hammer,0,1,1,1,1,0,1,0,4,1,5,4,5,3.040500000000098,15,4
2025-07-04 15:45:00,3332.989,3333.401,3332.078,3332.393,766,,,↓,,bear,0,none,0,0,1,0,1,0,1,0,2,1,3,2,3,2.909857142857228,15,4
2025-07-04 16:00:00,3332.357,3333.538,3332.222,3332.996,856,,,↓,,bear,1,bullish_engulfing,0,0,1,1,1,0,1,0,3,1,4,3,4,2.661714285714327,16,4
2025-07-04 16:15:00,3333.071,3334.284,3332.779,3333.832,848,,,↓,,bear,0,none,0,0,1,0,0,0,1,0,1,1,2,1,2,2.498142857142901,16,4
2025-07-04 16:30:00,3333.86,3335.945,3333.733,3335.07,899,,,↓,,bear,0,none,0,0,1,0,0,0,1,0,1,1,2,1,2,2.4117857142857377,16,4
2025-07-06 22:00:00,3341.408,3341.924,3335.916,3338.299,1562,3341.924,,↑,↑,bull,0,none,1,1,1,0,0,0,1,0,2,2,4,2,4,2.779714285714298,22,6
2025-07-06 22:15:00,3338.347,3338.347,3333.094,3333.726,1519,,,,,bull,0,none,1,0,0,0,1,0,1,0,1,2,3,1,3,2.8716428571428554,22,6
2025-07-06 22:30:00,3333.773,3336.299,3333.417,3334.578,1413,,,,,bull,4,inverted_hammer,1,0,0,1,1,0,1,0,2,2,4,2,4,2.762642857142834,22,6
2025-07-06 22:45:00,3334.576,3334.708,3332.388,3333.457,1190,,,,,bull,0,none,0,0,0,0,0,0,1,0,0,1,1,0,1,2.7480714285714254,22,6
2025-07-06 23:00:00,3333.505,3334.51,3330.798,3331.364,1425,,,,,bull,0,none,0,0,0,0,0,0,1,0,0,1,1,0,1,2.8121428571428817,23,6
2025-07-06 23:15:00,3331.376,3331.595,3329.058,3330.824,1579,,,,,bull,0,none,0,0,0,0,0,0,1,0,0,1,1,0,1,2.766857142857134,23,6
2025-07-06 23:30:00,3330.778,3330.778,3326.741,3327.913,1632,,,,,bull,0,none,0,0,0,0,0,0,1,0,0,1,1,0,1,2.8492142857142944,23,6
2025-07-06 23:45:00,3327.94,3328.936,3326.187,3328.853,1681,,,,,bull,0,none,0,0,0,0,1,0,1,0,1,1,2,1,2,2.8774285714286116,23,6
2025-07-07 00:00:00,3328.83,3329.726,3323.052,3325.334,2508,,,,,bull,0,none,0,0,0,0,0,0,1,0,0,1,1,0,1,3.2618571428571874,0,0
2025-07-07 00:15:00,3325.337,3326.201,3322.369,3324.029,1906,,,,,bull,0,none,0,0,0,0,0,0,1,0,0,1,1,0,1,3.3751428571428863,0,0
2025-07-07 00:30:00,3323.987,3325.228,3321.677,3324.915,2025,,,,,bull,3,hammer,0,0,0,1,1,0,1,0,2,1,3,2,3,3.534285714285748,0,0
2025-07-07 00:45:00,3324.904,3326.505,3323.995,3326.505,1829,,,,,bull,0,none,0,0,0,0,1,0,1,0,1,1,2,1,2,3.619571428571492,0,0
2025-07-07 01:00:00,3326.528,3327.691,3310.582,3311.011,5831,3327.691,,,,bull,2,bearish_engulfing,0,1,0,1,0,0,1,0,2,1,3,2,3,4.734142857142907,1,0
2025-07-07 01:15:00,3311.057,3314.379,3306.618,3312.246,4523,,3306.618,,,bull,3,hammer,0,1,0,1,1,0,1,0,3,1,4,3,4,5.1305000000000485,1,0
2025-07-07 01:30:00,3312.248,3318.888,3311.972,3317.065,2822,,,,,bull,0,none,0,0,0,0,1,0,1,0,1,1,2,1,2,5.134928571428612,1,0
2025-07-07 01:45:00,3317.057,3320.03,3315.853,3316.554,2144,,,,,bull,0,none,0,0,0,0,1,0,1,0,1,1,2,1,2,5.058071428571468,1,0
2025-07-07 02:00:00,3316.587,3317.778,3312.501,3315.018,2566,,,,,bull,0,none,0,0,0,0,1,0,1,0,1,1,2,1,2,5.229142857142863,2,0
2025-07-07 02:15:00,3315.0,3316.303,3312.643,3314.729,1850,,,,,bull,5,doji,0,0,0,1,1,0,1,0,2,1,3,2,3,5.324857142857127,2,0
2025-07-07 02:30:00,3314.732,3315.511,3308.175,3309.54,2717,,,,,bull,0,none,0,0,0,0,0,0,1,0,0,1,1,0,1,5.583714285714223,2,0
2025-07-07 02:45:00,3309.486,3310.124,3305.982,3308.943,2388,,3305.982,,,bull,0,none,0,1,0,0,0,0,1,0,1,1,2,1,2,5.698357142857081,2,0
2025-07-07 03:00:00,3308.903,3313.074,3307.097,3312.164,2294,,,,,bull,1,bullish_engulfing,0,0,0,1,1,0,1,0,2,1,3,2,3,5.833642857142779,3,0
2025-07-07 03:15:00,3312.16,3315.321,3311.469,3313.076,2088,,,,,bull,4,inverted_hammer,0,0,0,1,1,0,1,0,2,1,3,2,3,5.912428571428466,3,0
2025-07-07 03:30:00,3313.061,3314.07,3309.774,3310.408,2196,,,,,bull,0,none,0,0,0,0,1,0,1,0,1,1,2,1,2,5.7425714285713445,3,0
2025-07-07 03:45:00,3310.402,3311.481,3309.768,3310.848,1252,,,,,bull,0,none,0,0,0,0,1,0,1,0,1,1,2,1,2,5.591214285714224,3,0
2025-07-07 04:00:00,3310.892,3312.261,3308.769,3311.334,1955,,,,,bull,3,hammer,0,0,0,1,1,0,1,0,2,1,3,2,3,5.586999999999956,4,0
2025-07-07 04:15:00,3311.336,3312.343,3305.219,3307.417,2269,,3305.219,,,bull,2,bearish_engulfing,0,1,0,1,0,0,1,0,2,1,3,2,3,5.916571428571355,4,0
2025-07-07 04:30:00,3307.429,3309.465,3305.241,3305.491,2365,,,↓,↓,bear,0,none,0,0,1,0,0,0,1,0,1,1,2,1,2,4.996214285714229,4,0
2025-07-07 04:45:00,3305.52,3308.782,3305.505,3307.706,1498,,,,,bear,0,none,0,0,0,0,1,0,1,0,1,1,2,1,2,4.676928571428529,4,0
2025-07-07 05:00:00,3307.719,3311.919,3307.009,3311.305,1692,,,,,bear,0,none,0,0,0,0,1,0,1,0,1,1,2,1,2,4.533642857142825,5,0
2025-07-07 05:15:00,3311.334,3312.373,3307.745,3309.209,1814,,,,,bear,0,none,0,0,0,0,1,0,1,0,1,1,2,1,2,4.565857142857112,5,0
2025-07-07 05:30:00,3309.154,3313.441,3307.897,3310.781,2810,,,,,bear,0,none,0,0,0,0,1,0,1,0,1,1,2,1,2,4.584928571428561,5,0
2025-07-07 05:45:00,3310.731,3315.104,3310.627,3313.467,1989,,,,,bear,0,none,0,0,0,0,0,0,1,0,0,1,1,0,1,4.643285714285704,5,0
2025-07-07 06:00:00,3313.422,3315.245,3311.592,3314.419,2222,3315.245,,,,bear,0,none,0,1,0,0,0,0,1,0,1,1,2,1,2,4.380214285714276,6,0
2025-07-07 06:15:00,3314.359,3314.416,3309.407,3311.921,2213,,,,,bear,0,none,0,0,0,0,1,0,1,0,1,1,2,1,2,4.442357142857126,6,0
2025-07-07 06:30:00,3311.82,3312.539,3308.297,3311.816,2879,,,,,bear,5,doji,0,0,0,1,1,0,1,0,2,1,3,2,3,4.318428571428577,6,0
2025-07-07 06:45:00,3311.891,3312.139,3309.104,3309.878,1959,,,,,bear,0,none,0,0,0,0,0,0,1,0,0,1,1,0,1,4.260071428571466,6,0
2025-07-07 07:00:00,3309.827,3313.243,3305.815,3311.063,2769,,,,,bear,3,hammer,0,0,0,1,1,0,1,0,2,1,3,2,3,4.483785714285724,7,0
2025-07-07 07:15:00,3311.046,3312.672,3308.957,3312.013,1906,,,,,bear,3,hammer,0,0,0,1,1,0,1,0,2,1,3,2,3,4.626785714285721,7,0
2025-07-07 07:30:00,3311.959,3311.959,3306.67,3306.748,1936,,,,,bear,0,none,0,0,0,0,0,0,1,0,0,1,1,0,1,4.758999999999982,7,0
2025-07-07 07:45:00,3306.713,3306.713,3300.64,3302.217,2786,,3300.64,↓,,bear,0,none,0,1,1,0,0,0,1,0,2,1,3,2,3,4.68642857142858,7,0
2025-07-07 08:00:00,3302.247,3306.951,3301.231,3306.951,2517,,,,,bear,0,none,0,0,0,0,1,0,1,0,1,1,2,1,2,4.793285714285697,8,0
2025-07-07 08:15:00,3306.975,3310.618,3306.556,3310.435,2120,,,,,bear,0,none,0,0,0,0,1,0,1,0,1,1,2,1,2,4.848357142857107,8,0
2025-07-07 08:30:00,3310.46,3312.749,3309.637,3310.379,1962,3312.749,,,,bear,5,doji,0,1,0,1,1,0,1,0,3,1,4,3,4,4.719928571428519,8,0
2025-07-07 08:45:00,3310.304,3311.038,3308.413,3310.171,1645,,,,,bear,5,doji,0,0,0,1,1,0,1,0,2,1,3,2,3,4.5768571428570795,8,0
2025-07-07 09:00:00,3310.112,3311.91,3309.571,3310.231,1853,,,,,bear,3,hammer,0,0,0,1,1,0,1,0,2,1,3,2,3,4.347928571428513,9,0
2025-07-07 09:15:00,3310.23,3310.686,3307.564,3307.612,1615,,,,,bear,0,none,0,0,0,0,1,0,1,0,1,1,2,1,2,4.25114285714283,9,0
2025-07-07 09:30:00,3307.639,3309.62,3306.103,3309.053,2139,,3306.103,,,bear,0,none,0,1,0,0,1,0,1,0,2,1,3,2,3,4.241428571428547,9,0
2025-07-07 09:45:00,3309.085,3310.599,3307.482,3308.924,2003,,,,,bear,5,doji,0,0,0,1,1,0,1,0,2,1,3,2,3,4.106071428571438,9,0
2025-07-07 10:00:00,3308.941,3310.267,3307.776,3309.668,1623,,,,,bear,0,none,0,0,0,0,1,0,1,0,1,1,2,1,2,3.9809999999999945,10,0
2025-07-07 10:15:00,3309.638,3310.697,3308.087,3308.362,2073,3310.697,,,,bear,0,none,0,1,0,0,1,0,1,0,2,1,3,2,3,3.9506428571428387,10,0
2025-07-07 10:30:00,3308.278,3308.814,3297.391,3298.569,3887,,,↓,,bear,0,none,0,0,1,0,0,0,1,0,1,1,2,1,2,4.235999999999974,10,0
2025-07-07 10:45:00,3298.528,3304.114,3296.296,3302.079,3792,,3296.296,↓,,bear,0,none,0,1,1,0,1,0,1,0,3,1,4,3,4,4.529071428571407,10,0
2025-07-07 11:00:00,3302.114,3307.597,3299.952,3304.51,4015,,,↓,,bear,0,none,0,0,1,0,1,0,1,0,2,1,3,2,3,4.693499999999988,11,0
2025-07-07 11:15:00,3304.495,3305.301,3301.462,3302.378,2500,,,↓,,bear,0,none,0,0,1,0,1,0,1,0,2,1,3,2,3,4.531428571428543,11,0
2025-07-07 11:30:00,3302.379,3303.139,3299.774,3300.842,2682,,,↓,,bear,0,none,0,0,1,0,1,0,1,0,2,1,3,2,3,4.363214285714288,11,0
2025-07-07 11:45:00,3300.826,3305.856,3300.337,3301.982,3253,,,↓,,bear,4,inverted_hammer,0,0,1,1,1,0,1,0,3,1,4,3,4,4.467285714285741,11,0
2025-07-07 12:00:00,3301.94,3304.621,3301.589,3302.919,2822,,,↓,,bear,0,none,0,0,1,0,1,0,1,0,2,1,3,2,3,4.461571428571493,12,0
2025-07-07 12:15:00,3302.895,3307.879,3300.376,3302.8,4774,,,↓,,bear,5,doji,0,0,1,1,1,0,1,0,3,1,4,3,4,4.810000000000043,12,0
2025-07-07 12:30:00,3302.742,3310.788,3302.109,3308.036,4119,,,,,bear,1,bullish_engulfing,0,0,0,1,0,0,1,0,1,1,2,1,2,5.262857142857196,12,0
2025-07-07 12:45:00,3308.0,3312.723,3307.82,3309.551,3485,3312.723,,,,bear,4,inverted_hammer,1,1,0,1,0,0,1,0,2,2,4,2,4,5.390071428571446,12,0
2025-07-07 13:00:00,3309.661,3311.295,3306.667,3307.422,2680,,,,,bear,2,bearish_engulfing,1,0,0,1,1,0,1,0,2,2,4,2,4,5.469428571428613,13,0
2025-07-07 13:15:00,3307.388,3312.527,3307.192,3311.684,2432,,,,,bear,1,bullish_engulfing,1,0,0,1,0,0,1,0,1,2,3,1,3,5.627857142857173,13,0
2025-07-07 13:30:00,3311.659,3312.199,3306.199,3311.384,4751,,3306.199,,,bear,5,doji,1,1,0,1,1,0,1,0,3,2,5,3,5,5.878500000000031,13,0
2025-07-07 13:45:00,3311.417,3317.088,3310.15,3316.297,3932,,,↑,↑,bull,0,none,1,0,1,0,0,0,1,0,1,2,3,1,3,6.187642857142886,13,0
2025-07-07 14:00:00,3316.333,3318.768,3313.276,3317.086,3260,,,↑,,bull,3,hammer,1,0,1,1,0,0,1,0,2,2,4,2,4,5.764000000000059,14,0
2025-07-07 14:15:00,3316.966,3319.109,3314.23,3314.628,2643,,,↑,,bull,0,none,1,0,1,0,1,0,1,0,2,2,4,2,4,5.554071428571466,14,0
2025-07-07 14:30:00,3314.666,3319.866,3314.467,3319.451,2499,,,↑,,bull,0,none,1,0,1,0,0,0,1,0,1,2,3,1,3,5.393642857142887,14,0
2025-07-07 14:45:00,3319.469,3321.326,3317.722,3318.094,2235,,,↑,,bull,0,none,1,0,1,0,1,0,1,0,2,2,4,2,4,5.376857142857164,14,0
2025-07-07 15:00:00,3318.049,3319.69,3316.089,3318.844,1800,,,↑,,bull,3,hammer,1,0,1,1,1,0,1,0,3,2,5,3,5,5.393714285714298,15,0
2025-07-07 15:15:00,3318.825,3320.196,3317.345,3318.625,1605,,,↑,,bull,5,doji,1,0,1,1,1,0,1,0,3,2,5,3,5,5.20314285714286,15,0
2025-07-07 15:30:00,3318.612,3321.503,3318.612,3320.953,1612,,,↑,,bull,1,bullish_engulfing,1,0,1,1,0,0,1,0,2,2,4,2,4,5.193071428571427,15,0
2025-07-07 15:45:00,3321.017,3322.031,3320.418,3320.849,1430,,,↑,,bull,0,none,1,0,1,0,1,0,1,0,2,2,4,2,4,4.7723571428571505,15,0
2025-07-07 16:00:00,3320.784,3322.993,3320.082,3322.683,1339,,,↑,,bull,1,bullish_engulfing,1,0,1,1,0,0,1,0,2,2,4,2,4,4.360357142857148,16,0
2025-07-07 16:15:00,3322.616,3326.885,3321.284,3324.859,3592,,,↑,,bull,0,none,1,0,1,0,0,0,1,0,1,2,3,1,3,4.410214285714313,16,0
2025-07-07 16:30:00,3324.872,3327.671,3323.634,3326.29,2439,,,↑,,bull,0,none,1,0,1,0,0,0,1,0,1,2,3,1,3,4.368000000000003,16,0
2025-07-07 16:45:00,3326.282,3328.091,3325.492,3327.367,2087,,,↑,,bull,0,none,1,0,1,0,0,0,1,0,1,2,3,1,3,4.172571428571408,16,0
2025-07-07 17:00:00,3327.404,3332.553,3327.31,3331.185,2273,,,↑,,bull,0,none,1,0,1,0,0,0,1,0,1,2,3,1,3,4.118499999999975,17,0
2025-07-07 17:15:00,3331.221,3333.877,3331.085,3332.363,1909,,,↑,,bull,0,none,1,0,1,0,0,0,1,0,1,2,3,1,3,3.8223571428571046,17,0
2025-07-07 17:30:00,3332.401,3335.792,3330.515,3333.616,2699,3335.792,,↑,,bull,0,none,1,1,1,0,0,0,1,0,2,2,4,2,4,3.8069999999999515,17,0
2025-07-07 17:45:00,3333.626,3333.978,3331.897,3332.018,1538,,,↑,,bull,2,bearish_engulfing,1,0,1,1,1,0,1,0,3,2,5,3,5,3.607142857142825,17,0
2025-07-07 18:00:00,3331.911,3332.428,3328.962,3330.198,1742,,,↑,,bull,0,none,1,0,1,0,1,0,1,0,2,2,4,2,4,3.4690714285713966,18,0
2025-07-07 18:15:00,3330.089,3330.851,3328.439,3330.248,1751,,3328.439,↑,,bull,3,hammer,1,1,1,1,1,0,1,0,4,2,6,4,6,3.3839285714285716,18,0
2025-07-07 18:30:00,3330.245,3335.035,3330.11,3334.865,1445,,,↑,,bull,0,none,1,0,1,0,0,0,1,0,1,2,3,1,3,3.4784999999999724,18,0
2025-07-07 18:45:00,3334.817,3335.706,3332.955,3334.291,1442,,,↑,,bull,0,none,1,0,1,0,1,0,1,0,2,2,4,2,4,3.471357142857122,18,0
2025-07-07 19:00:00,3334.302,3338.34,3334.302,3338.02,1362,,,↑,,bull,0,none,1,0,1,0,0,0,1,0,1,2,3,1,3,3.5540714285714006,19,0
2025-07-07 19:15:00,3337.975,3339.114,3336.453,3338.487,1253,,,↑,,bull,3,hammer,1,0,1,1,0,0,1,0,2,2,4,2,4,3.6289285714285597,19,0
2025-07-07 19:30:00,3338.52,3340.234,3337.391,3339.611,1389,,,↑,,bull,0,none,1,0,1,0,0,0,1,0,1,2,3,1,3,3.6240714285714017,19,0
2025-07-07 19:45:00,3339.663,3340.438,3336.524,3336.988,1676,3340.438,,↑,,bull,2,bearish_engulfing,1,1,1,1,1,0,1,0,4,2,6,4,6,3.503571428571409,19,0
2025-07-07 20:00:00,3337.025,3337.411,3335.393,3336.761,1185,,3335.393,↑,,bull,0,none,1,1,1,0,1,0,1,0,3,2,5,3,5,3.359357142857139,20,0
2025-07-07 20:15:00,3336.865,3337.387,3336.016,3336.43,866,,,↑,,bull,0,none,1,0,1,0,0,0,1,0,1,2,3,1,3,3.2716428571428815,20,0
2025-07-07 20:30:00,3336.48,3336.798,3335.651,3336.226,713,,,↑,,bull,0,none,1,0,1,0,0,0,1,0,1,2,3,1,3,2.9790714285714524,20,0
2025-07-07 20:45:00,3336.185,3338.067,3336.185,3336.54,755,,,↑,,bull,1,bullish_engulfing,1,0,1,1,1,0,1,0,3,2,5,3,5,2.914071428571463,20,0
2025-07-07 22:00:00,3340.918,3345.073,3339.789,3344.228,1615,,,↑,,bull,0,none,1,0,1,0,0,0,1,0,1,2,3,1,3,3.1466428571428815,22,0
2025-07-07 22:15:00,3344.311,3345.827,3341.191,3342.076,1508,3345.827,,↑,,bull,0,none,1,1,1,0,1,0,1,0,3,2,5,3,5,3.329142857142902,22,0
2025-07-07 22:30:00,3342.09,3342.823,3339.591,3339.667,1272,,,↑,,bull,0,none,1,0,1,0,1,0,1,0,2,2,4,2,4,3.312428571428622,22,0
2025-07-07 22:45:00,3339.68,3340.92,3338.89,3339.804,1174,,,↑,,bull,3,hammer,1,0,1,1,1,0,1,0,3,2,5,3,5,3.2851428571429033,22,0
2025-07-07 23:00:00,3339.8,3340.135,3335.185,3337.25,1529,,,↑,,bull,0,none,1,0,1,0,1,0,1,0,2,2,4,2,4,3.2869285714286565,23,0
2025-07-07 23:15:00,3337.252,3337.682,3334.016,3336.277,1342,,,↑,,bull,0,none,1,0,1,0,0,0,1,0,1,2,3,1,3,3.352285714285764,23,0
2025-07-07 23:30:00,3336.207,3337.368,3335.58,3336.663,1007,,,↑,,bull,0,none,1,0,1,0,1,0,1,0,2,2,4,2,4,3.1907857142857665,23,0
2025-07-07 23:45:00,3336.66,3336.857,3333.916,3334.653,1721,,,↓,↓,bear,0,none,1,0,1,0,0,0,1,0,1,2,3,1,3,3.2107857142857483,23,0
2025-07-08 00:00:00,3334.697,3337.214,3332.926,3336.325,2415,,,,,bear,0,none,1,0,0,0,1,0,1,0,1,2,3,1,3,3.314000000000046,0,1
2025-07-08 00:15:00,3336.326,3337.3,3331.823,3332.7,2513,,,↓,,bear,2,bearish_engulfing,0,0,1,1,0,0,1,0,2,1,3,2,3,3.4256428571429103,0,1
2025-07-08 00:30:00,3332.745,3333.999,3331.148,3333.579,2464,,,↓,,bear,0,none,0,0,1,0,1,0,1,0,2,1,3,2,3,3.4851428571428835,0,1
2025-07-08 00:45:00,3333.617,3335.401,3332.804,3334.261,1785,,,↓,,bear,0,none,0,0,1,0,1,0,1,0,2,1,3,2,3,3.5727142857142877,0,1
2025-07-08 01:00:00,3334.23,3335.591,3329.717,3331.563,3188,,3329.717,↓,,bear,0,none,0,1,1,0,0,0,1,0,2,1,3,2,3,3.910357142857135,1,1
2025-07-08 01:15:00,3331.589,3335.287,3330.313,3333.968,2222,,,↓,,bear,0,none,0,0,1,0,1,0,1,0,2,1,3,2,3,4.131214285714252,1,1
2025-07-08 01:30:00,3333.962,3336.971,3332.351,3334.653,2443,3336.971,,↓,,bear,3,hammer,0,1,1,1,0,0,1,0,3,1,4,3,4,3.8517142857142517,1,1
2025-07-08 01:45:00,3334.613,3336.398,3332.301,3334.844,2371,,,↓,,bear,3,hammer,0,0,1,1,0,0,1,0,2,1,3,2,3,3.813214285714236,1,1
2025-07-08 02:00:00,3334.734,3336.354,3332.838,3334.014,2252,,,↓,,bear,0,none,0,0,1,0,1,0,1,0,2,1,3,2,3,3.8334999999999257,2,1
2025-07-08 02:15:00,3333.959,3336.257,3333.554,3335.942,1540,,,,,bear,1,bullish_engulfing,1,0,0,1,0,0,1,0,1,2,3,1,3,3.881571428571338,2,1
2025-07-08 02:30:00,3335.919,3336.259,3333.577,3335.622,1620,,,,,bear,0,none,1,0,0,0,1,0,1,0,1,2,3,1,3,3.7195714285713035,2,1
2025-07-08 02:45:00,3335.601,3338.035,3333.908,3334.459,1772,3338.035,,↓,,bear,0,none,1,1,1,0,1,0,1,0,3,2,5,3,5,3.752499999999892,2,1
2025-07-08 03:00:00,3334.413,3335.477,3331.189,3332.143,1528,,,↓,,bear,0,none,0,0,1,0,0,0,1,0,1,1,2,1,2,3.931071428571321,3,1
2025-07-08 03:15:00,3332.112,3332.199,3329.595,3331.676,1461,,3329.595,↓,,bear,0,none,0,1,1,0,0,0,1,0,2,1,3,2,3,3.9069999999999254,3,1
2025-07-08 03:30:00,3331.645,3332.078,3330.666,3330.793,908,,,↓,,bear,0,none,0,0,1,0,0,0,1,0,1,1,2,1,2,3.7015714285713393,3,1
2025-07-08 03:45:00,3330.724,3333.065,3330.589,3331.469,1237,,,↓,,bear,4,inverted_hammer,0,0,1,1,1,0,1,0,3,1,4,3,4,3.487214285714182,3,1
2025-07-08 04:00:00,3331.416,3332.827,3329.943,3331.031,1139,,,↓,,bear,0,none,0,0,1,0,1,0,1,0,2,1,3,2,3,3.48957142857135,4,1
2025-07-08 04:15:00,3331.005,3331.425,3329.412,3329.866,907,,,↓,,bear,0,none,0,0,1,0,0,0,1,0,1,1,2,1,2,3.447857142857109,4,1
2025-07-08 04:30:00,3329.824,3331.506,3329.179,3330.44,1848,,,↓,,bear,0,none,0,0,1,0,1,0,1,0,2,1,3,2,3,3.1944999999999646,4,1
2025-07-08 04:45:00,3330.493,3330.765,3327.305,3329.612,1400,,3327.305,↓,,bear,2,bearish_engulfing,0,1,1,1,0,0,1,0,3,1,4,3,4,3.086357142857131,4,1
2025-07-08 05:00:00,3329.556,3333.646,3329.486,3333.637,1337,,,↓,,bear,1,bullish_engulfing,0,0,1,1,0,0,1,0,2,1,3,2,3,3.053500000000018,5,1
2025-07-08 05:15:00,3333.663,3336.564,3333.406,3335.647,1305,,,,,bear,0,none,1,0,0,0,0,0,1,0,0,2,2,0,2,2.9864285714285677,5,1
2025-07-08 05:30:00,3335.736,3336.596,3334.181,3334.534,1632,3336.596,,↓,,bear,0,none,1,1,1,0,1,0,1,0,3,2,5,3,5,2.9077857142857346,5,1
2025-07-08 05:45:00,3334.491,3336.183,3333.415,3334.061,1462,,,↓,,bear,0,none,1,0,1,0,1,0,1,0,2,2,4,2,4,2.912428571428596,5,1
2025-07-08 06:00:00,3334.07,3335.144,3331.196,3332.201,1976,,,↓,,bear,0,none,1,0,1,0,1,0,1,0,2,2,4,2,4,3.002857142857173,6,1
2025-07-08 06:15:00,3332.192,3334.979,3330.784,3334.588,1815,,3330.784,↓,,bear,1,bullish_engulfing,1,1,1,1,1,0,1,0,4,2,6,4,6,3.007714285714298,6,1
2025-07-08 06:30:00,3334.624,3335.059,3333.34,3334.067,1467,,,↓,,bear,0,none,1,0,1,0,1,0,1,0,2,2,4,2,4,2.824214285714301,6,1
2025-07-08 06:45:00,3334.097,3335.993,3332.59,3335.704,1490,,,,,bear,0,none,1,0,0,0,0,0,1,0,0,2,2,0,2,2.8812857142856956,6,1
2025-07-08 07:00:00,3335.752,3339.5,3335.717,3337.992,2148,3339.5,,↑,↑,bull,0,none,1,1,1,0,0,0,1,0,2,2,4,2,4,3.051571428571411,7,1
2025-07-08 07:15:00,3338.03,3338.323,3332.745,3333.136,1675,,,,,bull,2,bearish_engulfing,1,0,0,1,1,0,1,0,2,2,4,2,4,3.2731428571428296,7,1
2025-07-08 07:30:00,3333.101,3333.689,3330.507,3332.715,1650,,,,,bull,0,none,1,0,0,0,0,0,1,0,0,2,2,0,2,3.294428571428528,7,1
2025-07-08 07:45:00,3332.706,3335.536,3332.107,3333.915,1871,,,,,bull,1,bullish_engulfing,0,0,0,1,1,0,1,0,2,1,3,2,3,3.3955714285713645,7,1
2025-07-08 08:00:00,3333.906,3333.906,3326.109,3327.905,3233,,,,,bull,0,none,0,0,0,0,0,0,1,0,0,1,1,0,1,3.7869285714285263,8,1
2025-07-08 08:15:00,3327.936,3329.017,3324.517,3328.499,2294,,,,,bull,3,hammer,0,0,0,1,1,0,1,0,2,1,3,2,3,3.861214285714238,8,1
2025-07-08 08:30:00,3328.557,3329.623,3325.673,3326.491,2134,,,,,bull,2,bearish_engulfing,0,0,0,1,0,0,1,0,1,1,2,1,2,3.8462142857142356,8,1
2025-07-08 08:45:00,3326.568,3327.13,3323.248,3323.687,2046,,,,,bull,0,none,0,0,0,0,0,0,1,0,0,1,1,0,1,3.8979285714285328,8,1
2025-07-08 09:00:00,3323.612,3325.453,3322.851,3324.39,1868,,,,,bull,0,none,0,0,0,0,1,0,1,0,1,1,2,1,2,3.9112857142856683,9,1
2025-07-08 09:15:00,3324.366,3326.736,3323.122,3324.745,2075,,,,,bull,3,hammer,0,0,0,1,1,0,1,0,2,1,3,2,3,3.97171428571424,9,1
2025-07-08 09:30:00,3324.739,3326.198,3321.657,3324.206,1867,,,,,bull,0,none,0,0,0,0,1,0,1,0,1,1,2,1,2,4.014071428571372,9,1
2025-07-08 09:45:00,3324.205,3324.825,3321.088,3322.038,1738,,,,,bull,0,none,0,0,0,0,0,0,1,0,0,1,1,0,1,3.9813571428570804,9,1
2025-07-08 10:00:00,3322.045,3324.947,3321.824,3323.885,1506,,,,,bull,0,none,0,0,0,0,1,0,1,0,1,1,2,1,2,4.0816428571427945,10,1
2025-07-08 10:15:00,3323.885,3324.195,3320.406,3323.302,1540,,3320.406,,,bull,0,none,0,1,0,0,1,0,1,0,2,1,3,2,3,4.109214285714253,10,1
2025-07-08 10:30:00,3323.337,3326.157,3322.524,3325.646,1308,,,,,bull,0,none,0,0,0,0,0,0,1,0,0,1,1,0,1,4.0975714285714275,10,1
2025-07-08 10:45:00,3325.641,3327.1,3324.497,3324.621,1269,,,,,bull,0,none,0,0,0,0,1,0,1,0,1,1,2,1,2,3.885071428571434,10,1
2025-07-08 11:00:00,3324.658,3325.487,3323.395,3324.195,1324,,,,,bull,0,none,0,0,0,0,1,0,1,0,1,1,2,1,2,3.807214285714313,11,1
2025-07-08 11:15:00,3324.152,3327.509,3323.106,3324.908,1610,,,,,bull,1,bullish_engulfing,0,0,0,1,1,0,1,0,2,1,3,2,3,3.8767857142857207,11,1
2025-07-08 11:30:00,3324.807,3326.021,3319.94,3321.002,1874,,3319.94,,,bull,0,none,0,1,0,0,0,0,1,0,1,1,2,1,2,3.7535714285714414,11,1
2025-07-08 11:45:00,3321.028,3325.158,3320.428,3324.971,1878,,,,,bull,0,none,0,0,0,0,1,0,1,0,1,1,2,1,2,3.7700000000000142,11,1
2025-07-08 12:00:00,3325.014,3329.568,3324.701,3329.309,2299,,,,,bull,0,none,0,0,0,0,0,0,1,0,0,1,1,0,1,3.835500000000008,12,1
2025-07-08 12:15:00,3329.298,3329.729,3325.265,3327.29,2245,,,,,bull,0,none,1,0,0,0,1,0,1,0,1,2,3,1,3,3.8770714285714285,12,1
2025-07-08 12:30:00,3327.317,3329.864,3326.199,3326.286,1620,3329.864,,,,bull,0,none,1,1,0,0,1,0,1,0,2,2,4,2,4,3.953000000000007,12,1
2025-07-08 12:45:00,3326.249,3328.755,3325.92,3328.206,1575,,,,,bull,1,bullish_engulfing,1,0,0,1,1,0,1,0,2,2,4,2,4,3.89735714285715,12,1
2025-07-08 13:00:00,3328.242,3328.627,3320.17,3322.338,3014,,,,,bull,2,bearish_engulfing,0,0,0,1,0,0,1,0,1,1,2,1,2,4.177071428571447,13,1
2025-07-08 13:15:00,3322.283,3326.303,3318.954,3325.555,3280,,,,,bull,0,none,0,0,0,0,1,0,1,0,1,1,2,1,2,4.435071428571454,13,1
2025-07-08 13:30:00,3325.588,3326.939,3321.077,3321.723,4472,,,,,bull,2,bearish_engulfing,0,0,0,1,0,0,1,0,1,1,2,1,2,4.630714285714281,13,1
2025-07-08 13:45:00,3321.687,3322.483,3314.758,3315.27,4853,,,↓,↓,bear,0,none,0,0,1,0,0,0,1,0,1,1,2,1,2,4.911857142857149,13,1
2025-07-08 14:00:00,3315.236,3315.919,3305.23,3306.052,5032,,,↓,,bear,0,none,0,0,1,0,0,0,1,0,1,1,2,1,2,5.415857142857119,14,1
2025-07-08 14:15:00,3306.114,3307.687,3300.719,3304.983,5455,,,↓,,bear,0,none,0,0,1,0,0,0,1,0,1,1,2,1,2,5.7276428571428175,14,1
2025-07-08 14:30:00,3305.02,3305.02,3295.04,3297.725,5444,,,↓,,bear,0,none,0,0,1,0,0,0,1,0,1,1,2,1,2,6.291071428571383,14,1
2025-07-08 14:45:00,3297.692,3299.443,3294.284,3296.625,4703,,,↓,,bear,0,none,0,0,1,0,0,0,1,0,1,1,2,1,2,6.345071428571406,14,1
2025-07-08 15:00:00,3296.662,3298.436,3287.069,3291.423,5699,,3287.069,↓,,bear,0,none,0,1,1,0,0,0,1,0,2,1,3,2,3,6.722642857142838,15,1
2025-07-08 15:15:00,3291.47,3297.403,3288.906,3296.522,4299,,,↓,,bear,0,none,0,0,1,0,1,0,1,0,2,1,3,2,3,6.991714285714254,15,1
2025-07-08 15:30:00,3296.597,3297.949,3294.747,3297.06,2994,,,↓,,bear,3,hammer,0,0,1,1,1,0,1,0,3,1,4,3,4,6.872785714285685,15,1
2025-07-08 15:45:00,3297.016,3300.322,3296.972,3298.241,2253,,,↓,,bear,0,none,0,0,1,0,0,0,1,0,1,1,2,1,2,6.793214285714255,15,1
2025-07-08 16:00:00,3298.249,3299.38,3296.679,3297.506,2084,,,↓,,bear,0,none,0,0,1,0,1,0,1,0,2,1,3,2,3,6.724357142857116,16,1
2025-07-08 16:15:00,3297.414,3301.335,3296.415,3300.018,2028,,,↓,,bear,1,bullish_engulfing,0,0,1,1,0,0,1,0,2,1,3,2,3,6.87328571428569,16,1
2025-07-08 16:30:00,3299.975,3300.173,3295.938,3298.001,2553,,3295.938,↓,,bear,0,none,0,1,1,0,1,0,1,0,3,1,4,3,4,6.571714285714246,16,1
2025-07-08 16:45:00,3298.043,3301.641,3296.053,3300.481,3198,,,↓,,bear,0,none,0,0,1,0,0,0,1,0,1,1,2,1,2,6.445928571428567,16,1
2025-07-08 17:00:00,3300.446,3306.993,3299.302,3304.165,4489,,,↓,,bear,0,none,0,0,1,0,0,0,1,0,1,1,2,1,2,6.5765714285714365,17,1
2025-07-08 17:15:00,3304.125,3310.426,3303.584,3308.053,4171,3310.426,,↓,,bear,0,none,0,1,1,0,0,0,1,0,2,1,3,2,3,6.513499999999989,17,1
2025-07-08 17:30:00,3308.088,3308.984,3305.875,3306.243,2638,,,↓,,bear,0,none,0,0,1,0,1,0,1,0,2,1,3,2,3,5.972071428571423,17,1
2025-07-08 17:45:00,3306.287,3307.719,3304.458,3306.352,2384,,,↓,,bear,3,hammer,1,0,1,1,1,0,1,0,3,2,5,3,5,5.707285714285717,17,1
2025-07-08 18:00:00,3306.304,3308.144,3304.905,3304.973,1842,,,↓,,bear,0,none,0,0,1,0,1,0,1,0,2,1,3,2,3,5.225785714285686,18,1
2025-07-08 18:15:00,3304.98,3306.253,3300.631,3301.619,2274,,,↓,,bear,0,none,0,0,1,0,0,0,1,0,1,1,2,1,2,5.258857142857129,18,1
2025-07-08 18:30:00,3301.636,3305.35,3300.601,3304.674,1648,,3300.601,↓,,bear,0,none,0,1,1,0,1,0,1,0,3,1,4,3,4,4.786142857142814,18,1
2025-07-08 18:45:00,3304.639,3306.779,3304.639,3305.401,1475,,,↓,,bear,0,none,0,0,1,0,1,0,1,0,2,1,3,2,3,4.332071428571388,18,1
2025-07-08 19:00:00,3305.438,3306.163,3302.88,3304.002,1326,,,↓,,bear,2,bearish_engulfing,0,0,1,1,1,0,1,0,3,1,4,3,4,4.33785714285708,19,1
2025-07-08 19:15:00,3304.034,3304.469,3303.247,3303.415,1235,,,↓,,bear,0,none,0,0,1,0,1,0,1,0,2,1,3,2,3,4.185857142857101,19,1
2025-07-08 19:30:00,3303.418,3305.103,3303.354,3304.947,1208,,,↓,,bear,0,none,0,0,1,0,1,0,1,0,2,1,3,2,3,4.117857142857117,19,1
2025-07-08 19:45:00,3304.982,3305.845,3302.379,3302.992,1629,,,↓,,bear,2,bearish_engulfing,0,0,1,1,0,0,1,0,2,1,3,2,3,4.013999999999961,19,1
2025-07-08 20:00:00,3303.02,3303.776,3301.366,3303.468,1124,,,↓,,bear,3,hammer,0,0,1,1,1,0,1,0,3,1,4,3,4,3.8836428571428314,20,1
2025-07-08 20:15:00,3303.464,3303.58,3302.101,3302.214,858,,,↓,,bear,0,none,0,0,1,0,0,0,1,0,1,1,2,1,2,3.5901428571428045,20,1
2025-07-08 20:30:00,3302.195,3302.911,3300.855,3301.627,840,,,↓,,bear,0,none,0,0,1,0,0,0,1,0,1,1,2,1,2,3.1876428571428215,20,1
2025-07-08 20:45:00,3301.618,3301.914,3299.326,3301.488,940,,3299.326,↓,,bear,5,doji,0,1,1,1,0,0,1,0,3,1,4,3,4,2.8837857142856853,20,1
2025-07-08 22:00:00,3303.13,3304.074,3302.1,3303.682,826,3304.074,,↓,,bear,0,none,0,1,1,0,0,0,1,0,2,1,3,2,3,2.846428571428565,22,1
2025-07-08 22:15:00,3303.599,3304.052,3300.556,3301.729,1130,,,↓,,bear,0,none,0,0,1,0,1,0,1,0,2,1,3,2,3,2.8632142857142884,22,1
2025-07-08 22:30:00,3301.733,3302.827,3300.917,3301.758,1187,,,↓,,bear,3,hammer,0,0,1,1,1,0,1,0,3,1,4,3,4,2.7682857142857693,22,1
2025-07-08 22:45:00,3301.716,3302.274,3300.335,3301.589,869,,,↓,,bear,5,doji,0,0,1,1,1,0,1,0,3,1,4,3,4,2.5052142857143087,22,1
2025-07-08 23:00:00,3301.616,3303.624,3300.974,3303.263,1485,,,↓,,bear,0,none,0,0,1,0,1,0,1,0,2,1,3,2,3,2.3552857142857255,23,1
2025-07-08 23:15:00,3303.272,3303.916,3301.346,3301.362,1073,,,↓,,bear,2,bearish_engulfing,0,0,1,1,0,0,1,0,2,1,3,2,3,2.386000000000032,23,1
2025-07-08 23:30:00,3301.385,3301.385,3297.199,3298.276,1695,,3297.199,↓,,bear,0,none,0,1,1,0,0,0,1,0,2,1,3,2,3,2.45050000000005,23,1
2025-07-08 23:45:00,3298.208,3302.715,3297.311,3302.277,1965,,,↓,,bear,1,bullish_engulfing,0,0,1,1,1,0,1,0,3,1,4,3,4,2.7492142857143205,23,1
2025-07-09 00:00:00,3302.365,3308.003,3301.815,3305.018,2959,3308.003,,↑,↑,bull,0,none,0,1,1,0,0,0,1,0,2,1,3,2,3,3.0662857142857383,0,2
2025-07-09 00:15:00,3305.033,3306.429,3303.421,3304.738,1590,,,↑,,bull,5,doji,1,0,1,1,1,0,1,0,3,2,5,3,5,3.0335714285714794,0,2
2025-07-09 00:30:00,3304.735,3306.508,3304.15,3305.879,1571,,,↑,,bull,1,bullish_engulfing,1,0,1,1,0,0,1,0,2,2,4,2,4,3.029857142857184,0,2
2025-07-09 00:45:00,3305.949,3307.156,3305.197,3307.156,1314,,,↑,,bull,0,none,1,0,1,0,0,0,1,0,1,2,3,1,3,3.0641428571428997,0,2
2025-07-09 01:00:00,3307.109,3307.109,3301.138,3302.937,2766,,,,,bull,0,none,1,0,0,0,1,0,1,0,1,2,3,1,3,3.3471428571428987,1,2
2025-07-09 01:15:00,3302.897,3307.206,3302.386,3306.177,2096,,,↑,,bull,0,none,1,0,1,0,1,0,1,0,2,2,4,2,4,3.506571428571468,1,2
2025-07-09 01:30:00,3306.262,3307.286,3303.34,3303.553,1970,3307.286,,,,bull,0,none,1,1,0,0,1,0,1,0,2,2,4,2,4,3.6037142857143016,1,2
2025-07-09 01:45:00,3303.541,3303.541,3299.262,3301.854,2412,,,,,bull,0,none,1,0,0,0,0,0,1,0,0,2,2,0,2,3.6604999999999888,1,2
2025-07-09 02:00:00,3301.818,3302.855,3299.644,3301.144,2162,,,,,bull,0,none,0,0,0,0,0,0,1,0,0,1,1,0,1,3.753428571428555,2,2
2025-07-09 02:15:00,3301.031,3302.792,3298.635,3302.588,1869,,,,,bull,1,bullish_engulfing,0,0,0,1,1,0,1,0,2,1,3,2,3,3.911857142857116,2,2
2025-07-09 02:30:00,3302.569,3303.02,3294.119,3294.415,2435,,,,,bull,0,none,0,0,0,0,0,0,1,0,0,1,1,0,1,4.35835714285713,2,2
2025-07-09 02:45:00,3294.386,3294.386,3286.336,3288.57,3962,,,,,bull,0,none,0,0,0,0,0,0,1,0,0,1,1,0,1,4.751857142857132,2,2
2025-07-09 03:00:00,3288.536,3293.407,3284.909,3293.101,3595,,3284.909,,,bull,0,none,0,1,0,0,1,0,1,0,2,1,3,2,3,5.059857142857124,3,2
2025-07-09 03:15:00,3293.102,3294.202,3289.848,3292.161,2518,,,,,bull,0,none,0,0,0,0,1,0,1,0,1,1,2,1,2,4.984857142857144,3,2
2025-07-09 03:30:00,3292.141,3293.555,3289.874,3293.065,1604,,,,,bull,3,hammer,0,0,0,1,1,0,1,0,2,1,3,2,3,4.805785714285711,3,2
2025-07-09 03:45:00,3293.168,3294.76,3292.752,3293.276,1191,,,,,bull,3,hammer,0,0,0,1,1,0,1,0,2,1,3,2,3,4.73435714285714,3,2
2025-07-09 04:00:00,3293.244,3295.809,3291.192,3295.633,1777,,,,,bull,0,none,0,0,0,0,0,0,1,0,0,1,1,0,1,4.895714285714315,4,2
2025-07-09 04:15:00,3295.656,3296.131,3294.742,3295.684,915,,,,,bull,3,hammer,0,0,0,1,0,0,1,0,1,1,2,1,2,4.855000000000018,4,2
2025-07-09 04:30:00,3295.666,3296.304,3294.571,3295.705,1206,,,,,bull,3,hammer,0,0,0,1,0,0,1,0,1,1,2,1,2,4.5489285714286,4,2
2025-07-09 04:45:00,3295.661,3296.356,3293.86,3293.965,1222,,,,,bull,0,none,0,0,0,0,1,0,1,0,1,1,2,1,2,4.382928571428595,4,2
2025-07-09 05:00:00,3293.898,3297.875,3292.31,3296.184,1940,3297.875,,,,bull,1,bullish_engulfing,0,1,0,1,0,0,1,0,2,1,3,2,3,4.498571428571462,5,2
2025-07-09 05:15:00,3296.219,3297.025,3291.816,3292.364,1623,,,,,bull,2,bearish_engulfing,0,0,0,1,0,0,1,0,1,1,2,1,2,4.564142857142932,5,2
2025-07-09 05:30:00,3292.363,3294.337,3290.291,3293.101,2500,,,,,bull,3,hammer,0,0,0,1,1,0,1,0,2,1,3,2,3,4.623785714285759,5,2
2025-07-09 05:45:00,3293.125,3293.495,3288.964,3289.441,2121,,,,,bull,2,bearish_engulfing,0,0,0,1,0,0,1,0,1,1,2,1,2,4.650500000000063,5,2
2025-07-09 06:00:00,3289.484,3291.286,3287.441,3287.969,2345,,,,,bull,0,none,0,0,0,0,0,0,1,0,0,1,1,0,1,4.289357142857235,6,2
2025-07-09 06:15:00,3288.021,3289.765,3285.751,3287.469,2387,,,,,bull,0,none,0,0,0,0,0,0,1,0,0,1,1,0,1,3.999000000000056,6,2
2025-07-09 06:30:00,3287.502,3291.677,3285.495,3289.318,2519,,3285.495,,,bull,0,none,0,1,0,0,1,0,1,0,2,1,3,2,3,3.833571428571499,6,2
2025-07-09 06:45:00,3289.364,3292.758,3288.931,3292.194,2378,,,,,bull,0,none,0,0,0,0,1,0,1,0,1,1,2,1,2,3.795928571428606,6,2
2025-07-09 07:00:00,3292.266,3293.743,3289.958,3291.581,2188,,,,,bull,0,none,0,0,0,0,1,0,1,0,1,1,2,1,2,3.803357142857164,7,2
2025-07-09 07:15:00,3291.611,3294.14,3290.572,3290.665,2360,,,,,bull,0,none,0,0,0,0,1,0,1,0,1,1,2,1,2,3.914785714285699,7,2
2025-07-09 07:30:00,3290.766,3293.86,3288.279,3291.916,2626,,,,,bull,3,hammer,0,0,0,1,1,0,1,0,2,1,3,2,3,3.9836428571428377,7,2
2025-07-09 07:45:00,3291.961,3295.959,3290.499,3291.852,2749,3295.959,,,,bull,5,doji,0,1,0,1,1,0,1,0,3,1,4,3,4,4.274428571428579,7,2
2025-07-09 08:00:00,3291.822,3292.677,3288.519,3289.109,2450,,,,,bull,0,none,0,0,0,0,0,0,1,0,0,1,1,0,1,4.447642857142877,8,2
2025-07-09 08:15:00,3289.079,3289.588,3284.325,3285.935,2515,,,,,bull,0,none,0,0,0,0,0,0,1,0,0,1,1,0,1,4.645285714285754,8,2
2025-07-09 08:30:00,3285.868,3286.995,3282.626,3286.992,2147,,3282.626,,,bull,3,hammer,0,1,0,1,1,0,1,0,3,1,4,3,4,4.559857142857156,8,2
2025-07-09 08:45:00,3287.037,3289.563,3284.484,3285.04,2060,,,↓,↓,bear,2,bearish_engulfing,0,0,1,1,0,0,1,0,2,1,3,2,3,4.550571428571435,8,2
2025-07-09 09:00:00,3285.082,3288.943,3284.331,3288.354,2009,,,,,bear,0,none,0,0,0,0,1,0,1,0,1,1,2,1,2,4.591000000000024,9,2
2025-07-09 09:15:00,3288.347,3290.265,3288.052,3288.092,1899,,,,,bear,0,none,0,0,0,0,1,0,1,0,1,1,2,1,2,4.425428571428581,9,2
2025-07-09 09:30:00,3288.064,3290.399,3287.834,3288.762,1525,,,,,bear,1,bullish_engulfing,0,0,0,1,0,0,1,0,1,1,2,1,2,4.333999999999995,9,2
2025-07-09 09:45:00,3288.751,3289.879,3287.549,3289.173,1600,,,,,bear,3,hammer,0,0,0,1,0,0,1,0,1,1,2,1,2,4.213714285714299,9,2
2025-07-09 10:00:00,3289.128,3292.164,3288.906,3289.345,1593,,,,,bear,4,inverted_hammer,0,0,0,1,0,0,1,0,1,1,2,1,2,4.0048571428571575,10,2
2025-07-09 10:15:00,3289.359,3290.923,3288.197,3290.195,1333,,,,,bear,0,none,0,0,0,0,0,0,1,0,0,1,1,0,1,3.9262142857142925,10,2
2025-07-09 10:30:00,3290.263,3295.575,3290.263,3294.757,1766,,,,,bear,0,none,1,0,0,0,0,0,1,0,0,2,2,0,2,4.0401428571428495,10,2
2025-07-09 10:45:00,3294.719,3295.987,3293.757,3295.552,1524,3295.987,,,,bear,0,none,1,1,0,0,0,0,1,0,1,2,3,1,3,3.94457142857144,10,2
2025-07-09 11:00:00,3295.516,3295.934,3293.112,3293.112,1668,,,,,bear,0,none,1,0,0,0,1,0,1,0,1,2,3,1,3,3.7475000000000103,11,2
2025-07-09 11:15:00,3293.16,3293.448,3287.767,3287.79,2085,,,,,bear,0,none,1,0,0,0,0,0,1,0,0,2,2,0,2,3.763285714285725,11,2
2025-07-09 11:30:00,3287.769,3289.257,3285.351,3286.425,2185,,,,,bear,0,none,0,0,0,0,0,0,1,0,0,1,1,0,1,3.745285714285696,11,2
2025-07-09 11:45:00,3286.425,3286.655,3283.24,3284.936,1866,,3283.24,↓,,bear,0,none,0,1,1,0,0,0,1,0,2,1,3,2,3,3.613285714285699,11,2
2025-07-09 12:00:00,3284.969,3291.747,3284.969,3291.508,2506,,,,,bear,0,none,0,0,0,0,1,0,1,0,1,1,2,1,2,3.7877142857142707,12,2
2025-07-09 12:15:00,3291.505,3293.256,3288.011,3290.843,2871,,,,,bear,0,none,0,0,0,0,1,0,1,0,1,1,2,1,2,3.7995714285713933,12,2
2025-07-09 12:30:00,3290.857,3295.552,3290.714,3293.451,2500,,,,,bear,0,none,1,0,0,0,0,0,1,0,0,2,2,0,2,3.8157142857142583,12,2
2025-07-09 12:45:00,3293.43,3297.487,3292.899,3296.365,2260,,,↑,↑,bull,0,none,1,0,1,0,0,0,1,0,1,2,3,1,3,3.985357142857148,12,2
2025-07-09 13:00:00,3296.329,3299.056,3294.617,3298.05,3027,,,↑,,bull,0,none,1,0,1,0,0,0,1,0,1,2,3,1,3,4.119214285714277,13,2
2025-07-09 13:15:00,3298.022,3299.514,3294.586,3295.657,2440,,,,,bull,0,none,1,0,0,0,1,0,1,0,1,2,3,1,3,4.304785714285734,13,2
2025-07-09 13:30:00,3295.617,3299.019,3291.888,3296.196,4840,,3291.888,↑,,bull,3,hammer,1,1,1,1,1,0,1,0,4,2,6,4,6,4.581428571428562,13,2
2025-07-09 13:45:00,3296.153,3305.266,3293.155,3300.198,4801,,,↑,,bull,0,none,1,0,1,0,0,0,1,0,1,2,3,1,3,5.251785714285721,13,2
2025-07-09 14:00:00,3300.167,3306.529,3299.562,3306.004,3565,,,↑,,bull,0,none,1,0,1,0,0,0,1,0,1,2,3,1,3,5.365142857142895,14,2
2025-07-09 14:15:00,3305.891,3308.928,3305.032,3307.122,3519,,,↑,,bull,0,none,1,0,1,0,0,0,1,0,1,2,3,1,3,5.484142857142875,14,2
2025-07-09 14:30:00,3307.098,3312.475,3306.703,3310.735,2959,,,↑,,bull,0,none,1,0,1,0,0,0,1,0,1,2,3,1,3,5.694857142857147,14,2
2025-07-09 14:45:00,3310.701,3312.916,3308.867,3312.275,2271,3312.916,,↑,,bull,0,none,1,1,1,0,0,0,1,0,2,2,4,2,4,5.578285714285714,14,2
2025-07-09 15:00:00,3312.311,3312.889,3307.472,3308.199,2295,,,↑,,bull,2,bearish_engulfing,1,0,1,1,1,0,1,0,3,2,5,3,5,5.686214285714284,15,2
2025-07-09 15:15:00,3308.081,3310.05,3307.149,3308.52,1985,,,↑,,bull,3,hammer,1,0,1,1,1,0,1,0,3,2,5,3,5,5.649499999999989,15,2
2025-07-09 15:30:00,3308.572,3309.954,3306.327,3308.939,1930,,3306.327,↑,,bull,3,hammer,1,1,1,1,1,0,1,0,4,2,6,4,6,5.422071428571436,15,2
2025-07-09 15:45:00,3308.974,3310.742,3307.066,3309.606,1826,,,↑,,bull,3,hammer,1,0,1,1,1,0,1,0,3,2,5,3,5,5.310000000000043,15,2
2025-07-09 16:00:00,3309.555,3311.978,3307.91,3310.885,1823,,,↑,,bull,0,none,1,0,1,0,1,0,1,0,2,2,4,2,4,5.255000000000044,16,2
2025-07-09 16:15:00,3310.928,3312.004,3310.351,3311.467,1377,,,↑,,bull,0,none,1,0,1,0,0,0,1,0,1,2,3,1,3,5.045357142857158,16,2
2025-07-09 16:30:00,3311.432,3312.867,3310.982,3311.323,1342,,,↑,,bull,5,doji,1,0,1,1,1,0,1,0,3,2,5,3,5,4.862928571428613,16,2
2025-07-09 16:45:00,3311.285,3313.324,3311.102,3311.88,1344,,,↑,,bull,1,bullish_engulfing,1,0,1,1,0,0,1,0,2,2,4,2,4,4.66964285714289,16,2
2025-07-09 17:00:00,3311.906,3314.616,3309.698,3314.209,1677,3314.616,,↑,,bull,0,none,1,1,1,0,0,0,1,0,2,2,4,2,4,4.51157142857148,17,2
2025-07-09 17:15:00,3314.256,3314.336,3311.521,3312.395,1412,,,↑,,bull,0,none,1,0,1,0,1,0,1,0,2,2,4,2,4,3.84757142857146,17,2
2025-07-09 17:30:00,3312.357,3313.001,3309.899,3310.577,1663,,,↑,,bull,0,none,1,0,1,0,0,0,1,0,1,2,3,1,3,3.571500000000047,17,2
2025-07-09 17:45:00,3310.645,3311.453,3308.07,3309.498,1255,,3308.07,↑,,bull,0,none,1,1,1,0,0,0,1,0,2,2,4,2,4,3.5348571428571955,17,2
2025-07-09 18:00:00,3309.574,3311.248,3308.081,3310.509,1513,,,↑,,bull,0,none,1,0,1,0,1,0,1,0,2,2,4,2,4,3.3487857142857655,18,2
2025-07-09 18:15:00,3310.501,3313.683,3310.383,3311.731,1425,,,↑,,bull,0,none,1,0,1,0,1,0,1,0,2,2,4,2,4,3.29528571428578,18,2
2025-07-09 18:30:00,3311.763,3312.541,3310.293,3311.192,1195,,,↑,,bull,0,none,1,0,1,0,1,0,1,0,2,2,4,2,4,3.0689285714286467,18,2
2025-07-09 18:45:00,3311.193,3313.558,3310.128,3311.42,1411,,,↑,,bull,3,hammer,1,0,1,1,1,0,1,0,3,2,5,3,5,3.1067142857143284,18,2
2025-07-09 19:00:00,3311.377,3316.247,3310.915,3316.091,1591,,,↑,,bull,0,none,1,0,1,0,0,0,1,0,1,2,3,1,3,3.2285000000000372,19,2
2025-07-09 19:15:00,3316.092,3316.874,3314.201,3314.483,1380,3316.874,,↑,,bull,0,none,1,1,1,0,1,0,1,0,3,2,5,3,5,3.156857142857137,19,2
2025-07-09 19:30:00,3314.448,3316.722,3314.337,3315.895,1309,,,↑,,bull,0,none,1,0,1,0,1,0,1,0,2,2,4,2,4,3.0366428571428514,19,2
2025-07-09 19:45:00,3315.931,3315.966,3313.787,3315.605,1403,,,↑,,bull,0,none,1,0,1,0,1,0,1,0,2,2,4,2,4,3.074214285714301,19,2
2025-07-09 20:00:00,3315.645,3315.879,3312.636,3313.603,1045,,,↑,,bull,0,none,1,0,1,0,1,0,1,0,2,2,4,2,4,3.171214285714281,20,2
2025-07-09 20:15:00,3313.574,3313.83,3312.098,3312.872,865,,,↑,,bull,0,none,1,0,1,0,0,0,1,0,1,2,3,1,3,3.136214285714264,20,2
2025-07-09 20:30:00,3312.873,3312.974,3311.59,3312.647,803,,3311.59,↑,,bull,0,none,1,1,1,0,0,0,1,0,2,2,4,2,4,2.8837857142856853,20,2
2025-07-09 20:45:00,3312.615,3314.357,3312.443,3313.846,647,,,↑,,bull,1,bullish_engulfing,1,0,1,1,1,0,1,0,3,2,5,3,5,2.8194285714285536,20,2
2025-07-09 22:00:00,3315.279,3317.662,3314.721,3317.501,986,,,↑,,bull,0,none,1,0,1,0,0,0,1,0,1,2,3,1,3,2.870428571428517,22,2
2025-07-09 22:15:00,3317.494,3320.877,3317.166,3320.251,1118,,,↑,,bull,0,none,1,0,1,0,0,0,1,0,1,2,3,1,3,2.8938571428570867,22,2
2025-07-09 22:30:00,3320.22,3321.176,3319.297,3320.674,973,3321.176,,↑,,bull,3,hammer,1,1,1,1,0,0,1,0,3,2,5,3,5,2.8018571428570858,22,2
2025-07-09 22:45:00,3320.694,3320.865,3319.421,3319.464,769,,,↑,,bull,2,bearish_engulfing,1,0,1,1,1,0,1,0,3,2,5,3,5,2.6692857142856417,22,2
2025-07-09 23:00:00,3319.471,3319.723,3315.675,3317.641,1312,,3315.675,↑,,bull,0,none,1,1,1,0,1,0,1,0,3,2,5,3,5,2.7978571428570507,23,2
2025-07-09 23:15:00,3317.64,3319.632,3317.078,3318.082,895,,,↑,,bull,4,inverted_hammer,1,0,1,1,1,0,1,0,3,2,5,3,5,2.73528571428564,23,2
2025-07-09 23:30:00,3318.054,3318.727,3316.742,3317.493,860,,,↑,,bull,0,none,1,0,1,0,0,0,1,0,1,2,3,1,3,2.4962142857141965,23,2
2025-07-09 23:45:00,3317.574,3317.786,3316.136,3317.639,937,,,↑,,bull,3,hammer,1,0,1,1,1,0,1,0,3,2,5,3,5,2.4231428571427904,23,2
2025-07-10 00:00:00,3317.559,3319.718,3316.617,3318.309,1865,,,↑,,bull,0,none,1,0,1,0,1,0,1,0,2,2,4,2,4,2.4742857142856076,0,3
2025-07-10 00:15:00,3318.322,3319.833,3316.751,3319.126,1462,,,↑,,bull,0,none,1,0,1,0,0,0,1,0,1,2,3,1,3,2.5387857142855927,0,3
2025-07-10 00:30:00,3319.125,3321.964,3319.08,3321.7,1955,,,↑,,bull,0,none,1,0,1,0,0,0,1,0,1,2,3,1,3,2.5131428571427414,0,3
2025-07-10 00:45:00,3321.702,3321.741,3316.841,3317.746,1840,,,↑,,bull,2,bearish_engulfing,1,0,1,1,1,0,1,0,3,2,5,3,5,2.7394285714284643,0,3
2025-07-10 01:00:00,3317.708,3322.475,3316.401,3320.562,2370,,3316.401,↑,,bull,0,none,1,1,1,0,1,0,1,0,3,2,5,3,5,3.074428571428468,1,3
2025-07-10 01:15:00,3320.584,3324.531,3320.584,3324.111,2165,,,↑,,bull,0,none,1,0,1,0,0,0,1,0,1,2,3,1,3,3.221214285714203,1,3
2025-07-10 01:30:00,3324.071,3326.415,3323.6,3324.232,1847,3326.415,,↑,,bull,3,hammer,1,1,1,1,0,0,1,0,3,2,5,3,5,3.149714285714221,1,3
2025-07-10 01:45:00,3324.294,3324.62,3321.77,3322.181,1442,,,↑,,bull,2,bearish_engulfing,1,0,1,1,1,0,1,0,3,2,5,3,5,3.08821428571423,1,3
2025-07-10 02:00:00,3322.073,3323.679,3321.181,3321.656,1679,,,↑,,bull,0,none,1,0,1,0,1,0,1,0,2,2,4,2,4,3.132428571428526,2,3
2025-07-10 02:15:00,3321.662,3323.185,3321.023,3322.44,1086,,,↑,,bull,0,none,1,0,1,0,1,0,1,0,2,2,4,2,4,3.183714285714229,2,3
2025-07-10 02:30:00,3322.439,3323.31,3319.342,3319.572,1229,,,↑,,bull,0,none,1,0,1,0,0,0,1,0,1,2,3,1,3,3.1779999999999484,2,3
2025-07-10 02:45:00,3319.573,3320.361,3318.141,3319.174,1563,,,↑,,bull,0,none,1,0,1,0,0,0,1,0,1,2,3,1,3,3.154142857142785,2,3
2025-07-10 03:00:00,3319.216,3320.19,3317.882,3318.333,1187,,,↑,,bull,0,none,0,0,1,0,0,0,1,0,1,1,2,1,2,3.1772142857142365,3,3
2025-07-10 03:15:00,3318.402,3319.659,3316.718,3317.745,1286,,,↑,,bull,0,none,0,0,1,0,0,0,1,0,1,1,2,1,2,3.2694285714285343,3,3
2025-07-10 03:30:00,3317.779,3320.176,3316.889,3319.747,1262,,,↑,,bull,0,none,0,0,1,0,1,0,1,0,2,1,3,2,3,3.2827142857142593,3,3
2025-07-10 03:45:00,3319.76,3320.005,3315.362,3315.747,1168,,,↓,↓,bear,2,bearish_engulfing,0,0,1,1,0,0,1,0,2,1,3,2,3,3.39421428571427,3,3
2025-07-10 04:00:00,3315.682,3316.794,3314.773,3316.576,1066,,3314.773,,,bear,0,none,0,1,0,0,1,0,1,0,2,1,3,2,3,3.3325714285713923,4,3
2025-07-10 04:15:00,3316.556,3317.591,3315.532,3316.019,963,,,↓,,bear,0,none,0,0,1,0,1,0,1,0,2,1,3,2,3,3.129642857142796,4,3
2025-07-10 04:30:00,3316.051,3318.664,3315.717,3318.455,813,,,,,bear,0,none,0,0,0,0,1,0,1,0,1,1,2,1,2,2.9062857142856564,4,3
2025-07-10 04:45:00,3318.453,3322.56,3318.4,3322.139,1418,,,,,bear,0,none,1,0,0,0,0,0,1,0,0,2,2,0,2,2.9199285714284997,4,3
2025-07-10 05:00:00,3322.212,3324.213,3322.097,3323.996,1254,,,,,bear,0,none,1,0,0,0,0,0,1,0,0,2,2,0,2,2.8699999999999233,5,3
2025-07-10 05:15:00,3324.075,3325.053,3322.439,3322.777,1287,,,,,bear,0,none,1,0,0,0,1,0,1,0,1,2,3,1,3,2.8531428571427893,5,3
2025-07-10 05:30:00,3322.737,3324.007,3320.676,3323.006,1604,,,,,bear,3,hammer,1,0,0,1,1,0,1,0,2,2,4,2,4,2.9126428571427954,5,3
2025-07-10 05:45:00,3323.004,3323.708,3320.694,3321.308,1369,,,,,bear,0,none,1,0,0,0,1,0,1,0,1,2,3,1,3,2.973499999999961,5,3
2025-07-10 06:00:00,3321.149,3325.487,3320.902,3324.835,1940,,,,,bear,1,bullish_engulfing,1,0,0,1,0,0,1,0,1,2,3,1,3,3.017571428571403,6,3
2025-07-10 06:15:00,3324.872,3328.535,3323.902,3324.819,2239,,,,,bear,5,doji,1,0,0,1,1,0,1,0,2,2,4,2,4,3.1899285714285464,6,3
2025-07-10 06:30:00,3324.808,3325.954,3323.688,3323.965,1091,,,,,bear,0,none,1,0,0,0,1,0,1,0,1,2,3,1,3,3.1869285714285525,6,3
2025-07-10 06:45:00,3323.934,3325.376,3323.59,3325.252,1245,,,,,bear,1,bullish_engulfing,1,0,0,1,0,0,1,0,1,2,3,1,3,3.1044285714285382,6,3
2025-07-10 07:00:00,3325.211,3329.486,3325.211,3326.637,2245,3329.486,,,,bear,0,none,1,1,0,0,0,0,1,0,1,2,3,1,3,3.174999999999987,7,3
2025-07-10 07:15:00,3326.613,3328.017,3325.821,3327.234,1495,,,,,bear,0,none,1,0,0,0,0,0,1,0,0,2,2,0,2,3.0002142857142644,7,3
2025-07-10 07:30:00,3327.118,3327.868,3322.669,3322.72,1733,,,,,bear,0,none,1,0,0,0,0,0,1,0,0,2,2,0,2,3.2272142857142887,7,3
2025-07-10 07:45:00,3322.828,3323.259,3319.867,3321.047,1633,,,,,bear,0,none,1,0,0,0,0,0,1,0,0,2,2,0,2,3.3224285714285804,7,3
2025-07-10 08:00:00,3321.071,3322.339,3319.862,3321.328,1456,,3319.862,,,bear,3,hammer,0,1,0,1,1,0,1,0,3,1,4,3,4,3.2888571428571334,8,3
2025-07-10 08:15:00,3321.328,3321.984,3320.113,3321.934,1287,,,,,bear,3,hammer,0,0,0,1,1,0,1,0,2,1,3,2,3,3.1253571428571507,8,3
2025-07-10 08:30:00,3321.895,3325.709,3321.22,3325.535,1424,,,,,bear,0,none,1,0,0,0,1,0,1,0,1,2,3,1,3,3.294857142857154,8,3
2025-07-10 08:45:00,3325.501,3330.124,3325.304,3328.633,1725,,,,,bear,0,none,1,0,0,0,0,0,1,0,0,2,2,0,2,3.4524285714285594,8,3
2025-07-10 09:00:00,3328.575,3330.289,3327.236,3328.062,1653,3330.289,,,,bear,0,none,1,1,0,0,1,0,1,0,2,2,4,2,4,3.4325714285714315,9,3
2025-07-10 09:15:00,3328.105,3329.7,3326.307,3326.433,1367,,,,,bear,0,none,1,0,0,0,1,0,1,0,1,2,3,1,3,3.4596428571428532,9,3
2025-07-10 09:30:00,3326.468,3327.152,3323.203,3325.158,1885,,,,,bear,0,none,1,0,0,0,1,0,1,0,1,2,3,1,3,3.414214285714284,9,3
2025-07-10 09:45:00,3325.119,3326.689,3324.42,3326.474,1479,,,,,bear,1,bullish_engulfing,1,0,0,1,1,0,1,0,2,2,4,2,4,3.245357142857139,9,3
2025-07-10 10:00:00,3326.507,3326.818,3322.527,3323.937,1481,,,,,bear,2,bearish_engulfing,1,0,0,1,0,0,1,0,1,2,3,1,3,3.390000000000003,10,3
2025-07-10 10:15:00,3323.919,3325.5,3322.246,3325.285,1572,,3322.246,,,bear,0,none,1,1,0,0,1,0,1,0,2,2,4,2,4,3.4948571428571347,10,3
2025-07-10 10:30:00,3325.286,3327.361,3323.821,3326.748,1599,,,,,bear,0,none,1,0,0,0,0,0,1,0,0,2,2,0,2,3.4423571428571256,10,3
2025-07-10 10:45:00,3326.76,3328.719,3325.216,3325.3,1961,,,,,bear,0,none,1,0,0,0,1,0,1,0,1,2,3,1,3,3.5357142857142856,10,3
2025-07-10 11:00:00,3325.341,3329.342,3325.341,3328.589,2491,,,,,bear,0,none,1,0,0,0,0,0,1,0,0,2,2,0,2,3.4530714285714175,11,3
2025-07-10 11:15:00,3328.665,3330.337,3327.357,3328.311,1732,3330.337,,,,bear,0,none,1,1,0,0,1,0,1,0,2,2,4,2,4,3.42364285714286,11,3
2025-07-10 11:30:00,3328.349,3329.086,3323.972,3325.734,2028,,,,,bear,0,none,1,0,0,0,1,0,1,0,1,2,3,1,3,3.611999999999983,11,3
2025-07-10 11:45:00,3325.699,3326.139,3318.331,3320.411,2341,,,,,bear,0,none,0,0,0,0,0,0,1,0,0,1,1,0,1,4.036071428571404,11,3
2025-07-10 12:00:00,3320.424,3320.495,3317.983,3319.211,1890,,,,,bear,0,none,0,0,0,0,0,0,1,0,0,1,1,0,1,3.8948571428570955,12,3
2025-07-10 12:15:00,3319.236,3321.935,3317.922,3321.065,2598,,3317.922,,,bear,0,none,0,1,0,0,1,0,1,0,2,1,3,2,3,3.8372142857142535,12,3
2025-07-10 12:30:00,3320.854,3324.079,3318.171,3322.878,2585,,,,,bear,0,none,0,0,0,0,1,0,1,0,1,1,2,1,2,4.041142857142826,12,3
2025-07-10 12:45:00,3322.81,3326.089,3321.728,3323.783,2823,,,,,bear,4,inverted_hammer,0,0,0,1,1,0,1,0,2,1,3,2,3,4.110285714285673,12,3
2025-07-10 13:00:00,3323.746,3329.472,3323.647,3327.369,5237,3329.472,,,,bear,0,none,1,1,0,0,0,0,1,0,1,2,3,1,3,4.244285714285687,13,3
2025-07-10 13:15:00,3327.326,3329.312,3322.355,3324.207,3250,,,,,bear,0,none,1,0,0,0,1,0,1,0,1,2,3,1,3,4.579142857142837,13,3
2025-07-10 13:30:00,3324.243,3328.268,3320.971,3321.177,4321,,,,,bear,0,none,1,0,0,0,1,0,1,0,1,2,3,1,3,4.793857142857113,13,3
2025-07-10 13:45:00,3321.254,3321.541,3311.935,3312.836,5227,,,↓,,bear,0,none,0,0,1,0,0,0,1,0,1,1,2,1,2,5.247571428571421,13,3
2025-07-10 14:00:00,3312.786,3319.416,3310.064,3318.949,4619,,3310.064,,,bear,0,none,0,1,0,0,1,0,1,0,2,1,3,2,3,5.662714285714303,14,3
2025-07-10 14:15:00,3318.879,3321.585,3313.137,3313.137,3722,,,↓,,bear,0,none,0,0,1,0,1,0,1,0,2,1,3,2,3,6.015928571428568,14,3
2025-07-10 14:30:00,3313.247,3317.732,3312.831,3315.562,2695,,,↓,,bear,0,none,0,0,1,0,1,0,1,0,2,1,3,2,3,6.077285714285706,14,3
2025-07-10 14:45:00,3315.531,3318.801,3314.305,3314.931,2284,,,↓,,bear,0,none,0,0,1,0,1,0,1,0,2,1,3,2,3,6.185571428571426,14,3
2025-07-10 15:00:00,3314.967,3318.52,3314.558,3317.932,1997,,,,,bear,0,none,0,0,0,0,1,0,1,0,1,1,2,1,2,6.10328571428574,15,3
2025-07-10 15:15:00,3317.948,3321.52,3317.764,3320.907,1808,3321.52,,,,bear,0,none,0,1,0,0,0,0,1,0,1,1,2,1,2,5.8138571428571595,15,3
2025-07-10 15:30:00,3320.791,3321.332,3318.863,3319.547,1883,,,,,bear,0,none,0,0,0,0,1,0,1,0,1,1,2,1,2,5.810785714285755,15,3
2025-07-10 15:45:00,3319.516,3320.96,3318.645,3319.743,1558,,,,,bear,3,hammer,0,0,0,1,1,0,1,0,2,1,3,2,3,5.68950000000005,15,3
2025-07-10 16:00:00,3319.711,3320.003,3318.109,3318.557,1496,,,,,bear,0,none,0,0,0,0,1,0,1,0,1,1,2,1,2,5.402785714285756,16,3
2025-07-10 16:15:00,3318.501,3318.705,3316.177,3316.393,1552,,,↓,,bear,0,none,0,0,1,0,0,0,1,0,1,1,2,1,2,5.271857142857178,16,3
2025-07-10 16:30:00,3316.342,3316.348,3312.108,3313.033,1933,,3312.108,↓,,bear,0,none,0,1,1,0,0,0,1,0,2,1,3,2,3,5.161857142857149,16,3
2025-07-10 16:45:00,3312.907,3315.319,3312.651,3315.138,1614,,,↓,,bear,0,none,0,0,1,0,1,0,1,0,2,1,3,2,3,4.855500000000022,16,3
2025-07-10 17:00:00,3315.016,3318.46,3314.649,3316.65,1562,,,,,bear,0,none,0,0,0,0,1,0,1,0,1,1,2,1,2,4.606500000000032,17,3
2025-07-10 17:15:00,3316.661,3318.641,3316.377,3316.874,1535,,,,,bear,4,inverted_hammer,0,0,0,1,1,0,1,0,2,1,3,2,3,4.082071428571453,17,3
2025-07-10 17:30:00,3316.899,3318.53,3316.878,3317.441,1283,,,,,bear,4,inverted_hammer,0,0,0,1,0,0,1,0,1,1,2,1,2,3.5323571428571734,17,3
2025-07-10 17:45:00,3317.392,3317.961,3316.349,3317.278,1257,,,,,bear,5,doji,0,0,0,1,1,0,1,0,2,1,3,2,3,3.044071428571442,17,3
2025-07-10 18:00:00,3317.291,3319.156,3317.17,3317.744,1492,,,,,bear,4,inverted_hammer,0,0,0,1,0,0,1,0,1,1,2,1,2,2.835857142857159,18,3
2025-07-10 18:15:00,3317.697,3318.193,3316.431,3317.959,1375,,,,,bear,3,hammer,0,0,0,1,0,0,1,0,1,1,2,1,2,2.6405714285714503,18,3
2025-07-10 18:30:00,3317.973,3318.518,3316.551,3318.227,1107,,,,,bear,3,hammer,0,0,0,1,0,0,1,0,1,1,2,1,2,2.498071428571458,18,3
2025-07-10 18:45:00,3318.127,3321.854,3318.067,3321.513,1321,,,,,bear,0,none,1,0,0,0,0,0,1,0,0,2,2,0,2,2.50028571428574,18,3
2025-07-10 19:00:00,3321.551,3324.902,3321.363,3324.535,1470,,,↑,↑,bull,0,none,1,0,1,0,0,0,1,0,1,2,3,1,3,2.5767142857143233,19,3
2025-07-10 19:15:00,3324.574,3325.91,3324.136,3324.212,1302,3325.91,,↑,,bull,0,none,1,1,1,0,1,0,1,0,3,2,5,3,5,2.538071428571454,19,3
2025-07-10 19:30:00,3324.263,3324.617,3323.038,3323.364,1379,,,↑,,bull,0,none,1,0,1,0,1,0,1,0,2,2,4,2,4,2.5155714285714503,19,3
2025-07-10 19:45:00,3323.388,3325.492,3323.09,3324.826,1355,,,↑,,bull,0,none,1,0,1,0,0,0,1,0,1,2,3,1,3,2.506571428571468,19,3
2025-07-10 20:00:00,3324.851,3325.316,3323.796,3324.336,898,,,↑,,bull,0,none,1,0,1,0,1,0,1,0,2,2,4,2,4,2.3090714285714773,20,3
2025-07-10 20:15:00,3324.317,3324.602,3323.348,3324.277,835,,,↑,,bull,5,doji,1,0,1,1,1,0,1,0,3,2,5,3,5,2.2080714285714618,20,3
2025-07-10 20:30:00,3324.296,3324.688,3323.646,3324.117,808,,,↑,,bull,0,none,1,0,1,0,1,0,1,0,2,2,4,2,4,2.010285714285731,20,3
2025-07-10 20:45:00,3324.115,3324.549,3323.506,3324.489,528,,,↑,,bull,1,bullish_engulfing,1,0,1,1,1,0,1,0,3,2,5,3,5,1.923071428571445,20,3
2025-07-10 22:00:00,3325.207,3326.476,3325.04,3325.183,1071,3326.476,,↑,,bull,5,doji,1,1,1,1,0,0,1,0,3,2,5,3,5,1.946714285714279,22,3
2025-07-10 22:15:00,3325.166,3325.971,3323.27,3325.424,1330,,,↑,,bull,1,bullish_engulfing,1,0,1,1,0,0,1,0,2,2,4,2,4,2.0245000000000215,22,3
2025-07-10 22:30:00,3325.43,3325.604,3323.817,3324.533,1188,,,↑,,bull,2,bearish_engulfing,1,0,1,1,1,0,1,0,3,2,5,3,5,2.010285714285731,22,3
2025-07-10 22:45:00,3324.553,3324.673,3321.84,3323.256,1185,,3321.84,↑,,bull,0,none,1,1,1,0,0,0,1,0,2,2,4,2,4,2.0867857142856923,22,3
2025-07-10 23:00:00,3323.157,3324.558,3322.926,3323.928,758,,,↑,,bull,0,none,1,0,1,0,1,0,1,0,2,2,4,2,4,2.0628571428571183,23,3
2025-07-10 23:15:00,3323.954,3324.944,3323.181,3324.476,585,,,↑,,bull,0,none,1,0,1,0,1,0,1,0,2,2,4,2,4,1.9182857142856977,23,3
2025-07-10 23:30:00,3324.5,3326.384,3324.425,3325.97,772,,,↑,,bull,0,none,1,0,1,0,0,0,1,0,1,2,3,1,3,1.8054285714285274,23,3
2025-07-10 23:45:00,3325.999,3326.401,3323.257,3323.808,1402,,,↑,,bull,2,bearish_engulfing,1,0,1,1,1,0,1,0,3,2,5,3,5,1.9032857142856625,23,3
2025-07-11 00:00:00,3323.764,3327.548,3323.637,3326.532,1806,,,↑,,bull,1,bullish_engulfing,1,0,1,1,0,0,1,0,2,2,4,2,4,2.06985714285705,0,4
2025-07-11 00:15:00,3326.563,3328.138,3325.153,3327.608,1986,,,↑,,bull,0,none,1,0,1,0,0,0,1,0,1,2,3,1,3,2.1114999999999133,0,4
2025-07-11 00:30:00,3327.631,3335.939,3327.315,3335.888,4093,,,↑,,bull,0,none,1,0,1,0,0,0,1,0,1,2,3,1,3,2.6189285714284716,0,4
2025-07-11 00:45:00,3335.836,3336.154,3329.846,3330.627,2739,3336.154,,↑,,bull,0,none,1,1,1,0,1,0,1,0,3,2,5,3,5,2.9799285714284776,0,4
2025-07-11 01:00:00,3330.58,3331.604,3325.25,3326.369,4354,,,↑,,bull,0,none,1,0,1,0,1,0,1,0,2,2,4,2,4,3.359357142857042,1,4
2025-07-11 01:15:00,3326.367,3328.634,3325.519,3328.47,2103,,,↑,,bull,0,none,1,0,1,0,1,0,1,0,2,2,4,2,4,3.50735714285705,1,4
2025-07-11 01:30:00,3328.435,3331.327,3328.435,3330.97,1820,,,↑,,bull,0,none,1,0,1,0,1,0,1,0,2,2,4,2,4,3.5719999999999215,1,4
2025-07-11 01:45:00,3331.003,3331.214,3328.745,3329.583,1239,,,↑,,bull,0,none,1,0,1,0,1,0,1,0,2,2,4,2,4,3.555428571428495,1,4
2025-07-11 02:00:00,3329.552,3330.899,3327.173,3330.821,1707,,,↑,,bull,0,none,1,0,1,0,1,0,1,0,2,2,4,2,4,3.693928571428517,2,4
2025-07-11 02:15:00,3330.711,3332.699,3329.368,3330.938,1624,,,↑,,bull,3,hammer,1,0,1,1,1,0,1,0,3,2,5,3,5,3.729499999999981,2,4
2025-07-11 02:30:00,3330.949,3333.781,3330.112,3333.711,1643,,,↑,,bull,0,none,1,0,1,0,0,0,1,0,1,2,3,1,3,3.8749999999999676,2,4
2025-07-11 02:45:00,3333.765,3334.992,3332.509,3332.62,1426,,,↑,,bull,0,none,1,0,1,0,1,0,1,0,2,2,4,2,4,3.926428571428557,2,4
2025-07-11 03:00:00,3332.642,3335.573,3332.165,3334.911,1417,,,↑,,bull,0,none,1,0,1,0,0,0,1,0,1,2,3,1,3,4.029928571428562,3,4
2025-07-11 03:15:00,3334.879,3336.006,3334.639,3335.828,1050,3336.006,,↑,,bull,0,none,1,1,1,0,0,0,1,0,2,2,4,2,4,3.9029999999999876,3,4
2025-07-11 03:30:00,3335.823,3335.852,3332.57,3335.26,1158,,,↑,,bull,0,none,1,0,1,0,1,0,1,0,2,2,4,2,4,3.858071428571423,3,4
2025-07-11 03:45:00,3335.247,3335.743,3333.487,3333.765,931,,,↑,,bull,0,none,1,0,1,0,1,0,1,0,2,2,4,2,4,3.805999999999975,3,4
2025-07-11 04:00:00,3333.757,3335.389,3333.406,3334.963,1120,,,↑,,bull,0,none,1,0,1,0,1,0,1,0,2,2,4,2,4,3.3316428571428593,4,4
2025-07-11 04:15:00,3334.936,3335.084,3331.555,3331.664,1128,,,↑,,bull,0,none,1,0,1,0,0,0,1,0,1,2,3,1,3,3.1331428571428597,4,4
2025-07-11 04:30:00,3331.673,3332.249,3330.25,3330.541,1070,,,↑,,bull,0,none,1,0,1,0,0,0,1,0,1,2,3,1,3,2.8220714285714297,4,4
2025-07-11 04:45:00,3330.549,3332.546,3329.517,3331.999,1262,,3329.517,↑,,bull,0,none,1,1,1,0,1,0,1,0,3,2,5,3,5,2.815928571428555,4,4
2025-07-11 05:00:00,3331.964,3334.049,3331.964,3333.335,1190,,,↑,,bull,0,none,1,0,1,0,1,0,1,0,2,2,4,2,4,2.7582857142856807,5,4
2025-07-11 05:15:00,3333.372,3341.65,3333.124,3340.217,2424,3341.65,,↑,,bull,0,none,1,1,1,0,0,0,1,0,2,2,4,2,4,3.190928571428555,5,4
2025-07-11 05:30:00,3340.203,3340.395,3334.878,3334.878,3124,,,↑,,bull,0,none,1,0,1,0,1,0,1,0,2,2,4,2,4,3.318857142857106,5,4
2025-07-11 05:45:00,3334.898,3335.045,3332.331,3334.02,2425,,,↑,,bull,0,none,1,0,1,0,1,0,1,0,2,2,4,2,4,3.274785714285664,5,4
2025-07-11 06:00:00,3334.051,3337.269,3332.794,3336.985,1962,,,↑,,bull,0,none,1,0,1,0,1,0,1,0,2,2,4,2,4,3.3323571428570955,6,4
2025-07-11 06:15:00,3337.067,3343.827,3337.067,3342.874,2842,3343.827,,↑,,bull,0,none,1,1,1,0,0,0,1,0,2,2,4,2,4,3.643714285714233,6,4
2025-07-11 06:30:00,3342.892,3343.414,3338.389,3339.187,2204,,,↑,,bull,0,none,1,0,1,0,1,0,1,0,2,2,4,2,4,3.7592142857142465,6,4
2025-07-11 06:45:00,3339.225,3339.258,3332.12,3332.567,2288,,,↑,,bull,0,none,1,0,1,0,0,0,1,0,1,2,3,1,3,4.171428571428545,6,4
2025-07-11 07:00:00,3332.52,3334.377,3331.086,3333.534,2803,,3331.086,↑,,bull,0,none,1,1,1,0,1,0,1,0,3,2,5,3,5,4.172071428571436,7,4
2025-07-11 07:15:00,3333.541,3335.143,3332.936,3334.609,2340,,,↑,,bull,0,none,0,0,1,0,1,0,1,0,2,1,3,2,3,4.168571428571438,7,4
2025-07-11 07:30:00,3334.639,3338.803,3334.304,3338.253,1589,,,↑,,bull,0,none,1,0,1,0,1,0,1,0,2,2,4,2,4,4.348285714285696,7,4
2025-07-11 07:45:00,3338.222,3342.264,3338.222,3341.833,1837,,,↑,,bull,0,none,1,0,1,0,0,0,1,0,1,2,3,1,3,4.3849285714285475,7,4
2025-07-11 08:00:00,3341.789,3343.434,3340.664,3342.137,2569,,,↑,,bull,3,hammer,1,0,1,1,0,0,1,0,2,2,4,2,4,4.43999999999999,8,4
2025-07-11 08:15:00,3342.081,3343.804,3338.536,3338.621,1889,3343.804,,↑,,bull,0,none,1,1,1,0,1,0,1,0,3,2,5,3,5,4.599928571428563,8,4
2025-07-11 08:30:00,3338.61,3339.476,3336.251,3338.129,2169,,,↑,,bull,0,none,1,0,1,0,1,0,1,0,2,2,4,2,4,4.6813571428571255,8,4
2025-07-11 08:45:00,3338.165,3340.155,3332.867,3333.087,2761,,,↑,,bull,0,none,1,0,1,0,0,0,1,0,1,2,3,1,3,4.592928571428534,8,4
2025-07-11 09:00:00,3333.119,3335.327,3332.669,3334.612,2045,,3332.669,↑,,bull,0,none,0,1,1,0,1,0,1,0,3,1,4,3,4,4.388714285714286,9,4
2025-07-11 09:15:00,3334.634,3335.845,3333.474,3334.04,1536,,,↑,,bull,0,none,0,0,1,0,1,0,1,0,2,1,3,2,3,4.364214285714264,9,4
2025-07-11 09:30:00,3334.054,3337.479,3333.897,3335.732,1697,,,↑,,bull,0,none,0,0,1,0,1,0,1,0,2,1,3,2,3,4.300428571428548,9,4
2025-07-11 09:45:00,3335.722,3340.0,3335.571,3339.449,1636,,,↑,,bull,0,none,1,0,1,0,0,0,1,0,1,2,3,1,3,4.128071428571404,9,4
2025-07-11 10:00:00,3339.486,3343.05,3339.486,3342.458,1869,,,↑,,bull,0,none,1,0,1,0,0,0,1,0,1,2,3,1,3,4.026357142857121,10,4
2025-07-11 10:15:00,3342.461,3345.955,3342.26,3345.713,1688,,,↑,,bull,0,none,1,0,1,0,0,0,1,0,1,2,3,1,3,3.780428571428534,10,4
2025-07-11 10:30:00,3345.711,3348.188,3344.182,3347.154,1820,,,↑,,bull,0,none,1,0,1,0,0,0,1,0,1,2,3,1,3,3.831499999999973,10,4
2025-07-11 10:45:00,3347.196,3348.248,3344.919,3345.011,2088,,,↑,,bull,2,bearish_engulfing,1,0,1,1,1,0,1,0,3,2,5,3,5,3.9116428571428514,10,4
2025-07-11 11:00:00,3345.053,3348.42,3343.886,3348.169,2245,,,↑,,bull,0,none,1,0,1,0,0,0,1,0,1,2,3,1,3,3.9141428571428736,11,4
2025-07-11 11:15:00,3348.113,3348.381,3342.034,3344.999,2030,,3342.034,↑,,bull,0,none,1,1,1,0,1,0,1,0,3,2,5,3,5,4.078785714285719,11,4
2025-07-11 11:30:00,3345.019,3349.132,3344.872,3348.781,1757,,,↑,,bull,0,none,1,0,1,0,0,0,1,0,1,2,3,1,3,4.1852142857143075,11,4
2025-07-11 11:45:00,3348.771,3350.305,3346.955,3347.507,2028,,,↑,,bull,0,none,1,0,1,0,1,0,1,0,2,2,4,2,4,4.048214285714299,11,4
2025-07-11 12:00:00,3347.526,3350.288,3344.81,3344.922,2450,,,↑,,bull,0,none,1,0,1,0,0,0,1,0,1,2,3,1,3,4.209142857142881,12,4
2025-07-11 12:15:00,3344.944,3349.111,3344.356,3346.988,2698,,3344.356,↑,,bull,0,none,1,1,1,0,1,0,1,0,3,2,5,3,5,4.028214285714284,12,4
2025-07-11 12:30:00,3347.032,3354.626,3347.032,3352.489,3912,,,↑,,bull,0,none,1,0,1,0,0,0,1,0,1,2,3,1,3,4.383928571428571,12,4
2025-07-11 12:45:00,3352.523,3357.107,3351.718,3355.081,3701,,,↑,,bull,0,none,1,0,1,0,0,0,1,0,1,2,3,1,3,4.599500000000035,12,4
2025-07-11 13:00:00,3355.127,3358.151,3353.44,3356.459,3804,,,↑,,bull,0,none,1,0,1,0,0,0,1,0,1,2,3,1,3,4.680142857142885,13,4
2025-07-11 13:15:00,3356.481,3358.488,3350.059,3353.162,3653,,,↑,,bull,2,bearish_engulfing,1,0,1,1,1,0,1,0,3,2,5,3,5,4.965857142857138,13,4
2025-07-11 13:30:00,3353.154,3359.228,3350.692,3353.258,6070,3359.228,,↑,,bull,3,hammer,1,1,1,1,1,0,1,0,4,2,6,4,6,5.318357142857134,13,4
2025-07-11 13:45:00,3353.213,3356.42,3350.192,3351.916,5728,,,↑,,bull,0,none,1,0,1,0,0,0,1,0,1,2,3,1,3,5.499285714285731,13,4
2025-07-11 14:00:00,3351.889,3355.36,3351.089,3353.387,5414,,,↑,,bull,1,bullish_engulfing,1,0,1,1,1,0,1,0,3,2,5,3,5,5.5182142857142935,14,4
2025-07-11 14:15:00,3353.392,3355.626,3350.231,3355.144,3956,,,↑,,bull,0,none,1,0,1,0,1,0,1,0,2,2,4,2,4,5.665785714285708,14,4
2025-07-11 14:30:00,3355.183,3360.203,3355.179,3359.799,4203,,,↑,,bull,0,none,1,0,1,0,0,0,1,0,1,2,3,1,3,5.703285714285714,14,4
2025-07-11 14:45:00,3359.776,3363.882,3358.231,3361.167,3146,,,↑,,bull,0,none,1,0,1,0,0,0,1,0,1,2,3,1,3,5.653571428571435,14,4
2025-07-11 15:00:00,3361.124,3365.442,3360.977,3365.205,2476,,,↑,,bull,0,none,1,0,1,0,0,0,1,0,1,2,3,1,3,5.668214285714287,15,4
2025-07-11 15:15:00,3365.098,3368.749,3363.179,3365.884,3200,3368.749,,↑,,bull,3,hammer,1,1,1,1,0,0,1,0,3,2,5,3,5,5.826785714285701,15,4
2025-07-11 15:30:00,3365.928,3366.299,3359.192,3359.192,3581,,,↑,,bull,2,bearish_engulfing,1,0,1,1,1,0,1,0,3,2,5,3,5,5.9431428571428375,15,4
2025-07-11 15:45:00,3359.199,3360.514,3356.854,3358.915,2858,,,↑,,bull,5,doji,1,0,1,1,0,0,1,0,2,2,4,2,4,5.864928571428599,15,4
2025-07-11 16:00:00,3358.884,3359.717,3355.409,3356.043,2938,,,↑,,bull,0,none,1,0,1,0,0,0,1,0,1,2,3,1,3,5.627071428571428,16,4
2025-07-11 16:15:00,3355.996,3356.053,3353.239,3355.262,2276,,,↑,,bull,0,none,1,0,1,0,0,0,1,0,1,2,3,1,3,5.4431428571428375,16,4
2025-07-11 16:30:00,3355.223,3356.403,3353.222,3353.605,1916,,,↑,,bull,0,none,1,0,1,0,0,0,1,0,1,2,3,1,3,5.333857142857108,16,4
2025-07-11 16:45:00,3353.702,3355.559,3352.804,3353.809,1726,,,↑,,bull,3,hammer,0,0,1,1,1,0,1,0,3,1,4,3,4,4.928571428571429,16,4
2025-07-11 17:00:00,3353.779,3354.085,3349.185,3351.582,2057,,3349.185,↑,,bull,0,none,0,1,1,0,0,0,1,0,2,1,3,2,3,4.668857142857145,17,4
2025-07-11 17:15:00,3351.598,3352.658,3349.67,3349.761,2030,,,↑,,bull,0,none,0,0,1,0,0,0,1,0,1,1,2,1,2,4.437428571428557,17,4
2025-07-11 17:30:00,3349.756,3352.721,3349.367,3352.178,1483,,,↑,,bull,1,bullish_engulfing,0,0,1,1,1,0,1,0,3,1,4,3,4,4.371928571428531,17,4
2025-07-11 17:45:00,3352.161,3353.653,3352.052,3353.345,1655,,,↑,,bull,0,none,0,0,1,0,1,0,1,0,2,1,3,2,3,4.100928571428507,17,4
2025-07-11 18:00:00,3353.38,3356.299,3353.264,3354.966,2022,,,↑,,bull,0,none,0,0,1,0,0,0,1,0,1,1,2,1,2,3.9563571428570543,18,4
2025-07-11 18:15:00,3354.962,3358.065,3354.746,3355.684,1494,,,↑,,bull,4,inverted_hammer,1,0,1,1,0,0,1,0,2,2,4,2,4,3.7897857142856344,18,4
2025-07-11 18:30:00,3355.708,3358.482,3355.366,3357.905,1268,,,↑,,bull,0,none,1,0,1,0,0,0,1,0,1,2,3,1,3,3.69342857142848,18,4
2025-07-11 18:45:00,3357.795,3357.924,3355.797,3356.101,1173,,,↑,,bull,0,none,1,0,1,0,1,0,1,0,2,2,4,2,4,3.447499999999926,18,4
2025-07-11 19:00:00,3356.064,3359.388,3355.534,3357.569,1577,,,↑,,bull,0,none,1,0,1,0,1,0,1,0,2,2,4,2,4,3.215142857142772,19,4
2025-07-11 19:15:00,3357.563,3358.636,3356.441,3358.294,1387,,,↑,,bull,0,none,1,0,1,0,0,0,1,0,1,2,3,1,3,3.1104999999999046,19,4
2025-07-11 19:30:00,3358.292,3359.802,3357.631,3359.116,1294,3359.802,,↑,,bull,0,none,1,1,1,0,0,0,1,0,2,2,4,2,4,2.9578571428570677,19,4
2025-07-11 19:45:00,3359.15,3359.322,3355.932,3356.411,1608,,,↑,,bull,2,bearish_engulfing,1,0,1,1,1,0,1,0,3,2,5,3,5,2.998999999999959,19,4
2025-07-11 20:00:00,3356.459,3356.794,3355.586,3356.548,873,,,↑,,bull,3,hammer,1,0,1,1,1,0,1,0,3,2,5,3,5,2.858071428571423,20,4
2025-07-11 20:15:00,3356.528,3356.698,3354.265,3354.459,744,,,↑,,bull,0,none,1,0,1,0,0,0,1,0,1,2,3,1,3,2.8350714285714145,20,4
2025-07-11 20:30:00,3354.5,3358.033,3353.594,3357.903,1031,,3353.594,↑,,bull,0,none,1,1,1,0,1,0,1,0,3,2,5,3,5,2.802142857142826,20,4
2025-07-11 20:45:00,3357.977,3358.959,3354.794,3355.105,1082,,,↑,,bull,0,none,1,0,1,0,1,0,1,0,2,2,4,2,4,2.886214285714264,20,4
2025-07-13 22:00:00,3361.295,3366.276,3359.658,3366.085,2694,,,↑,,bull,0,none,1,0,1,0,0,0,1,0,1,2,3,1,3,3.4445714285714075,22,6
2025-07-13 22:15:00,3366.06,3370.879,3363.343,3370.524,2809,,,↑,,bull,0,none,1,0,1,0,0,0,1,0,1,2,3,1,3,3.8685000000000076,22,6
2025-07-13 22:30:00,3370.556,3370.556,3364.714,3369.592,2739,,,↑,,bull,0,none,1,0,1,0,1,0,1,0,2,2,4,2,4,4.069000000000025,22,6
2025-07-13 22:45:00,3369.552,3371.157,3368.279,3369.181,1431,,,↑,,bull,0,none,1,0,1,0,1,0,1,0,2,2,4,2,4,4.037500000000039,22,6
2025-07-13 23:00:00,3369.222,3372.759,3369.222,3372.29,2676,,,↑,,bull,0,none,1,0,1,0,0,0,1,0,1,2,3,1,3,4.070500000000038,23,6
2025-07-13 23:15:00,3372.28,3374.044,3366.818,3368.346,2048,3374.044,,↑,,bull,0,none,1,1,1,0,1,0,1,0,3,2,5,3,5,4.4347142857143025,23,6
2025-07-13 23:30:00,3368.357,3369.236,3366.548,3367.809,1880,,,↑,,bull,0,none,1,0,1,0,0,0,1,0,1,2,3,1,3,4.351428571428609,23,6
2025-07-13 23:45:00,3367.845,3369.776,3366.326,3367.772,1621,,,↑,,bull,5,doji,1,0,1,1,0,0,1,0,2,2,4,2,4,4.441071428571441,23,6
2025-07-14 00:00:00,3367.731,3368.544,3364.916,3368.063,3425,,3364.916,↑,,bull,1,bullish_engulfing,1,1,1,1,1,0,1,0,4,2,6,4,6,4.545142857142829,0,0
2025-07-14 00:15:00,3368.073,3372.005,3367.259,3370.534,1855,,,↑,,bull,0,none,1,0,1,0,1,0,1,0,2,2,4,2,4,4.641999999999955,0,0
2025-07-14 00:30:00,3370.501,3373.318,3370.501,3371.948,1751,3373.318,,↑,,bull,0,none,1,1,1,0,0,0,1,0,2,2,4,2,4,4.756928571428522,0,0
2025-07-14 00:45:00,3372.015,3372.094,3367.168,3367.628,2182,,,↑,,bull,2,bearish_engulfing,1,0,1,1,0,0,1,0,2,2,4,2,4,4.934999999999945,0,0
2025-07-14 01:00:00,3367.582,3370.164,3361.286,3365.353,4146,,,↑,,bull,0,none,1,0,1,0,0,0,1,0,1,2,3,1,3,5.252071428571396,1,0
2025-07-14 01:15:00,3365.327,3367.045,3360.568,3361.327,2671,,,↓,↓,bear,0,none,0,0,1,0,0,0,1,0,1,1,2,1,2,5.417214285714246,1,0
2025-07-14 01:30:00,3361.292,3361.882,3358.484,3359.77,2567,,,↓,,bear,0,none,0,0,1,0,0,0,1,0,1,1,2,1,2,4.861999999999982,1,0
2025-07-14 01:45:00,3359.734,3360.685,3356.993,3358.812,2215,,,↓,,bear,0,none,0,0,1,0,0,0,1,0,1,1,2,1,2,4.587428571428551,1,0
2025-07-14 02:00:00,3358.758,3358.758,3355.127,3355.71,1862,,,↓,,bear,0,none,0,0,1,0,0,0,1,0,1,1,2,1,2,4.433357142857111,2,0
2025-07-14 02:15:00,3355.748,3359.174,3354.655,3359.085,1894,,,↓,,bear,0,none,0,0,1,0,1,0,1,0,2,1,3,2,3,4.550571428571369,2,0
2025-07-14 02:30:00,3359.125,3359.583,3353.865,3355.544,2240,,3353.865,↓,,bear,2,bearish_engulfing,0,1,1,1,0,0,1,0,3,1,4,3,4,4.703428571428536,2,0
2025-07-14 02:45:00,3355.449,3357.844,3355.437,3357.393,1388,,,↓,,bear,0,none,0,0,1,0,1,0,1,0,2,1,3,2,3,4.359214285714286,2,0
2025-07-14 03:00:00,3357.435,3359.663,3356.75,3358.489,1403,3359.663,,↓,,bear,0,none,0,1,1,0,1,0,1,0,3,1,4,3,4,4.375285714285708,3,0
2025-07-14 03:15:00,3358.446,3358.446,3355.41,3357.039,1469,,,↓,,bear,0,none,0,0,1,0,1,0,1,0,2,1,3,2,3,4.348785714285733,3,0
2025-07-14 03:30:00,3357.003,3358.55,3356.51,3357.665,1359,,,↓,,bear,0,none,0,0,1,0,1,0,1,0,2,1,3,2,3,4.235357142857181,3,0
2025-07-14 03:45:00,3357.709,3358.497,3355.534,3356.964,1406,,,↓,,bear,2,bearish_engulfing,0,0,1,1,1,0,1,0,3,1,4,3,4,4.108000000000012,3,0
2025-07-14 04:00:00,3356.952,3357.379,3354.308,3355.517,1659,,,↓,,bear,0,none,0,0,1,0,0,0,1,0,1,1,2,1,2,4.126142857142862,4,0
2025-07-14 04:15:00,3355.509,3356.652,3353.735,3356.254,1571,,3353.735,↓,,bear,3,hammer,0,1,1,1,1,0,1,0,4,1,5,4,5,3.9826428571428614,4,0
2025-07-14 04:30:00,3356.193,3361.688,3355.548,3359.67,1603,3361.688,,↑,↑,bull,0,none,0,1,1,0,0,0,1,0,2,1,3,2,3,3.787071428571445,4,0
2025-07-14 04:45:00,3359.608,3360.948,3358.799,3359.794,1577,,,↑,,bull,3,hammer,0,0,1,1,0,0,1,0,2,1,3,2,3,3.4779285714285897,4,0
2025-07-14 05:00:00,3359.742,3359.993,3357.623,3358.607,1479,,,,,bull,0,none,0,0,0,0,1,0,1,0,1,1,2,1,2,3.404500000000001,5,0
2025-07-14 05:15:00,3358.588,3360.446,3353.738,3355.789,1838,,3353.738,,,bull,0,none,0,1,0,0,1,0,1,0,2,1,3,2,3,3.6199285714285776,5,0
2025-07-14 05:30:00,3355.829,3359.036,3355.829,3357.792,2205,,,,,bull,0,none,0,0,0,0,1,0,1,0,1,1,2,1,2,3.588642857142856,5,0
2025-07-14 05:45:00,3357.764,3358.212,3355.952,3357.649,1830,,,,,bull,5,doji,0,0,0,1,1,0,1,0,2,1,3,2,3,3.4272857142857123,5,0
2025-07-14 06:00:00,3357.613,3360.165,3356.649,3359.902,2269,,,↑,,bull,1,bullish_engulfing,0,0,1,1,0,0,1,0,2,1,3,2,3,3.269999999999982,6,0
2025-07-14 06:15:00,3359.833,3361.348,3358.122,3360.367,1922,,,↑,,bull,3,hammer,1,0,1,1,0,0,1,0,2,2,4,2,4,3.328499999999979,6,0
2025-07-14 06:30:00,3360.392,3362.767,3358.254,3362.724,1859,,,↑,,bull,0,none,1,0,1,0,0,0,1,0,1,2,3,1,3,3.442785714285687,6,0
2025-07-14 06:45:00,3362.668,3369.697,3362.304,3368.882,2284,,,↑,,bull,0,none,1,0,1,0,0,0,1,0,1,2,3,1,3,3.7509285714285334,6,0
2025-07-14 07:00:00,3368.834,3372.53,3366.653,3367.747,2672,,,↑,,bull,0,none,1,0,1,0,1,0,1,0,2,2,4,2,4,4.024999999999993,7,0
2025-07-14 07:15:00,3367.702,3374.581,3366.732,3374.547,2419,,,↑,,bull,1,bullish_engulfing,1,0,1,1,0,0,1,0,2,2,4,2,4,4.374000000000024,7,0
2025-07-14 07:30:00,3374.558,3375.078,3369.933,3371.729,2029,3375.078,,↑,,bull,0,none,1,1,1,0,1,0,1,0,3,2,5,3,5,4.522142857142886,7,0
2025-07-14 07:45:00,3371.649,3372.227,3369.35,3371.948,2014,,,↑,,bull,3,hammer,1,0,1,1,1,0,1,0,3,2,5,3,5,4.519285714285745,7,0
2025-07-14 08:00:00,3371.956,3372.62,3369.488,3372.33,2168,,,↑,,bull,3,hammer,1,0,1,1,1,0,1,0,3,2,5,3,5,4.304428571428583,8,0
2025-07-14 08:15:00,3372.355,3372.588,3366.662,3367.478,1943,,,↑,,bull,2,bearish_engulfing,1,0,1,1,0,0,1,0,2,2,4,2,4,4.5742142857143335,8,0
2025-07-14 08:30:00,3367.433,3368.156,3365.324,3367.966,1574,,,↑,,bull,3,hammer,1,0,1,1,1,0,1,0,3,2,5,3,5,4.607214285714333,8,0
2025-07-14 08:45:00,3367.989,3368.68,3365.875,3365.875,1300,,,↑,,bull,2,bearish_engulfing,1,0,1,1,0,0,1,0,2,2,4,2,4,4.328428571428601,8,0
2025-07-14 09:00:00,3365.973,3367.505,3364.536,3366.611,1368,,,↑,,bull,3,hammer,1,0,1,1,1,0,1,0,3,2,5,3,5,4.308571428571473,9,0
2025-07-14 09:15:00,3366.648,3369.033,3366.562,3367.035,1289,,,↑,,bull,4,inverted_hammer,1,0,1,1,1,0,1,0,3,2,5,3,5,4.323642857142919,9,0
2025-07-14 09:30:00,3366.997,3367.103,3364.034,3365.393,1695,,3364.034,↑,,bull,0,none,1,1,1,0,0,0,1,0,2,2,4,2,4,4.291714285714339,9,0
2025-07-14 09:45:00,3365.436,3370.357,3364.736,3370.233,1288,,,↑,,bull,0,none,1,0,1,0,0,0,1,0,1,2,3,1,3,4.462785714285766,9,0
2025-07-14 10:00:00,3370.205,3374.647,3370.205,3374.144,1776,3374.647,,↑,,bull,0,none,1,1,1,0,0,0,1,0,2,2,4,2,4,4.457714285714344,10,0
2025-07-14 10:15:00,3374.12,3374.12,3370.392,3370.546,1612,,,↑,,bull,0,none,1,0,1,0,1,0,1,0,2,2,4,2,4,4.19764285714291,10,0
2025-07-14 10:30:00,3370.536,3372.424,3369.76,3371.143,1427,,,↑,,bull,4,inverted_hammer,1,0,1,1,1,0,1,0,3,2,5,3,5,3.968142857142863,10,0
2025-07-14 10:45:00,3371.119,3372.384,3370.46,3372.015,1193,,,↑,,bull,0,none,1,0,1,0,1,0,1,0,2,2,4,2,4,3.5449285714285645,10,0
2025-07-14 11:00:00,3372.02,3372.847,3370.157,3371.58,1627,,,↑,,bull,0,none,1,0,1,0,1,0,1,0,2,2,4,2,4,3.369571428571427,11,0
2025-07-14 11:15:00,3371.565,3373.041,3369.279,3369.465,1786,3373.041,,↑,,bull,0,none,1,1,1,0,0,0,1,0,2,2,4,2,4,3.4327857142857283,11,0
2025-07-14 11:30:00,3369.431,3371.582,3368.779,3370.788,1574,,,↑,,bull,0,none,1,0,1,0,1,0,1,0,2,2,4,2,4,3.4092857142857156,11,0
2025-07-14 11:45:00,3370.799,3371.181,3363.917,3364.169,2060,,,↑,,bull,2,bearish_engulfing,0,0,1,1,0,0,1,0,2,1,3,2,3,3.5048571428571256,11,0
2025-07-14 12:00:00,3364.192,3366.607,3361.13,3362.147,2343,,,↓,↓,bear,0,none,0,0,1,0,0,0,1,0,1,1,2,1,2,3.6937857142856956,12,0
2025-07-14 12:15:00,3362.102,3363.135,3357.155,3358.107,3011,,,↓,,bear,0,none,0,0,1,0,0,0,1,0,1,1,2,1,2,3.920571428571423,12,0
2025-07-14 12:30:00,3358.069,3358.793,3350.423,3351.512,4640,,,↓,,bear,0,none,0,0,1,0,0,0,1,0,1,1,2,1,2,4.306357142857158,12,0
2025-07-14 12:45:00,3351.508,3353.182,3349.319,3350.065,3006,,,↓,,bear,0,none,0,0,1,0,0,0,1,0,1,1,2,1,2,4.4057857142857175,12,0
2025-07-14 13:00:00,3350.103,3353.439,3347.139,3353.07,4062,,3347.139,↓,,bear,0,none,0,1,1,0,1,0,1,0,3,1,4,3,4,4.636571428571415,13,0
2025-07-14 13:15:00,3353.13,3355.735,3350.828,3355.471,2542,,,↓,,bear,0,none,0,0,1,0,1,0,1,0,2,1,3,2,3,4.585571428571419,13,0
2025-07-14 13:30:00,3355.521,3358.055,3354.717,3357.268,3973,,,↓,,bear,0,none,0,0,1,0,1,0,1,0,2,1,3,2,3,4.506714285714257,13,0
2025-07-14 13:45:00,3357.197,3359.073,3354.759,3355.266,2687,3359.073,,↓,,bear,0,none,0,1,1,0,1,0,1,0,3,1,4,3,4,4.546857142857107,13,0
2025-07-14 14:00:00,3355.19,3356.311,3351.346,3351.769,3114,,,↓,,bear,0,none,0,0,1,0,1,0,1,0,2,1,3,2,3,4.711214285714277,14,0
2025-07-14 14:15:00,3351.801,3352.765,3345.052,3351.979,3034,,,↓,,bear,3,hammer,0,0,1,1,1,0,1,0,3,1,4,3,4,5.12471428571426,14,0
2025-07-14 14:30:00,3352.073,3352.467,3341.216,3342.169,3990,,,↓,,bear,2,bearish_engulfing,0,0,1,1,0,0,1,0,2,1,3,2,3,5.73621428571427,14,0
2025-07-14 14:45:00,3342.133,3345.217,3340.954,3343.045,2809,,3340.954,↓,,bear,4,inverted_hammer,0,1,1,1,1,0,1,0,4,1,5,4,5,5.771999999999967,14,0
2025-07-14 15:00:00,3343.097,3349.484,3342.394,3348.431,2721,,,↓,,bear,0,none,0,0,1,0,1,0,1,0,2,1,3,2,3,6.078214285714272,15,0
2025-07-14 15:15:00,3348.444,3348.846,3345.631,3346.986,2033,,,↓,,bear,0,none,0,0,1,0,1,0,1,0,2,1,3,2,3,5.788999999999987,15,0
2025-07-14 15:30:00,3346.992,3349.77,3346.765,3348.475,1979,3349.77,,↓,,bear,0,none,0,1,1,0,1,0,1,0,3,1,4,3,4,5.612428571428576,15,0
2025-07-14 15:45:00,3348.435,3348.518,3344.46,3345.105,1846,,,↓,,bear,0,none,0,0,1,0,1,0,1,0,2,1,3,2,3,5.475142857142861,15,0
2025-07-14 16:00:00,3345.044,3346.875,3343.082,3346.291,2006,,3343.082,↓,,bear,0,none,0,1,1,0,1,0,1,0,3,1,4,3,4,5.148214285714273,16,0
2025-07-14 16:15:00,3346.283,3348.552,3345.95,3348.337,1554,,,↓,,bear,0,none,0,0,1,0,1,0,1,0,2,1,3,2,3,5.058142857142879,16,0
2025-07-14 16:30:00,3348.291,3349.275,3347.821,3348.242,1428,,,↓,,bear,5,doji,0,0,1,1,1,0,1,0,3,1,4,3,4,4.712000000000054,16,0
2025-07-14 16:45:00,3348.225,3348.54,3346.144,3347.75,1346,,,↓,,bear,0,none,0,0,1,0,1,0,1,0,2,1,3,2,3,4.532642857142913,16,0
2025-07-14 17:00:00,3347.735,3349.397,3347.326,3348.258,1207,,,↓,,bear,1,bullish_engulfing,0,0,1,1,1,0,1,0,3,1,4,3,4,4.442142857142926,17,0
2025-07-14 17:15:00,3348.244,3351.125,3347.969,3350.513,1428,,,↑,↑,bull,0,none,0,0,1,0,0,0,1,0,1,1,2,1,2,4.359428571428647,17,0
2025-07-14 17:30:00,3350.5,3351.638,3349.772,3350.905,1540,,,↑,,bull,0,none,0,0,1,0,0,0,1,0,1,1,2,1,2,4.138071428571493,17,0
2025-07-14 17:45:00,3350.909,3351.678,3350.131,3351.044,1177,3351.678,,↑,,bull,3,hammer,0,1,1,1,0,0,1,0,3,1,4,3,4,3.697642857142942,17,0
2025-07-14 18:00:00,3351.026,3351.192,3347.899,3349.219,1312,,3347.899,,,bull,0,none,0,1,0,0,1,0,1,0,2,1,3,2,3,3.1292142857143648,18,0
2025-07-14 18:15:00,3349.184,3351.042,3348.428,3349.199,1074,,,,,bull,3,hammer,0,0,0,1,1,0,1,0,2,1,3,2,3,3.0114285714286586,18,0
2025-07-14 18:30:00,3349.234,3350.966,3348.983,3350.622,970,,,↑,,bull,0,none,0,0,1,0,1,0,1,0,2,1,3,2,3,2.646642857142914,18,0
2025-07-14 18:45:00,3350.612,3350.997,3348.339,3348.886,1040,,,,,bull,0,none,0,0,0,0,0,0,1,0,0,1,1,0,1,2.6068571428571823,18,0
2025-07-14 19:00:00,3348.937,3350.291,3348.649,3349.786,1108,,,↑,,bull,0,none,0,0,1,0,1,0,1,0,2,1,3,2,3,2.5095000000000516,19,0
2025-07-14 19:15:00,3349.823,3350.486,3348.04,3348.285,1327,,,,,bull,2,bearish_engulfing,0,0,0,1,0,0,1,0,1,1,2,1,2,2.3943571428571886,19,0
2025-07-14 19:30:00,3348.226,3348.503,3345.747,3346.284,1616,,,↓,↓,bear,0,none,0,0,1,0,0,0,1,0,1,1,2,1,2,2.320285714285774,19,0
2025-07-14 19:45:00,3346.339,3346.7,3343.179,3344.125,1626,,,↓,,bear,0,none,0,0,1,0,0,0,1,0,1,1,2,1,2,2.385928571428589,19,0
2025-07-14 20:00:00,3344.103,3345.406,3343.392,3345.164,903,,,↓,,bear,0,none,0,0,1,0,1,0,1,0,2,1,3,2,3,2.425928571428585,20,0
2025-07-14 20:15:00,3345.167,3345.623,3344.08,3344.809,908,,,↓,,bear,0,none,0,0,1,0,1,0,1,0,2,1,3,2,3,2.365000000000009,20,0
2025-07-14 20:30:00,3344.835,3345.287,3342.181,3342.181,838,,,↓,,bear,0,none,0,0,1,0,0,0,1,0,1,1,2,1,2,2.43892857142857,20,0
2025-07-14 20:45:00,3342.185,3342.968,3341.217,3342.572,917,,3341.217,↓,,bear,3,hammer,0,1,1,1,1,0,1,0,4,1,5,4,5,2.338571428571413,20,0
2025-07-14 22:00:00,3343.626,3343.786,3341.301,3341.902,715,,,↓,,bear,2,bearish_engulfing,0,0,1,1,0,0,1,0,2,1,3,2,3,2.382785714285709,22,0
2025-07-14 22:15:00,3341.922,3344.223,3341.922,3344.072,774,,,↓,,bear,0,none,0,0,1,0,1,0,1,0,2,1,3,2,3,2.438071428571415,22,0
2025-07-14 22:30:00,3344.079,3344.723,3342.973,3344.631,760,,,↓,,bear,3,hammer,0,0,1,1,1,0,1,0,3,1,4,3,4,2.3278571428571206,22,0
2025-07-14 22:45:00,3344.665,3345.72,3343.746,3345.72,719,,,↓,,bear,0,none,0,0,1,0,0,0,1,0,1,1,2,1,2,2.2821428571428117,22,0
2025-07-14 23:00:00,3345.733,3346.408,3343.945,3344.025,870,,,↓,,bear,2,bearish_engulfing,0,0,1,1,1,0,1,0,3,1,4,3,4,2.3164285714285273,23,0
2025-07-14 23:15:00,3344.026,3344.885,3343.994,3344.732,626,,,↓,,bear,0,none,0,0,1,0,1,0,1,0,2,1,3,2,3,2.190214285714254,23,0
2025-07-14 23:30:00,3344.804,3346.11,3344.024,3345.921,788,,,↓,,bear,0,none,0,0,1,0,0,0,1,0,1,1,2,1,2,2.221928571428537,23,0
2025-07-14 23:45:00,3345.948,3346.556,3344.365,3345.337,977,,,↓,,bear,0,none,0,0,1,0,1,0,1,0,2,1,3,2,3,2.203714285714276,23,0
2025-07-15 00:00:00,3345.299,3347.11,3344.758,3346.602,1350,,,↓,,bear,1,bullish_engulfing,0,0,1,1,0,0,1,0,2,1,3,2,3,2.174857142857133,0,1
2025-07-15 00:15:00,3346.613,3347.987,3346.53,3347.582,970,,,↓,,bear,0,none,1,0,1,0,0,0,1,0,1,2,3,1,3,2.0274285714285725,0,1
2025-07-15 00:30:00,3347.508,3348.197,3346.104,3346.981,961,,,↓,,bear,0,none,1,0,1,0,1,0,1,0,2,2,4,2,4,2.0330714285714424,0,1
2025-07-15 00:45:00,3346.966,3349.367,3345.956,3347.626,1325,,,↓,,bear,1,bullish_engulfing,1,0,1,1,0,0,1,0,2,2,4,2,4,2.1665000000000094,0,1
2025-07-15 01:00:00,3347.597,3349.725,3347.148,3348.727,1749,,,,,bear,0,none,1,0,0,0,0,0,1,0,0,2,2,0,2,2.1287142857142953,1,1
2025-07-15 01:15:00,3348.713,3349.932,3347.7,3348.436,1255,,,,,bear,0,none,1,0,0,0,1,0,1,0,1,2,3,1,3,2.163071428571454,1,1
2025-07-15 01:30:00,3348.405,3350.72,3346.37,3346.857,1434,,,↓,,bear,0,none,1,0,1,0,0,0,1,0,1,2,3,1,3,2.296285714285724,1,1
2025-07-15 01:45:00,3346.896,3348.379,3345.969,3346.585,1449,,,↓,,bear,0,none,1,0,1,0,0,0,1,0,1,2,3,1,3,2.302642857142863,1,1
2025-07-15 02:00:00,3346.568,3350.009,3345.809,3349.745,1633,,3345.809,,,bear,1,bullish_engulfing,1,1,0,1,0,0,1,0,2,2,4,2,4,2.47764285714285,2,1
2025-07-15 02:15:00,3349.807,3352.03,3349.28,3350.147,1447,,,,,bear,4,inverted_hammer,1,0,0,1,0,0,1,0,1,2,3,1,3,2.5330714285714424,2,1
2025-07-15 02:30:00,3350.116,3350.536,3347.934,3349.209,1657,,,,,bear,0,none,1,0,0,0,1,0,1,0,1,2,3,1,3,2.543000000000023,2,1
2025-07-15 02:45:00,3349.097,3351.209,3347.578,3350.97,1290,,,,,bear,1,bullish_engulfing,1,0,0,1,0,0,1,0,1,2,3,1,3,2.7387142857142925,2,1
2025-07-15 03:00:00,3350.856,3354.546,3350.732,3354.125,1486,,,,,bear,0,none,1,0,0,0,0,0,1,0,0,2,2,0,2,2.8621428571428362,3,1
2025-07-15 03:15:00,3354.235,3356.021,3352.218,3354.607,1873,,,,,bear,3,hammer,1,0,0,1,0,0,1,0,1,2,3,1,3,2.977285714285699,3,1
2025-07-15 03:30:00,3354.536,3357.529,3354.279,3357.323,1220,,,,,bear,0,none,1,0,0,0,0,0,1,0,0,2,2,0,2,3.0414285714285336,3,1
2025-07-15 03:45:00,3357.318,3358.334,3356.754,3357.841,1114,,,,,bear,0,none,1,0,0,0,0,0,1,0,0,2,2,0,2,3.0502142857142513,3,1
2025-07-15 04:00:00,3357.853,3361.045,3357.58,3360.89,1508,,,,,bear,0,none,1,0,0,0,0,0,1,0,0,2,2,0,2,3.14821428571424,4,1
2025-07-15 04:15:00,3360.846,3360.915,3359.234,3360.217,1163,,,,,bear,0,none,1,0,0,0,1,0,1,0,1,2,3,1,3,3.0246428571428106,4,1
2025-07-15 04:30:00,3360.208,3361.1,3359.358,3360.278,1055,,,,,bear,3,hammer,1,0,0,1,1,0,1,0,2,2,4,2,4,2.9649999999999506,4,1
2025-07-15 04:45:00,3360.305,3361.426,3359.372,3360.241,1062,,,,,bear,5,doji,1,0,0,1,1,0,1,0,2,2,4,2,4,2.952285714285673,4,1
2025-07-15 05:00:00,3360.232,3363.183,3360.232,3362.621,1123,,,,,bear,1,bullish_engulfing,1,0,0,1,0,0,1,0,1,2,3,1,3,2.8523571428571097,5,1
2025-07-15 05:15:00,3362.627,3364.608,3362.229,3363.482,1156,,,,,bear,0,none,1,0,0,0,0,0,1,0,0,2,2,0,2,2.85014285714286,5,1
2025-07-15 05:30:00,3363.455,3364.953,3362.515,3364.198,1535,,,,,bear,0,none,1,0,0,0,0,0,1,0,0,2,2,0,2,2.7242857142857377,5,1
2025-07-15 05:45:00,3364.145,3365.194,3361.945,3361.989,1403,,,,,bear,0,none,1,0,0,0,1,0,1,0,1,2,3,1,3,2.7599285714285804,5,1
