datetime,open,high,low,close,volume,spread,swing_high,swing_low,bos,choch,bias,bias_label,pattern_code,candle_pattern,conf_structure,conf_bos_or_choch,conf_candle,conf_sr_zone,conf_psych_level,conf_fib_zone,conf_volume,conf_liquidity,conf_spread,primary_score,secondary_score,total_confluence,score,num_confs,atr,hour,dow,bias_bull,regime_trend,setup_grade
2021-07-06 00:00:00,1791.212,1799.833,1790.849,1797.315,12414.0,200.0,0.0,0.0,0,0,1,bullish,1,bullish_engulfing,0,0,1,1,0,1,1,1,1,2,3,5,2,5,5.398818181818177,0,1,1,1,A+
2021-07-06 08:00:00,1807.33,1810.759,1802.284,1809.821,13997.0,300.0,0.0,0.0,0,0,1,bullish,3,hammer,0,0,1,1,0,1,1,1,0,2,2,4,2,4,6.125692307692291,8,1,1,1,A+
2021-07-06 12:00:00,1809.772,1814.961,1795.733,1796.641,26372.0,200.0,1814.961,0.0,0,0,1,bullish,8,evening_star,1,0,1,0,0,1,1,1,1,2,3,5,2,5,7.061571428571418,12,1,1,1,A+
2021-07-08 12:00:00,1814.023,1818.312,1793.986,1796.691,27275.0,200.0,1818.312,1793.986,↑,0,1,bullish,0,none,1,1,0,0,0,1,1,1,1,2,4,6,2,6,10.33385714285714,12,3,1,1,A+
2021-07-12 12:00:00,1799.974,1807.42,1791.409,1805.09,20925.0,200.0,0.0,1791.409,0,↓,0,bearish,1,bullish_engulfing,1,1,1,0,0,1,1,1,1,3,4,7,3,7,8.502071428571412,12,0,1,1,A+
2021-07-15 04:00:00,1825.503,1834.039,1825.417,1830.735,11952.0,300.0,1834.039,0.0,0,↑,1,bullish,0,none,1,1,0,0,0,1,0,1,0,2,2,4,2,4,7.487214285714296,4,3,1,1,A+
2021-07-19 12:00:00,1800.476,1815.491,1794.815,1808.279,26079.0,200.0,0.0,1794.815,0,0,1,bullish,1,bullish_engulfing,1,0,1,0,0,1,1,1,1,2,4,6,2,6,8.548000000000002,12,0,1,1,A+
2021-07-23 08:00:00,1809.204,1809.646,1789.193,1795.734,15195.0,200.0,0.0,1789.193,0,↓,0,bearish,0,none,1,1,0,0,0,1,1,1,1,2,4,6,2,6,7.783428571428577,8,4,1,1,A+
2021-07-27 04:00:00,1799.35,1801.09,1793.382,1798.654,11865.0,200.0,0.0,1793.382,0,0,0,bullish,5,doji,1,0,1,0,1,1,1,1,1,2,5,7,2,7,7.14385714285712,4,1,1,1,A+
2021-07-28 16:00:00,1800.88,1809.718,1792.394,1808.687,23782.0,200.0,0.0,1792.394,↓,0,0,bullish,0,none,1,1,0,0,0,1,1,1,0,2,3,5,2,5,7.140142857142889,16,2,1,1,A+
2021-07-29 16:00:00,1831.063,1832.548,1828.137,1828.703,10021.0,300.0,1832.548,0.0,0,↑,1,bullish,0,none,1,1,0,0,0,1,0,0,0,2,1,3,2,3,7.721785714285748,16,3,1,1,A+
2021-08-02 12:00:00,1811.335,1816.371,1805.525,1814.462,18863.0,300.0,0.0,1805.525,0,0,1,bullish,3,hammer,1,0,1,0,0,1,1,1,0,2,3,5,2,5,6.154428571428574,12,0,1,1,A+
2021-08-04 12:00:00,1817.794,1831.657,1806.308,1811.122,29375.0,300.0,1831.657,0.0,0,0,1,bullish,2,bearish_engulfing,1,0,1,0,0,1,1,1,0,2,3,5,2,5,6.578214285714255,12,2,1,1,A+
2021-08-06 16:00:00,1761.964,1765.693,1758.5,1760.165,14375.0,200.0,0.0,0.0,0,0,1,bullish,6,shooting_star,0,0,1,1,0,0,1,1,1,2,3,5,2,5,9.553785714285675,16,4,1,1,A+
2021-08-08 20:00:00,1761.426,1762.323,1686.784,1719.053,34650.0,200.0,0.0,1686.784,0,↓,0,bearish,0,none,1,1,0,0,0,0,1,1,1,2,3,5,2,5,13.33021428571424,20,6,0,0,A+
2021-08-23 00:00:00,1778.613,1788.616,1776.413,1786.901,12138.0,200.0,0.0,1776.413,0,0,0,bullish,1,bullish_engulfing,1,0,1,0,0,1,1,1,0,2,3,5,2,5,7.753714285714279,0,0,0,0,A+
2021-08-24 12:00:00,1804.135,1809.502,1801.404,1806.578,19296.0,300.0,1809.502,0.0,0,↑,1,bullish,0,none,1,1,0,0,0,0,1,1,0,2,3,5,2,5,6.322428571428596,12,1,0,0,A+
2021-08-27 12:00:00,1796.597,1813.275,1784.41,1812.896,34202.0,200.0,0.0,0.0,0,0,1,bullish,7,morning_star,0,0,1,1,0,0,1,1,0,2,3,5,2,5,8.594285714285709,12,4,1,1,A+
2021-08-30 00:00:00,1818.386,1823.157,1813.299,1815.036,11544.0,300.0,1823.157,0.0,↑,0,1,bullish,0,none,1,1,0,0,0,0,1,1,0,2,3,5,2,5,8.108785714285741,0,0,1,1,A+
2021-09-03 12:00:00,1814.606,1833.859,1813.061,1829.256,31597.0,300.0,1833.859,0.0,↑,0,1,bullish,0,none,1,1,0,0,0,0,1,1,0,2,3,5,2,5,6.286000000000042,12,4,1,1,A+
2021-09-08 12:00:00,1796.92,1802.087,1782.3,1791.842,25188.0,200.0,0.0,1782.3,0,↓,0,bearish,0,none,1,1,0,0,0,1,1,1,1,2,4,6,2,6,7.081428571428611,12,2,1,1,A+
2021-09-14 12:00:00,1784.35,1808.59,1780.279,1805.702,27157.0,200.0,1808.59,1780.279,0,↓,0,bearish,0,none,1,1,0,0,0,0,1,1,0,2,3,5,2,5,7.434785714285714,12,1,1,1,A+
2021-09-16 12:00:00,1771.193,1773.173,1745.019,1754.75,44806.0,200.0,0.0,1745.019,↓,0,0,bullish,0,none,1,1,0,0,0,1,1,1,1,2,4,6,2,6,9.623642857142825,12,3,0,0,A+
2021-09-20 00:00:00,1754.118,1754.545,1741.741,1746.25,12676.0,200.0,0.0,1741.741,↓,0,0,bullish,0,none,1,1,0,0,0,1,0,1,0,2,1,3,2,3,9.14464285714283,0,0,0,0,A+
2021-09-22 16:00:00,1777.991,1787.164,1764.582,1768.591,37800.0,200.0,1787.164,0.0,0,0,0,bullish,2,bearish_engulfing,1,0,1,0,0,1,1,1,0,2,3,5,2,5,7.679857142857161,16,2,0,0,A+
2021-09-23 20:00:00,1748.664,1748.664,1737.392,1746.198,7786.0,200.0,0.0,1737.392,↓,0,0,bullish,0,none,1,1,0,0,0,1,0,0,0,2,1,3,2,3,9.018071428571409,20,3,0,0,A+
2021-09-29 16:00:00,1730.65,1730.796,1721.571,1725.733,15326.0,200.0,0.0,1721.571,↓,0,0,bullish,0,none,1,1,0,0,0,0,1,1,0,2,3,5,2,5,8.704928571428598,16,2,0,0,A+
2021-10-04 08:00:00,1753.418,1755.395,1747.627,1753.437,14295.0,200.0,0.0,1747.627,0,0,0,bullish,5,doji,1,0,1,0,0,1,0,1,0,2,1,3,2,3,9.34992857142858,8,0,0,0,A+
2021-10-04 12:00:00,1753.474,1770.487,1748.223,1765.445,33965.0,200.0,1770.487,0.0,0,↑,1,bullish,0,none,1,1,0,0,0,1,1,1,0,2,3,5,2,5,10.100714285714307,12,0,0,0,A+
2021-10-06 08:00:00,1747.82,1756.806,1745.822,1754.341,18328.0,200.0,0.0,1745.822,0,↓,0,bearish,0,none,1,1,0,0,0,1,1,1,0,2,3,5,2,5,8.109071428571465,8,2,0,0,A+
2021-10-08 12:00:00,1761.71,1781.292,1755.483,1758.574,43673.0,200.0,1781.292,0.0,0,↑,1,bullish,0,none,1,1,0,0,0,1,1,1,0,2,3,5,2,5,8.682928571428615,12,4,0,0,A+
2021-10-14 08:00:00,1793.886,1800.406,1793.672,1795.541,11123.0,200.0,1800.406,0.0,↑,0,1,bullish,4,inverted_hammer,1,1,1,0,0,1,0,1,0,3,2,5,3,5,8.472285714285704,8,3,0,0,A+
2021-10-22 12:00:00,1792.291,1813.56,1782.595,1785.796,27881.0,200.0,1813.56,0.0,↑,0,1,bullish,6,shooting_star,1,1,1,0,0,1,1,1,0,3,2,5,3,5,8.745999999999997,12,4,1,1,A+
2021-10-28 12:00:00,1801.901,1810.38,1791.986,1801.011,48270.0,200.0,1810.38,0.0,0,0,1,bullish,5,doji,1,0,1,0,1,0,1,1,0,2,4,6,2,6,8.42200000000001,12,3,1,1,A+
2021-10-29 12:00:00,1793.014,1793.415,1771.896,1778.074,49842.0,200.0,0.0,1771.896,0,↓,0,bearish,0,none,1,1,0,0,0,1,1,1,0,2,3,5,2,5,8.450857142857151,12,4,1,1,A+
2021-11-02 04:00:00,1791.133,1796.349,1790.952,1794.117,11387.0,200.0,1796.349,0.0,0,0,0,bullish,1,bullish_engulfing,1,0,1,0,0,1,0,1,0,2,2,4,2,4,6.684000000000002,4,1,1,1,A+
2021-11-03 12:00:00,1784.594,1785.604,1758.534,1763.507,35083.0,200.0,0.0,1758.534,↓,0,0,bullish,0,none,1,1,0,0,0,1,1,1,0,2,3,5,2,5,7.138214285714282,12,2,1,1,A+
2021-11-05 12:00:00,1793.86,1811.77,1784.842,1809.883,46707.0,200.0,0.0,0.0,0,0,0,bullish,7,morning_star,0,0,1,1,0,0,1,1,0,2,2,4,2,4,10.510642857142832,12,4,1,1,A+
2021-11-10 12:00:00,1824.521,1868.193,1822.076,1851.456,46503.0,200.0,1868.193,0.0,0,↑,1,bullish,0,none,1,1,0,0,1,0,1,1,0,2,3,5,2,5,9.226642857142858,12,2,1,1,A+
2021-11-16 08:00:00,1863.928,1874.905,1863.868,1873.918,16443.0,200.0,0.0,0.0,0,0,1,bullish,1,bullish_engulfing,0,0,1,1,0,0,1,1,0,2,2,4,2,4,8.348214285714286,8,1,1,1,A+
2021-11-16 12:00:00,1873.898,1877.067,1856.371,1861.145,34102.0,200.0,1877.067,0.0,↑,0,1,bullish,8,evening_star,1,1,1,0,0,0,1,1,0,3,3,6,3,6,8.86628571428571,12,1,1,1,A+
2021-11-17 00:00:00,1850.313,1856.052,1849.53,1853.662,13195.0,200.0,0.0,1849.53,0,0,1,bullish,7,morning_star,1,0,1,0,0,0,0,1,0,2,2,4,2,4,8.21985714285714,0,2,1,1,A+
2021-11-18 00:00:00,1866.507,1870.883,1864.129,1864.925,11481.0,200.0,1870.883,0.0,0,0,1,bullish,6,shooting_star,1,0,1,0,0,0,0,0,0,2,1,3,2,3,7.665071428571456,0,3,1,1,A+
2021-11-24 12:00:00,1787.222,1787.65,1778.15,1784.564,34489.0,200.0,0.0,1778.15,0,↓,0,bearish,0,none,1,1,0,0,0,1,1,1,0,2,2,4,2,4,10.95514285714283,12,2,1,1,A+
2021-11-26 08:00:00,1807.983,1815.467,1797.597,1811.738,28105.0,200.0,1815.467,0.0,0,0,0,bullish,3,hammer,1,0,1,0,0,1,1,1,0,2,3,5,2,5,7.355571428571433,8,4,1,1,A+
2021-11-30 12:00:00,1792.459,1808.561,1783.303,1784.465,41773.0,200.0,1808.561,0.0,0,0,0,bullish,2,bearish_engulfing,1,0,1,0,0,1,1,1,0,2,3,5,2,5,11.339714285714242,12,1,0,0,A+
2021-11-30 16:00:00,1784.495,1784.706,1769.831,1776.035,37278.0,200.0,0.0,1769.831,↓,0,0,bullish,0,none,1,1,0,0,0,1,1,1,0,2,3,5,2,5,11.125785714285664,16,1,0,0,A+
2021-12-02 16:00:00,1767.272,1769.139,1761.841,1766.595,19266.0,200.0,0.0,1761.841,↓,0,0,bullish,5,doji,1,1,1,0,0,1,0,1,0,3,2,5,3,5,10.83735714285714,16,3,0,0,A+
2021-12-06 00:00:00,1782.933,1787.683,1782.158,1783.931,11764.0,200.0,1787.683,0.0,0,0,0,bullish,4,inverted_hammer,1,0,1,0,0,1,0,1,0,2,2,4,2,4,7.804642857142832,0,0,0,0,A+
2021-12-08 00:00:00,1784.685,1790.511,1784.471,1787.914,10036.0,200.0,0.0,0.0,0,0,0,bullish,1,bullish_engulfing,0,0,1,1,0,1,0,0,0,2,1,3,2,3,5.888785714285746,0,2,0,0,A+
2021-12-08 08:00:00,1789.774,1793.061,1782.61,1786.664,17094.0,200.0,1793.061,0.0,0,↑,1,bullish,8,evening_star,1,1,1,0,0,1,1,1,0,3,3,6,3,6,6.356500000000016,8,2,0,0,A+
2021-12-10 04:00:00,1778.469,1779.401,1771.209,1772.968,10692.0,200.0,0.0,0.0,0,0,1,bullish,8,evening_star,0,0,1,1,0,1,0,1,0,2,2,4,2,4,6.063285714285761,4,4,0,0,A+
2021-12-10 08:00:00,1772.973,1773.333,1769.919,1772.101,10615.0,200.0,0.0,1769.919,0,↓,0,bearish,0,none,1,1,0,1,0,1,0,0,0,3,1,4,3,4,5.875714285714333,8,4,0,0,A+
2021-12-15 16:00:00,1766.079,1770.633,1753.053,1769.592,37079.0,200.0,0.0,1753.053,↓,0,0,bullish,3,hammer,1,1,1,0,0,1,1,1,0,3,3,6,3,6,6.88650000000002,16,2,0,0,A+
2021-12-16 16:00:00,1797.302,1799.014,1794.949,1796.955,13039.0,200.0,0.0,0.0,0,0,0,bullish,5,doji,0,0,1,1,0,1,0,1,0,2,1,3,2,3,8.420571428571439,16,3,0,0,A+
2021-12-16 20:00:00,1796.943,1799.621,1796.815,1798.708,6643.0,200.0,0.0,0.0,0,0,0,bullish,1,bullish_engulfing,0,0,1,1,1,1,0,0,0,2,1,3,2,3,7.264928571428592,20,3,0,0,A+
2021-12-17 08:00:00,1808.856,1809.924,1805.887,1809.006,12219.0,200.0,0.0,0.0,0,0,0,bullish,5,doji,0,0,1,1,0,1,0,1,0,2,1,3,2,3,7.706428571428562,8,4,0,0,A+
2021-12-17 12:00:00,1809.037,1814.191,1803.943,1804.521,22263.0,200.0,1814.191,0.0,0,↑,1,bullish,2,bearish_engulfing,1,1,1,0,0,1,1,1,0,3,3,6,3,6,8.116071428571413,12,4,0,0,A+
2021-12-21 12:00:00,1797.833,1800.238,1784.568,1785.918,19442.0,200.0,0.0,1784.568,0,0,1,bullish,2,bearish_engulfing,1,0,1,0,0,1,1,1,0,2,3,5,2,5,6.509428571428559,12,1,0,0,A+
2021-12-23 08:00:00,1805.869,1808.029,1804.136,1806.327,9491.0,200.0,0.0,0.0,0,0,1,bullish,5,doji,0,0,1,1,0,1,0,1,0,2,1,3,2,3,5.343857142857116,8,3,0,0,A+
2021-12-27 12:00:00,1806.32,1813.384,1802.871,1812.723,15305.0,200.0,0.0,0.0,0,0,1,bullish,1,bullish_engulfing,0,0,1,1,0,1,1,1,0,2,2,4,2,4,5.30092857142852,12,0,1,1,A+
2021-12-28 04:00:00,1809.925,1816.015,1809.535,1813.791,7853.0,200.0,0.0,0.0,0,0,1,bullish,1,bullish_engulfing,0,0,1,1,0,1,0,1,0,2,1,3,2,3,5.200714285714265,4,1,1,1,A+
2021-12-28 12:00:00,1817.772,1820.191,1809.865,1811.421,18738.0,200.0,1820.191,0.0,↑,0,1,bullish,2,bearish_engulfing,1,1,1,0,0,1,1,1,0,3,2,5,3,5,5.755785714285691,12,1,1,1,A+
2021-12-29 12:00:00,1796.933,1802.193,1789.212,1799.86,22173.0,200.0,0.0,1789.212,0,0,1,bullish,3,hammer,1,0,1,0,1,1,1,1,0,2,4,6,2,6,6.544142857142821,12,2,1,1,A+
2021-12-31 08:00:00,1816.717,1820.249,1815.098,1819.543,8122.0,200.0,0.0,0.0,0,0,1,bullish,7,morning_star,0,0,1,1,0,1,0,0,0,2,1,3,2,3,6.024142857142871,8,4,1,1,A+
2022-01-02 20:00:00,1830.615,1831.73,1828.021,1828.452,1679.0,200.0,1831.73,0.0,↑,0,1,bullish,0,none,1,1,0,0,0,1,0,0,0,2,1,3,2,3,5.498428571428609,20,6,1,1,A+
2022-01-03 16:00:00,1801.842,1802.949,1798.304,1801.653,13816.0,200.0,0.0,1798.304,0,0,1,bullish,5,doji,1,0,1,0,1,1,1,1,0,2,4,6,2,6,7.192071428571451,16,0,1,1,A+
2022-01-07 12:00:00,1793.277,1795.926,1782.289,1789.152,37160.0,200.0,0.0,1782.289,0,↓,0,bearish,0,none,1,1,0,0,0,1,1,1,0,2,3,5,2,5,8.645499999999954,12,4,1,1,A+
2022-01-11 12:00:00,1806.441,1811.814,1801.582,1811.302,21915.0,200.0,0.0,0.0,0,0,0,bullish,1,bullish_engulfing,0,0,1,1,0,1,1,1,0,2,2,4,2,4,7.0091428571428525,12,1,1,1,A+
2022-01-12 12:00:00,1817.135,1825.04,1816.329,1823.744,26204.0,200.0,0.0,0.0,0,0,0,bullish,1,bullish_engulfing,0,0,1,1,0,1,1,1,0,2,2,4,2,4,6.965857142857203,12,2,1,1,A+
2022-01-13 04:00:00,1825.105,1828.107,1823.432,1826.633,9310.0,200.0,0.0,0.0,0,0,0,bullish,1,bullish_engulfing,0,0,1,1,0,1,0,1,0,2,1,3,2,3,5.9062857142857705,4,3,1,1,A+
2022-01-14 00:00:00,1820.817,1827.189,1819.543,1826.03,11460.0,200.0,0.0,0.0,0,0,0,bullish,1,bullish_engulfing,0,0,1,1,0,1,0,1,0,2,1,3,2,3,6.01850000000005,0,4,1,1,A+
2022-01-14 08:00:00,1826.711,1829.045,1819.655,1822.433,12238.0,200.0,1829.045,0.0,0,0,0,bullish,8,evening_star,1,0,1,0,0,1,0,1,0,2,2,4,2,4,6.323214285714324,8,4,1,1,A+
2022-01-18 12:00:00,1813.05,1820.05,1805.622,1819.859,31090.0,200.0,0.0,1805.622,↓,0,0,bullish,1,bullish_engulfing,1,1,1,0,0,1,1,1,1,3,4,7,3,7,5.479500000000063,12,1,1,1,A+
2022-01-20 12:00:00,1839.443,1847.646,1835.68,1846.816,24307.0,200.0,1847.646,0.0,0,↑,1,bullish,0,none,1,1,0,1,0,0,1,1,0,3,3,6,3,6,7.922357142857144,12,3,1,1,A+
2022-01-25 16:00:00,1846.865,1853.785,1845.085,1851.698,17293.0,200.0,1853.785,0.0,↑,0,1,bullish,0,none,1,1,0,1,0,0,1,1,0,3,3,6,3,6,7.188999999999997,16,1,1,1,A+
2022-01-27 12:00:00,1811.345,1813.632,1795.335,1796.429,33488.0,200.0,0.0,0.0,0,0,1,bullish,8,evening_star,0,0,1,1,0,1,1,1,0,2,2,4,2,4,9.824714285714338,12,3,1,1,A+
2022-01-28 08:00:00,1795.849,1795.849,1779.895,1785.597,16784.0,200.0,0.0,1779.895,0,↓,0,bearish,0,none,1,1,0,0,0,1,1,1,0,2,2,4,2,4,9.569214285714322,8,4,1,1,A+
2022-02-02 16:00:00,1808.517,1810.736,1807.303,1807.44,13265.0,200.0,1810.736,0.0,0,0,0,bullish,6,shooting_star,1,0,1,0,0,1,1,1,0,2,3,5,2,5,6.3863571428571015,16,2,0,0,A+
2022-02-03 12:00:00,1804.182,1805.056,1788.521,1803.022,41619.0,200.0,0.0,1788.521,↓,0,0,bullish,0,none,1,1,0,0,0,1,1,1,0,2,3,5,2,5,6.342928571428534,12,3,0,0,A+
2022-02-07 04:00:00,1809.842,1812.824,1808.678,1812.824,9543.0,200.0,0.0,0.0,0,0,0,bullish,1,bullish_engulfing,0,0,1,1,0,1,0,0,0,2,1,3,2,3,6.539499999999991,4,0,0,0,A+
2022-02-07 08:00:00,1812.855,1813.936,1809.915,1813.58,13171.0,200.0,0.0,0.0,0,0,0,bullish,3,hammer,0,0,1,1,0,1,0,1,0,2,2,4,2,4,6.537142857142856,8,0,0,0,A+
2022-02-09 08:00:00,1826.662,1828.329,1825.656,1826.817,9910.0,200.0,0.0,0.0,0,0,0,bullish,5,doji,0,0,1,1,0,1,0,1,0,2,1,3,2,3,4.726571428571431,8,2,1,1,A+
2022-02-11 04:00:00,1824.936,1826.117,1820.681,1826.117,13004.0,200.0,0.0,1820.681,0,0,0,bullish,3,hammer,1,0,1,0,0,1,1,1,0,2,2,4,2,4,5.940499999999978,4,4,1,1,A+
2022-02-15 04:00:00,1877.376,1879.466,1875.058,1875.634,11788.0,200.0,1879.466,0.0,0,↑,1,bullish,0,none,1,1,0,0,0,0,0,0,0,2,1,3,2,3,9.577642857142887,4,1,1,1,A+
2022-02-21 20:00:00,1909.602,1914.09,1907.745,1909.377,7080.0,340.0,1914.09,0.0,↑,0,1,bullish,5,doji,1,1,1,0,0,0,0,0,0,3,0,3,3,3,8.664642857142796,20,0,1,1,A+
2022-02-23 08:00:00,1894.785,1897.625,1889.367,1894.745,15338.0,200.0,0.0,1889.367,0,0,1,bullish,5,doji,1,0,1,0,0,0,1,1,1,2,4,6,2,6,8.718500000000015,8,2,1,1,A+
2022-02-24 08:00:00,1945.211,1974.331,1938.896,1961.483,41534.0,200.0,1974.331,0.0,↑,0,1,bullish,0,none,1,1,0,0,0,0,1,1,0,2,3,5,2,5,12.426714285714295,8,3,1,1,A+
2022-02-24 16:00:00,1928.812,1930.203,1877.772,1887.913,45516.0,200.0,0.0,1877.772,0,↓,0,bearish,0,none,1,1,0,0,0,1,1,1,0,2,2,4,2,4,18.10885714285717,16,3,1,1,A+
2022-03-01 20:00:00,1940.391,1950.209,1939.195,1942.269,14737.0,200.0,1950.209,0.0,0,↑,1,bullish,4,inverted_hammer,1,1,1,0,0,0,0,1,0,3,1,4,3,4,15.069571428571455,20,1,1,1,A+
2022-03-08 16:00:00,2047.161,2070.292,2021.108,2039.377,112785.0,200.0,2070.292,0.0,↑,0,1,bullish,0,none,1,1,0,0,0,0,1,1,0,2,2,4,2,4,24.31878571428568,16,1,1,1,A+
2022-03-16 16:00:00,1911.672,1929.333,1894.75,1927.966,50227.0,200.0,0.0,1894.75,0,↓,0,bearish,1,bullish_engulfing,1,1,1,0,0,1,1,1,0,3,2,5,3,5,15.006571428571435,16,2,1,1,A+
2022-03-21 16:00:00,1935.045,1941.097,1926.962,1935.092,24733.0,200.0,1941.097,0.0,0,0,0,bullish,5,doji,1,0,1,0,0,1,1,1,0,2,3,5,2,5,11.099071428571424,16,0,1,1,A+
2022-03-24 12:00:00,1956.424,1965.654,1942.467,1962.978,41712.0,200.0,0.0,0.0,0,0,0,bullish,3,hammer,0,0,1,1,0,1,1,1,0,2,2,4,2,4,11.755857142857137,12,3,1,1,A+
2022-03-24 16:00:00,1963.008,1966.151,1960.651,1961.47,18380.0,200.0,1966.151,0.0,0,↑,1,bullish,6,shooting_star,1,1,1,0,0,1,1,1,0,3,3,6,3,6,11.378785714285709,16,3,1,1,A+
2022-03-28 16:00:00,1936.71,1940.088,1916.898,1919.201,21013.0,200.0,0.0,0.0,0,0,1,bullish,2,bearish_engulfing,0,0,1,1,0,1,1,1,0,2,2,4,2,4,10.767071428571414,16,0,1,1,A+
2022-03-29 12:00:00,1907.698,1915.309,1889.783,1915.275,52247.0,200.0,0.0,1889.783,0,↓,0,bearish,3,hammer,1,1,1,0,0,1,1,1,0,3,3,6,3,6,12.778285714285712,12,1,1,1,A+
2022-03-31 12:00:00,1930.913,1945.083,1927.885,1944.314,31385.0,200.0,0.0,0.0,0,0,0,bullish,1,bullish_engulfing,0,0,1,1,0,1,1,1,0,2,2,4,2,4,11.792928571428613,12,3,1,1,A+
2022-04-05 12:00:00,1927.845,1944.555,1918.288,1920.485,39069.0,200.0,1944.555,0.0,0,0,0,bullish,2,bearish_engulfing,1,0,1,0,0,1,1,1,0,2,3,5,2,5,9.243642857142811,12,1,1,1,A+
2022-04-06 04:00:00,1923.833,1924.354,1914.838,1921.792,16395.0,200.0,0.0,1914.838,↓,0,0,bullish,0,none,1,1,0,0,0,1,0,1,0,2,2,4,2,4,9.20014285714282,4,2,1,1,A+
2022-04-13 12:00:00,1977.994,1981.532,1971.707,1980.919,30374.0,200.0,1981.532,0.0,0,↑,1,bullish,3,hammer,1,1,1,1,0,0,1,1,0,4,2,6,4,6,11.37142857142851,12,2,1,1,A+
2022-04-18 04:00:00,1984.825,1992.504,1983.318,1991.492,15274.0,200.0,0.0,0.0,0,0,1,bullish,7,morning_star,0,0,1,1,0,0,0,1,1,2,3,5,2,5,8.866642857142795,4,0,1,1,A+
2022-04-18 08:00:00,1991.539,1993.833,1987.567,1991.917,13475.0,200.0,0.0,0.0,0,0,1,bullish,5,doji,0,0,1,1,0,0,0,0,1,2,2,4,2,4,8.740857142857099,8,0,1,1,A+
2022-04-18 12:00:00,1991.914,1998.024,1982.75,1988.954,30688.0,200.0,1998.024,0.0,↑,0,1,bullish,8,evening_star,1,1,1,0,0,0,1,1,1,3,4,7,3,7,9.105857142857092,12,0,1,1,A+
2022-04-20 00:00:00,1949.748,1950.108,1942.389,1944.037,18656.0,200.0,0.0,0.0,0,0,1,bullish,2,bearish_engulfing,0,0,1,1,0,1,1,1,0,2,2,4,2,4,10.478785714285696,0,2,1,1,A+
2022-04-25 00:00:00,1932.661,1932.726,1921.653,1924.115,18851.0,200.0,0.0,0.0,0,0,1,bullish,8,evening_star,0,0,1,1,0,1,1,1,0,2,2,4,2,4,9.910714285714269,0,0,1,1,A+
2022-04-25 12:00:00,1907.545,1909.681,1891.134,1895.759,45937.0,200.0,0.0,1891.134,0,↓,0,bearish,0,none,1,1,0,0,0,1,1,1,0,2,2,4,2,4,11.471000000000004,12,0,1,1,A+
2022-04-28 04:00:00,1878.952,1886.572,1871.981,1884.956,20759.0,200.0,0.0,1871.981,↓,0,0,bullish,0,none,1,1,0,0,0,1,0,1,0,2,1,3,2,3,10.743714285714256,4,3,0,0,A+
2022-04-29 08:00:00,1917.269,1919.729,1912.857,1919.502,17548.0,200.0,0.0,0.0,0,0,0,bullish,3,hammer,0,0,1,1,0,1,0,1,0,2,1,3,2,3,11.046142857142822,8,4,0,0,A+
2022-04-29 12:00:00,1919.535,1919.762,1902.48,1909.622,36796.0,200.0,1919.762,0.0,0,0,0,bullish,2,bearish_engulfing,1,0,1,0,0,1,1,1,0,2,3,5,2,5,11.754571428571383,12,4,0,0,A+
2022-05-03 08:00:00,1855.651,1863.941,1850.192,1863.885,16810.0,200.0,0.0,1850.192,↓,0,0,bullish,7,morning_star,1,1,1,0,0,0,0,1,0,3,2,5,3,5,10.346714285714288,8,1,0,0,A+
2022-05-06 00:00:00,1874.199,1877.38,1865.961,1876.916,19959.0,200.0,0.0,1865.961,0,0,0,bullish,3,hammer,1,0,1,0,0,1,1,1,0,2,3,5,2,5,12.113785714285736,0,4,0,0,A+
2022-05-09 16:00:00,1861.29,1866.015,1852.607,1853.507,22157.0,200.0,0.0,0.0,0,0,0,bullish,2,bearish_engulfing,0,0,1,1,0,0,1,1,0,2,2,4,2,4,10.054785714285767,16,0,0,0,A+
2022-05-12 00:00:00,1854.063,1858.745,1851.79,1852.977,15938.0,200.0,1858.745,0.0,0,0,0,bullish,8,evening_star,1,0,1,0,0,0,0,1,0,2,2,4,2,4,10.334642857142835,0,3,0,0,A+
2022-05-16 04:00:00,1810.736,1811.259,1786.381,1792.949,20055.0,200.0,0.0,1786.381,↓,0,0,bullish,0,none,1,1,0,0,0,0,0,1,0,2,1,3,2,3,11.574857142857176,4,0,0,0,A+
2022-05-24 16:00:00,1869.19,1869.656,1862.716,1866.833,13141.0,200.0,1869.656,0.0,0,↑,1,bullish,0,none,1,1,0,0,0,0,0,1,0,2,1,3,2,3,7.949285714285695,16,1,0,0,A+
2022-05-30 04:00:00,1860.562,1863.953,1858.415,1858.64,12399.0,200.0,1863.953,0.0,0,0,1,bullish,6,shooting_star,1,0,1,0,0,0,0,1,0,2,2,4,2,4,7.122142857142843,4,0,0,0,A+
2022-06-01 08:00:00,1833.681,1837.121,1828.429,1829.712,14973.0,200.0,0.0,1828.429,0,↓,0,bearish,0,none,1,1,0,1,0,0,1,1,0,3,3,6,3,6,7.19535714285712,8,2,0,0,A+
2022-06-03 00:00:00,1869.886,1873.967,1867.74,1868.865,10995.0,200.0,1873.967,0.0,0,↑,1,bullish,2,bearish_engulfing,1,1,1,0,0,0,0,0,0,3,1,4,3,4,7.380714285714264,0,4,0,0,A+
2022-06-10 08:00:00,1845.489,1846.881,1833.542,1834.881,15461.0,200.0,0.0,0.0,0,0,1,bullish,2,bearish_engulfing,0,0,1,1,0,0,1,1,0,2,3,5,2,5,6.864071428571427,8,4,0,0,A+
2022-06-10 12:00:00,1834.862,1867.746,1825.082,1867.268,54422.0,200.0,0.0,0.0,0,0,1,bullish,1,bullish_engulfing,0,0,1,1,0,0,1,1,0,2,2,4,2,4,9.51549999999999,12,4,0,0,A+
2022-06-12 20:00:00,1878.07,1878.832,1874.666,1876.949,6102.0,200.0,1878.832,0.0,↑,0,1,bullish,0,none,1,1,0,1,0,1,0,0,0,3,0,3,3,3,8.96264285714288,20,6,0,0,A+
2022-06-14 16:00:00,1810.399,1814.642,1805.064,1808.305,19628.0,200.0,0.0,1805.064,0,↓,0,bearish,0,none,1,1,0,0,0,0,1,1,0,2,2,4,2,4,12.190357142857156,16,1,0,0,A+
2022-06-16 20:00:00,1852.191,1857.493,1849.856,1850.809,8022.0,200.0,1857.493,0.0,0,0,0,bullish,6,shooting_star,1,0,1,0,1,0,0,0,0,2,2,4,2,4,12.977142857142846,20,3,0,0,A+
2022-06-22 00:00:00,1831.288,1831.53,1825.571,1827.559,14890.0,200.0,0.0,0.0,0,0,0,bullish,8,evening_star,0,0,1,1,0,0,1,1,0,2,2,4,2,4,6.703785714285751,0,2,0,0,A+
2022-06-22 08:00:00,1826.755,1842.638,1823.291,1836.271,19240.0,200.0,0.0,1823.291,0,0,0,bullish,7,morning_star,1,0,1,0,0,0,1,1,0,2,2,4,2,4,7.362142857142885,8,2,0,0,A+
2022-06-22 12:00:00,1836.304,1847.815,1835.256,1837.982,35305.0,200.0,1847.815,0.0,0,0,0,bullish,4,inverted_hammer,1,0,1,0,0,0,1,1,0,2,3,5,2,5,7.852214285714321,12,2,0,0,A+
2022-06-24 12:00:00,1824.881,1831.272,1816.879,1827.058,33603.0,200.0,0.0,1816.879,↓,0,0,bullish,0,none,1,1,0,0,0,0,1,1,0,2,3,5,2,5,9.902857142857115,12,4,0,0,A+
2022-06-29 04:00:00,1820.721,1822.388,1815.817,1816.827,14860.0,200.0,0.0,0.0,0,0,0,bullish,2,bearish_engulfing,0,0,1,1,0,0,1,1,0,2,3,5,2,5,6.306142857142812,4,2,0,0,A+
2022-07-01 12:00:00,1790.439,1808.807,1784.473,1806.292,40474.0,200.0,0.0,1784.473,↓,0,0,bullish,1,bullish_engulfing,1,1,1,0,0,0,1,1,0,3,3,6,3,6,10.902571428571475,12,4,0,0,A+
2022-07-04 00:00:00,1808.062,1814.091,1805.487,1811.416,13270.0,200.0,1814.091,0.0,0,0,0,bullish,1,bullish_engulfing,1,0,1,0,0,0,0,0,0,2,1,3,2,3,10.009285714285722,0,0,0,0,A+
2022-07-06 16:00:00,1733.696,1743.86,1732.221,1739.363,23544.0,200.0,0.0,1732.221,↓,0,0,bullish,0,none,1,1,0,0,0,0,1,1,0,2,2,4,2,4,10.990285714285717,16,2,0,0,A+
2022-07-08 12:00:00,1740.915,1752.349,1732.813,1742.414,36811.0,200.0,1752.349,1732.813,0,0,0,bullish,5,doji,1,0,1,0,0,0,1,1,0,2,3,5,2,5,10.452857142857138,12,4,0,0,A+
2022-07-11 16:00:00,1738.065,1738.161,1731.223,1732.196,11641.0,200.0,0.0,0.0,0,0,0,bullish,2,bearish_engulfing,0,0,1,1,0,0,0,0,0,2,1,3,2,3,6.768428571428574,16,0,0,0,A+
2022-07-13 12:00:00,1729.419,1745.318,1706.931,1737.43,55162.0,200.0,1745.318,0.0,0,0,0,bullish,3,hammer,1,0,1,0,0,0,1,1,0,2,3,5,2,5,10.16235714285712,12,2,0,0,A+
2022-07-14 12:00:00,1713.666,1714.935,1697.565,1711.474,47602.0,200.0,0.0,1697.565,↓,0,0,bullish,0,none,1,1,0,0,0,0,1,1,0,2,3,5,2,5,10.75707142857144,12,3,0,0,A+
2022-07-18 08:00:00,1718.69,1723.731,1712.962,1715.462,15339.0,200.0,1723.731,0.0,0,0,0,bullish,8,evening_star,1,0,1,0,0,0,0,1,0,2,2,4,2,4,8.424000000000026,8,0,0,0,A+
2022-07-19 00:00:00,1708.198,1709.603,1705.3,1709.426,11132.0,200.0,0.0,1705.3,0,0,0,bullish,3,hammer,1,0,1,0,0,0,0,0,0,2,1,3,2,3,7.667714285714299,0,1,0,0,A+
2022-07-21 08:00:00,1689.45,1689.512,1680.811,1684.834,17088.0,200.0,0.0,1680.811,↓,0,0,bullish,0,none,1,1,0,0,0,0,1,1,0,2,3,5,2,5,6.715214285714296,8,3,0,0,A+
2022-07-22 12:00:00,1728.519,1739.179,1722.143,1731.03,32290.0,200.0,1739.179,0.0,0,↑,1,bullish,0,none,1,1,0,0,0,0,1,1,0,2,3,5,2,5,10.595499999999983,12,4,0,0,A+
2022-07-27 12:00:00,1720.606,1723.161,1711.358,1718.826,20602.0,200.0,0.0,1711.358,0,0,1,bullish,2,bearish_engulfing,1,0,1,0,0,0,1,1,0,2,3,5,2,5,7.168714285714292,12,2,0,0,A+
2022-07-29 04:00:00,1762.855,1767.905,1760.584,1766.44,15842.0,200.0,1767.905,0.0,↑,0,1,bullish,0,none,1,1,0,1,0,0,0,1,0,3,1,4,3,4,9.445999999999978,4,4,0,0,A+
2022-07-29 12:00:00,1761.239,1767.116,1752.116,1765.865,33765.0,200.0,0.0,0.0,0,0,1,bullish,3,hammer,0,0,1,1,0,0,1,1,0,2,2,4,2,4,10.36121428571427,12,4,0,0,A+
2022-08-02 08:00:00,1772.089,1779.738,1770.392,1778.61,15080.0,200.0,0.0,0.0,0,0,1,bullish,1,bullish_engulfing,0,0,1,1,0,0,0,1,0,2,1,3,2,3,8.167285714285722,8,1,0,0,A+
2022-08-02 12:00:00,1778.604,1787.96,1774.473,1778.061,38987.0,200.0,1787.96,0.0,↑,0,1,bullish,5,doji,1,1,1,0,0,0,1,1,0,3,2,5,3,5,8.404142857142867,12,1,0,0,A+
2022-08-04 16:00:00,1787.691,1794.882,1787.122,1793.544,13557.0,200.0,1794.882,0.0,↑,0,1,bullish,0,none,1,1,0,1,0,1,0,1,0,3,2,5,3,5,10.652000000000012,16,3,0,0,A+
2022-08-10 12:00:00,1792.362,1807.831,1787.59,1797.971,39573.0,200.0,1807.831,0.0,↑,0,1,bullish,4,inverted_hammer,1,1,1,0,0,1,1,1,0,3,3,6,3,6,7.227285714285748,12,2,1,1,A+
2022-08-12 20:00:00,1801.439,1802.198,1800.219,1801.884,1338.0,200.0,1802.198,0.0,0,0,1,bullish,3,hammer,1,0,1,0,1,1,0,0,0,2,2,4,2,4,7.252428571428579,20,4,1,1,A+
2022-08-17 04:00:00,1775.777,1782.159,1773.447,1773.533,12238.0,200.0,0.0,0.0,0,0,1,bullish,6,shooting_star,0,0,1,1,0,0,0,1,0,2,1,3,2,3,6.903571428571403,4,2,1,1,A+
2022-08-18 12:00:00,1770.455,1771.969,1757.635,1759.715,26545.0,200.0,0.0,0.0,0,0,1,bullish,2,bearish_engulfing,0,0,1,1,0,0,1,1,0,2,2,4,2,4,7.135357142857125,12,3,1,1,A+
2022-08-19 04:00:00,1754.148,1757.331,1751.663,1753.894,12410.0,200.0,0.0,0.0,0,0,1,bullish,5,doji,0,0,1,1,0,0,0,1,0,2,1,3,2,3,7.274571428571416,4,4,1,1,A+
2022-08-22 04:00:00,1746.502,1746.506,1736.22,1736.953,13192.0,200.0,0.0,0.0,0,0,1,bullish,8,evening_star,0,0,1,1,0,0,0,1,0,2,1,3,2,3,6.365142857142847,4,0,0,0,A+
2022-08-22 12:00:00,1733.264,1739.971,1727.749,1736.797,26940.0,200.0,0.0,1727.749,0,↓,0,bearish,0,none,1,1,0,0,0,0,1,1,0,2,2,4,2,4,6.772571428571431,12,0,0,0,A+
2022-08-29 08:00:00,1721.554,1729.696,1720.28,1727.698,15389.0,200.0,0.0,1720.28,↓,0,0,bullish,1,bullish_engulfing,1,1,1,0,0,0,1,1,0,3,3,6,3,6,7.619785714285756,8,0,0,0,A+
2022-08-31 16:00:00,1718.712,1719.076,1709.713,1710.065,13611.0,200.0,0.0,0.0,0,0,0,bullish,2,bearish_engulfing,0,0,1,1,0,0,0,1,0,2,1,3,2,3,8.16021428571428,16,2,0,0,A+
2022-09-01 08:00:00,1704.986,1708.603,1699.9,1701.764,17086.0,200.0,0.0,0.0,0,0,0,bullish,8,evening_star,0,0,1,1,1,0,1,1,0,2,3,5,2,5,7.621500000000002,8,3,0,0,A+
2022-09-01 12:00:00,1701.732,1704.06,1688.723,1695.483,35042.0,200.0,0.0,1688.723,↓,0,0,bullish,0,none,1,1,0,0,0,0,1,1,0,2,2,4,2,4,8.150071428571437,12,3,0,0,A+
2022-09-06 00:00:00,1713.921,1726.337,1713.563,1717.745,13702.0,200.0,1726.337,0.0,0,↑,1,bullish,4,inverted_hammer,1,1,1,0,0,0,1,1,0,3,3,6,3,6,6.010142857142829,0,1,0,0,A+
2022-09-12 12:00:00,1729.57,1735.081,1723.446,1734.214,29982.0,200.0,1735.081,0.0,↑,0,1,bullish,0,none,1,1,0,1,0,0,1,1,0,3,2,5,3,5,9.202285714285722,12,0,0,0,A+
2022-09-16 04:00:00,1664.323,1665.408,1654.095,1655.707,14688.0,200.0,0.0,1654.095,0,↓,0,bearish,2,bearish_engulfing,1,1,1,1,0,0,0,1,0,4,1,5,4,5,8.688428571428533,4,4,0,0,A+
2022-09-21 16:00:00,1667.489,1687.883,1653.572,1672.449,66943.0,200.0,1687.883,1653.572,↓,0,0,bullish,0,none,1,1,0,0,0,0,1,1,0,2,3,5,2,5,9.260500000000029,16,2,0,0,A+
2022-09-28 04:00:00,1624.623,1625.661,1614.427,1621.862,18579.0,200.0,0.0,1614.427,↓,0,0,bullish,0,none,1,1,0,0,0,0,0,1,0,2,1,3,2,3,10.300214285714269,4,2,0,0,A+
2022-10-03 08:00:00,1663.689,1666.832,1659.578,1666.146,19772.0,200.0,0.0,1659.578,0,0,0,bullish,1,bullish_engulfing,1,0,1,0,0,0,0,1,0,2,1,3,2,3,8.660500000000022,8,0,0,0,A+
2022-10-03 20:00:00,1700.739,1702.553,1698.168,1700.996,7551.0,200.0,0.0,0.0,0,0,0,bullish,5,doji,0,0,1,1,1,1,0,0,0,2,1,3,2,3,9.731214285714325,20,0,0,0,A+
2022-10-04 16:00:00,1725.749,1729.469,1719.98,1724.85,21196.0,200.0,1729.469,0.0,0,↑,1,bullish,5,doji,1,1,1,0,0,1,1,1,0,3,2,5,3,5,10.8546428571429,16,1,0,0,A+
2022-10-10 00:00:00,1696.695,1697.232,1686.897,1688.871,15711.0,200.0,0.0,0.0,0,0,1,bullish,2,bearish_engulfing,0,0,1,1,0,0,0,1,0,2,1,3,2,3,8.664142857142858,0,0,0,0,A+
2022-10-11 16:00:00,1681.585,1683.879,1663.72,1666.425,25360.0,200.0,1683.879,0.0,0,0,1,bullish,2,bearish_engulfing,1,0,1,0,0,0,1,1,0,2,3,5,2,5,9.877142857142903,16,1,0,0,A+
2022-10-14 16:00:00,1644.652,1648.855,1640.123,1642.844,20854.0,200.0,0.0,1640.123,0,↓,0,bearish,0,none,1,1,0,0,0,0,0,1,0,2,2,4,2,4,11.414428571428564,16,4,0,0,A+
2022-10-23 20:00:00,1659.975,1670.606,1656.61,1661.251,20028.0,200.0,1670.606,0.0,0,↑,1,bullish,5,doji,1,1,1,0,0,0,1,1,0,3,3,6,3,6,10.896571428571422,20,6,0,0,A+
2022-10-26 08:00:00,1670.934,1674.834,1666.645,1668.453,20179.0,200.0,1674.834,0.0,↑,0,1,bullish,0,none,1,1,0,0,0,0,0,1,0,2,2,4,2,4,9.001928571428575,8,2,0,0,A+
2022-11-01 00:00:00,1632.419,1639.949,1630.689,1637.484,13770.0,200.0,0.0,1630.689,0,↓,0,bearish,0,none,1,1,0,0,0,0,0,1,0,2,1,3,2,3,7.02135714285719,0,1,0,0,A+
2022-11-02 16:00:00,1646.391,1669.428,1635.653,1636.9,62499.0,200.0,1669.428,0.0,0,0,0,bullish,6,shooting_star,1,0,1,0,0,0,1,1,0,2,3,5,2,5,10.014571428571458,16,2,0,0,A+
2022-11-03 04:00:00,1637.661,1638.844,1628.338,1629.926,14408.0,200.0,0.0,0.0,0,0,0,bullish,2,bearish_engulfing,0,0,1,1,0,0,0,1,0,2,2,4,2,4,10.423500000000038,4,3,0,0,A+
2022-11-03 08:00:00,1629.913,1629.987,1616.624,1619.817,22585.0,200.0,0.0,1616.624,↓,0,0,bullish,0,none,1,1,0,0,0,0,1,1,0,2,2,4,2,4,10.716571428571472,8,3,0,0,A+
2022-11-08 08:00:00,1670.326,1673.309,1664.487,1672.572,16873.0,200.0,0.0,1664.487,0,0,0,bullish,3,hammer,1,0,1,0,0,0,0,1,0,2,1,3,2,3,9.243142857142823,8,1,0,0,A+
2022-11-10 16:00:00,1750.912,1754.735,1743.508,1754.088,25869.0,200.0,0.0,0.0,0,0,0,bullish,3,hammer,0,0,1,1,0,1,1,1,0,2,2,4,2,4,13.568785714285728,16,3,1,1,A+
2022-11-14 16:00:00,1771.483,1773.885,1766.5,1772.86,18145.0,200.0,0.0,0.0,0,0,0,bullish,3,hammer,0,0,1,1,0,1,0,1,0,2,1,3,2,3,9.700428571428542,16,0,1,1,A+
2022-11-15 12:00:00,1776.861,1786.472,1768.195,1771.141,45015.0,200.0,1786.472,0.0,0,↑,1,bullish,0,none,1,1,0,0,0,0,1,1,0,2,3,5,2,5,10.107714285714271,12,1,1,1,A+
2022-11-21 12:00:00,1740.001,1746.988,1735.876,1736.655,26636.0,200.0,0.0,0.0,0,0,1,bullish,6,shooting_star,0,0,1,1,0,1,1,1,0,2,2,4,2,4,7.430499999999971,12,0,1,1,A+
2022-11-21 16:00:00,1736.659,1739.619,1732.473,1735.388,17444.0,200.0,0.0,1732.473,0,↓,0,bearish,0,none,1,1,0,0,0,1,1,1,0,2,2,4,2,4,7.006928571428538,16,0,1,1,A+
2022-11-22 08:00:00,1743.062,1749.613,1741.933,1748.512,21389.0,200.0,1749.613,0.0,0,0,0,bullish,1,bullish_engulfing,1,0,1,0,1,1,1,1,0,2,4,6,2,6,7.257214285714261,8,1,1,1,A+
2022-11-23 12:00:00,1739.476,1747.658,1726.349,1743.371,34523.0,200.0,0.0,1726.349,↓,0,0,bullish,0,none,1,1,0,0,0,1,1,1,0,2,3,5,2,5,8.310500000000015,12,2,1,1,A+
2022-11-24 08:00:00,1753.78,1758.565,1752.402,1758.252,16003.0,200.0,0.0,0.0,0,0,0,bullish,1,bullish_engulfing,0,0,1,1,0,0,0,1,0,2,2,4,2,4,7.9529999999999745,8,3,1,1,A+
2022-11-28 08:00:00,1750.728,1763.703,1749.877,1758.609,19597.0,200.0,1763.703,0.0,0,↑,1,bullish,0,none,1,1,0,0,0,0,1,1,1,2,4,6,2,6,6.33278571428569,8,0,1,1,A+
2022-11-30 16:00:00,1752.592,1768.811,1744.645,1767.739,34540.0,200.0,0.0,1744.645,0,0,1,bullish,7,morning_star,1,0,1,1,0,0,1,1,0,3,3,6,3,6,9.06707142857142,16,2,1,1,A+
2022-12-01 20:00:00,1803.265,1804.439,1801.116,1802.253,7751.0,200.0,1804.439,0.0,↑,0,1,bullish,0,none,1,1,0,1,0,0,0,0,0,3,0,3,3,3,9.508214285714288,20,3,1,1,A+
2022-12-05 04:00:00,1808.577,1809.886,1797.494,1799.861,14438.0,200.0,1809.886,0.0,↑,0,1,bullish,0,none,1,1,0,0,1,0,0,0,0,2,2,4,2,4,9.644142857142826,4,0,1,1,A+
2022-12-09 08:00:00,1792.694,1801.045,1788.899,1800.377,15053.0,200.0,0.0,0.0,0,0,1,bullish,1,bullish_engulfing,0,0,1,1,1,0,0,1,0,2,2,4,2,4,7.696071428571437,8,4,1,1,A+
2022-12-09 16:00:00,1796.827,1806.043,1795.985,1799.687,17649.0,200.0,1806.043,0.0,0,0,1,bullish,4,inverted_hammer,1,0,1,0,1,0,1,1,0,2,3,5,2,5,8.784071428571451,16,4,1,1,A+
2022-12-13 12:00:00,1787.483,1824.45,1786.576,1809.694,56092.0,200.0,1824.45,0.0,↑,0,1,bullish,1,bullish_engulfing,1,1,1,0,0,0,1,1,0,3,3,6,3,6,9.466357142857126,12,1,1,1,A+
2022-12-15 08:00:00,1788.916,1789.788,1773.434,1778.913,23682.0,200.0,0.0,1773.434,0,↓,0,bearish,0,none,1,1,0,0,0,0,1,1,0,2,3,5,2,5,11.029785714285724,8,3,1,1,A+
2022-12-19 16:00:00,1786.085,1790.858,1783.783,1786.794,15623.0,200.0,0.0,1783.783,0,0,0,bullish,5,doji,1,0,1,0,0,0,0,1,0,2,1,3,2,3,6.559928571428567,16,0,1,1,A+
2022-12-27 12:00:00,1809.759,1832.979,1802.291,1824.588,29528.0,200.0,1832.979,0.0,0,↑,1,bullish,0,none,1,1,0,0,0,0,1,1,1,2,4,6,2,6,9.504357142857154,12,1,1,1,A+
2022-12-28 16:00:00,1797.919,1809.19,1796.946,1805.338,17227.0,200.0,0.0,1796.946,0,0,1,bullish,1,bullish_engulfing,1,0,1,0,0,0,1,1,0,2,3,5,2,5,9.147857142857154,16,2,1,1,A+
2023-01-04 08:00:00,1858.237,1865.086,1856.936,1860.105,21303.0,200.0,1865.086,0.0,↑,0,1,bullish,4,inverted_hammer,1,1,1,0,0,0,1,1,1,3,3,6,3,6,11.133000000000038,8,2,1,1,A+
2023-01-09 12:00:00,1873.019,1881.456,1872.006,1874.666,29114.0,200.0,1881.456,0.0,↑,0,1,bullish,4,inverted_hammer,1,1,1,0,0,0,1,1,0,3,3,6,3,6,10.114071428571362,12,0,1,1,A+
2023-01-12 08:00:00,1882.47,1886.221,1881.156,1885.168,14921.0,200.0,0.0,0.0,0,0,1,bullish,7,morning_star,0,0,1,1,0,0,0,1,0,2,2,4,2,4,6.955142857142927,8,3,1,1,A+
2023-01-13 04:00:00,1897.815,1899.863,1892.282,1899.525,15322.0,200.0,0.0,0.0,0,0,1,bullish,1,bullish_engulfing,0,0,1,1,1,0,0,1,0,2,2,4,2,4,8.932357142857184,4,4,1,1,A+
2023-01-13 12:00:00,1899.508,1916.193,1893.618,1913.666,33861.0,200.0,0.0,0.0,0,0,1,bullish,1,bullish_engulfing,0,0,1,1,0,0,1,1,0,2,2,4,2,4,10.377642857142892,12,4,1,1,A+
2023-01-16 00:00:00,1916.904,1928.951,1916.749,1926.338,15183.0,200.0,1928.951,0.0,↑,0,1,bullish,0,none,1,1,0,1,0,0,0,0,0,3,0,3,3,3,10.123214285714296,0,0,1,1,A+
2023-01-20 08:00:00,1932.982,1937.383,1926.506,1927.021,19114.0,200.0,1937.383,0.0,↑,0,1,bullish,8,evening_star,1,1,1,0,0,0,1,1,0,3,3,6,3,6,10.192785714285703,8,4,1,1,A+
2023-01-24 08:00:00,1940.339,1942.395,1934.279,1937.19,17024.0,200.0,1942.395,0.0,↑,0,1,bullish,0,none,1,1,0,0,0,0,1,1,0,2,3,5,2,5,8.890714285714271,8,1,1,1,A+
2023-01-26 00:00:00,1948.346,1949.116,1942.5,1947.663,11279.0,200.0,1949.116,0.0,↑,0,1,bullish,0,none,1,1,0,1,0,0,0,0,0,3,1,4,3,4,9.847857142857167,0,3,1,1,A+
2023-01-31 12:00:00,1904.207,1929.248,1900.736,1928.572,37526.0,200.0,0.0,1900.736,0,↓,0,bearish,7,morning_star,1,1,1,0,0,0,1,1,0,3,2,5,3,5,9.69835714285713,12,1,1,1,A+
2023-02-02 04:00:00,1952.326,1959.639,1951.198,1955.475,14845.0,200.0,1959.639,0.0,0,↑,1,bullish,1,bullish_engulfing,1,1,1,0,0,0,0,0,0,3,1,4,3,4,10.548857142857091,4,3,1,1,A+
2023-02-03 16:00:00,1873.07,1874.987,1861.424,1865.777,27752.0,0.0,0.0,1861.424,0,↓,0,bearish,0,none,1,1,0,0,0,0,1,1,1,2,3,5,2,5,15.184571428571433,16,4,1,1,A+
2023-02-09 12:00:00,1882.131,1890.02,1872.502,1874.158,29322.0,200.0,1890.02,0.0,0,0,0,bullish,2,bearish_engulfing,1,0,1,0,0,0,1,1,0,2,2,4,2,4,10.343857142857164,12,3,1,1,A+
2023-02-10 00:00:00,1862.353,1865.386,1855.188,1855.252,16074.0,200.0,0.0,0.0,0,0,0,bullish,2,bearish_engulfing,0,0,1,1,0,0,0,1,0,2,1,3,2,3,9.246642857142872,0,4,1,1,A+
2023-02-10 04:00:00,1855.243,1866.792,1852.744,1866.165,20295.0,200.0,0.0,1852.744,↓,0,0,bullish,1,bullish_engulfing,1,1,1,0,0,0,1,1,0,3,3,6,3,6,9.483000000000011,4,4,1,1,A+
2023-02-17 08:00:00,1824.007,1828.016,1818.861,1824.653,19434.0,200.0,0.0,1818.861,↓,0,0,bullish,5,doji,1,1,1,0,0,1,0,1,0,3,2,5,3,5,8.882642857142855,8,4,0,0,A+
2023-02-20 08:00:00,1845.965,1847.39,1841.001,1844.706,11115.0,200.0,1847.39,0.0,0,↑,1,bullish,0,none,1,1,0,0,0,1,0,0,0,2,1,3,2,3,8.683000000000009,8,0,0,0,A+
2023-02-24 16:00:00,1810.658,1814.126,1808.912,1810.941,17159.0,200.0,0.0,0.0,0,0,1,bullish,5,doji,0,0,1,1,0,1,0,1,0,2,1,3,2,3,7.376928571428574,16,4,0,0,A+
2023-02-27 00:00:00,1811.728,1814.149,1806.177,1807.91,13484.0,200.0,0.0,1806.177,0,↓,0,bearish,0,none,1,1,0,1,0,0,0,1,0,3,2,5,3,5,6.1495714285714325,0,0,0,0,A+
2023-02-28 08:00:00,1810.444,1812.982,1804.363,1809.027,17246.0,200.0,0.0,1804.363,↓,0,0,bullish,0,none,1,1,0,0,0,0,1,1,0,2,2,4,2,4,6.2234999999999605,8,1,0,0,A+
2023-03-01 00:00:00,1825.552,1831.122,1823.042,1830.963,13577.0,200.0,0.0,0.0,0,0,0,bullish,7,morning_star,0,0,1,1,0,1,0,1,0,2,1,3,2,3,7.069428571428554,0,2,0,0,A+
2023-03-01 12:00:00,1835.279,1844.374,1833.35,1842.018,32167.0,200.0,1844.374,0.0,0,0,0,bullish,0,none,1,0,0,1,0,1,1,1,0,2,3,5,2,5,7.8125,12,2,0,0,A+
2023-03-03 16:00:00,1844.619,1853.646,1843.796,1853.275,17406.0,200.0,0.0,0.0,0,0,0,bullish,7,morning_star,0,0,1,1,0,0,1,1,0,2,2,4,2,4,6.666928571428538,16,4,0,0,A+
2023-03-06 00:00:00,1852.302,1855.848,1850.73,1854.94,12808.0,200.0,0.0,0.0,0,0,0,bullish,7,morning_star,0,0,1,1,0,0,0,1,0,2,1,3,2,3,6.151928571428535,0,0,0,0,A+
2023-03-06 04:00:00,1854.941,1858.123,1852.753,1856.228,11989.0,200.0,1858.123,0.0,0,↑,1,bullish,0,none,1,1,0,1,0,0,0,0,0,3,0,3,3,3,6.019999999999966,4,0,0,0,A+
2023-03-08 00:00:00,1813.935,1814.096,1809.372,1809.82,12567.0,200.0,0.0,1809.372,0,0,1,bullish,0,none,1,0,0,1,0,0,0,1,0,2,1,3,2,3,7.470714285714313,0,2,0,0,A+
2023-03-13 16:00:00,1904.878,1914.577,1903.313,1913.301,32360.0,200.0,1914.577,0.0,↑,0,1,bullish,0,none,1,1,0,1,0,0,1,1,0,3,2,5,3,5,14.114999999999991,16,0,0,0,A+
2023-03-15 08:00:00,1896.423,1918.74,1885.551,1918.108,40817.0,200.0,0.0,1885.551,0,0,1,bullish,1,bullish_engulfing,1,0,1,1,0,0,1,1,0,3,3,6,3,6,12.910285714285692,8,2,1,1,A+
2023-03-15 16:00:00,1927.183,1937.287,1908.969,1916.717,49617.0,200.0,1937.287,0.0,↑,0,1,bullish,2,bearish_engulfing,1,1,1,0,0,0,1,1,0,3,3,6,3,6,13.7107857142857,16,2,1,1,A+
2023-03-20 04:00:00,1973.308,2009.668,1972.97,2003.415,34835.0,200.0,2009.668,0.0,↑,0,1,bullish,1,bullish_engulfing,1,1,1,0,0,0,1,1,0,3,2,5,3,5,15.284857142857131,4,0,1,1,A+
2023-03-27 12:00:00,1954.154,1958.695,1943.944,1956.844,35326.0,200.0,0.0,1943.944,0,0,1,bullish,3,hammer,1,0,1,0,0,0,1,1,0,2,3,5,2,5,13.07199999999997,12,0,1,1,A+
2023-03-30 00:00:00,1963.201,1963.503,1955.345,1959.566,14114.0,200.0,0.0,1955.345,0,0,1,bullish,2,bearish_engulfing,1,0,1,0,0,0,0,0,0,2,1,3,2,3,7.692214285714272,0,3,1,1,A+
2023-04-03 00:00:00,1957.063,1964.465,1949.542,1951.794,20454.0,200.0,0.0,1949.542,0,↓,0,bearish,0,none,1,1,0,1,0,0,1,1,0,3,2,5,3,5,9.450642857142824,0,0,1,1,A+
2023-04-05 12:00:00,2022.928,2032.046,2009.719,2021.692,50194.0,200.0,2032.046,0.0,0,↑,1,bullish,5,doji,1,1,1,0,0,0,1,1,0,3,2,5,3,5,11.601571428571416,12,2,1,1,A+
2023-04-13 12:00:00,2028.565,2048.597,2026.243,2038.9,42110.0,200.0,2048.597,0.0,↑,0,1,bullish,0,none,1,1,0,0,0,0,1,1,0,2,3,5,2,5,10.340357142857115,12,3,1,1,A+
2023-04-17 12:00:00,2009.104,2010.572,1980.899,1989.921,37154.0,200.0,0.0,1980.899,0,↓,0,bearish,0,none,1,1,0,0,0,0,1,1,0,2,3,5,2,5,13.370500000000009,12,0,1,1,A+
2023-04-19 08:00:00,1991.319,1991.35,1969.176,1970.545,24464.0,200.0,0.0,1969.176,↓,0,0,bullish,0,none,1,1,0,1,0,0,1,1,0,3,2,5,3,5,11.24300000000002,8,2,1,1,A+
2023-04-20 12:00:00,2001.077,2012.347,1997.413,2002.549,36356.0,200.0,2012.347,0.0,0,0,0,bullish,5,doji,1,0,1,0,0,0,1,1,0,2,3,5,2,5,11.469714285714288,12,3,1,1,A+
2023-04-26 12:00:00,1995.716,2009.322,1991.415,1991.446,41118.0,200.0,2009.322,0.0,0,0,0,bullish,6,shooting_star,1,0,1,0,0,0,1,1,0,2,3,5,2,5,10.616857142857109,12,2,1,1,A+
2023-05-03 20:00:00,2035.11,2079.817,2029.043,2051.957,29768.0,200.0,2079.817,0.0,0,↑,1,bullish,0,none,1,1,0,0,0,0,1,1,0,2,2,4,2,4,12.46528571428574,20,2,1,1,A+
2023-05-10 12:00:00,2029.277,2047.995,2021.306,2025.006,53575.0,200.0,2047.995,0.0,0,0,1,bullish,6,shooting_star,1,0,1,0,0,0,1,1,0,2,3,5,2,5,8.6343571428571,12,2,1,1,A+
2023-05-11 12:00:00,2036.768,2040.788,2011.104,2013.551,55495.0,200.0,0.0,0.0,0,0,1,bullish,2,bearish_engulfing,0,0,1,1,0,0,1,1,0,2,2,4,2,4,11.17521428571422,12,3,1,1,A+
2023-05-17 04:00:00,1991.302,1992.049,1986.684,1987.619,14345.0,200.0,0.0,0.0,0,0,1,bullish,2,bearish_engulfing,0,0,1,1,0,0,0,1,0,2,1,3,2,3,8.18571428571428,4,2,1,1,A+
2023-05-18 08:00:00,1974.539,1978.856,1972.146,1974.085,16272.0,200.0,0.0,0.0,0,0,1,bullish,5,doji,0,0,1,1,0,1,1,1,0,2,2,4,2,4,7.877999999999994,8,3,1,1,A+
2023-05-18 12:00:00,1974.088,1975.354,1951.937,1955.988,37853.0,200.0,0.0,1951.937,0,↓,0,bearish,0,none,1,1,0,0,0,1,1,1,0,2,2,4,2,4,8.470071428571439,12,3,1,1,A+
2023-05-19 12:00:00,1963.664,1984.186,1957.136,1974.776,43063.0,200.0,1984.186,0.0,0,0,0,bullish,1,bullish_engulfing,1,0,1,0,0,1,1,1,0,2,3,5,2,5,9.107000000000005,12,4,1,1,A+
2023-05-24 12:00:00,1981.854,1985.015,1960.202,1962.988,32740.0,200.0,1985.015,0.0,0,↑,1,bullish,8,evening_star,1,1,1,0,0,1,1,1,0,3,3,6,3,6,9.892428571428566,12,2,0,0,A+
2023-05-26 00:00:00,1940.492,1948.779,1936.576,1948.423,15953.0,200.0,0.0,1936.576,0,↓,0,bearish,0,none,1,1,0,0,0,1,0,1,0,2,2,4,2,4,9.216071428571402,0,4,0,0,A+
2023-05-30 00:00:00,1941.498,1946.602,1939.225,1939.446,15449.0,200.0,0.0,0.0,0,0,0,bullish,6,shooting_star,0,0,1,1,0,1,1,1,0,2,2,4,2,4,6.312071428571471,0,1,0,0,A+
2023-05-30 04:00:00,1939.424,1942.168,1932.042,1942.161,20145.0,200.0,0.0,1932.042,↓,0,0,bullish,1,bullish_engulfing,1,1,1,0,0,1,1,1,0,3,2,5,3,5,6.163714285714328,4,1,0,0,A+
2023-05-30 12:00:00,1960.12,1962.253,1950.577,1962.071,30050.0,200.0,0.0,0.0,0,0,0,bullish,3,hammer,0,0,1,1,0,1,1,1,0,2,2,4,2,4,7.225928571428605,12,1,0,0,A+
2023-06-01 08:00:00,1955.535,1968.368,1953.338,1967.861,16281.0,200.0,0.0,1953.338,0,0,0,bullish,7,morning_star,1,0,1,0,0,1,1,1,0,2,2,4,2,4,9.143428571428574,8,3,0,0,A+
2023-06-02 00:00:00,1977.033,1983.374,1974.015,1982.473,14418.0,200.0,1983.374,0.0,0,0,0,bullish,0,none,1,0,0,1,0,1,0,0,0,2,1,3,2,3,8.88721428571429,0,4,0,0,A+
2023-06-04 20:00:00,1947.366,1950.096,1947.297,1949.33,4212.0,200.0,0.0,0.0,0,0,0,bullish,1,bullish_engulfing,0,0,1,1,1,1,0,0,0,2,2,4,2,4,9.258142857142843,20,6,0,0,A+
2023-06-05 12:00:00,1942.252,1961.909,1938.048,1958.108,31289.0,200.0,0.0,1938.048,↓,0,0,bullish,0,none,1,1,0,0,0,1,1,1,0,2,3,5,2,5,9.979571428571408,12,0,0,0,A+
2023-06-09 12:00:00,1966.438,1972.771,1956.58,1962.152,30712.0,200.0,1972.771,0.0,0,0,0,bullish,8,evening_star,1,0,1,0,0,1,1,1,0,2,3,5,2,5,8.704071428571458,12,4,0,0,A+
2023-06-13 12:00:00,1963.736,1970.589,1941.884,1943.096,44075.0,200.0,1970.589,0.0,0,0,0,bullish,0,none,1,0,0,1,0,1,1,1,0,2,2,4,2,4,8.17264285714285,12,1,0,0,A+
2023-06-15 00:00:00,1945.146,1945.228,1932.207,1934.811,17993.0,200.0,0.0,0.0,0,0,0,bullish,8,evening_star,0,0,1,1,0,1,1,1,0,2,2,4,2,4,9.377785714285746,0,3,0,0,A+
2023-06-15 12:00:00,1928.449,1959.728,1924.838,1956.51,39113.0,200.0,0.0,1924.838,↓,0,0,bullish,1,bullish_engulfing,1,1,1,0,0,1,1,1,0,3,3,6,3,6,12.064785714285758,12,3,0,0,A+
2023-06-16 12:00:00,1965.614,1967.848,1953.188,1956.229,33060.0,200.0,1967.848,0.0,0,0,0,bullish,2,bearish_engulfing,1,0,1,0,0,1,1,1,0,2,3,5,2,5,11.06292857142861,12,4,0,0,A+
2023-06-23 00:00:00,1914.439,1916.031,1910.091,1912.356,12525.0,200.0,0.0,1910.091,↓,0,0,bullish,0,none,1,1,0,1,0,1,0,0,0,3,0,3,3,3,6.462571428571404,0,4,0,0,A+
2023-06-29 12:00:00,1910.007,1912.847,1892.839,1908.94,35858.0,200.0,0.0,1892.839,↓,0,0,bullish,0,none,1,1,0,0,0,1,1,1,0,2,2,4,2,4,8.261000000000015,12,3,0,0,A+
2023-07-04 08:00:00,1927.977,1930.645,1925.678,1928.474,12438.0,200.0,0.0,0.0,0,0,0,bullish,5,doji,0,0,1,1,0,1,0,1,0,2,1,3,2,3,6.341285714285732,8,1,0,0,A+
2023-07-05 12:00:00,1927.468,1934.767,1918.926,1923.173,28475.0,200.0,1934.767,0.0,0,0,0,bullish,8,evening_star,1,0,1,0,0,1,1,1,0,2,2,4,2,4,6.312071428571455,12,2,0,0,A+
2023-07-06 12:00:00,1926.586,1927.548,1902.568,1911.45,44178.0,200.0,0.0,1902.568,0,0,0,bullish,2,bearish_engulfing,1,0,1,0,0,1,1,1,0,2,3,5,2,5,7.486357142857124,12,3,0,0,A+
2023-07-07 12:00:00,1917.515,1934.845,1914.251,1927.57,39028.0,200.0,1934.845,0.0,0,↑,1,bullish,0,none,1,1,0,0,0,1,1,1,0,2,3,5,2,5,8.423500000000006,12,4,0,0,A+
2023-07-12 12:00:00,1934.624,1958.237,1933.528,1955.661,36771.0,200.0,0.0,0.0,0,0,1,bullish,1,bullish_engulfing,0,0,1,1,0,1,1,1,0,2,2,4,2,4,7.068071428571443,12,2,0,0,A+
2023-07-13 00:00:00,1957.714,1961.607,1956.317,1960.268,14021.0,200.0,0.0,0.0,0,0,1,bullish,7,morning_star,0,0,1,1,0,1,1,1,0,2,2,4,2,4,6.4252142857143,0,3,0,0,A+
2023-07-14 00:00:00,1960.124,1963.671,1958.324,1962.545,13808.0,200.0,1963.671,0.0,↑,0,1,bullish,0,none,1,1,0,1,0,1,0,0,0,3,0,3,3,3,6.613785714285736,0,4,0,0,A+
2023-07-18 12:00:00,1963.019,1984.251,1960.671,1978.084,39952.0,200.0,1984.251,0.0,↑,0,1,bullish,0,none,1,1,0,0,0,1,1,1,0,2,3,5,2,5,7.847499999999968,12,1,1,1,A+
2023-07-20 00:00:00,1977.661,1987.421,1977.299,1985.174,14989.0,200.0,1987.421,0.0,↑,0,1,bullish,1,bullish_engulfing,1,1,1,1,0,1,1,1,0,4,3,7,4,7,7.70314285714286,0,3,1,1,A+
2023-07-24 20:00:00,1954.336,1955.413,1953.174,1954.393,4585.0,200.0,0.0,0.0,0,0,1,bullish,5,doji,0,0,1,1,0,1,0,0,0,2,1,3,2,3,5.881071428571447,20,0,1,1,A+
2023-07-25 12:00:00,1960.72,1965.311,1951.787,1964.246,23760.0,200.0,0.0,1951.787,0,↓,0,bearish,1,bullish_engulfing,1,1,1,0,0,1,1,1,0,3,2,5,3,5,7.046,12,1,1,1,A+
2023-07-26 08:00:00,1970.613,1974.149,1969.591,1971.911,12839.0,200.0,0.0,0.0,0,0,0,bullish,4,inverted_hammer,0,0,1,1,0,1,0,1,0,2,1,3,2,3,7.073857142857134,8,2,1,1,A+
2023-07-26 12:00:00,1972.038,1974.96,1963.682,1972.347,22815.0,200.0,0.0,0.0,0,0,0,bullish,5,doji,0,0,1,1,0,1,1,1,0,2,2,4,2,4,7.322785714285699,12,2,1,1,A+
2023-07-27 00:00:00,1972.012,1982.133,1971.117,1977.879,12821.0,200.0,1982.133,0.0,0,0,0,bullish,7,morning_star,1,0,1,0,0,1,0,0,0,2,1,3,2,3,7.366714285714271,0,3,1,1,A+
2023-07-27 16:00:00,1946.849,1949.632,1942.018,1944.14,19844.0,200.0,0.0,1942.018,↓,0,0,bullish,0,none,1,1,0,1,0,1,1,1,0,3,3,6,3,6,9.698357142857146,16,3,1,1,A+
2023-08-02 12:00:00,1950.657,1951.821,1932.864,1935.52,31630.0,200.0,0.0,0.0,0,0,0,bullish,2,bearish_engulfing,0,0,1,1,0,0,1,1,0,2,2,4,2,4,8.37999999999998,12,2,1,1,A+
2023-08-04 12:00:00,1932.27,1946.752,1925.071,1942.672,36782.0,200.0,1946.752,1925.071,↓,0,0,bullish,0,none,1,1,0,0,0,0,1,1,0,2,3,5,2,5,7.087928571428522,12,4,0,0,A+
2023-08-09 08:00:00,1930.515,1930.769,1923.109,1924.564,13779.0,200.0,0.0,0.0,0,0,0,bullish,8,evening_star,0,0,1,1,0,0,1,1,0,2,3,5,2,5,5.593571428571457,8,2,0,0,A+
2023-08-10 20:00:00,1913.255,1913.626,1910.694,1912.358,4734.0,200.0,0.0,1910.694,↓,0,0,bullish,0,none,1,1,0,1,0,0,0,0,0,3,0,3,3,3,5.929000000000023,20,3,0,0,A+
2023-08-17 12:00:00,1898.791,1903.413,1889.09,1889.428,25132.0,200.0,0.0,0.0,0,0,0,bullish,8,evening_star,0,0,1,1,0,0,1,1,0,2,2,4,2,4,6.486428571428568,12,3,0,0,A+
2023-08-17 16:00:00,1889.416,1891.165,1884.996,1889.039,13919.0,200.0,0.0,1884.996,↓,0,0,bullish,5,doji,1,1,1,0,0,0,0,1,0,3,1,4,3,4,6.690571428571421,16,3,0,0,A+
2023-08-21 00:00:00,1889.934,1893.481,1884.547,1891.643,13229.0,200.0,0.0,1884.547,↓,0,0,bullish,0,none,1,1,0,0,0,0,1,1,0,2,2,4,2,4,5.497857142857129,0,0,0,0,A+
2023-08-22 08:00:00,1901.449,1904.41,1898.367,1902.113,13133.0,200.0,0.0,0.0,0,0,0,bullish,5,doji,0,0,1,1,0,0,1,1,0,2,2,4,2,4,5.850857142857194,8,1,0,0,A+
2023-08-23 08:00:00,1903.553,1905.241,1901.235,1903.259,13343.0,200.0,0.0,0.0,0,0,0,bullish,5,doji,0,0,1,1,0,0,1,1,0,2,2,4,2,4,5.90992857142859,8,2,0,0,A+
2023-08-24 12:00:00,1916.566,1923.056,1911.554,1921.007,22950.0,200.0,1923.056,0.0,0,0,0,bullish,1,bullish_engulfing,1,0,1,1,0,0,1,1,0,3,2,5,3,5,6.08864285714284,12,3,0,0,A+
2023-08-29 12:00:00,1917.184,1937.58,1914.357,1936.727,26346.0,200.0,0.0,0.0,0,0,0,bullish,7,morning_star,0,0,1,1,0,0,1,1,0,2,2,4,2,4,7.207999999999986,12,1,0,0,A+
2023-08-29 16:00:00,1936.701,1938.12,1934.039,1937.991,12091.0,200.0,0.0,0.0,0,0,0,bullish,3,hammer,0,0,1,1,0,0,1,1,0,2,2,4,2,4,6.166071428571415,16,1,0,0,A+
2023-08-30 08:00:00,1936.488,1939.606,1935.445,1939.065,11968.0,200.0,0.0,0.0,0,0,0,bullish,7,morning_star,0,0,1,1,0,0,1,1,0,2,2,4,2,4,5.96642857142857,8,2,0,0,A+
2023-08-30 12:00:00,1939.053,1949.006,1938.747,1944.911,26986.0,200.0,1949.006,0.0,0,↑,1,bullish,0,none,1,1,0,0,0,1,1,1,0,2,3,5,2,5,6.454571428571431,12,2,0,0,A+
2023-09-01 12:00:00,1944.432,1952.331,1934.334,1938.779,34438.0,200.0,1952.331,1934.334,↑,0,1,bullish,0,none,1,1,0,0,0,1,1,1,0,2,3,5,2,5,5.375714285714317,12,4,1,1,A+
2023-09-06 12:00:00,1925.363,1929.079,1915.153,1916.736,25742.0,200.0,0.0,1915.153,0,↓,0,bearish,8,evening_star,1,1,1,1,0,1,1,1,0,4,3,7,4,7,4.676571428571394,12,2,1,1,A+
2023-09-14 12:00:00,1907.488,1911.332,1900.918,1907.913,31444.0,200.0,0.0,1900.918,↓,0,0,bullish,5,doji,1,1,1,0,0,1,1,1,0,3,3,6,3,6,5.35857142857146,12,3,0,0,A+
2023-09-18 12:00:00,1926.755,1929.379,1922.723,1928.965,18190.0,200.0,0.0,0.0,0,0,0,bullish,3,hammer,0,0,1,1,0,1,1,1,0,2,2,4,2,4,5.293500000000043,12,0,0,0,A+
2023-09-19 04:00:00,1932.226,1934.752,1929.8,1934.407,10418.0,200.0,0.0,0.0,0,0,0,bullish,1,bullish_engulfing,0,0,1,1,0,1,0,1,0,2,1,3,2,3,4.758857142857177,4,1,0,0,A+
2023-09-20 16:00:00,1941.746,1947.361,1932.811,1932.956,25032.0,200.0,1947.361,0.0,0,↑,1,bullish,0,none,1,1,0,0,0,1,1,1,0,2,2,4,2,4,5.575857142857168,16,2,0,0,A+
2023-09-26 00:00:00,1916.209,1916.447,1912.928,1913.592,9614.0,200.0,0.0,0.0,0,0,1,bullish,2,bearish_engulfing,0,0,1,1,0,1,0,0,0,2,1,3,2,3,4.127071428571412,0,1,0,0,A+
2023-09-26 08:00:00,1913.674,1915.577,1910.518,1911.534,12248.0,200.0,0.0,0.0,0,0,1,bullish,2,bearish_engulfing,0,0,1,1,0,1,1,1,0,2,3,5,2,5,4.207642857142836,8,1,0,0,A+
2023-09-27 00:00:00,1901.524,1903.712,1899.302,1899.873,10456.0,200.0,0.0,0.0,0,0,1,bullish,8,evening_star,0,0,1,1,1,0,0,0,0,2,1,3,2,3,4.882499999999952,0,2,0,0,A+
2023-09-29 12:00:00,1869.424,1879.601,1852.144,1854.741,34426.0,200.0,1879.601,0.0,0,0,1,bullish,0,none,1,0,0,1,0,0,1,1,0,2,2,4,2,4,8.849714285714283,12,4,0,0,A+
2023-09-29 20:00:00,1848.199,1849.854,1847.686,1848.796,2117.0,200.0,0.0,0.0,0,0,1,bullish,4,inverted_hammer,0,0,1,1,1,0,0,0,0,2,1,3,2,3,8.38757142857144,20,4,0,0,A+
2023-10-03 00:00:00,1824.919,1825.179,1815.218,1820.49,13657.0,200.0,0.0,1815.218,0,↓,0,bearish,0,none,1,1,0,0,0,0,0,1,0,2,1,3,2,3,9.02342857142857,0,1,0,0,A+
2023-10-06 12:00:00,1821.206,1834.832,1810.402,1832.556,44522.0,200.0,0.0,1810.402,↓,0,0,bullish,1,bullish_engulfing,1,1,1,1,0,0,1,1,0,4,2,6,4,6,8.092000000000017,12,4,0,0,A+
2023-10-11 12:00:00,1870.971,1875.003,1867.347,1872.995,26915.0,200.0,0.0,0.0,0,0,0,bullish,3,hammer,0,0,1,1,0,1,1,1,0,2,2,4,2,4,6.362357142857117,12,2,0,0,A+
2023-10-13 20:00:00,1928.323,1932.593,1928.092,1932.217,2148.0,200.0,1932.593,0.0,0,↑,1,bullish,0,none,1,1,0,1,0,1,0,0,0,3,0,3,3,3,8.45814285714284,20,4,0,0,A+
2023-10-20 12:00:00,1977.294,1997.135,1973.211,1991.602,32821.0,200.0,1997.135,0.0,↑,0,1,bullish,0,none,1,1,0,0,0,0,1,1,0,2,2,4,2,4,12.19421428571429,12,4,1,1,A+
2023-10-23 00:00:00,1971.516,1974.76,1964.273,1973.655,18347.0,200.0,0.0,1964.273,0,0,1,bullish,1,bullish_engulfing,1,0,1,0,0,0,1,1,0,2,3,5,2,5,11.509714285714283,0,0,1,1,A+
2023-10-24 08:00:00,1975.329,1975.927,1953.409,1963.753,21100.0,200.0,0.0,1953.409,0,↓,0,bearish,0,none,1,1,0,0,0,0,1,1,0,2,3,5,2,5,10.56292857142856,8,1,1,1,A+
2023-10-26 08:00:00,1990.033,1993.424,1982.42,1984.606,15246.0,200.0,1993.424,0.0,0,0,0,bullish,2,bearish_engulfing,1,0,1,0,0,0,0,0,0,2,1,3,2,3,9.513714285714302,8,3,1,1,A+
2023-10-27 16:00:00,1979.867,2009.356,1979.128,2006.944,24203.0,200.0,2009.356,0.0,0,↑,1,bullish,1,bullish_engulfing,1,1,1,1,0,0,1,1,0,4,3,7,4,7,10.522714285714317,16,4,1,1,A+
2023-10-31 12:00:00,1999.811,2007.849,1992.454,1994.277,31773.0,200.0,2007.849,0.0,0,0,1,bullish,8,evening_star,1,0,1,0,0,0,1,1,0,2,2,4,2,4,8.92028571428573,12,1,1,1,A+
2023-11-01 16:00:00,1979.206,1982.258,1969.823,1978.596,28987.0,200.0,0.0,1969.823,0,0,1,bullish,5,doji,1,0,1,0,0,0,1,1,0,2,3,5,2,5,8.496857142857136,16,2,1,1,A+
2023-11-03 12:00:00,1987.588,2004.002,1985.685,1991.707,44324.0,200.0,2004.002,0.0,0,0,1,bullish,4,inverted_hammer,1,0,1,0,0,0,1,1,0,2,3,5,2,5,7.8785714285714095,12,4,1,1,A+
2023-11-09 00:00:00,1950.815,1954.5,1947.766,1949.202,13874.0,200.0,0.0,0.0,0,0,1,bullish,6,shooting_star,0,0,1,1,1,1,1,1,0,2,3,5,2,5,7.11057142857138,0,3,1,1,A+
2023-11-09 04:00:00,1949.224,1950.469,1948.04,1949.328,12418.0,200.0,0.0,0.0,0,0,1,bullish,5,doji,0,0,1,1,1,1,0,0,0,2,1,3,2,3,6.95799999999997,4,3,1,1,A+
2023-11-16 12:00:00,1965.531,1986.453,1962.069,1984.879,25938.0,200.0,0.0,0.0,0,0,0,bullish,1,bullish_engulfing,0,0,1,1,0,0,1,1,0,2,2,4,2,4,9.145142857142805,12,3,1,1,A+
2023-11-17 00:00:00,1982.577,1986.944,1981.733,1986.573,13097.0,199.0,0.0,0.0,0,0,0,bullish,1,bullish_engulfing,0,0,1,1,0,0,0,1,1,2,2,4,2,4,7.308071428571387,0,4,1,1,A+
2023-11-17 04:00:00,1986.541,1987.669,1982.676,1987.568,11681.0,199.0,0.0,0.0,0,0,0,bullish,3,hammer,0,0,1,1,0,0,0,0,1,2,1,3,2,3,7.5014999999999805,4,4,1,1,A+
2023-11-21 12:00:00,1987.216,2007.488,1986.601,2004.158,27059.0,199.0,2007.488,0.0,0,↑,1,bullish,0,none,1,1,0,0,0,0,1,1,0,2,3,5,2,5,8.728642857142843,12,1,1,1,A+
2023-11-27 00:00:00,2002.364,2018.187,2001.79,2009.551,20020.0,199.0,2018.187,0.0,↑,0,1,bullish,0,none,1,1,0,0,0,0,1,1,1,2,3,5,2,5,5.2001428571428505,0,0,1,1,A+
2023-11-29 00:00:00,2044.426,2052.03,2042.75,2044.011,19109.0,199.0,2052.03,0.0,↑,0,1,bullish,0,none,1,1,0,0,0,0,1,1,0,2,2,4,2,4,7.752785714285794,0,2,1,1,A+
2023-11-30 12:00:00,2037.193,2044.029,2031.274,2037.827,32286.0,199.0,0.0,2031.274,0,0,1,bullish,5,doji,1,0,1,0,0,0,1,1,0,2,3,5,2,5,8.893571428571477,12,3,1,1,A+
2023-12-03 20:00:00,2074.106,2144.465,2071.634,2117.509,17125.0,381.0,2144.465,0.0,↑,0,1,bullish,0,none,1,1,0,0,0,0,0,1,0,2,2,4,2,4,14.33307142857146,20,6,1,1,A+
2023-12-05 12:00:00,2024.718,2030.834,2009.744,2016.232,41617.0,199.0,0.0,2009.744,0,↓,0,bearish,0,none,1,1,0,0,0,1,1,1,0,2,2,4,2,4,24.25128571428575,12,1,1,1,A+
2023-12-07 12:00:00,2032.569,2039.889,2025.074,2029.303,32339.0,199.0,2039.889,0.0,0,0,0,bullish,2,bearish_engulfing,1,0,1,0,0,1,1,1,0,2,3,5,2,5,10.21328571428572,12,3,1,1,A+
2023-12-11 00:00:00,2006.993,2007.808,1995.396,1996.892,17971.0,199.0,0.0,0.0,0,0,0,bullish,8,evening_star,0,0,1,1,0,1,0,1,1,2,2,4,2,4,9.035785714285696,0,0,1,1,A+
2023-12-11 12:00:00,1996.153,1996.743,1980.572,1982.301,26094.0,199.0,0.0,0.0,0,0,0,bullish,2,bearish_engulfing,0,0,1,1,0,1,1,1,0,2,2,4,2,4,10.193357142857137,12,0,1,1,A+
2023-12-11 16:00:00,1982.36,1984.307,1975.841,1981.574,20410.0,199.0,0.0,1975.841,↓,0,0,bullish,5,doji,1,1,1,0,0,1,1,1,0,3,3,6,3,6,9.739857142857156,16,0,1,1,A+
2023-12-13 04:00:00,1977.937,1980.465,1973.033,1979.225,14581.0,199.0,0.0,1973.033,↓,0,0,bullish,3,hammer,1,1,1,0,0,1,0,1,0,3,1,4,3,4,8.150714285714328,4,2,1,1,A+
2023-12-14 12:00:00,2035.01,2047.909,2027.353,2040.212,40779.0,199.0,2047.909,0.0,0,↑,1,bullish,0,none,1,1,0,0,0,0,1,1,0,2,2,4,2,4,11.65142857142858,12,3,1,1,A+
2023-12-20 20:00:00,2032.27,2033.825,2027.387,2032.128,11625.0,199.0,0.0,2027.387,0,0,1,bullish,5,doji,1,0,1,0,0,1,0,0,0,2,1,3,2,3,7.612285714285723,20,2,1,1,A+
2023-12-22 12:00:00,2060.671,2070.611,2057.648,2060.785,32548.0,199.0,2070.611,0.0,↑,0,1,bullish,5,doji,1,1,1,0,0,0,1,1,0,3,3,6,3,6,8.563642857142863,12,4,1,1,A+
2023-12-27 08:00:00,2065.94,2069.259,2061.469,2068.064,14360.0,199.0,0.0,0.0,0,0,1,bullish,3,hammer,0,0,1,1,0,0,1,1,1,2,3,5,2,5,7.24771428571421,8,2,1,1,A+
2023-12-28 00:00:00,2079.268,2088.485,2079.171,2087.199,15930.0,199.0,2088.485,0.0,↑,0,1,bullish,0,none,1,1,0,1,0,0,1,1,1,3,3,6,3,6,7.196214285714307,0,3,1,1,A+
2024-01-02 08:00:00,2073.13,2078.877,2068.241,2069.221,16574.0,199.0,2078.877,0.0,0,0,1,bullish,2,bearish_engulfing,1,0,1,0,0,0,1,1,1,2,3,5,2,5,8.2331428571428,8,1,1,1,A+
2024-01-05 12:00:00,2039.136,2063.986,2024.317,2054.775,55641.0,199.0,2063.986,0.0,0,0,1,bullish,1,bullish_engulfing,1,0,1,0,0,0,1,1,0,2,3,5,2,5,10.861642857142913,12,4,1,1,A+
2024-01-08 08:00:00,2031.393,2031.738,2016.674,2020.087,22123.0,199.0,0.0,2016.674,0,↓,0,bearish,0,none,1,1,0,0,0,1,1,1,0,2,3,5,2,5,10.22757142857144,8,0,1,1,A+
2024-01-11 16:00:00,2028.949,2029.593,2013.209,2026.438,31427.0,199.0,0.0,2013.209,↓,0,0,bullish,0,none,1,1,0,0,0,1,1,1,0,2,3,5,2,5,8.931071428571451,16,3,1,1,A+
2024-01-12 12:00:00,2045.339,2062.267,2044.329,2053.612,40123.0,199.0,2062.267,0.0,0,↑,1,bullish,0,none,1,1,0,0,0,0,1,1,0,2,3,5,2,5,10.128999999999987,12,4,1,1,A+
2024-01-17 16:00:00,2008.814,2011.968,2001.739,2005.414,22221.0,199.0,0.0,2001.739,0,↓,0,bearish,0,none,1,1,0,0,0,1,1,1,0,2,3,5,2,5,9.138928571428536,16,2,1,1,A+
2024-01-19 12:00:00,2031.653,2039.232,2023.126,2027.661,26178.0,199.0,2039.232,0.0,0,0,0,bullish,2,bearish_engulfing,1,0,1,0,0,1,1,1,0,2,3,5,2,5,8.860857142857103,12,4,1,1,A+
2024-01-24 12:00:00,2033.412,2036.63,2014.827,2015.213,31904.0,199.0,2036.63,0.0,0,0,0,bullish,8,evening_star,1,0,1,1,0,1,1,1,0,3,3,6,3,6,8.546571428571449,12,2,0,0,A+
2024-01-25 12:00:00,2017.451,2025.241,2009.497,2020.279,31443.0,199.0,0.0,2009.497,↓,0,0,bullish,0,none,1,1,0,0,0,1,1,1,0,2,3,5,2,5,8.30521428571428,12,3,0,0,A+
2024-02-01 16:00:00,2051.86,2065.458,2051.261,2054.78,29531.0,199.0,2065.458,0.0,0,↑,1,bullish,4,inverted_hammer,1,1,1,0,0,0,1,1,0,3,2,5,3,5,11.28107142857149,16,3,1,1,A+
2024-02-05 12:00:00,2027.58,2028.018,2014.811,2017.792,26353.0,199.0,0.0,2014.811,0,0,1,bullish,2,bearish_engulfing,1,0,1,1,0,1,1,1,0,3,3,6,3,6,9.395500000000018,12,0,1,1,A+
2024-02-07 12:00:00,2034.114,2044.527,2030.508,2038.345,24820.0,199.0,2044.527,0.0,0,0,1,bullish,1,bullish_engulfing,1,0,1,0,0,0,1,1,0,2,3,5,2,5,6.94200000000004,12,2,1,1,A+
2024-02-08 12:00:00,2028.986,2034.011,2020.115,2031.933,27901.0,199.0,0.0,2020.115,0,0,1,bullish,3,hammer,1,0,1,0,0,1,1,1,0,2,3,5,2,5,6.942500000000028,12,3,1,1,A+
2024-02-12 08:00:00,2025.449,2027.251,2019.917,2021.704,14139.0,199.0,0.0,0.0,0,0,1,bullish,8,evening_star,0,0,1,1,0,1,1,1,1,2,4,6,2,6,6.168428571428584,8,0,1,1,A+
2024-02-13 12:00:00,2027.712,2032.196,1989.965,1992.232,40081.0,199.0,2032.196,0.0,0,0,1,bullish,2,bearish_engulfing,1,0,1,1,0,1,1,1,0,3,2,5,3,5,9.189999999999989,12,1,0,0,A+
2024-02-14 12:00:00,1992.232,1993.185,1984.158,1987.849,25812.0,199.0,0.0,1984.158,0,↓,0,bearish,2,bearish_engulfing,1,1,1,0,0,1,1,1,0,3,3,6,3,6,9.186357142857135,12,2,0,0,A+
2024-02-19 00:00:00,2012.792,2022.861,2009.184,2019.845,14636.0,199.0,0.0,0.0,0,0,0,bullish,7,morning_star,0,0,1,1,0,1,1,1,1,2,3,5,2,5,7.720642857142836,0,0,0,0,A+
2024-02-21 00:00:00,2024.048,2030.835,2022.867,2030.425,11132.0,199.0,0.0,0.0,0,0,0,bullish,1,bullish_engulfing,0,0,1,1,0,1,0,0,1,2,1,3,2,3,6.447714285714288,0,2,0,0,A+
2024-02-22 08:00:00,2031.395,2034.833,2027.256,2028.937,16423.0,199.0,2034.833,0.0,0,↑,1,bullish,0,none,1,1,0,0,0,1,1,1,0,2,2,4,2,4,5.27392857142859,8,3,0,0,A+
2024-02-23 08:00:00,2021.802,2023.934,2015.981,2023.79,15964.0,199.0,0.0,2015.981,0,0,1,bullish,3,hammer,1,0,1,0,0,1,1,1,0,2,3,5,2,5,5.825285714285769,8,4,0,0,A+
2024-02-23 16:00:00,2030.088,2041.344,2030.088,2037.302,18714.0,199.0,2041.344,0.0,↑,0,1,bullish,0,none,1,1,0,0,0,1,1,1,0,2,3,5,2,5,6.638285714285773,16,4,0,0,A+
2024-02-29 04:00:00,2036.541,2037.839,2034.375,2037.23,10368.0,199.0,0.0,0.0,0,0,1,bullish,3,hammer,0,0,1,1,0,1,0,0,0,2,1,3,2,3,4.712285714285697,4,3,1,1,A+
2024-03-01 08:00:00,2045.46,2057.474,2039.039,2055.324,18490.0,199.0,0.0,0.0,0,0,1,bullish,7,morning_star,0,0,1,1,0,1,1,1,0,2,2,4,2,4,7.247928571428507,8,4,1,1,A+
2024-03-04 12:00:00,2082.102,2109.355,2081.115,2108.97,27206.0,199.0,0.0,0.0,0,0,1,bullish,1,bullish_engulfing,0,0,1,1,0,0,1,1,0,2,2,4,2,4,11.114214285714311,12,0,1,1,A+
2024-03-08 16:00:00,2177.209,2195.146,2168.28,2176.435,35258.0,199.0,2195.146,0.0,↑,0,1,bullish,5,doji,1,1,1,0,0,0,1,1,0,3,2,5,3,5,12.66857142857147,16,4,1,1,A+
2024-03-15 08:00:00,2167.056,2172.712,2165.26,2166.91,17272.0,199.0,2172.712,0.0,0,0,1,bullish,5,doji,1,0,1,0,0,0,0,1,0,2,2,4,2,4,7.332285714285717,8,4,1,1,A+
2024-03-18 00:00:00,2156.473,2157.481,2146.028,2146.768,15681.0,199.0,0.0,2146.028,0,↓,0,bearish,0,none,1,1,0,1,0,0,0,1,1,3,3,6,3,6,7.238642857142882,0,0,1,1,A+
2024-03-21 00:00:00,2203.971,2212.563,2192.364,2202.726,24687.0,199.0,2212.563,0.0,0,↑,1,bullish,5,doji,1,1,1,0,0,0,1,1,0,3,3,6,3,6,11.019142857142764,0,3,1,1,A+
2024-04-02 16:00:00,2258.658,2279.304,2254.074,2277.354,23829.0,199.0,0.0,0.0,0,0,1,bullish,7,morning_star,0,0,1,1,0,0,1,1,0,2,2,4,2,4,15.836714285714312,16,1,1,1,A+
2024-04-09 08:00:00,2353.96,2365.34,2349.554,2354.445,29091.0,199.0,2365.34,0.0,↑,0,1,bullish,5,doji,1,1,1,0,0,0,0,1,0,3,1,4,3,4,18.358357142857063,8,1,1,1,A+
2024-04-12 12:00:00,2395.365,2431.528,2382.125,2395.556,112528.0,199.0,2431.528,0.0,↑,0,1,bullish,5,doji,1,1,1,0,0,0,1,1,0,3,3,6,3,6,18.96257142857144,12,4,1,1,A+
2024-04-15 12:00:00,2357.996,2361.14,2324.099,2351.66,82025.0,199.0,0.0,2324.099,0,0,1,bullish,2,bearish_engulfing,1,0,1,0,0,0,1,1,0,2,3,5,2,5,23.60235714285711,12,0,1,1,A+
2024-04-19 00:00:00,2379.867,2417.894,2373.712,2391.348,90746.0,199.0,2417.894,0.0,↑,0,1,bullish,1,bullish_engulfing,1,1,1,0,0,0,1,1,0,3,3,6,3,6,15.01607142857139,0,4,1,1,A+
2024-04-23 08:00:00,2309.089,2309.775,2291.332,2302.135,31943.0,199.0,0.0,2291.332,0,↓,0,bearish,2,bearish_engulfing,1,1,1,0,0,0,0,1,0,3,1,4,3,4,17.788642857142836,8,1,1,1,A+
2024-04-29 16:00:00,2337.801,2346.709,2332.974,2335.628,29490.0,199.0,2346.709,0.0,0,0,0,bullish,2,bearish_engulfing,1,0,1,0,0,0,1,1,0,2,3,5,2,5,11.059071428571412,16,0,1,1,A+
2024-05-01 16:00:00,2307.289,2328.294,2295.825,2309.724,65124.0,199.0,2328.294,0.0,0,0,0,bullish,5,doji,1,0,1,0,0,0,1,1,0,2,3,5,2,5,13.11578571428572,16,2,1,1,A+
2024-05-03 12:00:00,2298.28,2320.712,2277.074,2293.728,92642.0,199.0,0.0,2277.074,↓,0,0,bullish,5,doji,1,1,1,0,0,0,1,1,0,3,3,6,3,6,16.00928571428572,12,4,1,1,A+
2024-05-06 12:00:00,2318.135,2332.091,2314.535,2324.774,43750.0,199.0,2332.091,0.0,0,↑,1,bullish,1,bullish_engulfing,1,1,1,0,0,0,1,1,0,3,3,6,3,6,13.856285714285734,12,0,1,1,A+
2024-05-10 08:00:00,2366.733,2378.476,2365.835,2372.126,24071.0,199.0,2378.476,0.0,↑,0,1,bullish,0,none,1,1,0,0,0,0,1,1,0,2,3,5,2,5,12.628142857142914,8,4,1,1,A+
2024-05-16 00:00:00,2391.764,2397.341,2386.548,2388.637,25845.0,199.0,2397.341,0.0,↑,0,1,bullish,6,shooting_star,1,1,1,0,0,0,1,1,0,3,3,6,3,6,11.7083571428572,0,3,1,1,A+
2024-05-20 00:00:00,2420.205,2440.646,2416.466,2437.543,41100.0,199.0,0.0,0.0,0,0,1,bullish,7,morning_star,0,0,1,1,0,0,1,1,0,2,2,4,2,4,12.464642857142962,0,0,1,1,A+
2024-05-20 04:00:00,2437.543,2450.026,2431.796,2442.218,36659.0,199.0,2450.026,0.0,↑,0,1,bullish,0,none,1,1,0,0,0,0,1,1,0,2,2,4,2,4,12.995857142857242,4,0,1,1,A+
2024-05-24 00:00:00,2332.015,2335.187,2325.351,2330.596,24455.0,199.0,0.0,2325.351,0,↓,0,bearish,2,bearish_engulfing,1,1,1,0,0,0,0,0,0,3,0,3,3,3,15.215071428571362,0,4,1,1,A+
2024-05-30 04:00:00,2334.264,2337.695,2322.52,2334.336,26981.0,199.0,0.0,2322.52,↓,0,0,bullish,5,doji,1,1,1,0,0,0,1,1,0,3,3,6,3,6,10.159857142857163,4,3,1,1,A+
2024-05-31 12:00:00,2343.739,2359.692,2327.69,2330.024,59090.0,199.0,2359.692,0.0,0,0,0,bullish,8,evening_star,1,0,1,0,0,0,1,1,0,2,3,5,2,5,11.690357142857172,12,4,1,1,A+
2024-06-03 04:00:00,2321.441,2328.85,2314.676,2325.954,25199.0,199.0,0.0,2314.676,↓,0,0,bullish,0,none,1,1,0,0,0,0,1,1,0,2,3,5,2,5,11.72278571428579,4,0,1,1,A+
2024-06-04 12:00:00,2327.884,2337.923,2315.547,2326.066,51662.0,199.0,0.0,2315.547,0,0,0,bullish,5,doji,1,0,1,0,0,0,1,1,0,2,3,5,2,5,13.447785714285764,12,1,1,1,A+
2024-06-07 00:00:00,2376.735,2381.969,2369.374,2380.117,21735.0,199.0,0.0,0.0,0,0,0,bullish,3,hammer,0,0,1,1,0,0,0,1,0,2,1,3,2,3,11.172714285714326,0,4,1,1,A+
2024-06-07 04:00:00,2380.12,2387.697,2372.749,2373.584,23182.0,199.0,2387.697,0.0,0,↑,1,bullish,2,bearish_engulfing,1,1,1,0,0,0,0,1,0,3,2,5,3,5,12.031857142857202,4,4,1,1,A+
2024-06-21 04:00:00,2362.173,2365.602,2355.087,2362.906,18470.0,199.0,0.0,0.0,0,0,0,bullish,5,doji,0,0,1,1,0,0,1,0,0,2,1,3,2,3,9.044999999999913,4,4,0,0,A+
2024-06-21 08:00:00,2362.939,2368.732,2361.269,2366.218,19521.0,199.0,2368.732,0.0,0,↑,1,bullish,0,none,1,1,0,1,0,0,1,1,0,3,3,6,3,6,9.201714285714226,8,4,1,1,A+
2024-06-26 12:00:00,2312.991,2317.831,2293.524,2299.942,39545.0,199.0,0.0,2293.524,0,↓,0,bearish,0,none,1,1,0,0,1,0,1,1,0,2,4,6,2,6,10.864999999999975,12,2,0,0,A+
2024-06-28 12:00:00,2333.908,2339.809,2322.835,2328.593,39253.0,199.0,2339.809,0.0,0,↑,1,bullish,0,none,1,1,0,0,0,0,1,1,0,2,3,5,2,5,10.223071428571432,12,4,0,0,A+
2024-07-01 04:00:00,2324.729,2328.974,2318.446,2323.689,18571.0,199.0,0.0,2318.446,0,0,1,bullish,5,doji,1,0,1,0,0,0,0,1,0,2,2,4,2,4,9.097000000000046,4,0,0,0,A+
2024-07-01 08:00:00,2323.647,2338.247,2321.838,2338.13,20012.0,199.0,0.0,0.0,0,0,1,bullish,1,bullish_engulfing,0,0,1,1,0,0,1,1,0,2,3,5,2,5,9.772357142857183,8,0,0,0,A+
2024-07-02 12:00:00,2320.725,2336.779,2319.004,2324.711,38786.0,199.0,0.0,2319.004,0,0,1,bullish,4,inverted_hammer,1,0,1,0,0,0,1,1,0,2,3,5,2,5,10.110857142857151,12,1,0,0,A+
2024-07-03 12:00:00,2345.398,2364.926,2344.871,2363.04,41987.0,199.0,2364.926,0.0,↑,0,1,bullish,0,none,1,1,0,1,0,0,1,1,0,3,3,6,3,6,10.854499999999916,12,2,0,0,A+
2024-07-05 00:00:00,2356.753,2363.106,2356.028,2361.713,16022.0,199.0,0.0,0.0,0,0,1,bullish,7,morning_star,0,0,1,1,0,0,0,1,0,2,2,4,2,4,7.530857142857128,0,4,1,1,A+
2024-07-05 08:00:00,2365.261,2368.002,2361.77,2365.755,17445.0,199.0,0.0,0.0,0,0,1,bullish,5,doji,0,0,1,1,0,0,1,1,0,2,3,5,2,5,7.806071428571419,8,4,1,1,A+
2024-07-05 16:00:00,2384.685,2392.927,2383.909,2388.833,21371.0,199.0,2392.927,0.0,↑,0,1,bullish,0,none,1,1,0,0,0,0,1,1,0,2,2,4,2,4,9.743500000000008,16,4,1,1,A+
2024-07-09 12:00:00,2360.631,2371.583,2349.327,2361.993,43838.0,199.0,0.0,2349.327,0,0,1,bullish,5,doji,1,0,1,0,0,0,1,1,0,2,3,5,2,5,12.94714285714284,12,1,1,1,A+
2024-07-11 12:00:00,2380.753,2424.538,2378.092,2417.353,74305.0,199.0,2424.538,0.0,↑,0,1,bullish,0,none,1,1,0,0,0,0,1,1,0,2,3,5,2,5,11.17007142857132,12,3,1,1,A+
2024-07-17 12:00:00,2470.059,2483.757,2458.015,2463.374,57764.0,179.0,2483.757,0.0,↑,0,1,bullish,6,shooting_star,1,1,1,0,0,0,1,1,0,3,2,5,3,5,15.490714285714278,12,2,1,1,A+
2024-07-22 12:00:00,2398.043,2400.127,2383.797,2386.312,45432.0,179.0,0.0,2383.797,0,0,1,bullish,0,none,1,0,0,1,0,0,1,1,0,2,2,4,2,4,12.46721428571433,12,0,1,1,A+
2024-07-25 16:00:00,2363.123,2365.522,2353.086,2362.579,30848.0,179.0,0.0,2353.086,0,↓,0,bearish,0,none,1,1,0,0,0,0,1,1,0,2,3,5,2,5,13.980071428571462,16,3,1,1,A+
2024-08-02 12:00:00,2459.216,2477.704,2410.794,2433.125,123053.0,179.0,2477.704,0.0,0,↑,1,bullish,0,none,1,1,0,0,0,0,1,1,0,2,2,4,2,4,18.12542857142856,12,4,1,1,A+
2024-08-05 12:00:00,2386.772,2412.236,2364.245,2402.831,114452.0,179.0,0.0,2364.245,0,↓,0,bearish,0,none,1,1,0,0,0,0,1,1,0,2,3,5,2,5,25.83342857142861,12,0,1,1,A+
2024-08-12 08:00:00,2441.614,2445.058,2439.576,2441.498,21627.0,179.0,0.0,0.0,0,0,0,bullish,5,doji,0,0,1,1,0,0,0,1,0,2,1,3,2,3,10.612785714285694,8,0,1,1,A+
2024-08-12 12:00:00,2441.506,2460.686,2441.409,2459.754,41841.0,169.0,0.0,0.0,0,0,0,bullish,7,morning_star,0,0,1,1,0,0,1,1,1,2,3,5,2,5,10.504428571428564,12,0,1,1,A+
2024-08-13 00:00:00,2475.58,2476.963,2460.82,2463.444,27123.0,169.0,2476.963,0.0,0,0,0,bullish,2,bearish_engulfing,1,0,1,0,0,0,1,1,1,2,3,5,2,5,10.334857142857183,0,1,1,1,A+
2024-08-14 12:00:00,2474.735,2480.064,2442.01,2444.024,89384.0,169.0,2480.064,0.0,0,↑,1,bullish,2,bearish_engulfing,1,1,1,0,0,0,1,1,0,3,2,5,3,5,13.14357142857138,12,2,1,1,A+
2024-08-16 20:00:00,2507.916,2509.766,2505.539,2507.82,4253.0,169.0,2509.766,0.0,↑,0,1,bullish,5,doji,1,1,1,1,0,0,0,0,0,4,0,4,4,4,12.553999999999958,20,4,1,1,A+
2024-08-20 12:00:00,2526.267,2531.668,2505.752,2508.518,56702.0,179.0,2531.668,0.0,↑,0,1,bullish,2,bearish_engulfing,1,1,1,0,0,0,1,1,0,3,3,6,3,6,13.755428571428572,12,1,1,1,A+
2024-08-26 04:00:00,2509.739,2521.82,2508.646,2521.408,23377.0,159.0,0.0,0.0,0,0,1,bullish,1,bullish_engulfing,0,0,1,1,0,0,0,1,1,2,2,4,2,4,11.097999999999988,4,0,1,1,A+
2024-08-27 20:00:00,2525.062,2529.041,2523.78,2525.269,8405.0,159.0,2529.041,0.0,↑,0,1,bullish,5,doji,1,1,1,1,0,0,0,0,0,4,0,4,4,4,9.85692857142856,20,1,1,1,A+
2024-08-29 16:00:00,2522.507,2528.669,2517.408,2521.174,24619.0,159.0,2528.669,0.0,0,0,1,bullish,5,doji,1,0,1,0,0,0,0,1,0,2,2,4,2,4,12.136357142857085,16,3,1,1,A+
2024-09-04 08:00:00,2482.172,2491.248,2471.86,2489.177,33182.0,159.0,0.0,2471.86,0,↓,0,bearish,0,none,1,1,0,0,0,0,1,1,1,2,3,5,2,5,10.76671428571428,8,2,1,1,A+
2024-09-05 04:00:00,2494.835,2507.623,2493.759,2506.37,22979.0,159.0,0.0,0.0,0,0,0,bullish,1,bullish_engulfing,0,0,1,1,0,0,0,1,0,2,1,3,2,3,12.105857142857142,4,3,1,1,A+
2024-09-06 12:00:00,2516.27,2529.225,2500.403,2505.387,115857.0,159.0,2529.225,0.0,0,↑,1,bullish,0,none,1,1,0,0,0,0,1,1,0,2,3,5,2,5,11.344500000000023,12,4,1,1,A+
2024-09-11 04:00:00,2519.426,2529.06,2518.516,2521.471,26753.0,159.0,2529.06,0.0,0,0,1,bullish,4,inverted_hammer,1,0,1,0,0,0,0,1,0,2,2,4,2,4,8.538214285714275,4,2,1,1,A+
2024-09-12 16:00:00,2553.279,2559.092,2544.854,2557.905,33537.0,159.0,0.0,0.0,0,0,1,bullish,3,hammer,0,0,1,1,0,0,1,1,0,2,2,4,2,4,11.478785714285712,16,3,1,1,A+
2024-09-13 04:00:00,2567.922,2571.135,2563.068,2569.848,28678.0,159.0,0.0,0.0,0,0,1,bullish,3,hammer,0,0,1,1,0,0,0,1,0,2,1,3,2,3,11.282071428571369,4,4,1,1,A+
2024-09-13 12:00:00,2567.323,2583.48,2566.033,2582.14,56693.0,159.0,0.0,0.0,0,0,1,bullish,7,morning_star,0,0,1,1,0,0,1,1,0,2,2,4,2,4,11.896285714285666,12,4,1,1,A+
2024-09-16 04:00:00,2586.335,2589.651,2579.452,2582.142,23127.0,159.0,2589.651,0.0,↑,0,1,bullish,0,none,1,1,0,0,0,0,0,1,0,2,1,3,2,3,10.99814285714277,4,0,1,1,A+
2024-09-18 16:00:00,2569.731,2600.138,2546.828,2549.026,124420.0,159.0,2600.138,2546.828,↑,0,1,bullish,0,none,1,1,0,1,1,0,1,1,0,3,4,7,3,7,13.450142857142836,16,2,1,1,A+
2024-09-25 00:00:00,2658.163,2670.602,2655.427,2661.438,35757.0,159.0,2670.602,0.0,↑,0,1,bullish,4,inverted_hammer,1,1,1,0,0,0,1,1,0,3,2,5,3,5,12.979499999999982,0,2,1,1,A+
2024-09-26 08:00:00,2664.65,2685.611,2664.604,2682.764,36304.0,159.0,2685.611,0.0,↑,0,1,bullish,0,none,1,1,0,1,0,0,1,1,0,3,2,5,3,5,13.173499999999942,8,3,1,1,A+
2024-10-01 16:00:00,2663.303,2673.222,2657.549,2658.691,44720.0,159.0,2673.222,0.0,0,0,1,bullish,6,shooting_star,1,0,1,0,0,0,1,1,0,2,3,5,2,5,13.131571428571403,16,1,1,1,A+
2024-10-04 12:00:00,2661.308,2670.167,2632.021,2653.201,102576.0,159.0,2670.167,2632.021,0,0,1,bullish,8,evening_star,1,0,1,0,0,0,1,1,0,2,3,5,2,5,12.288499999999951,12,4,1,1,A+
2024-10-08 12:00:00,2650.739,2652.964,2604.686,2612.958,84539.0,159.0,0.0,2604.686,0,↓,0,bearish,0,none,1,1,0,0,0,0,1,1,0,2,3,5,2,5,16.295857142857,12,1,1,1,A+
2024-10-10 12:00:00,2613.013,2629.782,2602.164,2623.599,81055.0,159.0,0.0,2602.164,↓,0,0,bullish,7,morning_star,1,1,1,0,0,0,1,1,0,3,2,5,3,5,15.371571428571349,12,3,1,1,A+
2024-10-11 12:00:00,2644.599,2659.318,2640.577,2658.776,51317.0,159.0,0.0,0.0,0,0,0,bullish,1,bullish_engulfing,0,0,1,1,0,0,1,1,0,2,2,4,2,4,12.195928571428569,12,4,1,1,A+
2024-10-15 12:00:00,2647.726,2665.158,2646.047,2664.637,59487.0,159.0,0.0,0.0,0,0,0,bullish,1,bullish_engulfing,0,0,1,1,0,0,1,1,0,2,3,5,2,5,11.536071428571436,12,1,1,1,A+
2024-10-16 00:00:00,2660.498,2670.18,2658.722,2667.156,28465.0,159.0,0.0,0.0,0,0,0,bullish,1,bullish_engulfing,0,0,1,1,0,0,1,1,0,2,3,5,2,5,11.2752857142857,0,2,1,1,A+
2024-10-17 12:00:00,2681.258,2696.788,2673.132,2693.296,71025.0,159.0,0.0,0.0,0,0,0,bullish,1,bullish_engulfing,0,0,1,1,0,0,1,1,0,2,2,4,2,4,11.55442857142855,12,3,1,1,A+
2024-10-20 20:00:00,2723.092,2725.145,2720.179,2723.416,7439.0,159.0,0.0,0.0,0,0,0,bullish,5,doji,0,0,1,1,0,0,0,0,1,2,1,3,2,3,10.381071428571463,20,6,1,1,A+
2024-10-23 04:00:00,2746.054,2755.632,2745.347,2754.874,27610.0,159.0,0.0,0.0,0,0,0,bullish,1,bullish_engulfing,0,0,1,1,0,0,0,1,0,2,1,3,2,3,10.562499999999968,4,2,1,1,A+
2024-10-23 08:00:00,2754.913,2758.508,2749.134,2749.967,26564.0,159.0,2758.508,0.0,0,↑,1,bullish,0,none,1,1,0,0,1,0,0,0,0,2,1,3,2,3,10.390214285714237,8,2,1,1,A+
2024-10-25 08:00:00,2726.465,2729.391,2716.958,2724.181,31029.0,159.0,0.0,2716.958,0,0,1,bullish,2,bearish_engulfing,1,0,1,0,0,0,1,1,0,2,3,5,2,5,12.808499999999963,8,4,1,1,A+
2024-10-30 16:00:00,2784.675,2790.075,2782.972,2787.285,25110.0,159.0,2790.075,0.0,↑,0,1,bullish,0,none,1,1,0,1,0,0,0,1,0,3,1,4,3,4,10.503642857142884,16,2,1,1,A+
2024-11-05 12:00:00,2741.697,2749.96,2732.921,2741.957,43398.0,159.0,2749.96,0.0,0,0,1,bullish,5,doji,1,0,1,0,0,0,1,1,0,2,3,5,2,5,10.721714285714338,12,1,1,1,A+
2024-11-07 00:00:00,2664.035,2664.261,2643.208,2659.2,41816.0,159.0,0.0,2643.208,0,↓,0,bearish,0,none,1,1,0,0,0,0,1,0,0,2,2,4,2,4,19.34835714285714,0,3,1,1,A+
2024-11-12 08:00:00,2598.309,2606.511,2589.596,2597.845,45600.0,159.0,0.0,2589.596,↓,0,0,bullish,5,doji,1,1,1,0,0,1,1,1,0,3,2,5,3,5,14.981499999999969,8,1,1,1,A+
2024-11-13 12:00:00,2610.845,2618.841,2593.58,2605.385,74648.0,159.0,2618.841,0.0,0,0,0,bullish,2,bearish_engulfing,1,0,1,0,0,1,1,1,0,2,3,5,2,5,16.469999999999995,12,2,0,0,A+
2024-11-14 08:00:00,2556.972,2559.783,2536.747,2553.579,46073.0,159.0,0.0,2536.747,↓,0,0,bullish,0,none,1,1,0,0,0,1,1,1,0,2,3,5,2,5,16.657999999999998,8,3,0,0,A+
2024-11-24 20:00:00,2711.186,2721.437,2710.748,2719.756,8448.0,159.0,2721.437,0.0,0,↑,1,bullish,0,none,1,1,0,1,0,0,0,0,0,3,0,3,3,3,12.268428571428558,20,6,0,0,A+
2024-11-27 12:00:00,2651.115,2658.19,2635.528,2642.609,56716.0,159.0,2658.19,0.0,0,0,1,bullish,2,bearish_engulfing,1,0,1,0,0,1,1,1,0,2,3,5,2,5,21.341000000000054,12,2,0,0,A+
2024-11-29 04:00:00,2660.022,2666.383,2658.323,2660.522,26054.0,159.0,2666.383,0.0,↑,0,1,bullish,5,doji,1,1,1,0,0,0,0,1,0,3,2,5,3,5,12.369571428571492,4,4,0,0,A+
2024-12-02 04:00:00,2629.235,2633.628,2621.818,2629.898,32628.0,159.0,0.0,2621.818,0,0,1,bullish,5,doji,1,0,1,0,0,1,1,1,0,2,3,5,2,5,12.903214285714284,4,0,0,0,A+
2024-12-06 00:00:00,2633.721,2642.591,2612.931,2640.877,39621.0,159.0,0.0,2612.931,0,↓,0,bearish,3,hammer,1,1,1,0,0,1,1,1,0,3,3,6,3,6,12.798142857142857,0,4,0,0,A+
2024-12-10 08:00:00,2664.629,2676.839,2661.123,2674.496,33656.0,159.0,0.0,0.0,0,0,0,bullish,1,bullish_engulfing,0,0,1,1,0,0,1,1,0,2,2,4,2,4,14.024000000000049,8,1,0,0,A+
2024-12-12 00:00:00,2719.984,2726.206,2700.251,2710.489,12019.0,159.0,2726.206,0.0,0,↑,1,bullish,2,bearish_engulfing,1,1,1,0,0,0,0,0,1,3,1,4,3,4,14.033857142857157,0,3,1,1,A+
2024-12-16 00:00:00,2651.484,2655.613,2643.506,2653.871,11527.0,159.0,0.0,2643.506,0,0,1,bullish,3,hammer,1,0,1,0,0,0,0,0,0,2,1,3,2,3,14.196071428571486,0,0,1,1,A+
2024-12-18 20:00:00,2604.581,2609.313,2583.393,2588.225,40617.0,159.0,0.0,2583.393,0,↓,0,bearish,0,none,1,1,0,0,0,1,1,1,0,2,2,4,2,4,12.372357142857156,20,2,0,0,A+
2024-12-23 04:00:00,2624.101,2633.25,2623.853,2630.23,10464.0,64.0,2633.25,0.0,0,0,0,bullish,1,bullish_engulfing,1,0,1,0,0,1,0,0,1,2,2,4,2,4,13.535428571428511,4,0,0,0,A+
2024-12-26 12:00:00,2627.855,2639.177,2621.718,2636.479,31102.0,159.0,2639.177,0.0,0,↑,1,bullish,0,none,1,1,0,1,0,1,1,1,1,3,4,7,3,7,8.84892857142849,12,3,0,0,A+
2024-12-30 16:00:00,2601.613,2608.39,2596.074,2607.122,27661.0,159.0,0.0,2596.074,0,↓,0,bearish,0,none,1,1,0,0,0,1,1,1,0,2,3,5,2,5,10.556785714285654,16,0,0,0,A+
2025-01-03 00:00:00,2658.328,2665.253,2656.109,2662.288,22383.0,159.0,2665.253,0.0,0,↑,1,bullish,0,none,1,1,0,1,0,1,0,0,0,3,1,4,3,4,10.119500000000048,0,4,0,0,A+
2025-01-08 12:00:00,2650.832,2667.835,2645.807,2665.818,50258.0,159.0,0.0,0.0,0,0,1,bullish,1,bullish_engulfing,0,0,1,1,0,1,1,1,0,2,2,4,2,4,12.761642857142826,12,2,0,0,A+
2025-01-10 12:00:00,2681.363,2698.026,2663.99,2692.634,119984.0,159.0,2698.026,0.0,↑,0,1,bullish,0,none,1,1,0,0,0,0,1,1,0,2,2,4,2,4,11.807571428571562,12,4,1,1,A+
2025-01-13 16:00:00,2661.792,2668.0,2656.768,2658.904,39482.0,159.0,0.0,2656.768,0,0,1,bullish,6,shooting_star,1,0,1,0,0,1,1,1,0,2,3,5,2,5,11.242071428571505,16,0,1,1,A+
2025-01-15 16:00:00,2678.512,2695.127,2676.925,2694.181,42459.0,159.0,0.0,0.0,0,0,1,bullish,7,morning_star,0,0,1,1,0,1,1,1,0,2,3,5,2,5,11.08607142857139,16,2,1,1,A+
2025-01-16 16:00:00,2716.93,2724.714,2714.633,2715.346,47653.0,159.0,2724.714,0.0,↑,0,1,bullish,6,shooting_star,1,1,1,0,0,0,1,1,0,3,3,6,3,6,11.499142857142813,16,3,1,1,A+
2025-01-20 00:00:00,2696.424,2703.927,2689.367,2703.554,21518.0,159.0,0.0,2689.367,0,0,1,bullish,7,morning_star,1,0,1,0,0,0,0,0,0,2,1,3,2,3,10.802285714285713,0,0,1,1,A+
2025-01-21 12:00:00,2723.989,2740.384,2722.031,2738.776,40904.0,159.0,0.0,0.0,0,0,1,bullish,1,bullish_engulfing,0,0,1,1,0,0,1,1,0,2,2,4,2,4,11.95192857142862,12,1,1,1,A+
2025-01-22 08:00:00,2748.818,2763.43,2746.77,2756.534,38356.0,159.0,2763.43,0.0,↑,0,1,bullish,7,morning_star,1,1,1,0,0,0,1,1,0,3,3,6,3,6,11.559142857142888,8,2,1,1,A+
2025-01-22 12:00:00,2756.572,2761.606,2750.329,2759.351,69067.0,159.0,0.0,0.0,0,0,1,bullish,3,hammer,0,0,1,1,0,0,1,1,0,2,3,5,2,5,11.543857142857178,12,2,1,1,A+
2025-01-24 12:00:00,2776.713,2786.013,2773.723,2775.973,58254.0,159.0,2786.013,0.0,↑,0,1,bullish,0,none,1,1,0,0,0,0,1,1,0,2,3,5,2,5,10.944499999999964,12,4,1,1,A+
2025-01-27 16:00:00,2742.052,2743.136,2730.452,2739.328,49981.0,159.0,0.0,2730.452,0,↓,0,bearish,0,none,1,1,0,0,0,0,1,1,0,2,3,5,2,5,13.617071428571435,16,0,1,1,A+
2025-01-30 20:00:00,2793.343,2798.476,2790.749,2796.146,30203.0,159.0,0.0,0.0,0,0,0,bullish,1,bullish_engulfing,0,0,1,1,0,0,0,1,0,2,1,3,2,3,9.302500000000007,20,3,1,1,A+
2025-01-31 00:00:00,2796.183,2799.658,2794.41,2796.453,29054.0,159.0,0.0,0.0,0,0,0,bullish,5,doji,0,0,1,1,0,0,0,1,0,2,1,3,2,3,8.978142857142887,0,4,1,1,A+
2025-01-31 08:00:00,2798.205,2800.867,2791.0,2800.195,40739.0,159.0,0.0,0.0,0,0,0,bullish,3,hammer,0,0,1,1,1,0,1,1,0,2,3,5,2,5,9.84221428571433,8,4,1,1,A+
2025-02-05 00:00:00,2841.26,2854.316,2839.698,2852.338,51976.0,159.0,0.0,0.0,0,0,0,bullish,7,morning_star,0,0,1,1,0,0,0,1,0,2,1,3,2,3,16.34785714285707,0,2,1,1,A+
2025-02-05 12:00:00,2868.613,2882.425,2858.598,2880.223,78935.0,159.0,2882.425,0.0,0,↑,1,bullish,0,none,1,1,0,1,0,0,1,1,0,3,2,5,3,5,15.588571428571347,12,2,1,1,A+
2025-02-10 12:00:00,2904.539,2912.062,2896.29,2908.93,76260.0,159.0,0.0,0.0,0,0,1,bullish,3,hammer,0,0,1,1,0,0,1,1,0,2,2,4,2,4,15.68157142857139,12,0,1,1,A+
2025-02-11 00:00:00,2917.894,2942.682,2905.454,2919.716,82275.0,159.0,2942.682,0.0,↑,0,1,bullish,5,doji,1,1,1,0,0,0,1,1,0,3,3,6,3,6,17.218499999999917,0,1,1,1,A+
2025-02-12 12:00:00,2879.811,2897.99,2864.107,2894.553,90508.0,159.0,0.0,2864.107,0,0,1,bullish,7,morning_star,1,0,1,0,0,0,1,1,0,2,3,5,2,5,18.010714285714226,12,2,1,1,A+
2025-02-20 08:00:00,2948.955,2954.975,2947.163,2948.768,27933.0,159.0,2954.975,0.0,↑,0,1,bullish,5,doji,1,1,1,0,1,0,0,0,0,3,1,4,3,4,11.314071428571456,8,3,1,1,A+
2025-02-21 08:00:00,2930.032,2936.127,2916.682,2928.376,30972.0,159.0,0.0,2916.682,0,0,1,bullish,5,doji,1,0,1,0,0,0,0,0,0,2,1,3,2,3,13.759928571428611,8,4,1,1,A+
2025-02-24 12:00:00,2947.709,2956.199,2930.694,2936.524,55926.0,159.0,2956.199,0.0,↑,0,1,bullish,0,none,1,1,0,0,0,0,1,1,0,2,3,5,2,5,15.474500000000036,12,0,1,1,A+
2025-02-25 16:00:00,2905.892,2913.899,2888.229,2912.051,56264.0,159.0,0.0,2888.229,0,↓,0,bearish,3,hammer,1,1,1,0,0,0,1,1,0,3,3,6,3,6,16.227642857142946,16,1,1,1,A+
2025-02-28 12:00:00,2862.216,2864.99,2832.578,2850.192,74829.0,159.0,0.0,2832.578,↓,0,0,bullish,2,bearish_engulfing,1,1,1,0,1,0,1,1,0,3,3,6,3,6,16.253857142857214,12,4,1,1,A+
2025-03-07 12:00:00,2918.796,2930.525,2903.57,2915.819,90278.0,159.0,2930.525,0.0,0,↑,1,bullish,2,bearish_engulfing,1,1,1,0,0,0,1,1,0,3,3,6,3,6,15.322071428571396,12,4,1,1,A+
2025-03-11 00:00:00,2884.724,2900.497,2880.093,2896.91,37565.0,159.0,0.0,2880.093,0,↓,0,bearish,7,morning_star,1,1,1,0,0,0,0,1,0,3,2,5,3,5,14.49449999999992,0,1,1,1,A+
2025-03-13 08:00:00,2935.252,2948.859,2934.764,2946.333,27201.0,159.0,0.0,0.0,0,0,0,bullish,1,bullish_engulfing,0,0,1,1,0,0,0,1,0,2,1,3,2,3,12.182142857142836,8,3,1,1,A+
2025-03-14 08:00:00,2986.921,3004.92,2985.183,2993.503,36501.0,159.0,3004.92,0.0,0,↑,1,bullish,4,inverted_hammer,1,1,1,0,0,0,1,1,0,3,2,5,3,5,14.938285714285744,8,4,1,1,A+
2025-03-18 00:00:00,2999.803,3015.054,2999.49,3011.333,28103.0,159.0,0.0,0.0,0,0,1,bullish,1,bullish_engulfing,0,0,1,1,0,0,0,1,0,2,1,3,2,3,11.842500000000038,0,1,1,1,A+
2025-03-19 16:00:00,3031.482,3051.945,3029.368,3047.858,44176.0,159.0,0.0,0.0,0,0,1,bullish,7,morning_star,0,0,1,1,0,0,1,1,0,2,2,4,2,4,12.330142857142976,16,2,1,1,A+
2025-03-20 04:00:00,3050.068,3057.484,3041.78,3042.268,32572.0,159.0,3057.484,0.0,↑,0,1,bullish,0,none,1,1,0,0,0,0,1,1,0,2,2,4,2,4,12.842071428571476,4,3,1,1,A+
2025-03-21 12:00:00,3034.359,3038.128,2999.411,3011.072,78196.0,159.0,0.0,2999.411,0,0,1,bullish,2,bearish_engulfing,1,0,1,0,0,0,1,1,0,2,3,5,2,5,15.472071428571487,12,4,1,1,A+
2025-03-25 12:00:00,3020.738,3035.942,3014.132,3021.561,51485.0,159.0,3035.942,0.0,0,0,1,bullish,5,doji,1,0,1,0,0,0,1,1,0,2,3,5,2,5,14.015214285714237,12,1,1,1,A+
2025-03-27 16:00:00,3052.11,3057.852,3047.789,3057.468,33133.0,159.0,0.0,0.0,0,0,1,bullish,1,bullish_engulfing,0,0,1,1,0,0,1,1,0,2,2,4,2,4,13.431357142857156,16,3,1,1,A+
2025-03-28 00:00:00,3055.726,3077.57,3054.998,3075.275,35005.0,159.0,0.0,0.0,0,0,1,bullish,7,morning_star,0,0,1,1,0,0,1,1,0,2,2,4,2,4,13.175142857142903,0,4,1,1,A+
2025-03-28 12:00:00,3076.344,3086.803,3067.255,3083.741,80610.0,159.0,0.0,0.0,0,0,1,bullish,1,bullish_engulfing,0,0,1,1,0,0,1,1,0,2,2,4,2,4,14.337571428571437,12,4,1,1,A+
2025-03-31 00:00:00,3089.159,3111.671,3076.834,3107.138,59088.0,159.0,0.0,0.0,0,0,1,bullish,1,bullish_engulfing,0,0,1,1,0,0,1,1,0,2,2,4,2,4,15.980571428571466,0,0,1,1,A+
2025-04-01 00:00:00,3120.576,3147.4,3120.227,3146.028,49722.0,159.0,0.0,0.0,0,0,1,bullish,1,bullish_engulfing,0,0,1,1,0,0,1,1,0,2,2,4,2,4,17.75564285714284,0,1,1,1,A+
2025-04-01 04:00:00,3145.99,3149.03,3124.073,3127.638,55651.0,159.0,3149.03,0.0,↑,0,1,bullish,0,none,1,1,0,0,0,0,1,1,0,2,2,4,2,4,17.925999999999995,4,1,1,1,A+
2025-04-02 20:00:00,3124.319,3167.792,3104.723,3162.709,105357.0,159.0,3167.792,0.0,↑,0,1,bullish,1,bullish_engulfing,1,1,1,0,0,0,1,1,0,3,2,5,3,5,21.30007142857143,20,2,1,1,A+
2025-04-07 16:00:00,2987.526,2987.863,2956.37,2976.636,94642.0,159.0,0.0,2956.37,0,↓,0,bearish,0,none,1,1,0,0,0,0,1,1,0,2,2,4,2,4,39.702785714285774,16,0,1,1,A+
2025-04-14 00:00:00,3223.699,3245.757,3215.391,3232.39,54649.0,159.0,3245.757,0.0,0,↑,1,bullish,0,none,1,1,0,0,0,0,0,1,0,2,1,3,2,3,30.4787142857143,0,0,1,1,A+
2025-04-16 20:00:00,3336.72,3357.779,3334.437,3350.133,22450.0,159.0,3357.779,0.0,↑,0,1,bullish,0,none,1,1,0,0,1,0,0,0,0,2,1,3,2,3,21.132071428571408,20,2,1,1,A+
2025-04-22 04:00:00,3487.894,3500.094,3460.861,3468.67,92250.0,159.0,3500.094,0.0,↑,0,1,bullish,0,none,1,1,0,0,0,0,1,1,0,2,2,4,2,4,33.20492857142852,4,1,1,1,A+
2025-04-23 12:00:00,3324.677,3333.343,3260.042,3280.352,150648.0,159.0,0.0,3260.042,0,↓,0,bearish,2,bearish_engulfing,1,1,1,0,0,0,1,1,0,3,2,5,3,5,46.86085714285712,12,2,1,1,A+
2025-04-24 20:00:00,3342.266,3370.789,3338.128,3348.976,26742.0,159.0,3370.789,0.0,0,0,0,bullish,4,inverted_hammer,1,0,1,0,1,0,0,0,0,2,2,4,2,4,42.7530714285714,20,3,1,1,A+
2025-05-01 12:00:00,3205.465,3233.32,3201.862,3216.448,92434.0,159.0,0.0,3201.862,↓,0,0,bullish,0,none,1,1,0,0,0,0,1,1,0,2,2,4,2,4,27.525428571428588,12,3,1,1,A+
2025-05-06 20:00:00,3423.139,3435.016,3376.84,3400.68,64751.0,159.0,3435.016,0.0,0,↑,1,bullish,0,none,1,1,0,0,1,0,1,1,0,2,3,5,2,5,29.38842857142861,20,1,1,1,A+
2025-05-12 08:00:00,3222.718,3234.462,3207.693,3224.862,80106.0,159.0,0.0,3207.693,0,0,1,bullish,5,doji,1,0,1,0,0,0,1,1,0,2,2,4,2,4,32.23957142857138,8,0,1,1,A+
2025-05-15 00:00:00,3186.011,3192.72,3148.326,3150.594,57305.0,159.0,0.0,0.0,0,0,1,bullish,8,evening_star,0,0,1,1,1,1,1,1,0,2,3,5,2,5,23.82542857142848,0,3,1,1,A+
2025-05-15 04:00:00,3150.546,3153.903,3120.681,3142.318,65012.0,159.0,0.0,3120.681,0,↓,0,bearish,0,none,1,1,0,0,0,0,1,1,0,2,2,4,2,4,25.345357142857047,4,3,1,1,A+
2025-05-19 00:00:00,3234.947,3249.812,3208.04,3212.27,68456.0,159.0,3249.812,0.0,0,0,0,bullish,2,bearish_engulfing,1,0,1,0,0,0,1,1,0,2,3,5,2,5,33.3171428571428,0,0,1,1,A+
2025-05-22 00:00:00,3320.121,3345.472,3319.389,3335.44,51410.0,159.0,3345.472,0.0,0,↑,1,bullish,0,none,1,1,0,0,0,0,1,1,0,2,2,4,2,4,23.011499999999938,0,3,1,1,A+
2025-05-23 16:00:00,3361.687,3365.925,3356.379,3360.785,33632.0,159.0,3365.925,0.0,↑,0,1,bullish,5,doji,1,1,1,0,0,0,0,0,0,3,1,4,3,4,23.69942857142863,16,4,1,1,A+
2025-05-27 12:00:00,3288.399,3304.901,3285.089,3293.605,59628.0,159.0,0.0,3285.089,0,0,1,bullish,4,inverted_hammer,1,0,1,0,0,0,1,1,0,2,3,5,2,5,18.426357142857174,12,1,1,1,A+
2025-05-29 00:00:00,3259.921,3280.165,3245.432,3274.551,75416.0,159.0,0.0,3245.432,0,↓,0,bearish,0,none,1,1,0,0,0,0,1,1,0,2,2,4,2,4,23.975428571428637,0,3,1,1,A+
2025-05-29 16:00:00,3321.664,3331.225,3315.512,3316.615,34502.0,159.0,3331.225,0.0,0,0,0,bullish,6,shooting_star,1,0,1,0,0,0,0,0,0,2,1,3,2,3,23.45921428571436,16,3,1,1,A+
2025-06-02 20:00:00,3381.499,3392.238,3378.364,3387.456,18110.0,159.0,3392.238,0.0,0,↑,1,bullish,0,none,1,1,0,1,0,0,0,0,0,3,0,3,3,3,20.5414285714286,20,0,1,1,A+
2025-06-05 08:00:00,3371.266,3403.592,3369.641,3392.293,48986.0,159.0,3403.592,0.0,↑,0,1,bullish,0,none,1,1,0,0,0,0,1,1,0,2,3,5,2,5,19.044071428571502,8,3,1,1,A+
2025-06-09 00:00:00,3318.082,3318.699,3293.428,3310.769,51146.0,159.0,0.0,3293.428,0,↓,0,bearish,2,bearish_engulfing,1,1,1,0,0,0,1,1,0,3,3,6,3,6,23.11021428571439,0,0,1,1,A+
2025-06-15 20:00:00,3440.955,3451.252,3438.591,3444.141,24939.0,160.0,3451.252,0.0,0,↑,1,bullish,4,inverted_hammer,1,1,1,0,0,0,0,0,0,3,0,3,3,3,23.99307142857141,20,6,1,1,A+
2025-06-18 16:00:00,3392.697,3395.854,3362.867,3366.818,63098.0,160.0,0.0,0.0,0,0,1,bullish,2,bearish_engulfing,0,0,1,1,0,0,1,1,0,2,2,4,2,4,22.819142857142747,16,2,1,1,A+
2025-06-23 16:00:00,3387.238,3393.565,3375.573,3376.362,48269.0,160.0,3393.565,0.0,0,0,1,bullish,8,evening_star,1,0,1,0,0,0,1,1,0,2,3,5,2,5,18.407642857142783,16,0,1,1,A+
2025-06-24 12:00:00,3321.181,3321.181,3295.397,3313.261,76665.0,160.0,0.0,3295.397,0,↓,0,bearish,0,none,1,1,0,0,0,0,1,1,0,2,3,5,2,5,22.91521428571426,12,1,1,1,A+
2025-06-26 08:00:00,3346.066,3350.37,3331.499,3332.921,30659.0,160.0,3350.37,0.0,0,0,0,bullish,2,bearish_engulfing,1,0,1,0,0,0,0,1,0,2,2,4,2,4,15.510428571428616,8,3,1,1,A+
2025-06-29 20:00:00,3272.488,3274.234,3247.921,3263.806,27906.0,160.0,0.0,3247.921,↓,0,0,bullish,0,none,1,1,0,0,0,1,0,0,0,2,1,3,2,3,18.294428571428625,20,6,1,1,A+
2025-07-02 20:00:00,3358.302,3365.748,3348.754,3349.395,17837.0,160.0,3365.748,0.0,0,↑,1,bullish,0,none,1,1,0,0,1,0,0,0,0,2,2,4,2,4,15.578142857142764,20,2,1,1,A+
2025-07-07 20:00:00,3337.025,3345.827,3333.916,3334.653,14687.0,160.0,3345.827,0.0,0,0,1,bullish,6,shooting_star,1,0,1,0,0,0,0,0,0,2,1,3,2,3,13.399000000000015,20,0,1,1,A+
2025-07-09 08:00:00,3291.822,3295.987,3282.626,3284.936,30225.0,160.0,0.0,3282.626,0,↓,0,bearish,0,none,1,1,0,1,0,0,1,0,0,3,2,5,3,5,16.613071428571434,8,2,0,0,A+
2025-07-14 04:00:00,3356.952,3375.078,3353.735,3371.948,31230.0,160.0,3375.078,0.0,0,↑,1,bullish,1,bullish_engulfing,1,1,1,1,0,0,1,1,0,4,3,7,4,7,14.938428571428531,4,0,1,1,A+
2025-07-16 12:00:00,3339.219,3377.55,3319.529,3343.739,115541.0,160.0,3377.55,0.0,↑,0,1,bullish,5,doji,1,1,1,0,0,0,1,1,0,3,2,5,3,5,16.040000000000028,12,2,1,1,A+
2025-07-17 12:00:00,3324.261,3338.451,3309.883,3336.707,57540.0,160.0,0.0,3309.883,0,0,1,bullish,7,morning_star,1,0,1,0,0,0,1,1,0,2,3,5,2,5,17.68585714285723,12,3,1,1,A+
