datetime,open,high,low,close,volume,swing_high,swing_low,bos,choch,trend_state,pattern_code,candle_pattern,conf_structure,conf_bos_or_choch,conf_candle,conf_sr_zone,conf_psych_level,conf_fib_zone,bias_bull.1,primary_score,secondary_score,total_confluence,score,num_confs,hour,dow,bias_bull,atr,conf_volume,conf_liquidity,conf_spread,regime_trend
2025-06-23 15:00:00,3386.402,3389.82,3384.496,3387.24,9761,,,,,,5,doji,0,0,1,1,0,0,0,2,1,3,2,3,15,0,0,5.324000000000069,0,0,1,1
2025-06-23 16:00:00,3387.238,3393.565,3380.473,3389.774,15019,,,,,,0,none,0,0,0,0,0,0,0,0,2,2,0,2,16,0,1,9.208000000000084,1,0,1,1
2025-06-23 17:00:00,3389.813,3391.543,3375.573,3382.526,16346,,,,,,2,bearish_engulfing,0,0,1,0,0,0,0,1,2,3,1,3,17,0,0,11.46200000000014,1,0,1,1
2025-06-23 18:00:00,3382.553,3387.719,3376.81,3378.635,9793,,,,,,6,shooting_star,0,0,1,1,0,0,0,2,1,3,2,3,18,0,0,11.323750000000132,0,0,1,1
2025-06-23 19:00:00,3378.663,3382.142,3375.676,3376.362,7111,,,,,,6,shooting_star,0,0,1,1,0,0,0,2,1,3,2,3,19,0,0,10.352200000000085,0,0,1,1
2025-06-23 20:00:00,3376.32,3377.295,3367.24,3368.358,6078,,,,,,0,none,0,0,0,1,0,0,0,1,1,2,1,2,20,0,0,10.302666666666786,0,0,1,1
2025-06-23 22:00:00,3365.986,3366.026,3350.409,3355.464,12560,,,,,,0,none,0,0,0,0,0,0,0,0,2,2,0,2,22,0,0,11.395000000000111,1,0,1,1
2025-06-23 23:00:00,3355.435,3357.332,3341.446,3344.235,14138,,,,,,0,none,0,0,0,1,0,0,0,1,2,3,1,3,23,0,0,11.956375000000094,1,0,1,1
2025-06-24 00:00:00,3344.27,3355.22,3333.143,3351.064,16852,,3333.143,,,,3,hammer,0,0,1,0,1,0,0,1,3,4,1,4,0,1,0,13.080888888888946,1,0,1,1
2025-06-24 01:00:00,3351.054,3354.354,3342.201,3347.775,17530,,,,,bull,0,none,0,0,0,0,0,0,0,0,2,2,0,2,1,1,0,12.988100000000031,1,0,1,1
2025-06-24 02:00:00,3347.72,3352.948,3345.84,3351.894,9001,,,,,bull,1,bullish_engulfing,0,0,1,0,1,0,0,1,2,3,1,3,2,1,0,12.453545454545457,0,0,1,1
2025-06-24 03:00:00,3351.901,3357.912,3351.509,3352.476,6539,3357.912,,,,bull,4,inverted_hammer,0,0,1,0,0,1,0,1,2,3,1,3,3,1,0,11.94933333333332,0,0,1,1
2025-06-24 04:00:00,3352.403,3353.443,3347.05,3348.605,6340,,,,,bull,8,evening_star,0,0,1,0,1,1,0,1,3,4,1,4,4,1,0,11.521923076923066,0,0,1,1
2025-06-24 05:00:00,3348.534,3348.744,3326.581,3332.044,14215,,,↓,↓,bear,0,none,0,1,0,0,0,1,0,1,3,4,1,4,5,1,0,12.281999999999991,1,0,1,1
2025-06-24 06:00:00,3332.08,3333.123,3316.022,3322.736,18870,,3316.022,↓,,bear,0,none,1,1,0,0,0,1,0,2,3,5,2,5,6,1,0,13.12321428571428,1,0,1,1
2025-06-24 07:00:00,3322.814,3331.762,3316.536,3329.645,17064,,,↓,,bear,0,none,0,1,0,0,0,1,0,1,3,4,1,4,7,1,0,13.275642857142852,1,0,1,1
2025-06-24 08:00:00,3329.658,3332.32,3324.631,3327.323,10474,,,↓,,bear,0,none,0,1,0,0,0,1,0,1,2,3,1,3,8,1,0,12.684142857142856,0,0,1,1
2025-06-24 09:00:00,3327.319,3328.795,3317.893,3318.526,9274,,,↓,,bear,0,none,0,1,0,1,0,1,0,2,2,4,2,4,9,1,0,12.683642857142852,0,0,1,1
2025-06-24 10:00:00,3318.575,3327.663,3318.537,3325.485,6769,,,↓,,bear,0,none,0,1,0,0,0,1,0,1,2,3,1,3,10,1,0,12.874428571428584,0,0,1,1
2025-06-24 11:00:00,3325.459,3328.955,3317.829,3321.214,9079,,,↓,,bear,0,none,0,1,0,0,0,1,0,1,2,3,1,3,11,1,0,12.950928571428546,0,0,1,1
2025-06-24 12:00:00,3321.181,3321.181,3304.515,3314.737,18962,,,↓,,bear,0,none,0,1,0,0,0,1,0,1,3,4,1,4,12,1,0,12.861642857142831,1,0,1,1
2025-06-24 13:00:00,3314.694,3317.953,3295.397,3301.966,26174,,3295.397,↓,,bear,0,none,1,1,0,0,1,1,0,2,4,6,2,6,13,1,0,13.338071428571409,1,0,1,1
2025-06-24 14:00:00,3302.009,3310.281,3298.666,3304.591,18026,,,↓,,bear,0,none,0,1,0,0,0,1,0,1,3,4,1,4,14,1,0,12.590785714285696,1,0,1,1
2025-06-24 15:00:00,3304.573,3317.063,3299.787,3313.261,13503,,,↓,,bear,0,none,0,1,0,0,0,1,0,1,3,4,1,4,15,1,0,12.956714285714302,1,0,1,1
2025-06-24 16:00:00,3313.296,3320.489,3311.276,3318.424,7662,,,↓,,bear,0,none,0,1,0,0,0,1,0,1,2,3,1,3,16,1,0,13.107071428571478,0,0,1,1
2025-06-24 17:00:00,3318.449,3321.223,3317.835,3317.926,7295,,,↓,,bear,6,shooting_star,0,1,1,0,0,1,0,2,2,4,2,4,17,1,0,12.891714285714345,0,0,1,1
2025-06-24 18:00:00,3317.921,3319.03,3315.667,3317.118,5702,,,↓,,bear,0,none,0,1,0,0,0,1,0,1,2,3,1,3,18,1,0,12.675285714285792,0,0,1,1
2025-06-24 19:00:00,3317.155,3325.184,3316.056,3323.479,6514,3325.184,,↓,,bear,0,none,1,1,0,0,0,1,0,2,2,4,2,4,19,1,0,11.744214285714374,0,0,1,1
2025-06-24 20:00:00,3323.526,3324.444,3321.597,3323.086,3773,,,↓,,bear,5,doji,0,1,1,0,0,1,0,2,2,4,2,4,20,1,0,10.72607142857149,0,0,1,1
2025-06-24 22:00:00,3324.444,3324.444,3320.842,3321.641,3395,,,↓,,bear,0,none,0,1,0,0,0,1,0,1,2,3,1,3,22,1,0,9.89578571428576,0,0,1,1
2025-06-24 23:00:00,3321.679,3324.881,3321.602,3324.142,2971,,,↓,,bear,0,none,0,1,0,0,0,1,0,1,2,3,1,3,23,1,0,9.580785714285737,0,0,1,1
2025-06-25 00:00:00,3324.139,3330.081,3323.627,3326.955,6705,,,↑,↑,bull,4,inverted_hammer,0,1,1,0,0,1,0,2,2,4,2,4,0,2,0,9.263071428571461,0,0,1,1
2025-06-25 01:00:00,3326.972,3334.86,3326.348,3334.572,8258,,,↑,,bull,0,none,0,1,0,0,0,1,0,1,2,3,1,3,1,2,0,9.218428571428603,0,0,1,1
2025-06-25 02:00:00,3334.678,3335.209,3327.781,3329.444,6135,3335.209,,↑,,bull,0,none,1,1,0,0,0,1,0,2,2,4,2,4,2,2,0,8.954285714285756,0,0,1,1
2025-06-25 03:00:00,3329.445,3332.002,3327.162,3328.295,5295,,,↑,,bull,6,shooting_star,0,1,1,0,0,1,0,2,2,4,2,4,3,2,0,8.107214285714333,0,0,1,1
2025-06-25 04:00:00,3328.284,3329.235,3325.797,3327.509,3841,,3325.797,↑,,bull,0,none,1,1,0,0,0,1,0,2,2,4,2,4,4,2,0,6.741642857142908,0,0,1,1
2025-06-25 05:00:00,3327.501,3333.742,3326.664,3331.625,5091,,,↑,,bull,1,bullish_engulfing,0,1,1,0,0,1,0,2,2,4,2,4,5,2,0,6.4175714285714935,0,0,1,1
2025-06-25 06:00:00,3331.609,3333.466,3329.047,3331.55,5974,,,↑,,bull,5,doji,0,1,1,0,0,1,0,2,2,4,2,4,6,2,0,5.499214285714321,0,0,1,1
2025-06-25 07:00:00,3331.58,3337.096,3326.754,3330.631,8273,3337.096,,↑,,bull,5,doji,1,1,1,0,0,1,0,3,2,5,3,5,7,2,0,5.579857142857171,0,0,1,1
2025-06-25 08:00:00,3330.656,3332.414,3326.525,3327.223,7835,,,↑,,bull,0,none,0,1,0,0,0,1,0,1,2,3,1,3,8,2,0,5.758500000000042,0,0,1,1
2025-06-25 09:00:00,3327.251,3327.323,3321.397,3325.265,7266,,,↓,↓,bear,0,none,0,1,0,0,0,1,0,1,2,3,1,3,9,2,0,5.941571428571446,0,0,1,1
2025-06-25 10:00:00,3325.292,3329.569,3324.127,3324.416,6366,,,↓,,bear,6,shooting_star,0,1,1,0,0,1,0,2,2,4,2,4,10,2,0,5.678285714285721,0,0,1,1
2025-06-25 11:00:00,3324.392,3329.523,3322.111,3322.682,7873,,,↓,,bear,6,shooting_star,0,1,1,0,0,1,0,2,3,5,2,5,11,2,0,6.004357142857186,1,0,1,1
2025-06-25 12:00:00,3322.66,3329.47,3318.164,3320.609,8662,,,↓,,bear,0,none,0,1,0,0,0,1,0,1,3,4,1,4,12,2,0,6.5546428571428805,1,0,1,1
2025-06-25 13:00:00,3320.611,3321.621,3311.894,3314.539,12814,,3311.894,↓,,bear,0,none,1,1,0,0,0,1,0,2,3,5,2,5,13,2,0,7.015214285714332,1,0,1,1
2025-06-25 14:00:00,3314.44,3326.368,3312.238,3323.404,11155,,,↓,,bear,1,bullish_engulfing,0,1,1,0,0,1,0,2,3,5,2,5,14,2,0,7.563500000000041,1,0,1,1
2025-06-25 15:00:00,3323.458,3327.215,3321.603,3325.627,7610,,,↓,,bear,0,none,0,1,0,0,0,1,0,1,3,4,1,4,15,2,0,7.356357142857178,1,0,1,1
2025-06-25 16:00:00,3325.665,3335.127,3324.154,3334.797,7722,,,,,bear,0,none,0,0,0,1,0,1,0,1,3,4,1,4,16,2,0,7.609571428571469,1,0,1,1
2025-06-25 17:00:00,3334.818,3335.418,3324.784,3328.017,8553,,,,,bear,0,none,0,0,0,0,0,1,0,0,3,3,0,3,17,2,0,8.023428571428601,1,0,1,1
2025-06-25 18:00:00,3328.015,3331.829,3326.18,3331.583,5450,,,,,bear,0,none,0,0,0,0,0,1,0,0,2,2,0,2,18,2,0,8.181357142857191,0,0,1,1
2025-06-25 19:00:00,3331.601,3336.068,3330.347,3333.706,5549,,,,,bear,4,inverted_hammer,0,0,1,0,0,1,0,1,2,3,1,3,19,2,0,8.08442857142862,0,0,1,1
2025-06-25 20:00:00,3333.745,3335.674,3331.379,3332.385,3864,,,,,bear,6,shooting_star,0,0,1,0,0,1,0,1,2,3,1,3,20,2,0,8.075571428571493,0,0,1,1
2025-06-25 22:00:00,3335.125,3335.589,3331.273,3333.211,4279,,,,,bear,0,none,0,0,0,0,0,1,0,0,2,2,0,2,22,2,0,7.6451428571429005,0,0,1,1
2025-06-25 23:00:00,3333.253,3340.194,3332.814,3339.028,5084,,,,,bear,0,none,0,0,0,1,0,1,0,1,2,3,1,3,23,2,0,7.751642857142899,0,0,1,1
2025-06-26 00:00:00,3338.987,3339.373,3332.103,3334.028,7385,,,,,bear,0,none,0,0,0,0,0,1,0,0,3,3,0,3,0,3,0,7.847642857142903,1,0,1,1
2025-06-26 01:00:00,3334.065,3336.775,3329.181,3330.222,9637,,3329.181,,,bear,0,none,0,0,0,0,0,1,0,0,3,3,0,3,1,3,0,8.001357142857191,1,0,1,1
2025-06-26 02:00:00,3330.183,3341.82,3329.249,3339.471,7034,,,,,bear,1,bullish_engulfing,0,0,1,1,0,1,0,2,2,4,2,4,2,3,0,8.3698571428572,0,0,1,1
2025-06-26 03:00:00,3339.481,3343.199,3336.399,3337.976,6016,3343.199,,,,bear,0,none,0,0,0,0,0,1,0,0,2,2,0,2,3,3,0,8.0480000000001,0,0,1,1
2025-06-26 04:00:00,3338.034,3338.155,3333.359,3333.983,4691,,,,,bear,0,none,0,0,0,0,0,1,0,0,2,2,0,2,4,3,0,7.695785714285811,0,0,1,1
2025-06-26 05:00:00,3333.965,3338.298,3332.421,3334.218,6317,,,,,bear,5,doji,0,0,1,0,0,1,0,1,2,3,1,3,5,3,0,7.106285714285799,0,0,1,1
2025-06-26 06:00:00,3334.155,3340.367,3330.967,3339.785,8475,,3330.967,,,bear,0,none,0,0,0,0,0,1,0,0,3,3,0,3,6,3,0,7.3768571428572285,1,0,1,1
2025-06-26 07:00:00,3339.755,3347.239,3339.662,3346.051,7458,,,↑,↑,bull,0,none,0,1,0,1,0,1,0,2,3,5,2,5,7,3,0,7.134285714285819,1,0,1,1
2025-06-26 08:00:00,3346.066,3350.37,3344.471,3348.256,8149,3350.37,,↑,,bull,0,none,1,1,0,1,1,1,0,3,4,7,3,7,8,3,0,6.7960714285715245,1,0,1,1
2025-06-26 09:00:00,3348.217,3348.792,3338.68,3340.533,9028,,,,,bull,0,none,0,0,0,0,0,1,0,0,3,3,0,3,9,3,0,7.11485714285722,1,0,1,1
2025-06-26 10:00:00,3340.535,3343.481,3337.838,3343.253,5574,,,↑,,bull,0,none,0,1,0,0,0,1,0,1,2,3,1,3,10,3,0,7.109285714285794,0,0,1,1
2025-06-26 11:00:00,3343.258,3344.121,3331.499,3332.921,7908,,,,,bull,2,bearish_engulfing,0,0,1,0,0,1,0,1,3,4,1,4,11,3,0,7.704071428571524,1,0,1,1
2025-06-26 12:00:00,3332.88,3344.056,3321.614,3322.06,15643,,,↓,↓,bear,6,shooting_star,0,1,1,0,0,1,0,2,3,5,2,5,12,3,0,8.998785714285825,1,0,1,1
2025-06-26 13:00:00,3322.116,3328.7,3309.947,3319.925,28352,,3309.947,↓,,bear,5,doji,1,1,1,0,0,1,0,3,3,6,3,6,13,3,0,9.811142857142938,1,0,1,1
2025-06-26 14:00:00,3319.891,3323.898,3311.896,3318.411,16543,,,↓,,bear,5,doji,0,1,1,0,0,1,0,2,3,5,2,5,14,3,0,10.149142857142936,1,0,1,1
2025-06-26 15:00:00,3318.453,3324.927,3318.453,3324.846,9300,,,↓,,bear,7,morning_star,0,1,1,0,0,1,0,2,3,5,2,5,15,3,0,10.072142857142937,1,0,1,1
2025-06-26 16:00:00,3324.808,3333.277,3323.729,3331.327,8092,,,,,bear,0,none,0,0,0,0,0,1,0,0,2,2,0,2,16,3,0,9.856214285714357,0,0,1,1
2025-06-26 17:00:00,3331.329,3336.45,3331.145,3332.718,7375,3336.45,,,,bear,4,inverted_hammer,0,0,1,0,0,1,0,1,2,3,1,3,17,3,0,9.749428571428618,0,0,1,1
2025-06-26 18:00:00,3332.69,3334.914,3331.275,3334.127,5643,,,,,bear,0,none,0,0,0,0,0,1,0,0,2,2,0,2,18,3,0,9.66678571428575,0,0,1,1
2025-06-26 19:00:00,3334.155,3334.329,3328.265,3331.301,5616,,,,,bear,2,bearish_engulfing,0,0,1,0,0,1,0,1,2,3,1,3,19,3,0,9.680142857142917,0,0,1,1
2025-06-26 20:00:00,3331.407,3332.327,3327.804,3328.248,3339,,,↓,,bear,0,none,0,1,0,0,0,1,0,1,2,3,1,3,20,3,0,9.331785714285777,0,0,1,1
2025-06-26 22:00:00,3325.601,3325.842,3318.774,3321.513,5047,,,↓,,bear,0,none,0,1,0,0,0,1,0,1,2,3,1,3,22,3,0,9.467285714285774,0,0,1,1
2025-06-26 23:00:00,3321.555,3323.729,3316.234,3318.758,5053,,,↓,,bear,0,none,0,1,0,0,0,1,0,1,2,3,1,3,23,3,0,9.581285714285773,0,0,1,1
2025-06-27 00:00:00,3318.788,3319.983,3313.226,3318.862,7782,,,↓,,bear,0,none,0,1,0,0,0,1,0,1,2,3,1,3,0,4,0,9.341642857142915,0,0,1,1
2025-06-27 01:00:00,3318.771,3322.068,3314.872,3316.427,9891,,,↓,,bear,6,shooting_star,0,1,1,0,0,1,0,2,3,5,2,5,1,4,0,9.452571428571511,1,0,1,1
2025-06-27 02:00:00,3316.498,3320.333,3308.511,3308.891,8921,,,↓,,bear,0,none,0,1,0,1,0,1,0,2,2,4,2,4,2,4,0,9.39542857142864,0,0,1,1
2025-06-27 03:00:00,3308.798,3310.923,3292.557,3294.318,11859,,,↓,,bear,0,none,0,1,0,1,0,1,0,2,3,5,2,5,3,4,0,9.104285714285782,1,0,1,1
2025-06-27 04:00:00,3294.364,3297.58,3291.048,3293.969,8580,,,↓,,bear,5,doji,0,1,1,1,0,1,0,3,2,5,3,5,4,4,0,8.231357142857243,0,0,1,1
2025-06-27 05:00:00,3294.008,3300.941,3289.262,3297.103,10500,,,↓,,bear,0,none,0,1,0,0,0,1,0,1,3,4,1,4,5,4,0,8.208285714285791,1,0,1,1
2025-06-27 06:00:00,3297.329,3299.92,3286.854,3294.888,13544,,,↓,,bear,0,none,0,1,0,0,0,1,0,1,3,4,1,4,6,4,0,8.676142857142947,1,0,1,1
2025-06-27 07:00:00,3294.934,3295.386,3283.394,3284.458,13135,,,↓,,bear,0,none,0,1,0,1,0,0,0,2,2,4,2,4,7,4,0,8.850714285714373,1,0,1,1
2025-06-27 08:00:00,3284.502,3291.132,3281.78,3289.427,11476,,,↓,,bear,0,none,0,1,0,0,0,0,0,1,2,3,1,3,8,4,0,9.139785714285804,1,0,1,1
2025-06-27 09:00:00,3289.327,3289.83,3282.072,3282.797,9837,,,↓,,bear,0,none,0,1,0,1,0,0,0,2,1,3,2,3,9,4,0,9.434000000000067,0,0,1,1
2025-06-27 10:00:00,3282.819,3290.959,3279.692,3285.665,8381,,,↓,,bear,0,none,0,1,0,0,0,0,0,1,1,2,1,2,10,4,0,9.805642857142889,0,0,1,1
2025-06-27 11:00:00,3285.713,3287.964,3275.98,3281.389,10525,,,↓,,bear,2,bearish_engulfing,0,1,1,0,0,0,0,2,2,4,2,4,11,4,0,10.338571428571445,1,0,1,1
2025-06-27 12:00:00,3281.358,3282.357,3269.409,3270.028,19662,,,↓,,bear,0,none,0,1,0,1,0,0,0,2,2,4,2,4,12,4,0,10.586714285714281,1,0,1,1
2025-06-27 13:00:00,3270.06,3274.425,3255.836,3274.143,28440,,3255.836,↓,,bear,3,hammer,1,1,1,0,0,1,0,3,3,6,3,6,13,4,0,11.37914285714289,1,0,1,1
2025-06-27 14:00:00,3274.231,3278.134,3263.58,3272.407,19641,,,↓,,bear,5,doji,0,1,1,0,0,1,0,2,3,5,2,5,14,4,0,11.936071428571463,1,0,1,1
2025-06-27 15:00:00,3272.445,3277.493,3270.922,3274.655,12525,,,↓,,bear,4,inverted_hammer,0,1,1,0,0,1,0,2,3,5,2,5,15,4,0,11.891428571428573,1,0,1,1
2025-06-27 16:00:00,3274.574,3278.629,3273.36,3277.558,7634,,,↓,,bear,0,none,0,1,0,0,0,1,0,1,2,3,1,3,16,4,0,11.42335714285712,0,0,1,1
2025-06-27 17:00:00,3277.598,3282.802,3272.7,3277.353,9162,3282.802,,↓,,bear,5,doji,1,1,1,0,0,1,0,3,2,5,3,5,17,4,0,10.83307142857143,0,0,1,1
2025-06-27 18:00:00,3277.402,3278.39,3270.464,3275.751,8347,,,↓,,bear,0,none,0,1,0,0,0,1,0,1,2,3,1,3,18,4,0,10.932642857142842,0,0,1,1
2025-06-27 19:00:00,3275.766,3276.633,3268.34,3270.574,7060,,,↓,,bear,0,none,0,1,0,0,0,1,0,1,2,3,1,3,19,4,0,10.6907857142857,0,0,1,1
2025-06-27 20:00:00,3270.616,3275.5,3270.253,3274.598,4759,,,↓,,bear,0,none,0,1,0,0,0,1,0,1,2,3,1,3,20,4,0,10.132285714285672,0,0,1,1
2025-06-29 22:00:00,3272.488,3274.234,3247.921,3263.811,18231,,3247.921,↓,,bear,0,none,1,1,0,0,0,1,0,2,3,5,2,5,22,6,0,11.181214285714239,1,0,1,1
2025-06-29 23:00:00,3263.784,3270.95,3262.825,3263.806,9675,,,↓,,bear,0,none,0,1,0,0,0,1,0,1,2,3,1,3,23,6,0,11.093571428571392,0,0,1,1
2025-06-30 00:00:00,3263.775,3269.786,3262.637,3264.626,9100,,,↓,,bear,0,none,0,1,0,0,0,1,0,1,2,3,1,3,0,0,0,11.050071428571398,0,0,1,1
2025-06-30 01:00:00,3264.587,3275.962,3259.456,3273.862,14148,,,↓,,bear,0,none,0,1,0,0,0,1,0,1,3,4,1,4,1,0,0,11.424285714285686,1,0,1,1
2025-06-30 02:00:00,3273.901,3283.272,3273.597,3280.186,10014,,,↓,,bear,0,none,0,1,0,0,0,1,0,1,2,3,1,3,2,0,0,11.2593571428571,0,0,1,1
2025-06-30 03:00:00,3280.172,3282.798,3277.815,3278.981,6843,,,↓,,bear,6,shooting_star,0,1,1,0,0,1,0,2,2,4,2,4,3,0,0,10.690428571428518,0,0,1,1
2025-06-30 04:00:00,3278.996,3286.282,3276.964,3285.686,5610,,,↑,↑,bull,7,morning_star,0,1,1,0,0,1,0,2,2,4,2,4,4,0,0,10.028214285714219,0,0,1,1
2025-06-30 05:00:00,3285.573,3291.391,3284.682,3288.997,7225,,,↑,,bull,0,none,0,1,0,0,0,1,0,1,2,3,1,3,5,0,0,9.46785714285709,0,0,1,1
2025-06-30 06:00:00,3288.983,3295.551,3287.825,3292.123,8120,,,↑,,bull,4,inverted_hammer,0,1,1,0,0,1,0,2,2,4,2,4,6,0,0,9.550357142857106,0,0,1,1
2025-06-30 07:00:00,3292.153,3296.85,3290.74,3292.873,7654,3296.85,,↑,,bull,5,doji,1,1,1,0,0,1,0,3,2,5,3,5,7,0,0,9.610428571428558,0,0,1,1
2025-06-30 08:00:00,3292.879,3296.594,3288.128,3289.186,7598,,,↑,,bull,2,bearish_engulfing,0,1,1,0,0,1,0,2,2,4,2,4,8,0,0,9.493571428571386,0,0,1,1
2025-06-30 09:00:00,3289.188,3289.188,3277.435,3287.791,10479,,,↑,,bull,0,none,0,1,0,0,0,1,0,1,2,3,1,3,9,0,0,9.766928571428545,0,0,1,1
2025-06-30 10:00:00,3287.828,3288.794,3282.44,3283.455,5652,,,↑,,bull,0,none,0,1,0,0,0,1,0,1,2,3,1,3,10,0,0,9.628428571428556,0,0,1,1
2025-06-30 11:00:00,3283.509,3283.821,3274.488,3277.932,8534,,3274.488,,,bull,0,none,0,0,0,0,0,1,0,0,2,2,0,2,11,0,0,9.920285714285715,0,0,1,1
2025-06-30 12:00:00,3277.993,3288.981,3277.993,3282.089,8914,,,,,bull,4,inverted_hammer,0,0,1,0,0,1,0,1,3,4,1,4,12,0,0,8.804000000000022,1,0,1,1
2025-06-30 13:00:00,3282.048,3287.062,3277.955,3284.791,12095,,,↑,,bull,3,hammer,0,1,1,0,0,1,0,2,3,5,2,5,13,0,0,8.874142857142877,1,0,1,1
2025-06-30 14:00:00,3284.709,3289.576,3279.178,3287.644,11694,,,↑,,bull,3,hammer,0,1,1,0,0,1,0,2,3,5,2,5,14,0,0,9.106214285714325,1,0,1,1
2025-06-30 15:00:00,3287.609,3290.76,3283.619,3289.625,8983,,,↑,,bull,3,hammer,0,1,1,0,0,1,0,2,2,4,2,4,15,0,0,8.437285714285768,0,0,1,1
2025-06-30 16:00:00,3289.669,3297.51,3289.073,3297.227,6944,,,↑,,bull,0,none,0,1,0,1,0,1,0,2,2,4,2,4,16,0,0,8.348857142857241,0,0,1,1
2025-06-30 17:00:00,3297.192,3298.564,3291.983,3294.048,6912,,,↑,,bull,0,none,0,1,0,0,0,1,0,1,2,3,1,3,17,0,0,8.463000000000095,0,0,1,1
2025-06-30 18:00:00,3294.061,3299.606,3292.639,3298.414,5431,,,↑,,bull,7,morning_star,0,1,1,1,1,1,0,3,3,6,3,6,18,0,0,8.295071428571516,0,0,1,1
2025-06-30 19:00:00,3298.414,3309.446,3298.022,3308.534,7492,,,↑,,bull,0,none,0,1,0,1,0,1,0,2,2,4,2,4,19,0,0,8.631857142857209,0,0,1,1
2025-06-30 20:00:00,3308.502,3309.305,3302.315,3303.195,4344,,,↑,,bull,0,none,0,1,0,0,0,1,0,1,2,3,1,3,20,0,0,8.579285714285756,0,0,1,1
2025-06-30 22:00:00,3302.878,3314.602,3302.298,3311.444,5528,,,↑,,bull,1,bullish_engulfing,0,1,1,1,0,0,0,3,1,4,3,4,22,0,0,9.021714285714324,0,0,1,1
2025-06-30 23:00:00,3311.435,3312.582,3308.556,3312.441,5634,,,↑,,bull,3,hammer,0,1,1,1,0,0,0,3,1,4,3,4,23,0,0,8.704571428571464,0,0,1,1
2025-07-01 00:00:00,3312.493,3314.839,3309.899,3314.722,6463,,,↑,,bull,3,hammer,0,1,1,1,0,0,0,3,1,4,3,4,0,1,0,8.2179285714286,0,0,1,1
2025-07-01 01:00:00,3314.663,3320.968,3313.872,3317.842,9482,,,↑,,bull,0,none,0,1,0,1,0,0,0,2,2,4,2,4,1,1,0,8.270928571428612,1,0,1,1
2025-07-01 02:00:00,3317.798,3319.385,3314.344,3316.124,7901,,,↑,,bull,0,none,0,1,0,0,0,0,0,1,2,3,1,3,2,1,0,7.96435714285719,1,0,1,1
2025-07-01 03:00:00,3316.098,3322.66,3315.696,3321.161,6305,,,↑,,bull,1,bullish_engulfing,0,1,1,1,0,0,0,3,1,4,3,4,3,1,0,7.67257142857144,0,0,1,1
2025-07-01 04:00:00,3321.173,3323.108,3318.893,3322.98,4590,,,↑,,bull,3,hammer,0,1,1,1,0,0,0,3,1,4,3,4,4,1,0,7.323142857142882,0,0,1,1
2025-07-01 05:00:00,3322.978,3332.368,3322.905,3328.779,7694,,,↑,,bull,0,none,0,1,0,0,0,0,0,1,2,3,1,3,5,1,0,7.256357142857139,1,0,1,1
2025-07-01 06:00:00,3328.736,3334.567,3325.06,3331.279,7986,,,↑,,bull,0,none,0,1,0,1,0,0,0,2,2,4,2,4,6,1,0,7.425357142857138,1,0,1,1
2025-07-01 07:00:00,3331.384,3339.892,3330.678,3339.497,9790,,,↑,,bull,0,none,0,1,0,1,0,0,0,2,2,4,2,4,7,1,0,7.480857142857109,1,0,1,1
2025-07-01 08:00:00,3339.501,3342.422,3336.753,3339.525,7769,,,↑,,bull,5,doji,0,1,1,1,0,0,0,3,2,5,3,5,8,1,1,7.415714285714265,1,0,1,1
2025-07-01 09:00:00,3339.555,3348.056,3338.174,3345.818,7936,,,↑,,bull,0,none,0,1,0,1,0,0,0,2,2,4,2,4,9,1,1,7.623928571428548,1,0,1,1
2025-07-01 10:00:00,3345.786,3349.724,3344.386,3348.643,6551,,,↑,,bull,0,none,0,1,0,1,1,0,0,2,2,4,2,4,10,1,1,7.189214285714278,0,0,1,1
2025-07-01 11:00:00,3348.67,3353.08,3346.971,3349.017,8508,,,↑,,bull,5,doji,0,1,1,0,1,0,0,2,3,5,2,5,11,1,1,7.126285714285716,1,0,1,1
2025-07-01 12:00:00,3348.99,3358.015,3348.313,3354.683,12957,3358.015,,↑,,bull,0,none,1,1,0,1,0,1,0,3,3,6,3,6,12,1,1,6.9404285714285505,1,0,1,1
2025-07-01 13:00:00,3354.643,3355.529,3344.518,3351.512,15386,,,↑,,bull,0,none,0,1,0,0,1,1,0,1,4,5,1,5,13,1,1,7.439357142857132,1,0,1,1
2025-07-01 14:00:00,3351.595,3354.405,3343.583,3345.678,15060,,,↑,,bull,0,none,0,1,0,0,0,1,0,1,3,4,1,4,14,1,1,7.859499999999993,1,0,1,1
2025-07-01 15:00:00,3345.793,3346.684,3336.981,3340.228,13961,,,↑,,bull,0,none,0,1,0,0,0,1,0,1,3,4,1,4,15,1,1,8.045714285714277,1,0,1,1
2025-07-01 16:00:00,3340.215,3343.523,3337.533,3341.723,8075,,,↑,,bull,0,none,0,1,0,0,0,1,0,1,2,3,1,3,16,1,1,8.113499999999997,0,0,1,1
2025-07-01 17:00:00,3341.738,3342.197,3336.913,3339.695,7236,,,↑,,bull,2,bearish_engulfing,0,1,1,0,0,1,0,2,2,4,2,4,17,1,1,7.993500000000007,0,0,1,1
2025-07-01 18:00:00,3339.65,3339.921,3336.837,3337.933,4670,,,↑,,bull,0,none,0,1,0,0,0,1,0,1,2,3,1,3,18,1,1,7.912714285714271,0,0,1,1
2025-07-01 19:00:00,3337.994,3340.155,3336.835,3338.005,5451,,,↑,,bull,5,doji,0,1,1,0,0,0,0,2,1,3,2,3,19,1,1,7.473928571428587,0,0,1,1
2025-07-01 20:00:00,3338.042,3340.363,3336.771,3338.959,3284,,,↑,,bull,0,none,0,1,0,0,0,0,0,1,1,2,1,2,20,1,1,7.051428571428557,0,0,1,1
2025-07-01 22:00:00,3337.692,3343.826,3336.88,3341.515,5333,,,↑,,bull,0,none,0,1,0,0,0,0,0,1,1,2,1,2,22,1,1,6.889428571428555,0,0,1,1
2025-07-01 23:00:00,3341.569,3341.874,3336.814,3338.152,5160,,,↑,,bull,0,none,0,1,0,0,0,0,0,1,1,2,1,2,23,1,1,6.84592857142856,0,0,1,1
2025-07-02 00:00:00,3338.186,3344.987,3334.557,3339.009,9483,3344.987,,↑,,bull,5,doji,1,1,1,0,0,0,0,3,2,5,3,5,0,2,1,6.885071428571434,1,0,1,1
2025-07-02 01:00:00,3339.044,3342.877,3330.975,3332.194,10085,,,↑,,bull,2,bearish_engulfing,0,1,1,0,0,0,0,2,2,4,2,4,1,2,1,7.3539285714285665,1,0,1,1
2025-07-02 02:00:00,3332.234,3338.175,3328.534,3336.704,8574,,3328.534,↑,,bull,0,none,1,1,0,0,0,1,0,2,2,4,2,4,2,2,1,7.606214285714292,0,0,1,1
2025-07-02 03:00:00,3336.718,3342.063,3334.946,3339.959,6387,,,↑,,bull,0,none,0,1,0,0,0,1,0,1,2,3,1,3,3,2,1,7.421571428571464,0,0,1,1
2025-07-02 04:00:00,3339.925,3342.033,3339.401,3340.084,4414,,,↑,,bull,0,none,0,1,0,0,0,1,0,1,2,3,1,3,4,2,1,6.823071428571471,0,0,1,1
2025-07-02 05:00:00,3340.09,3343.951,3336.561,3338.743,6491,3343.951,,↑,,bull,2,bearish_engulfing,1,1,1,0,0,1,0,3,2,5,3,5,5,2,1,6.577928571428596,0,0,1,1
2025-07-02 06:00:00,3338.756,3339.366,3329.884,3333.488,8144,,,↑,,bull,0,none,0,1,0,0,0,1,0,1,2,3,1,3,6,2,1,6.562142857142882,0,0,1,1
2025-07-02 07:00:00,3333.399,3336.836,3327.563,3334.571,9210,,3327.563,↑,,bull,5,doji,1,1,1,0,0,1,0,3,3,6,3,6,7,2,1,6.796642857142842,1,0,1,1
2025-07-02 08:00:00,3334.605,3338.054,3332.853,3333.558,6484,,,↑,,bull,6,shooting_star,0,1,1,0,0,1,0,2,2,4,2,4,8,2,1,6.790714285714265,0,0,1,1
2025-07-02 09:00:00,3333.511,3342.272,3333.033,3341.636,6951,,,↑,,bull,1,bullish_engulfing,0,1,1,0,0,1,0,2,2,4,2,4,9,2,1,7.2303571428571365,0,0,1,1
2025-07-02 10:00:00,3341.686,3345.758,3340.585,3344.261,5144,,,↑,,bull,0,none,0,1,0,0,0,1,0,1,2,3,1,3,10,2,1,7.362714285714252,0,0,1,1
2025-07-02 11:00:00,3344.298,3347.711,3339.696,3342.199,6452,,,↑,,bull,0,none,0,1,0,0,0,1,0,1,2,3,1,3,11,2,1,7.678642857142839,0,0,1,1
2025-07-02 12:00:00,3342.214,3351.126,3337.733,3346.621,14163,3351.126,,↑,,bull,0,none,1,1,0,0,0,1,0,2,3,5,2,5,12,2,1,8.139142857142847,1,0,1,1
2025-07-02 13:00:00,3346.595,3346.62,3334.9,3337.44,14970,,,↑,,bull,0,none,0,1,0,0,0,1,0,1,3,4,1,4,13,2,1,8.614928571428566,1,0,1,1
2025-07-02 14:00:00,3337.479,3343.573,3333.842,3342.961,10017,,3333.842,↑,,bull,0,none,1,1,0,0,0,1,0,2,3,5,2,5,14,2,1,8.564999999999957,1,0,1,1
2025-07-02 15:00:00,3342.998,3343.839,3338.703,3341.021,9206,,,↑,,bull,0,none,0,1,0,0,0,1,0,1,3,4,1,4,15,2,1,8.081714285714238,1,0,1,1
2025-07-02 16:00:00,3340.943,3349.265,3340.943,3348.668,7174,,,↑,,bull,1,bullish_engulfing,0,1,1,0,1,1,0,2,3,5,2,5,16,2,1,7.987499999999922,0,0,1,1
2025-07-02 17:00:00,3348.626,3350.572,3347.378,3349.616,5282,,,↑,,bull,3,hammer,0,1,1,0,1,1,0,2,3,5,2,5,17,2,1,7.70728571428562,0,0,1,1
2025-07-02 18:00:00,3349.619,3355.215,3348.486,3354.906,4518,,,↑,,bull,0,none,0,1,0,1,0,1,0,2,2,4,2,4,18,2,1,7.999928571428492,0,0,1,1
2025-07-02 19:00:00,3354.913,3359.519,3354.63,3358.258,5183,,,↑,,bull,0,none,0,1,0,1,0,1,0,2,2,4,2,4,19,2,1,7.8212857142856205,0,0,1,1
2025-07-02 20:00:00,3358.302,3360.174,3355.54,3357.315,3537,,,↑,,bull,0,none,0,1,0,1,0,1,0,2,2,4,2,4,20,2,1,7.474999999999909,0,0,1,1
2025-07-02 22:00:00,3358.427,3365.748,3358.411,3361.936,5353,3365.748,,↑,,bull,4,inverted_hammer,1,1,1,0,0,1,0,3,2,5,3,5,22,2,1,7.414999999999931,0,0,1,1
2025-07-02 23:00:00,3361.958,3362.315,3348.754,3349.395,8947,,,↑,,bull,2,bearish_engulfing,0,1,1,0,1,1,0,2,4,6,2,6,23,2,1,8.012142857142797,1,0,1,1
2025-07-03 00:00:00,3349.42,3349.895,3343.471,3344.788,7623,,,↑,,bull,0,none,0,1,0,0,0,1,0,1,3,4,1,4,0,3,1,7.811071428571365,1,0,1,1
2025-07-03 01:00:00,3344.765,3348.183,3341.88,3345.975,7821,,3341.88,↑,,bull,0,none,1,1,0,0,0,1,0,2,3,5,2,5,1,3,1,7.891785714285659,1,0,1,1
2025-07-03 02:00:00,3345.994,3351.406,3345.724,3350.965,5915,,,↑,,bull,0,none,0,1,0,0,1,1,0,1,3,4,1,4,2,3,1,7.725142857142795,0,0,1,1
2025-07-03 03:00:00,3351.008,3351.476,3345.487,3347.509,5012,,,↑,,bull,0,none,0,1,0,0,0,1,0,1,2,3,1,3,3,3,1,7.1962857142856524,0,0,1,1
2025-07-03 04:00:00,3347.437,3351.858,3347.384,3350.834,4321,,,↑,,bull,0,none,0,1,0,0,1,1,0,1,3,4,1,4,4,3,1,6.6786428571428065,0,0,1,1
2025-07-03 05:00:00,3350.722,3360.466,3350.152,3359.279,6898,,,↑,,bull,0,none,0,1,0,0,0,1,0,1,2,3,1,3,5,3,1,6.72028571428567,0,0,1,1
2025-07-03 06:00:00,3359.345,3363.677,3356.488,3361.859,7560,3363.677,,↑,,bull,3,hammer,1,1,1,0,0,1,0,3,3,6,3,6,6,3,1,6.866928571428551,1,0,1,1
2025-07-03 07:00:00,3361.823,3363.116,3352.628,3353.077,7755,,,↑,,bull,0,none,0,1,0,0,0,1,0,1,3,4,1,4,7,3,1,7.021642857142849,1,0,1,1
2025-07-03 08:00:00,3353.096,3358.378,3351.678,3356.225,6488,,,↑,,bull,0,none,0,1,0,0,0,1,0,1,2,3,1,3,8,3,1,7.272071428571443,0,0,1,1
2025-07-03 09:00:00,3356.183,3356.423,3343.798,3345.687,7806,,,↑,,bull,0,none,0,1,0,0,0,1,0,1,3,4,1,4,9,3,1,7.693214285714281,1,0,1,1
2025-07-03 10:00:00,3345.673,3355.368,3344.745,3353.04,6148,,,↑,,bull,0,none,0,1,0,0,0,1,0,1,2,3,1,3,10,3,1,8.102785714285735,0,0,1,1
2025-07-03 11:00:00,3353.077,3353.717,3342.981,3346.073,6856,,,↑,,bull,0,none,0,1,0,0,0,1,0,1,3,4,1,4,11,3,1,8.53864285714287,1,0,1,1
2025-07-03 12:00:00,3346.041,3352.306,3311.535,3324.503,29330,,3311.535,↓,↓,bear,0,none,1,1,0,0,0,1,0,2,3,5,2,5,12,3,1,10.848500000000026,1,0,1,1
2025-07-03 13:00:00,3324.555,3338.551,3322.063,3332.223,21155,,,↓,,bear,0,none,0,1,0,0,0,1,0,1,3,4,1,4,13,3,1,11.057571428571432,1,0,1,1
2025-07-03 14:00:00,3332.257,3334.681,3323.441,3324.643,15385,,,↓,,bear,0,none,0,1,0,0,0,1,0,1,3,4,1,4,14,3,1,11.40157142857145,1,0,1,1
2025-07-03 15:00:00,3324.636,3331.481,3323.022,3328.045,8689,,,↓,,bear,4,inverted_hammer,0,1,1,0,0,1,0,2,2,4,2,4,15,3,1,11.55557142857148,0,0,1,1
2025-07-03 16:00:00,3328.106,3334.714,3325.676,3333.866,6379,,,↓,,bear,0,none,0,1,0,0,0,1,0,1,2,3,1,3,16,3,1,11.79528571428578,0,0,1,1
2025-07-03 17:00:00,3333.827,3334.862,3328.839,3329.141,4305,3334.862,,↓,,bear,0,none,1,1,0,0,0,1,0,2,2,4,2,4,17,3,1,11.79771428571436,0,0,1,1
2025-07-03 18:00:00,3329.069,3330.286,3327.843,3329.132,2503,,,↓,,bear,5,doji,0,1,1,0,0,1,0,2,2,4,2,4,18,3,1,11.652642857142935,0,0,1,1
2025-07-03 19:00:00,3329.1,3329.551,3327.011,3328.749,2436,,,↓,,bear,8,evening_star,0,1,1,0,0,1,0,2,2,4,2,4,19,3,1,11.097357142857229,0,0,1,1
2025-07-03 20:00:00,3328.713,3328.911,3325.321,3326.687,2053,,,↓,,bear,0,none,0,1,0,0,0,1,0,1,2,3,1,3,20,3,1,10.840285714285788,0,0,1,1
2025-07-03 22:00:00,3326.167,3329.607,3323.611,3329.07,3239,,3323.611,↓,,bear,1,bullish_engulfing,1,1,1,0,0,1,0,3,2,5,3,5,22,3,1,10.519428571428664,0,0,1,1
2025-07-03 23:00:00,3329.036,3332.025,3328.526,3330.871,4516,,,↓,,bear,0,none,0,1,0,0,0,1,0,1,2,3,1,3,23,3,1,10.290785714285805,0,0,1,1
2025-07-04 00:00:00,3330.875,3331.12,3325.869,3328.996,5396,,,↓,,bear,2,bearish_engulfing,0,1,1,0,0,1,0,2,2,4,2,4,0,4,1,9.764071428571501,0,0,1,1
2025-07-04 01:00:00,3328.948,3334.296,3326.429,3330.056,6945,,,↓,,bear,5,doji,0,1,1,0,0,1,0,2,2,4,2,4,1,4,1,9.567214285714337,0,0,1,1
2025-07-04 02:00:00,3330.088,3332.443,3327.079,3327.333,5872,,,↓,,bear,2,bearish_engulfing,0,1,1,0,0,1,0,2,2,4,2,4,2,4,1,9.183500000000063,0,0,1,1
2025-07-04 03:00:00,3327.29,3338.948,3326.143,3338.35,5584,,,↑,↑,bull,1,bullish_engulfing,0,1,1,0,0,1,0,2,2,4,2,4,3,4,1,7.185928571428609,0,0,1,1
2025-07-04 04:00:00,3338.307,3342.252,3337.973,3340.817,5143,,,↑,,bull,0,none,0,1,0,0,0,1,0,1,2,3,1,3,4,4,1,6.313857142857192,0,0,1,1
2025-07-04 05:00:00,3340.81,3342.266,3338.371,3339.491,5092,,,↑,,bull,6,shooting_star,0,1,1,0,0,1,0,2,2,4,2,4,5,4,1,5.7892142857143165,0,0,1,1
2025-07-04 06:00:00,3339.565,3345.098,3339.208,3342.606,6665,3345.098,,↑,,bull,7,morning_star,1,1,1,0,0,1,0,3,2,5,3,5,6,4,1,5.605714285714287,0,0,1,1
2025-07-04 07:00:00,3342.64,3343.782,3336.384,3342.947,7367,,,↑,,bull,0,none,0,1,0,0,0,1,0,1,2,3,1,3,7,4,1,5.488571428571439,0,0,1,1
2025-07-04 08:00:00,3342.95,3344.247,3340.829,3342.804,5379,,,↑,,bull,5,doji,0,1,1,0,0,1,0,2,2,4,2,4,8,4,1,5.302499999999976,0,0,1,1
2025-07-04 09:00:00,3342.803,3343.06,3332.974,3334.403,6847,,,,,bull,0,none,0,0,0,0,0,1,0,0,3,3,0,3,9,4,1,5.848428571428518,1,0,1,1
2025-07-04 10:00:00,3334.373,3338.069,3331.466,3336.799,5771,,,↑,,bull,3,hammer,0,1,1,0,0,1,0,2,2,4,2,4,10,4,1,6.138642857142811,0,0,1,1
2025-07-04 11:00:00,3336.776,3337.832,3334.35,3334.795,4774,,,,,bull,0,none,0,0,0,0,0,1,0,0,2,2,0,2,11,4,1,6.130928571428512,0,0,1,1
2025-07-04 12:00:00,3334.791,3337.83,3331.351,3333.931,6681,,,,,bull,5,doji,0,0,1,0,0,1,0,1,3,4,1,4,12,4,1,6.165428571428492,1,0,1,1
2025-07-04 13:00:00,3333.888,3338.059,3332.254,3333.856,7056,,,,,bull,5,doji,0,0,1,0,0,1,0,1,3,4,1,4,13,4,1,6.330142857142781,1,0,1,1
2025-07-04 14:00:00,3333.866,3334.214,3330.866,3333.212,5919,,,,,bull,0,none,0,0,0,0,0,1,0,0,3,3,0,3,14,4,1,6.194214285714224,1,0,1,1
2025-07-04 15:00:00,3333.21,3333.982,3330.831,3332.393,3842,,,,,bull,0,none,0,0,0,0,0,1,0,0,2,2,0,2,15,4,1,5.857357142857089,0,0,1,1
2025-07-04 16:00:00,3332.357,3335.945,3332.222,3335.07,2603,,,↑,,bull,1,bullish_engulfing,0,1,1,0,0,1,0,2,2,4,2,4,16,4,1,5.740142857142798,0,0,1,1
2025-07-06 22:00:00,3341.408,3341.924,3332.388,3333.457,5684,3341.924,,,,bull,0,none,0,0,0,0,0,1,0,0,3,3,0,3,22,6,1,5.506642857142814,1,0,1,1
2025-07-06 23:00:00,3333.505,3334.51,3326.187,3328.853,6317,,,,,bull,0,none,0,0,0,0,0,1,0,0,3,3,0,3,23,6,1,5.79549999999998,1,0,1,1
2025-07-07 00:00:00,3328.83,3329.726,3321.677,3326.505,8268,,,,,bull,0,none,0,0,0,0,0,1,0,0,3,3,0,3,0,0,1,6.092214285714265,1,0,1,1
2025-07-07 01:00:00,3326.528,3327.691,3306.618,3316.554,15320,,,,,bull,0,none,0,0,0,0,0,1,0,0,3,3,0,3,1,0,0,7.176714285714264,1,0,1,1
2025-07-07 02:00:00,3316.587,3317.778,3305.982,3308.943,9521,,,,,bull,0,none,0,0,0,1,0,1,0,1,3,4,1,4,2,0,0,7.4908571428571,1,0,1,1
2025-07-07 03:00:00,3308.903,3315.321,3307.097,3310.848,7830,,,,,bull,4,inverted_hammer,0,0,1,0,0,1,0,1,3,4,1,4,3,0,0,7.834142857142816,1,0,1,1
2025-07-07 04:00:00,3310.892,3312.343,3305.219,3307.706,8087,,,,,bull,2,bearish_engulfing,0,0,1,1,0,1,0,2,3,5,2,5,4,0,0,7.622571428571389,1,0,1,1
2025-07-07 05:00:00,3307.719,3315.104,3307.009,3313.467,8305,,,,,bull,0,none,0,0,0,0,0,1,0,0,3,3,0,3,5,0,0,7.729142857142798,1,0,1,1
2025-07-07 06:00:00,3313.422,3315.245,3308.297,3309.878,9273,,,,,bull,0,none,0,0,0,0,0,1,0,0,3,3,0,3,6,0,0,7.976714285714219,1,0,1,1
2025-07-07 07:00:00,3309.827,3313.243,3300.64,3302.217,9397,,,,,bull,0,none,0,0,0,1,0,1,0,1,3,4,1,4,7,0,0,8.414142857142808,1,0,1,1
2025-07-07 08:00:00,3302.247,3312.749,3301.231,3310.171,8244,,,,,bull,0,none,0,0,0,0,0,1,0,0,3,3,0,3,8,0,0,8.822214285714185,1,0,1,1
2025-07-07 09:00:00,3310.112,3311.91,3306.103,3308.924,7610,,,,,bull,0,none,0,0,0,0,0,1,0,0,3,3,0,3,9,0,0,8.99785714285703,1,0,1,1
2025-07-07 10:00:00,3308.941,3310.697,3296.296,3302.079,11375,,3296.296,,,bull,0,none,0,0,0,0,0,1,0,0,3,3,0,3,10,0,0,9.801428571428492,1,0,1,1
2025-07-07 11:00:00,3302.114,3307.597,3299.774,3301.982,12450,,,,,bull,5,doji,0,0,1,0,1,1,0,1,4,5,1,5,11,0,0,10.094285714285661,1,0,1,1
2025-07-07 12:00:00,3301.94,3312.723,3300.376,3309.551,15200,,,,,bull,1,bullish_engulfing,0,0,1,0,0,1,0,1,3,4,1,4,12,0,0,10.295071428571353,1,0,1,1
2025-07-07 13:00:00,3309.661,3317.088,3306.199,3316.297,13795,,,,,bull,0,none,0,0,0,0,0,1,0,0,3,3,0,3,13,0,0,10.478357142857053,1,0,1,1
2025-07-07 14:00:00,3316.333,3321.326,3313.276,3318.094,10637,,,,,bull,0,none,0,0,0,0,0,1,0,0,3,3,0,3,14,0,0,10.478428571428497,1,0,1,1
2025-07-07 15:00:00,3318.049,3322.031,3316.089,3320.849,6447,,,,,bull,0,none,0,0,0,0,0,1,0,0,2,2,0,2,15,0,0,9.397642857142793,0,0,1,1
2025-07-07 16:00:00,3320.784,3328.091,3320.082,3327.367,9457,,,,,bull,0,none,0,0,0,0,0,1,0,0,3,3,0,3,16,0,0,9.127142857142806,1,0,1,1
2025-07-07 17:00:00,3327.404,3335.792,3327.31,3332.018,8419,,,,,bull,0,none,0,0,0,0,0,1,0,0,2,2,0,2,17,0,0,9.145571428571397,0,0,1,1
2025-07-07 18:00:00,3331.911,3335.706,3328.439,3334.291,6380,,,,,bull,3,hammer,0,0,1,0,0,1,0,1,2,3,1,3,18,0,0,9.155785714285717,0,0,1,1
2025-07-07 19:00:00,3334.302,3340.438,3334.302,3336.988,5680,,,↑,,bull,4,inverted_hammer,0,1,1,0,0,1,0,2,2,4,2,4,19,0,0,9.01664285714287,0,0,1,1
2025-07-07 20:00:00,3337.025,3338.067,3335.393,3336.54,3519,,,↑,,bull,0,none,0,1,0,0,0,1,0,1,2,3,1,3,20,0,0,8.711357142857164,0,0,1,1
2025-07-07 22:00:00,3340.918,3345.827,3338.89,3339.804,5569,3345.827,,↑,,bull,6,shooting_star,1,1,1,0,0,1,0,3,2,5,3,5,22,0,0,8.474500000000035,0,0,1,1
2025-07-07 23:00:00,3339.8,3340.135,3333.916,3334.653,5599,,,,,bull,0,none,0,0,0,0,0,1,0,0,2,2,0,2,23,0,0,8.09600000000007,0,0,1,1
2025-07-08 00:00:00,3334.697,3337.3,3331.148,3334.261,9177,,,,,bull,5,doji,0,0,1,0,0,1,0,1,3,4,1,4,0,1,0,8.120642857142943,1,0,1,1
2025-07-08 01:00:00,3334.23,3336.971,3329.717,3334.844,10224,,,,,bull,1,bullish_engulfing,0,0,1,0,0,1,0,1,3,4,1,4,1,1,0,7.610142857142916,1,0,1,1
2025-07-08 02:00:00,3334.734,3338.035,3332.838,3334.459,7184,,,,,bull,5,doji,0,0,1,0,0,1,0,1,2,3,1,3,2,1,0,7.42257142857144,0,0,1,1
2025-07-08 03:00:00,3334.413,3335.477,3329.595,3331.469,5134,,,,,bull,0,none,0,0,0,0,0,1,0,0,2,2,0,2,3,1,0,6.960785714285748,0,0,1,1
2025-07-08 04:00:00,3331.416,3332.827,3327.305,3329.612,5294,,3327.305,,,bull,0,none,0,0,0,0,0,1,0,0,2,2,0,2,4,1,0,6.577428571428625,0,0,1,1
2025-07-08 05:00:00,3329.556,3336.596,3329.486,3334.061,5736,,,,,bull,1,bullish_engulfing,0,0,1,0,0,1,0,1,2,3,1,3,5,1,0,6.5102857142857635,0,0,1,1
2025-07-08 06:00:00,3334.07,3335.993,3330.784,3335.704,6748,,,↑,,bull,3,hammer,0,1,1,0,0,1,0,2,2,4,2,4,6,1,1,6.457928571428608,0,0,1,1
2025-07-08 07:00:00,3335.752,3339.5,3330.507,3333.915,7344,3339.5,,,,bull,2,bearish_engulfing,0,0,1,0,0,1,0,1,2,3,1,3,7,1,1,6.528214285714317,0,0,1,1
2025-07-08 08:00:00,3333.906,3333.906,3323.248,3323.687,9707,,,↓,↓,bear,0,none,0,1,0,0,0,1,0,1,3,4,1,4,8,1,1,6.684285714285742,1,0,1,1
2025-07-08 09:00:00,3323.612,3326.736,3321.088,3322.038,7548,,,↓,,bear,6,shooting_star,0,1,1,0,0,1,0,2,3,5,2,5,9,1,0,6.568642857142842,1,0,1,1
2025-07-08 10:00:00,3322.045,3327.1,3320.406,3324.621,5623,,,↓,,bear,7,morning_star,0,1,1,0,0,1,0,2,2,4,2,4,10,1,0,6.607714285714272,0,0,1,1
2025-07-08 11:00:00,3324.658,3327.509,3319.94,3324.971,6686,,,↓,,bear,5,doji,0,1,1,0,0,1,0,2,2,4,2,4,11,1,0,6.957357142857128,0,0,1,1
2025-07-08 12:00:00,3325.014,3329.864,3324.701,3328.206,7739,3329.864,,,,bear,0,none,0,0,0,0,0,1,0,0,3,3,0,3,12,1,0,6.662785714285682,1,0,1,1
2025-07-08 13:00:00,3328.242,3328.627,3314.758,3315.27,15619,,,↓,,bear,2,bearish_engulfing,0,1,1,0,0,1,0,2,3,5,2,5,13,1,0,7.20921428571426,1,0,1,1
2025-07-08 14:00:00,3315.236,3315.919,3294.284,3296.625,20634,,,↓,,bear,0,none,0,1,0,1,0,1,0,2,3,5,2,5,14,1,0,8.315142857142812,1,0,1,1
2025-07-08 15:00:00,3296.662,3300.322,3287.069,3298.241,15245,,3287.069,↓,,bear,0,none,1,1,0,0,1,1,0,2,4,6,2,6,15,1,0,8.743642857142829,1,0,1,1
2025-07-08 16:00:00,3298.249,3301.641,3295.938,3300.481,9863,,,↓,,bear,3,hammer,0,1,1,0,1,1,0,2,4,6,2,6,16,1,0,8.779785714285708,1,0,1,1
2025-07-08 17:00:00,3300.446,3310.426,3299.302,3306.352,13682,,,↓,,bear,0,none,0,1,0,0,0,1,0,1,3,4,1,4,17,1,0,9.15421428571426,1,0,1,1
2025-07-08 18:00:00,3306.304,3308.144,3300.601,3305.401,7239,,,↓,,bear,5,doji,0,1,1,0,0,1,0,2,2,4,2,4,18,1,0,9.298571428571352,0,0,1,1
2025-07-08 19:00:00,3305.438,3306.163,3302.379,3302.992,5398,,,↓,,bear,0,none,0,1,0,0,0,1,0,1,2,3,1,3,19,1,0,9.060999999999922,0,0,1,1
2025-07-08 20:00:00,3303.02,3303.776,3299.326,3301.488,3762,,,↓,,bear,0,none,0,1,0,0,1,1,0,1,3,4,1,4,20,1,0,9.006785714285636,0,0,1,1
2025-07-08 22:00:00,3303.13,3304.074,3300.335,3301.589,4012,,,↓,,bear,0,none,0,1,0,0,1,1,0,1,3,4,1,4,22,1,0,8.631499999999928,0,0,1,1
2025-07-08 23:00:00,3301.616,3303.916,3297.199,3302.277,6218,,,↓,,bear,5,doji,0,1,1,0,0,1,0,2,2,4,2,4,23,1,0,8.349357142857084,0,0,1,1
2025-07-09 00:00:00,3302.365,3308.003,3301.815,3307.156,7434,3308.003,,↓,,bear,0,none,1,1,0,0,0,1,0,2,2,4,2,4,0,2,0,8.387928571428542,0,0,1,1
2025-07-09 01:00:00,3307.109,3307.286,3299.262,3301.854,9244,,,↓,,bear,8,evening_star,0,1,1,0,1,1,0,2,4,6,2,6,1,2,0,8.482928571428536,1,0,1,1
2025-07-09 02:00:00,3301.818,3303.02,3286.336,3288.57,10428,,,↓,,bear,0,none,0,1,0,1,0,1,0,2,3,5,2,5,2,2,0,9.133999999999983,1,0,1,1
2025-07-09 03:00:00,3288.536,3294.76,3284.909,3293.276,8908,,3284.909,↓,,bear,0,none,1,1,0,0,0,1,0,2,2,4,2,4,3,2,0,9.468857142857132,0,0,1,1
2025-07-09 04:00:00,3293.244,3296.356,3291.192,3293.965,5120,,,↓,,bear,5,doji,0,1,1,0,0,1,0,2,2,4,2,4,4,2,0,8.847071428571423,0,0,1,1
2025-07-09 05:00:00,3293.898,3297.875,3288.964,3289.441,8184,,,↓,,bear,0,none,0,1,0,0,0,1,0,1,2,3,1,3,5,2,0,7.938214285714301,0,0,1,1
2025-07-09 06:00:00,3289.484,3292.758,3285.495,3292.194,9629,,,↓,,bear,3,hammer,0,1,1,0,0,1,0,2,3,5,2,5,6,2,0,7.510357142857141,1,0,1,1
2025-07-09 07:00:00,3292.266,3295.959,3288.279,3291.852,9923,,,↓,,bear,5,doji,0,1,1,0,0,1,0,2,3,5,2,5,7,2,0,7.651571428571417,1,0,1,1
2025-07-09 08:00:00,3291.822,3292.677,3282.626,3285.04,9172,,3282.626,↓,,bear,0,none,1,1,0,1,0,1,0,3,2,5,3,5,8,2,0,7.57492857142857,0,0,1,1
2025-07-09 09:00:00,3285.082,3290.399,3284.331,3289.173,7033,,,↓,,bear,0,none,0,1,0,0,0,1,0,1,2,3,1,3,9,2,0,7.469571428571434,0,0,1,1
2025-07-09 10:00:00,3289.128,3295.987,3288.197,3295.552,6216,,,↓,,bear,0,none,0,1,0,0,0,1,0,1,2,3,1,3,10,2,0,7.755714285714281,0,0,1,1
2025-07-09 11:00:00,3295.516,3295.934,3283.24,3284.936,7804,,,↓,,bear,0,none,0,1,0,1,0,1,0,2,2,4,2,4,11,2,0,8.344571428571466,0,0,1,1
2025-07-09 12:00:00,3284.969,3297.487,3284.969,3296.365,10137,,,↓,,bear,7,morning_star,0,1,1,0,0,1,0,2,3,5,2,5,12,2,0,8.97400000000003,1,0,1,1
2025-07-09 13:00:00,3296.329,3305.266,3291.888,3300.198,15108,,,↓,,bear,0,none,0,1,0,0,1,1,0,1,4,5,1,5,13,2,0,9.449785714285749,1,0,1,1
2025-07-09 14:00:00,3300.167,3312.916,3299.562,3312.275,12314,,,↑,↑,bull,0,none,0,1,0,0,0,1,0,1,3,4,1,4,14,2,0,9.961642857142904,1,0,1,1
2025-07-09 15:00:00,3312.311,3312.889,3306.327,3309.606,8036,,,↑,,bull,0,none,0,1,0,0,0,1,0,1,2,3,1,3,15,2,0,9.857214285714333,0,0,1,1
2025-07-09 16:00:00,3309.555,3313.324,3307.91,3311.88,5886,,,↑,,bull,0,none,0,1,0,0,0,1,0,1,2,3,1,3,16,2,0,9.052214285714333,0,0,1,1
2025-07-09 17:00:00,3311.906,3314.616,3308.07,3309.498,6007,,,↑,,bull,2,bearish_engulfing,0,1,1,0,0,1,0,2,2,4,2,4,17,2,0,8.816142857142884,0,0,1,1
2025-07-09 18:00:00,3309.574,3313.683,3308.081,3311.42,5544,,,↑,,bull,4,inverted_hammer,0,1,1,0,0,1,0,2,2,4,2,4,18,2,0,8.847428571428575,0,0,1,1
2025-07-09 19:00:00,3311.377,3316.874,3310.915,3315.605,5683,,,↑,,bull,0,none,0,1,0,0,0,1,0,1,2,3,1,3,19,2,0,8.636571428571415,0,0,1,1
2025-07-09 20:00:00,3315.645,3315.879,3311.59,3313.846,3360,,,↑,,bull,0,none,0,1,0,0,0,1,0,1,2,3,1,3,20,2,0,8.424142857142831,0,0,1,1
2025-07-09 22:00:00,3315.279,3321.176,3314.721,3319.464,3846,,,↑,,bull,0,none,0,1,0,1,0,1,0,2,2,4,2,4,22,2,0,8.399142857142838,0,0,1,1
2025-07-09 23:00:00,3319.471,3319.723,3315.675,3317.639,4004,,,↑,,bull,0,none,0,1,0,0,0,1,0,1,2,3,1,3,23,2,0,7.970357142857113,0,0,1,1
2025-07-10 00:00:00,3317.559,3321.964,3316.617,3317.746,7122,,,↑,,bull,0,none,0,1,0,0,0,1,0,1,2,3,1,3,0,3,0,7.918857142857113,0,0,1,1
2025-07-10 01:00:00,3317.708,3326.415,3316.401,3322.181,7824,3326.415,,↑,,bull,0,none,1,1,0,0,0,1,0,2,3,5,2,5,1,3,0,8.077714285714267,1,0,1,1
2025-07-10 02:00:00,3322.073,3323.679,3318.141,3319.174,5557,,,↑,,bull,0,none,0,1,0,0,0,1,0,1,2,3,1,3,2,3,0,7.566571428571381,0,0,1,1
2025-07-10 03:00:00,3319.216,3320.19,3315.362,3315.747,4903,,,↑,,bull,0,none,0,1,0,0,0,1,0,1,2,3,1,3,3,3,0,7.014928571428527,0,0,1,1
2025-07-10 04:00:00,3315.682,3322.56,3314.773,3322.139,4260,,3314.773,↑,,bull,1,bullish_engulfing,1,1,1,0,0,1,0,3,2,5,3,5,4,3,0,6.615571428571359,0,0,1,1
2025-07-10 05:00:00,3322.212,3325.053,3320.676,3321.308,5514,,,↑,,bull,6,shooting_star,0,1,1,0,0,1,0,2,2,4,2,4,5,3,0,5.974357142857051,0,0,1,1
2025-07-10 06:00:00,3321.149,3328.535,3320.902,3325.252,6515,,,↑,,bull,1,bullish_engulfing,0,1,1,1,0,1,0,3,2,5,3,5,6,3,0,6.050857142857045,0,0,1,1
2025-07-10 07:00:00,3325.211,3329.486,3319.867,3321.047,7106,,,↑,,bull,6,shooting_star,0,1,1,0,0,1,0,2,3,5,2,5,7,3,0,6.35121428571415,1,0,1,1
2025-07-10 08:00:00,3321.071,3330.124,3319.862,3328.633,5892,,,↑,,bull,0,none,0,1,0,1,0,1,0,2,2,4,2,4,8,3,0,6.616642857142714,0,0,1,1
2025-07-10 09:00:00,3328.575,3330.289,3323.203,3326.474,6384,,,↑,,bull,0,none,0,1,0,0,0,1,0,1,2,3,1,3,9,3,0,6.72264285714274,0,0,1,1
2025-07-10 10:00:00,3326.507,3328.719,3322.246,3325.3,6613,,,↑,,bull,0,none,0,1,0,0,0,1,0,1,3,4,1,4,10,3,1,6.759357142857035,1,0,1,1
2025-07-10 11:00:00,3325.341,3330.337,3318.331,3320.411,8592,3330.337,,↑,,bull,6,shooting_star,1,1,1,0,0,1,0,3,3,6,3,6,11,3,1,7.310571428571328,1,0,1,1
2025-07-10 12:00:00,3320.424,3326.089,3317.922,3323.783,9896,,,↑,,bull,0,none,0,1,0,0,0,1,0,1,3,4,1,4,12,3,1,7.370357142857041,1,0,1,1
2025-07-10 13:00:00,3323.746,3329.472,3311.935,3312.836,18035,,,↓,↓,bear,0,none,0,1,0,0,0,1,0,1,3,4,1,4,13,3,1,8.333857142857076,1,0,1,1
2025-07-10 14:00:00,3312.786,3321.585,3310.064,3314.931,13320,,3310.064,,,bear,0,none,0,0,0,0,0,1,0,0,3,3,0,3,14,3,1,8.774857142857106,1,0,1,1
2025-07-10 15:00:00,3314.967,3321.52,3314.558,3319.743,7246,,,,,bear,0,none,0,0,0,0,0,1,0,0,3,3,0,3,15,3,1,8.556857142857098,1,0,1,1
2025-07-10 16:00:00,3319.711,3320.003,3312.108,3315.138,6595,,,,,bear,0,none,0,0,0,0,0,1,0,0,2,2,0,2,16,3,1,8.72521428571424,0,0,1,1
2025-07-10 17:00:00,3315.016,3318.641,3314.649,3317.278,5637,,,,,bear,0,none,0,0,0,0,0,1,0,0,2,2,0,2,17,3,1,8.665499999999968,0,0,1,1
2025-07-10 18:00:00,3317.291,3321.854,3316.431,3321.513,5295,,,,,bear,0,none,0,0,0,0,0,1,0,0,2,2,0,2,18,3,1,8.496642857142822,0,0,1,1
2025-07-10 19:00:00,3321.551,3325.91,3321.363,3324.826,5506,,,,,bear,0,none,0,0,0,0,0,1,0,0,2,2,0,2,19,3,1,8.508785714285684,0,0,1,1
2025-07-10 20:00:00,3324.851,3325.316,3323.348,3324.489,3069,,,,,bear,0,none,0,0,0,0,0,1,0,0,2,2,0,2,20,3,1,8.104142857142831,0,0,1,1
2025-07-10 22:00:00,3325.207,3326.476,3321.84,3323.256,4774,,,,,bear,0,none,0,0,0,0,0,1,0,0,2,2,0,2,22,3,1,7.748214285714279,0,0,1,1
2025-07-10 23:00:00,3323.157,3326.401,3322.926,3323.808,3517,,,,,bear,4,inverted_hammer,0,0,1,0,0,1,0,1,2,3,1,3,23,3,1,7.2634285714285785,0,0,1,1
2025-07-11 00:00:00,3323.764,3336.154,3323.637,3330.627,10624,3336.154,,,,bear,0,none,0,0,0,0,0,1,0,0,3,3,0,3,0,4,1,7.651357142857121,1,0,1,1
2025-07-11 01:00:00,3330.58,3331.604,3325.25,3329.583,9516,,,,,bear,0,none,0,0,0,0,0,1,0,0,3,3,0,3,1,4,1,7.64285714285711,1,0,1,1
2025-07-11 02:00:00,3329.552,3334.992,3327.173,3332.62,6400,,,,,bear,1,bullish_engulfing,0,0,1,0,0,1,0,1,2,3,1,3,2,4,1,7.343785714285722,0,0,1,1
2025-07-11 03:00:00,3332.642,3336.006,3332.165,3333.765,4556,,,,,bear,4,inverted_hammer,0,0,1,1,0,1,0,2,2,4,2,4,3,4,1,7.03478571428572,0,0,1,1
2025-07-11 04:00:00,3333.757,3335.389,3329.517,3331.999,4580,,,,,bear,0,none,0,0,0,0,0,1,0,0,2,2,0,2,4,4,1,6.2015714285714365,0,0,1,1
2025-07-11 05:00:00,3331.964,3341.65,3331.964,3334.02,9163,,,,,bear,1,bullish_engulfing,0,0,1,0,0,1,0,1,3,4,1,4,5,4,1,6.070500000000005,1,0,1,1
2025-07-11 06:00:00,3334.051,3343.827,3332.12,3332.567,9296,3343.827,,,,bear,6,shooting_star,0,0,1,0,0,1,0,1,3,4,1,4,6,4,1,6.4094285714286015,1,0,1,1
2025-07-11 07:00:00,3332.52,3342.264,3331.086,3341.833,8569,,,↑,↑,bull,1,bullish_engulfing,0,1,1,1,0,1,0,3,3,6,3,6,7,4,1,6.643928571428627,1,0,1,1
2025-07-11 08:00:00,3341.789,3343.804,3332.867,3333.087,9388,,,,,bull,0,none,0,0,0,0,0,1,0,0,3,3,0,3,8,4,1,7.140000000000035,1,0,1,1
2025-07-11 09:00:00,3333.119,3340.0,3332.669,3339.449,6914,,,↑,,bull,0,none,0,1,0,0,0,1,0,1,2,3,1,3,9,4,1,7.276285714285775,0,0,1,1
2025-07-11 10:00:00,3339.486,3348.248,3339.486,3345.011,7465,,,↑,,bull,0,none,0,1,0,1,0,1,0,2,3,5,2,5,10,4,1,7.580000000000057,1,0,1,1
2025-07-11 11:00:00,3345.053,3350.305,3342.034,3347.507,8060,,,↑,,bull,0,none,0,1,0,1,0,1,0,2,3,5,2,5,11,4,1,8.030214285714335,1,0,1,1
2025-07-11 12:00:00,3347.526,3357.107,3344.356,3355.081,12761,,,↑,,bull,0,none,0,1,0,1,0,1,0,2,3,5,2,5,12,4,1,8.609857142857177,1,0,1,1
2025-07-11 13:00:00,3355.127,3359.228,3350.059,3351.916,19255,,,↑,,bull,6,shooting_star,0,1,1,0,1,1,0,2,4,6,2,6,13,4,1,9.016571428571458,1,0,1,1
2025-07-11 14:00:00,3351.889,3363.882,3350.231,3361.167,16719,,,↑,,bull,1,bullish_engulfing,0,1,1,1,0,1,0,3,3,6,3,6,14,4,1,9.09757142857146,1,0,1,1
2025-07-11 15:00:00,3361.124,3368.749,3356.854,3358.915,12115,3368.749,,↑,,bull,6,shooting_star,1,1,1,0,0,1,0,3,3,6,3,6,15,4,1,9.493357142857187,1,0,1,1
2025-07-11 16:00:00,3358.884,3359.717,3352.804,3353.809,8856,,,↑,,bull,0,none,0,1,0,0,0,1,0,1,3,4,1,4,16,4,1,9.428642857142872,1,0,1,1
2025-07-11 17:00:00,3353.779,3354.085,3349.185,3353.345,7225,,3349.185,↑,,bull,0,none,1,1,0,0,0,1,0,2,2,4,2,4,17,4,1,9.504285714285743,0,0,1,1
2025-07-11 18:00:00,3353.38,3358.482,3353.264,3356.101,5957,,,↑,,bull,7,morning_star,0,1,1,0,0,1,0,2,2,4,2,4,18,4,1,9.457571428571425,0,0,1,1
2025-07-11 19:00:00,3356.064,3359.802,3355.534,3356.411,5866,,,↑,,bull,0,none,0,1,0,0,0,1,0,1,2,3,1,3,19,4,1,9.070571428571416,0,0,1,1
2025-07-11 20:00:00,3356.459,3358.959,3353.594,3355.105,3730,,,↑,,bull,2,bearish_engulfing,0,1,1,0,0,1,0,2,2,4,2,4,20,4,1,8.617571428571377,0,0,1,1
2025-07-13 22:00:00,3361.295,3371.157,3359.658,3369.181,9673,,,↑,,bull,0,none,0,1,0,1,0,1,0,2,3,5,2,5,22,6,1,8.965714285714219,1,0,1,1
2025-07-13 23:00:00,3369.222,3374.044,3366.326,3367.772,8225,3374.044,,↑,,bull,6,shooting_star,1,1,1,0,0,1,0,3,2,5,3,5,23,6,1,8.735785714285644,0,0,1,1
2025-07-14 00:00:00,3367.731,3373.318,3364.916,3367.628,9213,,,↑,,bull,5,doji,0,1,1,0,0,1,0,2,3,5,2,5,0,0,1,8.812285714285638,1,0,1,1
2025-07-14 01:00:00,3367.582,3370.164,3356.993,3358.812,11599,,,↑,,bull,0,none,0,1,0,0,0,1,0,1,3,4,1,4,1,0,1,9.124571428571373,1,0,1,1
2025-07-14 02:00:00,3358.758,3359.583,3353.865,3357.393,7384,,,↑,,bull,0,none,0,1,0,0,0,1,0,1,2,3,1,3,2,0,1,8.942214285714272,0,0,1,1
2025-07-14 03:00:00,3357.435,3359.663,3355.41,3356.964,5637,,,↑,,bull,5,doji,0,1,1,0,0,1,0,2,2,4,2,4,3,0,1,8.3352142857143,0,0,1,1
2025-07-14 04:00:00,3356.952,3361.688,3353.735,3359.794,6410,,3353.735,↑,,bull,1,bullish_engulfing,1,1,1,0,0,1,0,3,2,5,3,5,4,0,1,8.248357142857165,0,0,1,1
2025-07-14 05:00:00,3359.742,3360.446,3353.738,3357.649,7352,,,↑,,bull,0,none,0,1,0,0,0,1,0,1,2,3,1,3,5,0,1,7.752428571428611,0,0,1,1
2025-07-14 06:00:00,3357.613,3369.697,3356.649,3368.882,8334,,,↑,,bull,1,bullish_engulfing,0,1,1,0,0,1,0,2,2,4,2,4,6,0,1,7.834785714285772,0,0,1,1
2025-07-14 07:00:00,3368.834,3375.078,3366.653,3371.948,9134,3375.078,,↑,,bull,4,inverted_hammer,1,1,1,1,0,1,0,4,2,6,4,6,7,0,1,7.942785714285784,0,0,1,1
2025-07-14 08:00:00,3371.956,3372.62,3365.324,3365.875,6985,,,↑,,bull,2,bearish_engulfing,0,1,1,0,0,1,0,2,2,4,2,4,8,0,1,8.113928571428621,0,0,1,1
2025-07-14 09:00:00,3365.973,3370.357,3364.034,3370.233,5640,,,↑,,bull,0,none,0,1,0,0,0,1,0,1,2,3,1,3,9,0,1,8.192857142857195,0,0,1,1
2025-07-14 10:00:00,3370.205,3374.647,3369.76,3372.015,6008,,,↑,,bull,4,inverted_hammer,0,1,1,1,0,1,0,3,2,5,3,5,10,0,1,8.237071428571458,0,0,1,1
2025-07-14 11:00:00,3372.02,3373.041,3363.917,3364.169,7047,,,↑,,bull,2,bearish_engulfing,0,1,1,0,0,1,0,2,2,4,2,4,11,0,1,8.505571428571491,0,0,1,1
2025-07-14 12:00:00,3364.192,3366.607,3349.319,3350.065,13000,,,↓,↓,bear,0,none,0,1,0,0,1,1,0,1,4,5,1,5,12,0,1,8.593857142857198,1,0,1,1
2025-07-14 13:00:00,3350.103,3359.073,3347.139,3355.266,13264,,,,,bear,0,none,0,0,0,0,0,1,0,0,3,3,0,3,13,0,1,8.895000000000048,1,0,1,1
2025-07-14 14:00:00,3355.19,3356.311,3340.954,3343.045,12947,,3340.954,↓,,bear,0,none,1,1,0,0,0,1,0,2,3,5,2,5,14,0,1,9.391785714285756,1,0,1,1
2025-07-14 15:00:00,3343.097,3349.77,3342.394,3345.105,8579,,,↓,,bear,4,inverted_hammer,0,1,1,0,0,1,0,2,3,5,2,5,15,0,1,8.977857142857179,1,0,1,1
2025-07-14 16:00:00,3345.044,3349.275,3343.082,3347.75,6334,,,↓,,bear,0,none,0,1,0,0,0,1,0,1,2,3,1,3,16,0,1,9.011785714285745,0,0,1,1
2025-07-14 17:00:00,3347.735,3351.678,3347.326,3351.044,5352,,,↓,,bear,0,none,0,1,0,0,1,1,0,1,3,4,1,4,17,0,1,9.018857142857152,0,0,1,1
2025-07-14 18:00:00,3351.026,3351.192,3347.899,3348.886,4396,,,↓,,bear,0,none,0,1,0,0,1,1,0,1,3,4,1,4,18,0,1,8.68600000000002,0,0,1,1
2025-07-14 19:00:00,3348.937,3350.486,3343.179,3344.125,5677,,,↓,,bear,0,none,0,1,0,1,0,1,0,2,2,4,2,4,19,0,1,8.728785714285712,0,0,1,1
2025-07-14 20:00:00,3344.103,3345.623,3341.217,3342.572,3566,,3341.217,↓,,bear,0,none,1,1,0,1,0,1,0,3,2,5,3,5,20,0,1,8.111499999999978,0,0,1,1
2025-07-14 22:00:00,3343.626,3345.72,3341.301,3345.72,2968,,,↓,,bear,3,hammer,0,1,1,0,0,1,0,2,2,4,2,4,22,0,1,7.825357142857099,0,0,1,1
2025-07-14 23:00:00,3345.733,3346.556,3343.945,3345.337,3261,,,↓,,bear,5,doji,0,1,1,0,0,1,0,2,2,4,2,4,23,0,1,7.490714285714246,0,0,1,1
2025-07-15 00:00:00,3345.299,3349.367,3344.758,3347.626,4606,,,↓,,bear,1,bullish_engulfing,0,1,1,0,0,1,0,2,2,4,2,4,0,1,1,7.368285714285711,0,0,1,1
2025-07-15 01:00:00,3347.597,3350.72,3345.969,3346.585,5887,,,↓,,bear,6,shooting_star,0,1,1,0,0,1,0,2,2,4,2,4,1,1,1,7.358571428571428,0,0,1,1
2025-07-15 02:00:00,3346.568,3352.03,3345.809,3350.97,6027,,,↓,,bear,1,bullish_engulfing,0,1,1,0,1,1,0,2,3,5,2,5,2,1,1,7.151214285714267,0,0,1,1
2025-07-15 03:00:00,3350.856,3358.334,3350.732,3357.841,5693,,,,,bear,0,none,0,0,0,0,0,1,0,0,2,2,0,2,3,1,1,6.4593571428571135,0,0,1,1
2025-07-15 04:00:00,3357.853,3361.426,3357.58,3360.241,4788,,,,,bear,0,none,0,0,0,0,0,1,0,0,2,2,0,2,4,1,1,5.881642857142846,0,0,1,1
2025-07-15 05:00:00,3360.232,3365.194,3360.232,3362.237,5253,,,,,bear,4,inverted_hammer,0,0,1,0,0,1,0,1,2,3,1,3,5,1,1,5.139142857142848,0,0,1,1
2025-07-15 06:00:00,3362.202,3364.155,3357.637,3358.079,7013,,,,,bear,0,none,0,0,0,0,0,1,0,0,3,3,0,3,6,1,1,5.077857142857121,1,0,1,1
2025-07-15 07:00:00,3358.189,3365.422,3357.47,3364.347,6611,,,,,bear,0,none,0,0,0,0,0,1,0,0,2,2,0,2,7,1,1,5.203499999999979,0,0,1,1
2025-07-15 08:00:00,3364.374,3365.629,3356.549,3361.025,8639,,,,,bear,0,none,0,0,0,0,0,1,0,0,3,3,0,3,8,1,1,5.541214285714269,1,0,1,1
2025-07-15 09:00:00,3361.06,3364.755,3358.623,3363.37,6907,,,,,bear,3,hammer,0,0,1,0,0,1,0,1,3,4,1,4,9,1,1,5.743999999999979,1,0,1,1
2025-07-15 10:00:00,3363.343,3366.356,3362.372,3364.474,941,,,,,bear,4,inverted_hammer,0,0,1,0,0,1,0,1,2,3,1,3,10,1,1,5.506642857142879,0,0,1,1
