datetime,open,high,low,close,volume,swing_high,swing_low,bos,choch,trend_state,pattern_code,candle_pattern,bias_bull.1,primary_score,secondary_score,total_confluence,score,num_confs,hour,dow,atr,conf_structure,conf_bos_or_choch,conf_candle,conf_sr_zone,conf_psych_level,conf_fib_zone,bias_bull
2025-07-08 04:15:00,3331.005,3331.425,3329.412,3329.866,907,,,,,bear,0,none,0,0,1,1,0,1,4,1,2.0130000000003747,0,0,0,0,0,1,0
2025-07-08 04:30:00,3329.824,3331.506,3329.179,3330.44,1848,,,,,bear,0,none,0,0,1,1,0,1,4,1,2.1700000000000728,0,0,0,0,0,1,0
2025-07-08 04:45:00,3330.493,3330.765,3327.305,3329.612,1400,,3327.305,,,bear,2,bearish_engulfing,0,2,1,3,2,3,4,1,2.6000000000000605,1,0,1,0,0,1,0
2025-07-08 05:00:00,3329.556,3333.646,3329.486,3333.637,1337,,,,,bear,1,bullish_engulfing,0,1,1,2,1,2,5,1,2.990000000000123,0,0,1,0,0,1,0
2025-07-08 05:15:00,3333.663,3336.564,3333.406,3335.647,1305,,,,,bear,0,none,0,0,1,1,0,1,5,1,3.0236000000000787,0,0,0,0,0,1,0
2025-07-08 05:30:00,3335.736,3336.596,3334.181,3334.534,1632,3336.596,,,,bear,0,none,0,2,1,3,2,3,5,1,2.922166666666726,1,0,0,1,0,1,0
2025-07-08 05:45:00,3334.491,3336.183,3333.415,3334.061,1462,,,,,bear,0,none,0,1,1,2,1,2,5,1,2.9001428571429124,0,0,0,1,0,1,0
2025-07-08 06:00:00,3334.07,3335.144,3331.196,3332.201,1976,,,,,bear,0,none,0,1,1,2,1,2,6,1,3.0311250000000314,0,0,0,1,0,1,0
2025-07-08 06:15:00,3332.192,3334.979,3330.784,3334.588,1815,,3330.784,,,bear,1,bullish_engulfing,0,3,1,4,3,4,6,1,3.16044444444444,1,0,1,1,0,1,0
2025-07-08 06:30:00,3334.624,3335.059,3333.34,3334.067,1467,,,,,bear,0,none,0,1,1,2,1,2,6,1,3.016300000000001,0,0,0,1,0,1,0
2025-07-08 06:45:00,3334.097,3335.993,3332.59,3335.704,1490,,,,,bear,0,none,0,0,1,1,0,1,6,1,3.0514545454545274,0,0,0,0,0,1,0
2025-07-08 07:00:00,3335.752,3339.5,3335.717,3337.992,2148,3339.5,,↑,↑,bull,0,none,0,2,1,3,2,3,7,1,3.1134999999999686,1,1,0,0,0,1,0
2025-07-08 07:15:00,3338.03,3338.323,3332.745,3333.136,1675,,,,,bull,2,bearish_engulfing,0,2,1,3,2,3,7,1,3.303076923076892,0,0,1,1,0,1,0
2025-07-08 07:30:00,3333.101,3333.689,3330.507,3332.715,1650,,,,,bull,0,none,0,0,1,1,0,1,7,1,3.294428571428528,0,0,0,0,0,1,0
2025-07-08 07:45:00,3332.706,3335.536,3332.107,3333.915,1871,,,,,bull,1,bullish_engulfing,0,2,1,3,2,3,7,1,3.3955714285713645,0,0,1,1,0,1,0
2025-07-08 08:00:00,3333.906,3333.906,3326.109,3327.905,3233,,,,,bull,0,none,0,0,1,1,0,1,8,1,3.7869285714285263,0,0,0,0,0,1,0
2025-07-08 08:15:00,3327.936,3329.017,3324.517,3328.499,2294,,,,,bull,3,hammer,0,2,1,3,2,3,8,1,3.861214285714238,0,0,1,1,0,1,0
2025-07-08 08:30:00,3328.557,3329.623,3325.673,3326.491,2134,,,,,bull,2,bearish_engulfing,0,1,1,2,1,2,8,1,3.8462142857142356,0,0,1,0,0,1,0
2025-07-08 08:45:00,3326.568,3327.13,3323.248,3323.687,2046,,,,,bull,0,none,0,0,1,1,0,1,8,1,3.8979285714285328,0,0,0,0,0,1,0
2025-07-08 09:00:00,3323.612,3325.453,3322.851,3324.39,1868,,,,,bull,0,none,0,1,1,2,1,2,9,1,3.9112857142856683,0,0,0,1,0,1,0
2025-07-08 09:15:00,3324.366,3326.736,3323.122,3324.745,2075,,,,,bull,3,hammer,0,2,1,3,2,3,9,1,3.97171428571424,0,0,1,1,0,1,0
2025-07-08 09:30:00,3324.739,3326.198,3321.657,3324.206,1867,,,,,bull,0,none,0,1,1,2,1,2,9,1,4.014071428571372,0,0,0,1,0,1,0
2025-07-08 09:45:00,3324.205,3324.825,3321.088,3322.038,1738,,,,,bull,0,none,0,0,1,1,0,1,9,1,3.9813571428570804,0,0,0,0,0,1,0
2025-07-08 10:00:00,3322.045,3324.947,3321.824,3323.885,1506,,,,,bull,0,none,0,1,1,2,1,2,10,1,4.0816428571427945,0,0,0,1,0,1,0
2025-07-08 10:15:00,3323.885,3324.195,3320.406,3323.302,1540,,3320.406,,,bull,0,none,0,2,1,3,2,3,10,1,4.109214285714253,1,0,0,1,0,1,0
2025-07-08 10:30:00,3323.337,3326.157,3322.524,3325.646,1308,,,,,bull,0,none,0,0,1,1,0,1,10,1,4.0975714285714275,0,0,0,0,0,1,0
2025-07-08 10:45:00,3325.641,3327.1,3324.497,3324.621,1269,,,,,bull,0,none,0,1,1,2,1,2,10,1,3.885071428571434,0,0,0,1,0,1,0
2025-07-08 11:00:00,3324.658,3325.487,3323.395,3324.195,1324,,,,,bull,0,none,0,1,1,2,1,2,11,1,3.807214285714313,0,0,0,1,0,1,0
2025-07-08 11:15:00,3324.152,3327.509,3323.106,3324.908,1610,,,,,bull,1,bullish_engulfing,0,2,1,3,2,3,11,1,3.8767857142857207,0,0,1,1,0,1,0
2025-07-08 11:30:00,3324.807,3326.021,3319.94,3321.002,1874,,3319.94,,,bull,0,none,0,1,1,2,1,2,11,1,3.7535714285714414,1,0,0,0,0,1,0
2025-07-08 11:45:00,3321.028,3325.158,3320.428,3324.971,1878,,,,,bull,0,none,0,1,1,2,1,2,11,1,3.7700000000000142,0,0,0,1,0,1,0
2025-07-08 12:00:00,3325.014,3329.568,3324.701,3329.309,2299,,,,,bull,0,none,0,0,1,1,0,1,12,1,3.835500000000008,0,0,0,0,0,1,0
2025-07-08 12:15:00,3329.298,3329.729,3325.265,3327.29,2245,,,,,bull,0,none,0,1,1,2,1,2,12,1,3.8770714285714285,0,0,0,1,0,1,0
2025-07-08 12:30:00,3327.317,3329.864,3326.199,3326.286,1620,3329.864,,,,bull,0,none,0,2,1,3,2,3,12,1,3.953000000000007,1,0,0,1,0,1,0
2025-07-08 12:45:00,3326.249,3328.755,3325.92,3328.206,1575,,,,,bull,1,bullish_engulfing,0,2,1,3,2,3,12,1,3.89735714285715,0,0,1,1,0,1,0
2025-07-08 13:00:00,3328.242,3328.627,3320.17,3322.338,3014,,,,,bull,2,bearish_engulfing,0,1,1,2,1,2,13,1,4.177071428571447,0,0,1,0,0,1,0
2025-07-08 13:15:00,3322.283,3326.303,3318.954,3325.555,3280,,,,,bull,0,none,0,1,1,2,1,2,13,1,4.435071428571454,0,0,0,1,0,1,0
2025-07-08 13:30:00,3325.588,3326.939,3321.077,3321.723,4472,,,,,bull,2,bearish_engulfing,0,1,1,2,1,2,13,1,4.630714285714281,0,0,1,0,0,1,0
2025-07-08 13:45:00,3321.687,3322.483,3314.758,3315.27,4853,,,↓,↓,bear,0,none,0,1,1,2,1,2,13,1,4.911857142857149,0,1,0,0,0,1,0
2025-07-08 14:00:00,3315.236,3315.919,3305.23,3306.052,5032,,,↓,,bear,0,none,0,1,1,2,1,2,14,1,5.415857142857119,0,1,0,0,0,1,0
2025-07-08 14:15:00,3306.114,3307.687,3300.719,3304.983,5455,,,↓,,bear,0,none,0,1,1,2,1,2,14,1,5.7276428571428175,0,1,0,0,0,1,0
2025-07-08 14:30:00,3305.02,3305.02,3295.04,3297.725,5444,,,↓,,bear,0,none,0,1,1,2,1,2,14,1,6.291071428571383,0,1,0,0,0,1,0
2025-07-08 14:45:00,3297.692,3299.443,3294.284,3296.625,4703,,,↓,,bear,0,none,0,1,1,2,1,2,14,1,6.345071428571406,0,1,0,0,0,1,0
2025-07-08 15:00:00,3296.662,3298.436,3287.069,3291.423,5699,,3287.069,↓,,bear,0,none,0,2,1,3,2,3,15,1,6.722642857142838,1,1,0,0,0,1,0
2025-07-08 15:15:00,3291.47,3297.403,3288.906,3296.522,4299,,,↓,,bear,0,none,0,2,1,3,2,3,15,1,6.991714285714254,0,1,0,1,0,1,0
2025-07-08 15:30:00,3296.597,3297.949,3294.747,3297.06,2994,,,↓,,bear,3,hammer,0,3,1,4,3,4,15,1,6.872785714285685,0,1,1,1,0,1,0
2025-07-08 15:45:00,3297.016,3300.322,3296.972,3298.241,2253,,,↓,,bear,0,none,0,1,1,2,1,2,15,1,6.793214285714255,0,1,0,0,0,1,0
2025-07-08 16:00:00,3298.249,3299.38,3296.679,3297.506,2084,,,↓,,bear,0,none,0,2,1,3,2,3,16,1,6.724357142857116,0,1,0,1,0,1,0
2025-07-08 16:15:00,3297.414,3301.335,3296.415,3300.018,2028,,,↓,,bear,1,bullish_engulfing,0,2,1,3,2,3,16,1,6.87328571428569,0,1,1,0,0,1,0
2025-07-08 16:30:00,3299.975,3300.173,3295.938,3298.001,2553,,3295.938,↓,,bear,0,none,0,3,1,4,3,4,16,1,6.571714285714246,1,1,0,1,0,1,0
2025-07-08 16:45:00,3298.043,3301.641,3296.053,3300.481,3198,,,↓,,bear,0,none,0,1,1,2,1,2,16,1,6.445928571428567,0,1,0,0,0,1,0
2025-07-08 17:00:00,3300.446,3306.993,3299.302,3304.165,4489,,,↓,,bear,0,none,0,1,1,2,1,2,17,1,6.5765714285714365,0,1,0,0,0,1,0
2025-07-08 17:15:00,3304.125,3310.426,3303.584,3308.053,4171,3310.426,,↓,,bear,0,none,0,2,1,3,2,3,17,1,6.513499999999989,1,1,0,0,0,1,0
2025-07-08 17:30:00,3308.088,3308.984,3305.875,3306.243,2638,,,↓,,bear,0,none,0,2,1,3,2,3,17,1,5.972071428571423,0,1,0,1,0,1,0
2025-07-08 17:45:00,3306.287,3307.719,3304.458,3306.352,2384,,,↓,,bear,3,hammer,0,3,1,4,3,4,17,1,5.707285714285717,0,1,1,1,0,1,0
2025-07-08 18:00:00,3306.304,3308.144,3304.905,3304.973,1842,,,↓,,bear,0,none,0,2,1,3,2,3,18,1,5.225785714285686,0,1,0,1,0,1,0
2025-07-08 18:15:00,3304.98,3306.253,3300.631,3301.619,2274,,,↓,,bear,0,none,0,1,1,2,1,2,18,1,5.258857142857129,0,1,0,0,0,1,0
2025-07-08 18:30:00,3301.636,3305.35,3300.601,3304.674,1648,,3300.601,↓,,bear,0,none,0,3,1,4,3,4,18,1,4.786142857142814,1,1,0,1,0,1,0
2025-07-08 18:45:00,3304.639,3306.779,3304.639,3305.401,1475,,,↓,,bear,0,none,0,2,1,3,2,3,18,1,4.332071428571388,0,1,0,1,0,1,0
2025-07-08 19:00:00,3305.438,3306.163,3302.88,3304.002,1326,,,↓,,bear,2,bearish_engulfing,0,3,1,4,3,4,19,1,4.33785714285708,0,1,1,1,0,1,0
2025-07-08 19:15:00,3304.034,3304.469,3303.247,3303.415,1235,,,↓,,bear,0,none,0,2,1,3,2,3,19,1,4.185857142857101,0,1,0,1,0,1,0
2025-07-08 19:30:00,3303.418,3305.103,3303.354,3304.947,1208,,,↓,,bear,0,none,0,2,1,3,2,3,19,1,4.117857142857117,0,1,0,1,0,1,0
2025-07-08 19:45:00,3304.982,3305.845,3302.379,3302.992,1629,,,↓,,bear,2,bearish_engulfing,0,2,1,3,2,3,19,1,4.013999999999961,0,1,1,0,0,1,0
2025-07-08 20:00:00,3303.02,3303.776,3301.366,3303.468,1124,,,↓,,bear,3,hammer,0,3,1,4,3,4,20,1,3.8836428571428314,0,1,1,1,0,1,0
2025-07-08 20:15:00,3303.464,3303.58,3302.101,3302.214,858,,,↓,,bear,0,none,0,1,1,2,1,2,20,1,3.5901428571428045,0,1,0,0,0,1,0
2025-07-08 20:30:00,3302.195,3302.911,3300.855,3301.627,840,,,↓,,bear,0,none,0,1,1,2,1,2,20,1,3.1876428571428215,0,1,0,0,0,1,0
2025-07-08 20:45:00,3301.618,3301.914,3299.326,3301.488,940,,3299.326,↓,,bear,5,doji,0,3,1,4,3,4,20,1,2.8837857142856853,1,1,1,0,0,1,0
2025-07-08 22:00:00,3303.13,3304.074,3302.1,3303.682,826,3304.074,,↓,,bear,0,none,0,2,1,3,2,3,22,1,2.846428571428565,1,1,0,0,0,1,0
2025-07-08 22:15:00,3303.599,3304.052,3300.556,3301.729,1130,,,↓,,bear,0,none,0,2,1,3,2,3,22,1,2.8632142857142884,0,1,0,1,0,1,0
2025-07-08 22:30:00,3301.733,3302.827,3300.917,3301.758,1187,,,↓,,bear,3,hammer,0,3,1,4,3,4,22,1,2.7682857142857693,0,1,1,1,0,1,0
2025-07-08 22:45:00,3301.716,3302.274,3300.335,3301.589,869,,,↓,,bear,5,doji,0,3,1,4,3,4,22,1,2.5052142857143087,0,1,1,1,0,1,0
2025-07-08 23:00:00,3301.616,3303.624,3300.974,3303.263,1485,,,↓,,bear,0,none,0,2,1,3,2,3,23,1,2.3552857142857255,0,1,0,1,0,1,0
2025-07-08 23:15:00,3303.272,3303.916,3301.346,3301.362,1073,,,↓,,bear,2,bearish_engulfing,0,2,1,3,2,3,23,1,2.386000000000032,0,1,1,0,0,1,0
2025-07-08 23:30:00,3301.385,3301.385,3297.199,3298.276,1695,,3297.199,↓,,bear,0,none,0,2,1,3,2,3,23,1,2.45050000000005,1,1,0,0,0,1,0
2025-07-08 23:45:00,3298.208,3302.715,3297.311,3302.277,1965,,,↓,,bear,1,bullish_engulfing,0,3,1,4,3,4,23,1,2.7492142857143205,0,1,1,1,0,1,0
2025-07-09 00:00:00,3302.365,3308.003,3301.815,3305.018,2959,3308.003,,↑,↑,bull,0,none,0,2,1,3,2,3,0,2,3.0662857142857383,1,1,0,0,0,1,0
2025-07-09 00:15:00,3305.033,3306.429,3303.421,3304.738,1590,,,↑,,bull,5,doji,0,3,1,4,3,4,0,2,3.0335714285714794,0,1,1,1,0,1,0
2025-07-09 00:30:00,3304.735,3306.508,3304.15,3305.879,1571,,,↑,,bull,1,bullish_engulfing,0,2,1,3,2,3,0,2,3.029857142857184,0,1,1,0,0,1,0
2025-07-09 00:45:00,3305.949,3307.156,3305.197,3307.156,1314,,,↑,,bull,0,none,0,1,1,2,1,2,0,2,3.0641428571428997,0,1,0,0,0,1,0
2025-07-09 01:00:00,3307.109,3307.109,3301.138,3302.937,2766,,,,,bull,0,none,0,1,1,2,1,2,1,2,3.3471428571428987,0,0,0,1,0,1,0
2025-07-09 01:15:00,3302.897,3307.206,3302.386,3306.177,2096,,,↑,,bull,0,none,0,2,1,3,2,3,1,2,3.506571428571468,0,1,0,1,0,1,0
2025-07-09 01:30:00,3306.262,3307.286,3303.34,3303.553,1970,3307.286,,,,bull,0,none,0,2,1,3,2,3,1,2,3.6037142857143016,1,0,0,1,0,1,0
2025-07-09 01:45:00,3303.541,3303.541,3299.262,3301.854,2412,,,,,bull,0,none,0,0,1,1,0,1,1,2,3.6604999999999888,0,0,0,0,0,1,0
2025-07-09 02:00:00,3301.818,3302.855,3299.644,3301.144,2162,,,,,bull,0,none,0,0,1,1,0,1,2,2,3.753428571428555,0,0,0,0,0,1,0
2025-07-09 02:15:00,3301.031,3302.792,3298.635,3302.588,1869,,,,,bull,1,bullish_engulfing,0,2,1,3,2,3,2,2,3.911857142857116,0,0,1,1,0,1,0
2025-07-09 02:30:00,3302.569,3303.02,3294.119,3294.415,2435,,,,,bull,0,none,0,0,1,1,0,1,2,2,4.35835714285713,0,0,0,0,0,1,0
2025-07-09 02:45:00,3294.386,3294.386,3286.336,3288.57,3962,,,,,bull,0,none,0,0,1,1,0,1,2,2,4.751857142857132,0,0,0,0,0,1,0
2025-07-09 03:00:00,3288.536,3293.407,3284.909,3293.101,3595,,3284.909,,,bull,0,none,0,2,1,3,2,3,3,2,5.059857142857124,1,0,0,1,0,1,0
2025-07-09 03:15:00,3293.102,3294.202,3289.848,3292.161,2518,,,,,bull,0,none,0,1,1,2,1,2,3,2,4.984857142857144,0,0,0,1,0,1,0
2025-07-09 03:30:00,3292.141,3293.555,3289.874,3293.065,1604,,,,,bull,3,hammer,0,2,1,3,2,3,3,2,4.805785714285711,0,0,1,1,0,1,0
2025-07-09 03:45:00,3293.168,3294.76,3292.752,3293.276,1191,,,,,bull,3,hammer,0,2,1,3,2,3,3,2,4.73435714285714,0,0,1,1,0,1,0
2025-07-09 04:00:00,3293.244,3295.809,3291.192,3295.633,1777,,,,,bull,0,none,0,0,1,1,0,1,4,2,4.895714285714315,0,0,0,0,0,1,0
2025-07-09 04:15:00,3295.656,3296.131,3294.742,3295.684,915,,,,,bull,3,hammer,0,1,1,2,1,2,4,2,4.855000000000018,0,0,1,0,0,1,0
2025-07-09 04:30:00,3295.666,3296.304,3294.571,3295.705,1206,,,,,bull,3,hammer,0,1,1,2,1,2,4,2,4.5489285714286,0,0,1,0,0,1,0
2025-07-09 04:45:00,3295.661,3296.356,3293.86,3293.965,1222,,,,,bull,0,none,0,1,1,2,1,2,4,2,4.382928571428595,0,0,0,1,0,1,0
2025-07-09 05:00:00,3293.898,3297.875,3292.31,3296.184,1940,3297.875,,,,bull,1,bullish_engulfing,0,2,1,3,2,3,5,2,4.498571428571462,1,0,1,0,0,1,0
2025-07-09 05:15:00,3296.219,3297.025,3291.816,3292.364,1623,,,,,bull,2,bearish_engulfing,0,1,1,2,1,2,5,2,4.564142857142932,0,0,1,0,0,1,0
2025-07-09 05:30:00,3292.363,3294.337,3290.291,3293.101,2500,,,,,bull,3,hammer,0,2,1,3,2,3,5,2,4.623785714285759,0,0,1,1,0,1,0
2025-07-09 05:45:00,3293.125,3293.495,3288.964,3289.441,2121,,,,,bull,2,bearish_engulfing,0,1,1,2,1,2,5,2,4.650500000000063,0,0,1,0,0,1,0
2025-07-09 06:00:00,3289.484,3291.286,3287.441,3287.969,2345,,,,,bull,0,none,0,0,1,1,0,1,6,2,4.289357142857235,0,0,0,0,0,1,0
2025-07-09 06:15:00,3288.021,3289.765,3285.751,3287.469,2387,,,,,bull,0,none,0,0,1,1,0,1,6,2,3.999000000000056,0,0,0,0,0,1,0
2025-07-09 06:30:00,3287.502,3291.677,3285.495,3289.318,2519,,3285.495,,,bull,0,none,0,2,1,3,2,3,6,2,3.833571428571499,1,0,0,1,0,1,0
2025-07-09 06:45:00,3289.364,3292.758,3288.931,3292.194,2378,,,,,bull,0,none,0,1,1,2,1,2,6,2,3.795928571428606,0,0,0,1,0,1,0
2025-07-09 07:00:00,3292.266,3293.743,3289.958,3291.581,2188,,,,,bull,0,none,0,1,1,2,1,2,7,2,3.803357142857164,0,0,0,1,0,1,0
2025-07-09 07:15:00,3291.611,3294.14,3290.572,3290.665,2360,,,,,bull,0,none,0,1,1,2,1,2,7,2,3.914785714285699,0,0,0,1,0,1,0
2025-07-09 07:30:00,3290.766,3293.86,3288.279,3291.916,2626,,,,,bull,3,hammer,0,2,1,3,2,3,7,2,3.9836428571428377,0,0,1,1,0,1,0
2025-07-09 07:45:00,3291.961,3295.959,3290.499,3291.852,2749,3295.959,,,,bull,5,doji,0,3,1,4,3,4,7,2,4.274428571428579,1,0,1,1,0,1,0
2025-07-09 08:00:00,3291.822,3292.677,3288.519,3289.109,2450,,,,,bull,0,none,0,0,1,1,0,1,8,2,4.447642857142877,0,0,0,0,0,1,0
2025-07-09 08:15:00,3289.079,3289.588,3284.325,3285.935,2515,,,,,bull,0,none,0,0,1,1,0,1,8,2,4.645285714285754,0,0,0,0,0,1,0
2025-07-09 08:30:00,3285.868,3286.995,3282.626,3286.992,2147,,3282.626,,,bull,3,hammer,0,3,1,4,3,4,8,2,4.559857142857156,1,0,1,1,0,1,0
2025-07-09 08:45:00,3287.037,3289.563,3284.484,3285.04,2060,,,↓,↓,bear,2,bearish_engulfing,0,2,1,3,2,3,8,2,4.550571428571435,0,1,1,0,0,1,0
2025-07-09 09:00:00,3285.082,3288.943,3284.331,3288.354,2009,,,,,bear,0,none,0,1,1,2,1,2,9,2,4.591000000000024,0,0,0,1,0,1,0
2025-07-09 09:15:00,3288.347,3290.265,3288.052,3288.092,1899,,,,,bear,0,none,0,1,1,2,1,2,9,2,4.425428571428581,0,0,0,1,0,1,0
2025-07-09 09:30:00,3288.064,3290.399,3287.834,3288.762,1525,,,,,bear,1,bullish_engulfing,0,1,1,2,1,2,9,2,4.333999999999995,0,0,1,0,0,1,0
2025-07-09 09:45:00,3288.751,3289.879,3287.549,3289.173,1600,,,,,bear,3,hammer,0,1,1,2,1,2,9,2,4.213714285714299,0,0,1,0,0,1,0
2025-07-09 10:00:00,3289.128,3292.164,3288.906,3289.345,1593,,,,,bear,4,inverted_hammer,0,1,1,2,1,2,10,2,4.0048571428571575,0,0,1,0,0,1,0
2025-07-09 10:15:00,3289.359,3290.923,3288.197,3290.195,1333,,,,,bear,0,none,0,0,1,1,0,1,10,2,3.9262142857142925,0,0,0,0,0,1,0
2025-07-09 10:30:00,3290.263,3295.575,3290.263,3294.757,1766,,,,,bear,0,none,0,0,1,1,0,1,10,2,4.0401428571428495,0,0,0,0,0,1,0
2025-07-09 10:45:00,3294.719,3295.987,3293.757,3295.552,1524,3295.987,,,,bear,0,none,0,1,1,2,1,2,10,2,3.94457142857144,1,0,0,0,0,1,0
2025-07-09 11:00:00,3295.516,3295.934,3293.112,3293.112,1668,,,,,bear,0,none,0,1,1,2,1,2,11,2,3.7475000000000103,0,0,0,1,0,1,0
2025-07-09 11:15:00,3293.16,3293.448,3287.767,3287.79,2085,,,,,bear,0,none,0,0,1,1,0,1,11,2,3.763285714285725,0,0,0,0,0,1,0
2025-07-09 11:30:00,3287.769,3289.257,3285.351,3286.425,2185,,,,,bear,0,none,0,0,1,1,0,1,11,2,3.745285714285696,0,0,0,0,0,1,0
2025-07-09 11:45:00,3286.425,3286.655,3283.24,3284.936,1866,,3283.24,↓,,bear,0,none,0,2,1,3,2,3,11,2,3.613285714285699,1,1,0,0,0,1,0
2025-07-09 12:00:00,3284.969,3291.747,3284.969,3291.508,2506,,,,,bear,0,none,0,1,1,2,1,2,12,2,3.7877142857142707,0,0,0,1,0,1,0
2025-07-09 12:15:00,3291.505,3293.256,3288.011,3290.843,2871,,,,,bear,0,none,0,1,1,2,1,2,12,2,3.7995714285713933,0,0,0,1,0,1,0
2025-07-09 12:30:00,3290.857,3295.552,3290.714,3293.451,2500,,,,,bear,0,none,0,0,1,1,0,1,12,2,3.8157142857142583,0,0,0,0,0,1,0
2025-07-09 12:45:00,3293.43,3297.487,3292.899,3296.365,2260,,,↑,↑,bull,0,none,0,1,1,2,1,2,12,2,3.985357142857148,0,1,0,0,0,1,0
2025-07-09 13:00:00,3296.329,3299.056,3294.617,3298.05,3027,,,↑,,bull,0,none,0,1,1,2,1,2,13,2,4.119214285714277,0,1,0,0,0,1,0
2025-07-09 13:15:00,3298.022,3299.514,3294.586,3295.657,2440,,,,,bull,0,none,0,1,1,2,1,2,13,2,4.304785714285734,0,0,0,1,0,1,0
2025-07-09 13:30:00,3295.617,3299.019,3291.888,3296.196,4840,,3291.888,↑,,bull,3,hammer,0,4,1,5,4,5,13,2,4.581428571428562,1,1,1,1,0,1,0
2025-07-09 13:45:00,3296.153,3305.266,3293.155,3300.198,4801,,,↑,,bull,0,none,0,1,1,2,1,2,13,2,5.251785714285721,0,1,0,0,0,1,0
2025-07-09 14:00:00,3300.167,3306.529,3299.562,3306.004,3565,,,↑,,bull,0,none,0,1,1,2,1,2,14,2,5.365142857142895,0,1,0,0,0,1,0
2025-07-09 14:15:00,3305.891,3308.928,3305.032,3307.122,3519,,,↑,,bull,0,none,0,1,1,2,1,2,14,2,5.484142857142875,0,1,0,0,0,1,0
2025-07-09 14:30:00,3307.098,3312.475,3306.703,3310.735,2959,,,↑,,bull,0,none,0,1,1,2,1,2,14,2,5.694857142857147,0,1,0,0,0,1,0
2025-07-09 14:45:00,3310.701,3312.916,3308.867,3312.275,2271,3312.916,,↑,,bull,0,none,0,2,1,3,2,3,14,2,5.578285714285714,1,1,0,0,0,1,0
2025-07-09 15:00:00,3312.311,3312.889,3307.472,3308.199,2295,,,↑,,bull,2,bearish_engulfing,0,3,1,4,3,4,15,2,5.686214285714284,0,1,1,1,0,1,0
2025-07-09 15:15:00,3308.081,3310.05,3307.149,3308.52,1985,,,↑,,bull,3,hammer,0,3,1,4,3,4,15,2,5.649499999999989,0,1,1,1,0,1,0
2025-07-09 15:30:00,3308.572,3309.954,3306.327,3308.939,1930,,3306.327,↑,,bull,3,hammer,0,4,1,5,4,5,15,2,5.422071428571436,1,1,1,1,0,1,0
2025-07-09 15:45:00,3308.974,3310.742,3307.066,3309.606,1826,,,↑,,bull,3,hammer,0,3,1,4,3,4,15,2,5.310000000000043,0,1,1,1,0,1,0
2025-07-09 16:00:00,3309.555,3311.978,3307.91,3310.885,1823,,,↑,,bull,0,none,0,2,1,3,2,3,16,2,5.255000000000044,0,1,0,1,0,1,0
2025-07-09 16:15:00,3310.928,3312.004,3310.351,3311.467,1377,,,↑,,bull,0,none,0,1,1,2,1,2,16,2,5.045357142857158,0,1,0,0,0,1,0
2025-07-09 16:30:00,3311.432,3312.867,3310.982,3311.323,1342,,,↑,,bull,5,doji,0,3,1,4,3,4,16,2,4.862928571428613,0,1,1,1,0,1,0
2025-07-09 16:45:00,3311.285,3313.324,3311.102,3311.88,1344,,,↑,,bull,1,bullish_engulfing,0,2,1,3,2,3,16,2,4.66964285714289,0,1,1,0,0,1,0
2025-07-09 17:00:00,3311.906,3314.616,3309.698,3314.209,1677,3314.616,,↑,,bull,0,none,0,2,1,3,2,3,17,2,4.51157142857148,1,1,0,0,0,1,0
2025-07-09 17:15:00,3314.256,3314.336,3311.521,3312.395,1412,,,↑,,bull,0,none,0,2,1,3,2,3,17,2,3.84757142857146,0,1,0,1,0,1,0
2025-07-09 17:30:00,3312.357,3313.001,3309.899,3310.577,1663,,,↑,,bull,0,none,0,1,1,2,1,2,17,2,3.571500000000047,0,1,0,0,0,1,0
2025-07-09 17:45:00,3310.645,3311.453,3308.07,3309.498,1255,,3308.07,↑,,bull,0,none,0,2,1,3,2,3,17,2,3.5348571428571955,1,1,0,0,0,1,0
2025-07-09 18:00:00,3309.574,3311.248,3308.081,3310.509,1513,,,↑,,bull,0,none,0,2,1,3,2,3,18,2,3.3487857142857655,0,1,0,1,0,1,0
2025-07-09 18:15:00,3310.501,3313.683,3310.383,3311.731,1425,,,↑,,bull,0,none,0,2,1,3,2,3,18,2,3.29528571428578,0,1,0,1,0,1,0
2025-07-09 18:30:00,3311.763,3312.541,3310.293,3311.192,1195,,,↑,,bull,0,none,0,2,1,3,2,3,18,2,3.0689285714286467,0,1,0,1,0,1,0
2025-07-09 18:45:00,3311.193,3313.558,3310.128,3311.42,1411,,,↑,,bull,3,hammer,0,3,1,4,3,4,18,2,3.1067142857143284,0,1,1,1,0,1,0
2025-07-09 19:00:00,3311.377,3316.247,3310.915,3316.091,1591,,,↑,,bull,0,none,0,1,1,2,1,2,19,2,3.2285000000000372,0,1,0,0,0,1,0
2025-07-09 19:15:00,3316.092,3316.874,3314.201,3314.483,1380,3316.874,,↑,,bull,0,none,0,3,1,4,3,4,19,2,3.156857142857137,1,1,0,1,0,1,0
2025-07-09 19:30:00,3314.448,3316.722,3314.337,3315.895,1309,,,↑,,bull,0,none,0,2,1,3,2,3,19,2,3.0366428571428514,0,1,0,1,0,1,0
2025-07-09 19:45:00,3315.931,3315.966,3313.787,3315.605,1403,,,↑,,bull,0,none,0,2,1,3,2,3,19,2,3.074214285714301,0,1,0,1,0,1,0
2025-07-09 20:00:00,3315.645,3315.879,3312.636,3313.603,1045,,,↑,,bull,0,none,0,2,1,3,2,3,20,2,3.171214285714281,0,1,0,1,0,1,0
2025-07-09 20:15:00,3313.574,3313.83,3312.098,3312.872,865,,,↑,,bull,0,none,0,1,1,2,1,2,20,2,3.136214285714264,0,1,0,0,0,1,0
2025-07-09 20:30:00,3312.873,3312.974,3311.59,3312.647,803,,3311.59,↑,,bull,0,none,0,2,1,3,2,3,20,2,2.8837857142856853,1,1,0,0,0,1,0
2025-07-09 20:45:00,3312.615,3314.357,3312.443,3313.846,647,,,↑,,bull,1,bullish_engulfing,0,3,1,4,3,4,20,2,2.8194285714285536,0,1,1,1,0,1,0
2025-07-09 22:00:00,3315.279,3317.662,3314.721,3317.501,986,,,↑,,bull,0,none,0,1,1,2,1,2,22,2,2.870428571428517,0,1,0,0,0,1,0
2025-07-09 22:15:00,3317.494,3320.877,3317.166,3320.251,1118,,,↑,,bull,0,none,0,1,1,2,1,2,22,2,2.8938571428570867,0,1,0,0,0,1,0
2025-07-09 22:30:00,3320.22,3321.176,3319.297,3320.674,973,3321.176,,↑,,bull,3,hammer,0,3,1,4,3,4,22,2,2.8018571428570858,1,1,1,0,0,1,0
2025-07-09 22:45:00,3320.694,3320.865,3319.421,3319.464,769,,,↑,,bull,2,bearish_engulfing,0,3,1,4,3,4,22,2,2.6692857142856417,0,1,1,1,0,1,0
2025-07-09 23:00:00,3319.471,3319.723,3315.675,3317.641,1312,,3315.675,↑,,bull,0,none,0,3,1,4,3,4,23,2,2.7978571428570507,1,1,0,1,0,1,0
2025-07-09 23:15:00,3317.64,3319.632,3317.078,3318.082,895,,,↑,,bull,4,inverted_hammer,0,3,1,4,3,4,23,2,2.73528571428564,0,1,1,1,0,1,0
2025-07-09 23:30:00,3318.054,3318.727,3316.742,3317.493,860,,,↑,,bull,0,none,0,1,1,2,1,2,23,2,2.4962142857141965,0,1,0,0,0,1,0
2025-07-09 23:45:00,3317.574,3317.786,3316.136,3317.639,937,,,↑,,bull,3,hammer,0,3,1,4,3,4,23,2,2.4231428571427904,0,1,1,1,0,1,0
2025-07-10 00:00:00,3317.559,3319.718,3316.617,3318.309,1865,,,↑,,bull,0,none,0,2,1,3,2,3,0,3,2.4742857142856076,0,1,0,1,0,1,0
2025-07-10 00:15:00,3318.322,3319.833,3316.751,3319.126,1462,,,↑,,bull,0,none,0,1,1,2,1,2,0,3,2.5387857142855927,0,1,0,0,0,1,0
2025-07-10 00:30:00,3319.125,3321.964,3319.08,3321.7,1955,,,↑,,bull,0,none,0,1,1,2,1,2,0,3,2.5131428571427414,0,1,0,0,0,1,0
2025-07-10 00:45:00,3321.702,3321.741,3316.841,3317.746,1840,,,↑,,bull,2,bearish_engulfing,0,3,1,4,3,4,0,3,2.7394285714284643,0,1,1,1,0,1,0
2025-07-10 01:00:00,3317.708,3322.475,3316.401,3320.562,2370,,3316.401,↑,,bull,0,none,0,3,1,4,3,4,1,3,3.074428571428468,1,1,0,1,0,1,0
2025-07-10 01:15:00,3320.584,3324.531,3320.584,3324.111,2165,,,↑,,bull,0,none,0,1,1,2,1,2,1,3,3.221214285714203,0,1,0,0,0,1,0
2025-07-10 01:30:00,3324.071,3326.415,3323.6,3324.232,1847,3326.415,,↑,,bull,3,hammer,0,3,1,4,3,4,1,3,3.149714285714221,1,1,1,0,0,1,0
2025-07-10 01:45:00,3324.294,3324.62,3321.77,3322.181,1442,,,↑,,bull,2,bearish_engulfing,0,3,1,4,3,4,1,3,3.08821428571423,0,1,1,1,0,1,0
2025-07-10 02:00:00,3322.073,3323.679,3321.181,3321.656,1679,,,↑,,bull,0,none,0,2,1,3,2,3,2,3,3.132428571428526,0,1,0,1,0,1,0
2025-07-10 02:15:00,3321.662,3323.185,3321.023,3322.44,1086,,,↑,,bull,0,none,0,2,1,3,2,3,2,3,3.183714285714229,0,1,0,1,0,1,0
2025-07-10 02:30:00,3322.439,3323.31,3319.342,3319.572,1229,,,↑,,bull,0,none,0,1,1,2,1,2,2,3,3.1779999999999484,0,1,0,0,0,1,0
2025-07-10 02:45:00,3319.573,3320.361,3318.141,3319.174,1563,,,↑,,bull,0,none,0,1,1,2,1,2,2,3,3.154142857142785,0,1,0,0,0,1,0
2025-07-10 03:00:00,3319.216,3320.19,3317.882,3318.333,1187,,,↑,,bull,0,none,0,1,1,2,1,2,3,3,3.1772142857142365,0,1,0,0,0,1,0
2025-07-10 03:15:00,3318.402,3319.659,3316.718,3317.745,1286,,,↑,,bull,0,none,0,1,1,2,1,2,3,3,3.2694285714285343,0,1,0,0,0,1,0
2025-07-10 03:30:00,3317.779,3320.176,3316.889,3319.747,1262,,,↑,,bull,0,none,0,2,1,3,2,3,3,3,3.2827142857142593,0,1,0,1,0,1,0
2025-07-10 03:45:00,3319.76,3320.005,3315.362,3315.747,1168,,,↓,↓,bear,2,bearish_engulfing,0,2,1,3,2,3,3,3,3.39421428571427,0,1,1,0,0,1,0
2025-07-10 04:00:00,3315.682,3316.794,3314.773,3316.576,1066,,3314.773,,,bear,0,none,0,2,1,3,2,3,4,3,3.3325714285713923,1,0,0,1,0,1,0
2025-07-10 04:15:00,3316.556,3317.591,3315.532,3316.019,963,,,↓,,bear,0,none,0,2,1,3,2,3,4,3,3.129642857142796,0,1,0,1,0,1,0
2025-07-10 04:30:00,3316.051,3318.664,3315.717,3318.455,813,,,,,bear,0,none,0,1,1,2,1,2,4,3,2.9062857142856564,0,0,0,1,0,1,0
2025-07-10 04:45:00,3318.453,3322.56,3318.4,3322.139,1418,,,,,bear,0,none,0,0,1,1,0,1,4,3,2.9199285714284997,0,0,0,0,0,1,0
2025-07-10 05:00:00,3322.212,3324.213,3322.097,3323.996,1254,,,,,bear,0,none,0,0,1,1,0,1,5,3,2.8699999999999233,0,0,0,0,0,1,0
2025-07-10 05:15:00,3324.075,3325.053,3322.439,3322.777,1287,,,,,bear,0,none,0,1,1,2,1,2,5,3,2.8531428571427893,0,0,0,1,0,1,0
2025-07-10 05:30:00,3322.737,3324.007,3320.676,3323.006,1604,,,,,bear,3,hammer,0,2,1,3,2,3,5,3,2.9126428571427954,0,0,1,1,0,1,0
2025-07-10 05:45:00,3323.004,3323.708,3320.694,3321.308,1369,,,,,bear,0,none,0,1,1,2,1,2,5,3,2.973499999999961,0,0,0,1,0,1,0
2025-07-10 06:00:00,3321.149,3325.487,3320.902,3324.835,1940,,,,,bear,1,bullish_engulfing,0,1,1,2,1,2,6,3,3.017571428571403,0,0,1,0,0,1,0
2025-07-10 06:15:00,3324.872,3328.535,3323.902,3324.819,2239,,,,,bear,5,doji,0,2,1,3,2,3,6,3,3.1899285714285464,0,0,1,1,0,1,0
2025-07-10 06:30:00,3324.808,3325.954,3323.688,3323.965,1091,,,,,bear,0,none,0,1,1,2,1,2,6,3,3.1869285714285525,0,0,0,1,0,1,0
2025-07-10 06:45:00,3323.934,3325.376,3323.59,3325.252,1245,,,,,bear,1,bullish_engulfing,0,1,1,2,1,2,6,3,3.1044285714285382,0,0,1,0,0,1,0
2025-07-10 07:00:00,3325.211,3329.486,3325.211,3326.637,2245,3329.486,,,,bear,0,none,0,1,1,2,1,2,7,3,3.174999999999987,1,0,0,0,0,1,0
2025-07-10 07:15:00,3326.613,3328.017,3325.821,3327.234,1495,,,,,bear,0,none,0,0,1,1,0,1,7,3,3.0002142857142644,0,0,0,0,0,1,0
2025-07-10 07:30:00,3327.118,3327.868,3322.669,3322.72,1733,,,,,bear,0,none,0,0,1,1,0,1,7,3,3.2272142857142887,0,0,0,0,0,1,0
2025-07-10 07:45:00,3322.828,3323.259,3319.867,3321.047,1633,,,,,bear,0,none,0,0,1,1,0,1,7,3,3.3224285714285804,0,0,0,0,0,1,0
2025-07-10 08:00:00,3321.071,3322.339,3319.862,3321.328,1456,,3319.862,,,bear,3,hammer,0,3,1,4,3,4,8,3,3.2888571428571334,1,0,1,1,0,1,0
2025-07-10 08:15:00,3321.328,3321.984,3320.113,3321.934,1287,,,,,bear,3,hammer,0,2,1,3,2,3,8,3,3.1253571428571507,0,0,1,1,0,1,0
2025-07-10 08:30:00,3321.895,3325.709,3321.22,3325.535,1424,,,,,bear,0,none,0,1,1,2,1,2,8,3,3.294857142857154,0,0,0,1,0,1,0
2025-07-10 08:45:00,3325.501,3330.124,3325.304,3328.633,1725,,,,,bear,0,none,0,0,1,1,0,1,8,3,3.4524285714285594,0,0,0,0,0,1,0
2025-07-10 09:00:00,3328.575,3330.289,3327.236,3328.062,1653,3330.289,,,,bear,0,none,0,2,1,3,2,3,9,3,3.4325714285714315,1,0,0,1,0,1,0
2025-07-10 09:15:00,3328.105,3329.7,3326.307,3326.433,1367,,,,,bear,0,none,0,1,1,2,1,2,9,3,3.4596428571428532,0,0,0,1,0,1,0
2025-07-10 09:30:00,3326.468,3327.152,3323.203,3325.158,1885,,,,,bear,0,none,0,1,1,2,1,2,9,3,3.414214285714284,0,0,0,1,0,1,0
2025-07-10 09:45:00,3325.119,3326.689,3324.42,3326.474,1479,,,,,bear,1,bullish_engulfing,0,2,1,3,2,3,9,3,3.245357142857139,0,0,1,1,0,1,0
2025-07-10 10:00:00,3326.507,3326.818,3322.527,3323.937,1481,,,,,bear,2,bearish_engulfing,0,1,1,2,1,2,10,3,3.390000000000003,0,0,1,0,0,1,0
2025-07-10 10:15:00,3323.919,3325.5,3322.246,3325.285,1572,,3322.246,,,bear,0,none,0,2,1,3,2,3,10,3,3.4948571428571347,1,0,0,1,0,1,0
2025-07-10 10:30:00,3325.286,3327.361,3323.821,3326.748,1599,,,,,bear,0,none,0,0,1,1,0,1,10,3,3.4423571428571256,0,0,0,0,0,1,0
2025-07-10 10:45:00,3326.76,3328.719,3325.216,3325.3,1961,,,,,bear,0,none,0,1,1,2,1,2,10,3,3.5357142857142856,0,0,0,1,0,1,0
2025-07-10 11:00:00,3325.341,3329.342,3325.341,3328.589,2491,,,,,bear,0,none,0,0,1,1,0,1,11,3,3.4530714285714175,0,0,0,0,0,1,0
2025-07-10 11:15:00,3328.665,3330.337,3327.357,3328.311,1732,3330.337,,,,bear,0,none,0,2,1,3,2,3,11,3,3.42364285714286,1,0,0,1,0,1,0
2025-07-10 11:30:00,3328.349,3329.086,3323.972,3325.734,2028,,,,,bear,0,none,0,1,1,2,1,2,11,3,3.611999999999983,0,0,0,1,0,1,0
2025-07-10 11:45:00,3325.699,3326.139,3318.331,3320.411,2341,,,,,bear,0,none,0,0,1,1,0,1,11,3,4.036071428571404,0,0,0,0,0,1,0
2025-07-10 12:00:00,3320.424,3320.495,3317.983,3319.211,1890,,,,,bear,0,none,0,0,1,1,0,1,12,3,3.8948571428570955,0,0,0,0,0,1,0
2025-07-10 12:15:00,3319.236,3321.935,3317.922,3321.065,2598,,3317.922,,,bear,0,none,0,2,1,3,2,3,12,3,3.8372142857142535,1,0,0,1,0,1,0
2025-07-10 12:30:00,3320.854,3324.079,3318.171,3322.878,2585,,,,,bear,0,none,0,1,1,2,1,2,12,3,4.041142857142826,0,0,0,1,0,1,0
2025-07-10 12:45:00,3322.81,3326.089,3321.728,3323.783,2823,,,,,bear,4,inverted_hammer,0,2,1,3,2,3,12,3,4.110285714285673,0,0,1,1,0,1,0
2025-07-10 13:00:00,3323.746,3329.472,3323.647,3327.369,5237,3329.472,,,,bear,0,none,0,1,1,2,1,2,13,3,4.244285714285687,1,0,0,0,0,1,0
2025-07-10 13:15:00,3327.326,3329.312,3322.355,3324.207,3250,,,,,bear,0,none,0,1,1,2,1,2,13,3,4.579142857142837,0,0,0,1,0,1,0
2025-07-10 13:30:00,3324.243,3328.268,3320.971,3321.177,4321,,,,,bear,0,none,0,1,1,2,1,2,13,3,4.793857142857113,0,0,0,1,0,1,0
2025-07-10 13:45:00,3321.254,3321.541,3311.935,3312.836,5227,,,↓,,bear,0,none,0,1,1,2,1,2,13,3,5.247571428571421,0,1,0,0,0,1,0
2025-07-10 14:00:00,3312.786,3319.416,3310.064,3318.949,4619,,3310.064,,,bear,0,none,0,2,1,3,2,3,14,3,5.662714285714303,1,0,0,1,0,1,0
2025-07-10 14:15:00,3318.879,3321.585,3313.137,3313.137,3722,,,↓,,bear,0,none,0,2,1,3,2,3,14,3,6.015928571428568,0,1,0,1,0,1,0
2025-07-10 14:30:00,3313.247,3317.732,3312.831,3315.562,2695,,,↓,,bear,0,none,0,2,1,3,2,3,14,3,6.077285714285706,0,1,0,1,0,1,0
2025-07-10 14:45:00,3315.531,3318.801,3314.305,3314.931,2284,,,↓,,bear,0,none,0,2,1,3,2,3,14,3,6.185571428571426,0,1,0,1,0,1,0
2025-07-10 15:00:00,3314.967,3318.52,3314.558,3317.932,1997,,,,,bear,0,none,0,1,1,2,1,2,15,3,6.10328571428574,0,0,0,1,0,1,0
2025-07-10 15:15:00,3317.948,3321.52,3317.764,3320.907,1808,3321.52,,,,bear,0,none,0,1,1,2,1,2,15,3,5.8138571428571595,1,0,0,0,0,1,0
2025-07-10 15:30:00,3320.791,3321.332,3318.863,3319.547,1883,,,,,bear,0,none,0,1,1,2,1,2,15,3,5.810785714285755,0,0,0,1,0,1,0
2025-07-10 15:45:00,3319.516,3320.96,3318.645,3319.743,1558,,,,,bear,3,hammer,0,2,1,3,2,3,15,3,5.68950000000005,0,0,1,1,0,1,0
2025-07-10 16:00:00,3319.711,3320.003,3318.109,3318.557,1496,,,,,bear,0,none,0,1,1,2,1,2,16,3,5.402785714285756,0,0,0,1,0,1,0
2025-07-10 16:15:00,3318.501,3318.705,3316.177,3316.393,1552,,,↓,,bear,0,none,0,1,1,2,1,2,16,3,5.271857142857178,0,1,0,0,0,1,0
2025-07-10 16:30:00,3316.342,3316.348,3312.108,3313.033,1933,,3312.108,↓,,bear,0,none,0,2,1,3,2,3,16,3,5.161857142857149,1,1,0,0,0,1,0
2025-07-10 16:45:00,3312.907,3315.319,3312.651,3315.138,1614,,,↓,,bear,0,none,0,2,1,3,2,3,16,3,4.855500000000022,0,1,0,1,0,1,0
2025-07-10 17:00:00,3315.016,3318.46,3314.649,3316.65,1562,,,,,bear,0,none,0,1,1,2,1,2,17,3,4.606500000000032,0,0,0,1,0,1,0
2025-07-10 17:15:00,3316.661,3318.641,3316.377,3316.874,1535,,,,,bear,4,inverted_hammer,0,2,1,3,2,3,17,3,4.082071428571453,0,0,1,1,0,1,0
2025-07-10 17:30:00,3316.899,3318.53,3316.878,3317.441,1283,,,,,bear,4,inverted_hammer,0,1,1,2,1,2,17,3,3.5323571428571734,0,0,1,0,0,1,0
2025-07-10 17:45:00,3317.392,3317.961,3316.349,3317.278,1257,,,,,bear,5,doji,0,2,1,3,2,3,17,3,3.044071428571442,0,0,1,1,0,1,0
2025-07-10 18:00:00,3317.291,3319.156,3317.17,3317.744,1492,,,,,bear,4,inverted_hammer,0,1,1,2,1,2,18,3,2.835857142857159,0,0,1,0,0,1,0
2025-07-10 18:15:00,3317.697,3318.193,3316.431,3317.959,1375,,,,,bear,3,hammer,0,1,1,2,1,2,18,3,2.6405714285714503,0,0,1,0,0,1,0
2025-07-10 18:30:00,3317.973,3318.518,3316.551,3318.227,1107,,,,,bear,3,hammer,0,1,1,2,1,2,18,3,2.498071428571458,0,0,1,0,0,1,0
2025-07-10 18:45:00,3318.127,3321.854,3318.067,3321.513,1321,,,,,bear,0,none,0,0,1,1,0,1,18,3,2.50028571428574,0,0,0,0,0,1,0
2025-07-10 19:00:00,3321.551,3324.902,3321.363,3324.535,1470,,,↑,↑,bull,0,none,0,1,1,2,1,2,19,3,2.5767142857143233,0,1,0,0,0,1,0
2025-07-10 19:15:00,3324.574,3325.91,3324.136,3324.212,1302,3325.91,,↑,,bull,0,none,0,3,1,4,3,4,19,3,2.538071428571454,1,1,0,1,0,1,0
2025-07-10 19:30:00,3324.263,3324.617,3323.038,3323.364,1379,,,↑,,bull,0,none,0,2,1,3,2,3,19,3,2.5155714285714503,0,1,0,1,0,1,0
2025-07-10 19:45:00,3323.388,3325.492,3323.09,3324.826,1355,,,↑,,bull,0,none,0,1,1,2,1,2,19,3,2.506571428571468,0,1,0,0,0,1,0
2025-07-10 20:00:00,3324.851,3325.316,3323.796,3324.336,898,,,↑,,bull,0,none,0,2,1,3,2,3,20,3,2.3090714285714773,0,1,0,1,0,1,0
2025-07-10 20:15:00,3324.317,3324.602,3323.348,3324.277,835,,,↑,,bull,5,doji,0,3,1,4,3,4,20,3,2.2080714285714618,0,1,1,1,0,1,0
2025-07-10 20:30:00,3324.296,3324.688,3323.646,3324.117,808,,,↑,,bull,0,none,0,2,1,3,2,3,20,3,2.010285714285731,0,1,0,1,0,1,0
2025-07-10 20:45:00,3324.115,3324.549,3323.506,3324.489,528,,,↑,,bull,1,bullish_engulfing,0,3,1,4,3,4,20,3,1.923071428571445,0,1,1,1,0,1,0
2025-07-10 22:00:00,3325.207,3326.476,3325.04,3325.183,1071,3326.476,,↑,,bull,5,doji,0,3,1,4,3,4,22,3,1.946714285714279,1,1,1,0,0,1,0
2025-07-10 22:15:00,3325.166,3325.971,3323.27,3325.424,1330,,,↑,,bull,1,bullish_engulfing,0,2,1,3,2,3,22,3,2.0245000000000215,0,1,1,0,0,1,0
2025-07-10 22:30:00,3325.43,3325.604,3323.817,3324.533,1188,,,↑,,bull,2,bearish_engulfing,0,3,1,4,3,4,22,3,2.010285714285731,0,1,1,1,0,1,0
2025-07-10 22:45:00,3324.553,3324.673,3321.84,3323.256,1185,,3321.84,↑,,bull,0,none,0,2,1,3,2,3,22,3,2.0867857142856923,1,1,0,0,0,1,0
2025-07-10 23:00:00,3323.157,3324.558,3322.926,3323.928,758,,,↑,,bull,0,none,0,2,1,3,2,3,23,3,2.0628571428571183,0,1,0,1,0,1,0
2025-07-10 23:15:00,3323.954,3324.944,3323.181,3324.476,585,,,↑,,bull,0,none,0,2,1,3,2,3,23,3,1.9182857142856977,0,1,0,1,0,1,0
2025-07-10 23:30:00,3324.5,3326.384,3324.425,3325.97,772,,,↑,,bull,0,none,0,1,1,2,1,2,23,3,1.8054285714285274,0,1,0,0,0,1,0
2025-07-10 23:45:00,3325.999,3326.401,3323.257,3323.808,1402,,,↑,,bull,2,bearish_engulfing,0,3,1,4,3,4,23,3,1.9032857142856625,0,1,1,1,0,1,0
2025-07-11 00:00:00,3323.764,3327.548,3323.637,3326.532,1806,,,↑,,bull,1,bullish_engulfing,0,2,1,3,2,3,0,4,2.06985714285705,0,1,1,0,0,1,0
2025-07-11 00:15:00,3326.563,3328.138,3325.153,3327.608,1986,,,↑,,bull,0,none,0,1,1,2,1,2,0,4,2.1114999999999133,0,1,0,0,0,1,0
2025-07-11 00:30:00,3327.631,3335.939,3327.315,3335.888,4093,,,↑,,bull,0,none,0,1,1,2,1,2,0,4,2.6189285714284716,0,1,0,0,0,1,0
2025-07-11 00:45:00,3335.836,3336.154,3329.846,3330.627,2739,3336.154,,↑,,bull,0,none,0,3,1,4,3,4,0,4,2.9799285714284776,1,1,0,1,0,1,0
2025-07-11 01:00:00,3330.58,3331.604,3325.25,3326.369,4354,,,↑,,bull,0,none,0,2,1,3,2,3,1,4,3.359357142857042,0,1,0,1,0,1,0
2025-07-11 01:15:00,3326.367,3328.634,3325.519,3328.47,2103,,,↑,,bull,0,none,0,2,1,3,2,3,1,4,3.50735714285705,0,1,0,1,0,1,0
2025-07-11 01:30:00,3328.435,3331.327,3328.435,3330.97,1820,,,↑,,bull,0,none,0,2,1,3,2,3,1,4,3.5719999999999215,0,1,0,1,0,1,0
2025-07-11 01:45:00,3331.003,3331.214,3328.745,3329.583,1239,,,↑,,bull,0,none,0,2,1,3,2,3,1,4,3.555428571428495,0,1,0,1,0,1,0
2025-07-11 02:00:00,3329.552,3330.899,3327.173,3330.821,1707,,,↑,,bull,0,none,0,2,1,3,2,3,2,4,3.693928571428517,0,1,0,1,0,1,0
2025-07-11 02:15:00,3330.711,3332.699,3329.368,3330.938,1624,,,↑,,bull,3,hammer,0,3,1,4,3,4,2,4,3.729499999999981,0,1,1,1,0,1,0
2025-07-11 02:30:00,3330.949,3333.781,3330.112,3333.711,1643,,,↑,,bull,0,none,0,1,1,2,1,2,2,4,3.8749999999999676,0,1,0,0,0,1,0
2025-07-11 02:45:00,3333.765,3334.992,3332.509,3332.62,1426,,,↑,,bull,0,none,0,2,1,3,2,3,2,4,3.926428571428557,0,1,0,1,0,1,0
2025-07-11 03:00:00,3332.642,3335.573,3332.165,3334.911,1417,,,↑,,bull,0,none,0,1,1,2,1,2,3,4,4.029928571428562,0,1,0,0,0,1,0
2025-07-11 03:15:00,3334.879,3336.006,3334.639,3335.828,1050,3336.006,,↑,,bull,0,none,0,2,1,3,2,3,3,4,3.9029999999999876,1,1,0,0,0,1,0
2025-07-11 03:30:00,3335.823,3335.852,3332.57,3335.26,1158,,,↑,,bull,0,none,0,2,1,3,2,3,3,4,3.858071428571423,0,1,0,1,0,1,0
2025-07-11 03:45:00,3335.247,3335.743,3333.487,3333.765,931,,,↑,,bull,0,none,0,2,1,3,2,3,3,4,3.805999999999975,0,1,0,1,0,1,0
2025-07-11 04:00:00,3333.757,3335.389,3333.406,3334.963,1120,,,↑,,bull,0,none,0,2,1,3,2,3,4,4,3.3316428571428593,0,1,0,1,0,1,0
2025-07-11 04:15:00,3334.936,3335.084,3331.555,3331.664,1128,,,↑,,bull,0,none,0,1,1,2,1,2,4,4,3.1331428571428597,0,1,0,0,0,1,0
2025-07-11 04:30:00,3331.673,3332.249,3330.25,3330.541,1070,,,↑,,bull,0,none,0,1,1,2,1,2,4,4,2.8220714285714297,0,1,0,0,0,1,0
2025-07-11 04:45:00,3330.549,3332.546,3329.517,3331.999,1262,,3329.517,↑,,bull,0,none,0,3,1,4,3,4,4,4,2.815928571428555,1,1,0,1,0,1,0
2025-07-11 05:00:00,3331.964,3334.049,3331.964,3333.335,1190,,,↑,,bull,0,none,0,2,1,3,2,3,5,4,2.7582857142856807,0,1,0,1,0,1,0
2025-07-11 05:15:00,3333.372,3341.65,3333.124,3340.217,2424,3341.65,,↑,,bull,0,none,0,2,1,3,2,3,5,4,3.190928571428555,1,1,0,0,0,1,0
2025-07-11 05:30:00,3340.203,3340.395,3334.878,3334.878,3124,,,↑,,bull,0,none,0,2,1,3,2,3,5,4,3.318857142857106,0,1,0,1,0,1,0
2025-07-11 05:45:00,3334.898,3335.045,3332.331,3334.02,2425,,,↑,,bull,0,none,0,2,1,3,2,3,5,4,3.274785714285664,0,1,0,1,0,1,0
2025-07-11 06:00:00,3334.051,3337.269,3332.794,3336.985,1962,,,↑,,bull,0,none,0,2,1,3,2,3,6,4,3.3323571428570955,0,1,0,1,0,1,0
2025-07-11 06:15:00,3337.067,3343.827,3337.067,3342.874,2842,3343.827,,↑,,bull,0,none,0,2,1,3,2,3,6,4,3.643714285714233,1,1,0,0,0,1,0
2025-07-11 06:30:00,3342.892,3343.414,3338.389,3339.187,2204,,,↑,,bull,0,none,0,2,1,3,2,3,6,4,3.7592142857142465,0,1,0,1,0,1,0
2025-07-11 06:45:00,3339.225,3339.258,3332.12,3332.567,2288,,,↑,,bull,0,none,0,1,1,2,1,2,6,4,4.171428571428545,0,1,0,0,0,1,0
2025-07-11 07:00:00,3332.52,3334.377,3331.086,3333.534,2803,,3331.086,↑,,bull,0,none,0,3,1,4,3,4,7,4,4.172071428571436,1,1,0,1,0,1,0
2025-07-11 07:15:00,3333.541,3335.143,3332.936,3334.609,2340,,,↑,,bull,0,none,0,2,1,3,2,3,7,4,4.168571428571438,0,1,0,1,0,1,0
2025-07-11 07:30:00,3334.639,3338.803,3334.304,3338.253,1589,,,↑,,bull,0,none,0,2,1,3,2,3,7,4,4.348285714285696,0,1,0,1,0,1,0
2025-07-11 07:45:00,3338.222,3342.264,3338.222,3341.833,1837,,,↑,,bull,0,none,0,1,1,2,1,2,7,4,4.3849285714285475,0,1,0,0,0,1,0
2025-07-11 08:00:00,3341.789,3343.434,3340.664,3342.137,2569,,,↑,,bull,3,hammer,0,2,1,3,2,3,8,4,4.43999999999999,0,1,1,0,0,1,0
2025-07-11 08:15:00,3342.081,3343.804,3338.536,3338.621,1889,3343.804,,↑,,bull,0,none,0,3,1,4,3,4,8,4,4.599928571428563,1,1,0,1,0,1,0
2025-07-11 08:30:00,3338.61,3339.476,3336.251,3338.129,2169,,,↑,,bull,0,none,0,2,1,3,2,3,8,4,4.6813571428571255,0,1,0,1,0,1,0
2025-07-11 08:45:00,3338.165,3340.155,3332.867,3333.087,2761,,,↑,,bull,0,none,0,1,1,2,1,2,8,4,4.592928571428534,0,1,0,0,0,1,0
2025-07-11 09:00:00,3333.119,3335.327,3332.669,3334.612,2045,,3332.669,↑,,bull,0,none,0,3,1,4,3,4,9,4,4.388714285714286,1,1,0,1,0,1,0
2025-07-11 09:15:00,3334.634,3335.845,3333.474,3334.04,1536,,,↑,,bull,0,none,0,2,1,3,2,3,9,4,4.364214285714264,0,1,0,1,0,1,0
2025-07-11 09:30:00,3334.054,3337.479,3333.897,3335.732,1697,,,↑,,bull,0,none,0,2,1,3,2,3,9,4,4.300428571428548,0,1,0,1,0,1,0
2025-07-11 09:45:00,3335.722,3340.0,3335.571,3339.449,1636,,,↑,,bull,0,none,0,1,1,2,1,2,9,4,4.128071428571404,0,1,0,0,0,1,0
2025-07-11 10:00:00,3339.486,3343.05,3339.486,3342.458,1869,,,↑,,bull,0,none,0,1,1,2,1,2,10,4,4.026357142857121,0,1,0,0,0,1,0
2025-07-11 10:15:00,3342.461,3345.955,3342.26,3345.713,1688,,,↑,,bull,0,none,0,1,1,2,1,2,10,4,3.780428571428534,0,1,0,0,0,1,0
2025-07-11 10:30:00,3345.711,3348.188,3344.182,3347.154,1820,,,↑,,bull,0,none,0,1,1,2,1,2,10,4,3.831499999999973,0,1,0,0,0,1,0
2025-07-11 10:45:00,3347.196,3348.248,3344.919,3345.011,2088,,,↑,,bull,2,bearish_engulfing,0,3,1,4,3,4,10,4,3.9116428571428514,0,1,1,1,0,1,0
2025-07-11 11:00:00,3345.053,3348.42,3343.886,3348.169,2245,,,↑,,bull,0,none,0,1,1,2,1,2,11,4,3.9141428571428736,0,1,0,0,0,1,0
2025-07-11 11:15:00,3348.113,3348.381,3342.034,3344.999,2030,,3342.034,↑,,bull,0,none,0,3,1,4,3,4,11,4,4.078785714285719,1,1,0,1,0,1,0
2025-07-11 11:30:00,3345.019,3349.132,3344.872,3348.781,1757,,,↑,,bull,0,none,0,1,1,2,1,2,11,4,4.1852142857143075,0,1,0,0,0,1,0
2025-07-11 11:45:00,3348.771,3350.305,3346.955,3347.507,2028,,,↑,,bull,0,none,0,2,1,3,2,3,11,4,4.048214285714299,0,1,0,1,0,1,0
2025-07-11 12:00:00,3347.526,3350.288,3344.81,3344.922,2450,,,↑,,bull,0,none,0,1,1,2,1,2,12,4,4.209142857142881,0,1,0,0,0,1,0
2025-07-11 12:15:00,3344.944,3349.111,3344.356,3346.988,2698,,3344.356,↑,,bull,0,none,0,3,1,4,3,4,12,4,4.028214285714284,1,1,0,1,0,1,0
2025-07-11 12:30:00,3347.032,3354.626,3347.032,3352.489,3912,,,↑,,bull,0,none,0,1,1,2,1,2,12,4,4.383928571428571,0,1,0,0,0,1,0
2025-07-11 12:45:00,3352.523,3357.107,3351.718,3355.081,3701,,,↑,,bull,0,none,0,1,1,2,1,2,12,4,4.599500000000035,0,1,0,0,0,1,0
2025-07-11 13:00:00,3355.127,3358.151,3353.44,3356.459,3804,,,↑,,bull,0,none,0,1,1,2,1,2,13,4,4.680142857142885,0,1,0,0,0,1,0
2025-07-11 13:15:00,3356.481,3358.488,3350.059,3353.162,3653,,,↑,,bull,2,bearish_engulfing,0,3,1,4,3,4,13,4,4.965857142857138,0,1,1,1,0,1,0
2025-07-11 13:30:00,3353.154,3359.228,3350.692,3353.258,6070,3359.228,,↑,,bull,3,hammer,0,4,1,5,4,5,13,4,5.318357142857134,1,1,1,1,0,1,0
2025-07-11 13:45:00,3353.213,3356.42,3350.192,3351.916,5728,,,↑,,bull,0,none,0,1,1,2,1,2,13,4,5.499285714285731,0,1,0,0,0,1,0
2025-07-11 14:00:00,3351.889,3355.36,3351.089,3353.387,5414,,,↑,,bull,1,bullish_engulfing,0,3,1,4,3,4,14,4,5.5182142857142935,0,1,1,1,0,1,0
2025-07-11 14:15:00,3353.392,3355.626,3350.231,3355.144,3956,,,↑,,bull,0,none,0,2,1,3,2,3,14,4,5.665785714285708,0,1,0,1,0,1,0
2025-07-11 14:30:00,3355.183,3360.203,3355.179,3359.799,4203,,,↑,,bull,0,none,0,1,1,2,1,2,14,4,5.703285714285714,0,1,0,0,0,1,0
2025-07-11 14:45:00,3359.776,3363.882,3358.231,3361.167,3146,,,↑,,bull,0,none,0,1,1,2,1,2,14,4,5.653571428571435,0,1,0,0,0,1,0
2025-07-11 15:00:00,3361.124,3365.442,3360.977,3365.205,2476,,,↑,,bull,0,none,0,1,1,2,1,2,15,4,5.668214285714287,0,1,0,0,0,1,0
2025-07-11 15:15:00,3365.098,3368.749,3363.179,3365.884,3200,3368.749,,↑,,bull,3,hammer,0,3,1,4,3,4,15,4,5.826785714285701,1,1,1,0,0,1,0
2025-07-11 15:30:00,3365.928,3366.299,3359.192,3359.192,3581,,,↑,,bull,2,bearish_engulfing,0,3,1,4,3,4,15,4,5.9431428571428375,0,1,1,1,0,1,0
2025-07-11 15:45:00,3359.199,3360.514,3356.854,3358.915,2858,,,↑,,bull,5,doji,0,2,1,3,2,3,15,4,5.864928571428599,0,1,1,0,0,1,0
2025-07-11 16:00:00,3358.884,3359.717,3355.409,3356.043,2938,,,↑,,bull,0,none,0,1,1,2,1,2,16,4,5.627071428571428,0,1,0,0,0,1,0
2025-07-11 16:15:00,3355.996,3356.053,3353.239,3355.262,2276,,,↑,,bull,0,none,0,1,1,2,1,2,16,4,5.4431428571428375,0,1,0,0,0,1,0
2025-07-11 16:30:00,3355.223,3356.403,3353.222,3353.605,1916,,,↑,,bull,0,none,0,1,1,2,1,2,16,4,5.333857142857108,0,1,0,0,0,1,0
2025-07-11 16:45:00,3353.702,3355.559,3352.804,3353.809,1726,,,↑,,bull,3,hammer,0,3,1,4,3,4,16,4,4.928571428571429,0,1,1,1,0,1,0
2025-07-11 17:00:00,3353.779,3354.085,3349.185,3351.582,2057,,3349.185,↑,,bull,0,none,0,2,1,3,2,3,17,4,4.668857142857145,1,1,0,0,0,1,0
2025-07-11 17:15:00,3351.598,3352.658,3349.67,3349.761,2030,,,↑,,bull,0,none,0,1,1,2,1,2,17,4,4.437428571428557,0,1,0,0,0,1,0
2025-07-11 17:30:00,3349.756,3352.721,3349.367,3352.178,1483,,,↑,,bull,1,bullish_engulfing,0,3,1,4,3,4,17,4,4.371928571428531,0,1,1,1,0,1,0
2025-07-11 17:45:00,3352.161,3353.653,3352.052,3353.345,1655,,,↑,,bull,0,none,0,2,1,3,2,3,17,4,4.100928571428507,0,1,0,1,0,1,0
2025-07-11 18:00:00,3353.38,3356.299,3353.264,3354.966,2022,,,↑,,bull,0,none,0,1,1,2,1,2,18,4,3.9563571428570543,0,1,0,0,0,1,0
2025-07-11 18:15:00,3354.962,3358.065,3354.746,3355.684,1494,,,↑,,bull,4,inverted_hammer,0,2,1,3,2,3,18,4,3.7897857142856344,0,1,1,0,0,1,0
2025-07-11 18:30:00,3355.708,3358.482,3355.366,3357.905,1268,,,↑,,bull,0,none,0,1,1,2,1,2,18,4,3.69342857142848,0,1,0,0,0,1,0
2025-07-11 18:45:00,3357.795,3357.924,3355.797,3356.101,1173,,,↑,,bull,0,none,0,2,1,3,2,3,18,4,3.447499999999926,0,1,0,1,0,1,0
2025-07-11 19:00:00,3356.064,3359.388,3355.534,3357.569,1577,,,↑,,bull,0,none,0,2,1,3,2,3,19,4,3.215142857142772,0,1,0,1,0,1,0
2025-07-11 19:15:00,3357.563,3358.636,3356.441,3358.294,1387,,,↑,,bull,0,none,0,1,1,2,1,2,19,4,3.1104999999999046,0,1,0,0,0,1,0
2025-07-11 19:30:00,3358.292,3359.802,3357.631,3359.116,1294,3359.802,,↑,,bull,0,none,0,2,1,3,2,3,19,4,2.9578571428570677,1,1,0,0,0,1,0
2025-07-11 19:45:00,3359.15,3359.322,3355.932,3356.411,1608,,,↑,,bull,2,bearish_engulfing,0,3,1,4,3,4,19,4,2.998999999999959,0,1,1,1,0,1,0
2025-07-11 20:00:00,3356.459,3356.794,3355.586,3356.548,873,,,↑,,bull,3,hammer,0,3,1,4,3,4,20,4,2.858071428571423,0,1,1,1,0,1,0
2025-07-11 20:15:00,3356.528,3356.698,3354.265,3354.459,744,,,↑,,bull,0,none,0,1,1,2,1,2,20,4,2.8350714285714145,0,1,0,0,0,1,0
2025-07-11 20:30:00,3354.5,3358.033,3353.594,3357.903,1031,,3353.594,↑,,bull,0,none,0,3,1,4,3,4,20,4,2.802142857142826,1,1,0,1,0,1,0
2025-07-11 20:45:00,3357.977,3358.959,3354.794,3355.105,1082,,,↑,,bull,0,none,0,2,1,3,2,3,20,4,2.886214285714264,0,1,0,1,0,1,0
2025-07-13 22:00:00,3361.295,3366.276,3359.658,3366.085,2694,,,↑,,bull,0,none,0,1,1,2,1,2,22,6,3.4445714285714075,0,1,0,0,0,1,0
2025-07-13 22:15:00,3366.06,3370.879,3363.343,3370.524,2809,,,↑,,bull,0,none,0,1,1,2,1,2,22,6,3.8685000000000076,0,1,0,0,0,1,0
2025-07-13 22:30:00,3370.556,3370.556,3364.714,3369.592,2739,,,↑,,bull,0,none,0,2,1,3,2,3,22,6,4.069000000000025,0,1,0,1,0,1,0
2025-07-13 22:45:00,3369.552,3371.157,3368.279,3369.181,1431,,,↑,,bull,0,none,0,2,1,3,2,3,22,6,4.037500000000039,0,1,0,1,0,1,0
2025-07-13 23:00:00,3369.222,3372.759,3369.222,3372.29,2676,,,↑,,bull,0,none,0,1,1,2,1,2,23,6,4.070500000000038,0,1,0,0,0,1,0
2025-07-13 23:15:00,3372.28,3374.044,3366.818,3368.346,2048,3374.044,,↑,,bull,0,none,0,3,1,4,3,4,23,6,4.4347142857143025,1,1,0,1,0,1,0
2025-07-13 23:30:00,3368.357,3369.236,3366.548,3367.809,1880,,,↑,,bull,0,none,0,1,1,2,1,2,23,6,4.351428571428609,0,1,0,0,0,1,0
2025-07-13 23:45:00,3367.845,3369.776,3366.326,3367.772,1621,,,↑,,bull,5,doji,0,2,1,3,2,3,23,6,4.441071428571441,0,1,1,0,0,1,0
2025-07-14 00:00:00,3367.731,3368.544,3364.916,3368.063,3425,,3364.916,↑,,bull,1,bullish_engulfing,0,4,1,5,4,5,0,0,4.545142857142829,1,1,1,1,0,1,0
2025-07-14 00:15:00,3368.073,3372.005,3367.259,3370.534,1855,,,↑,,bull,0,none,0,2,1,3,2,3,0,0,4.641999999999955,0,1,0,1,0,1,0
2025-07-14 00:30:00,3370.501,3373.318,3370.501,3371.948,1751,3373.318,,↑,,bull,0,none,0,2,1,3,2,3,0,0,4.756928571428522,1,1,0,0,0,1,0
2025-07-14 00:45:00,3372.015,3372.094,3367.168,3367.628,2182,,,↑,,bull,2,bearish_engulfing,0,2,1,3,2,3,0,0,4.934999999999945,0,1,1,0,0,1,0
2025-07-14 01:00:00,3367.582,3370.164,3361.286,3365.353,4146,,,↑,,bull,0,none,0,1,1,2,1,2,1,0,5.252071428571396,0,1,0,0,0,1,0
2025-07-14 01:15:00,3365.327,3367.045,3360.568,3361.327,2671,,,↓,↓,bear,0,none,0,1,1,2,1,2,1,0,5.417214285714246,0,1,0,0,0,1,0
2025-07-14 01:30:00,3361.292,3361.882,3358.484,3359.77,2567,,,↓,,bear,0,none,0,1,1,2,1,2,1,0,4.861999999999982,0,1,0,0,0,1,0
2025-07-14 01:45:00,3359.734,3360.685,3356.993,3358.812,2215,,,↓,,bear,0,none,0,1,1,2,1,2,1,0,4.587428571428551,0,1,0,0,0,1,0
2025-07-14 02:00:00,3358.758,3358.758,3355.127,3355.71,1862,,,↓,,bear,0,none,0,1,1,2,1,2,2,0,4.433357142857111,0,1,0,0,0,1,0
2025-07-14 02:15:00,3355.748,3359.174,3354.655,3359.085,1894,,,↓,,bear,0,none,0,2,1,3,2,3,2,0,4.550571428571369,0,1,0,1,0,1,0
2025-07-14 02:30:00,3359.125,3359.583,3353.865,3355.544,2240,,3353.865,↓,,bear,2,bearish_engulfing,0,3,1,4,3,4,2,0,4.703428571428536,1,1,1,0,0,1,0
2025-07-14 02:45:00,3355.449,3357.844,3355.437,3357.393,1388,,,↓,,bear,0,none,0,2,1,3,2,3,2,0,4.359214285714286,0,1,0,1,0,1,0
2025-07-14 03:00:00,3357.435,3359.663,3356.75,3358.489,1403,3359.663,,↓,,bear,0,none,0,3,1,4,3,4,3,0,4.375285714285708,1,1,0,1,0,1,0
2025-07-14 03:15:00,3358.446,3358.446,3355.41,3357.039,1469,,,↓,,bear,0,none,0,2,1,3,2,3,3,0,4.348785714285733,0,1,0,1,0,1,0
2025-07-14 03:30:00,3357.003,3358.55,3356.51,3357.665,1359,,,↓,,bear,0,none,0,2,1,3,2,3,3,0,4.235357142857181,0,1,0,1,0,1,0
2025-07-14 03:45:00,3357.709,3358.497,3355.534,3356.964,1406,,,↓,,bear,2,bearish_engulfing,0,3,1,4,3,4,3,0,4.108000000000012,0,1,1,1,0,1,0
2025-07-14 04:00:00,3356.952,3357.379,3354.308,3355.517,1659,,,↓,,bear,0,none,0,1,1,2,1,2,4,0,4.126142857142862,0,1,0,0,0,1,0
2025-07-14 04:15:00,3355.509,3356.652,3353.735,3356.254,1571,,3353.735,↓,,bear,3,hammer,0,4,1,5,4,5,4,0,3.9826428571428614,1,1,1,1,0,1,0
2025-07-14 04:30:00,3356.193,3361.688,3355.548,3359.67,1603,3361.688,,↑,↑,bull,0,none,0,2,1,3,2,3,4,0,3.787071428571445,1,1,0,0,0,1,0
2025-07-14 04:45:00,3359.608,3360.948,3358.799,3359.794,1577,,,↑,,bull,3,hammer,0,2,1,3,2,3,4,0,3.4779285714285897,0,1,1,0,0,1,0
2025-07-14 05:00:00,3359.742,3359.993,3357.623,3358.607,1479,,,,,bull,0,none,0,1,1,2,1,2,5,0,3.404500000000001,0,0,0,1,0,1,0
2025-07-14 05:15:00,3358.588,3360.446,3353.738,3355.789,1838,,3353.738,,,bull,0,none,0,2,1,3,2,3,5,0,3.6199285714285776,1,0,0,1,0,1,0
2025-07-14 05:30:00,3355.829,3359.036,3355.829,3357.792,2205,,,,,bull,0,none,0,1,1,2,1,2,5,0,3.588642857142856,0,0,0,1,0,1,0
2025-07-14 05:45:00,3357.764,3358.212,3355.952,3357.649,1830,,,,,bull,5,doji,0,2,1,3,2,3,5,0,3.4272857142857123,0,0,1,1,0,1,0
2025-07-14 06:00:00,3357.613,3360.165,3356.649,3359.902,2269,,,↑,,bull,1,bullish_engulfing,0,2,1,3,2,3,6,0,3.269999999999982,0,1,1,0,0,1,0
2025-07-14 06:15:00,3359.833,3361.348,3358.122,3360.367,1922,,,↑,,bull,3,hammer,0,2,1,3,2,3,6,0,3.328499999999979,0,1,1,0,0,1,0
2025-07-14 06:30:00,3360.392,3362.767,3358.254,3362.724,1859,,,↑,,bull,0,none,0,1,1,2,1,2,6,0,3.442785714285687,0,1,0,0,0,1,0
2025-07-14 06:45:00,3362.668,3369.697,3362.304,3368.882,2284,,,↑,,bull,0,none,0,1,1,2,1,2,6,0,3.7509285714285334,0,1,0,0,0,1,0
2025-07-14 07:00:00,3368.834,3372.53,3366.653,3367.747,2672,,,↑,,bull,0,none,0,2,1,3,2,3,7,0,4.024999999999993,0,1,0,1,0,1,0
2025-07-14 07:15:00,3367.702,3374.581,3366.732,3374.547,2419,,,↑,,bull,1,bullish_engulfing,0,2,1,3,2,3,7,0,4.374000000000024,0,1,1,0,0,1,0
2025-07-14 07:30:00,3374.558,3375.078,3369.933,3371.729,2029,3375.078,,↑,,bull,0,none,0,3,1,4,3,4,7,0,4.522142857142886,1,1,0,1,0,1,0
2025-07-14 07:45:00,3371.649,3372.227,3369.35,3371.948,2014,,,↑,,bull,3,hammer,0,3,1,4,3,4,7,0,4.519285714285745,0,1,1,1,0,1,0
2025-07-14 08:00:00,3371.956,3372.62,3369.488,3372.33,2168,,,↑,,bull,3,hammer,0,3,1,4,3,4,8,0,4.304428571428583,0,1,1,1,0,1,0
2025-07-14 08:15:00,3372.355,3372.588,3366.662,3367.478,1943,,,↑,,bull,2,bearish_engulfing,0,2,1,3,2,3,8,0,4.5742142857143335,0,1,1,0,0,1,0
2025-07-14 08:30:00,3367.433,3368.156,3365.324,3367.966,1574,,,↑,,bull,3,hammer,0,3,1,4,3,4,8,0,4.607214285714333,0,1,1,1,0,1,0
2025-07-14 08:45:00,3367.989,3368.68,3365.875,3365.875,1300,,,↑,,bull,2,bearish_engulfing,0,2,1,3,2,3,8,0,4.328428571428601,0,1,1,0,0,1,0
2025-07-14 09:00:00,3365.973,3367.505,3364.536,3366.611,1368,,,↑,,bull,3,hammer,0,3,1,4,3,4,9,0,4.308571428571473,0,1,1,1,0,1,0
2025-07-14 09:15:00,3366.648,3369.033,3366.562,3367.035,1289,,,↑,,bull,4,inverted_hammer,0,3,1,4,3,4,9,0,4.323642857142919,0,1,1,1,0,1,0
2025-07-14 09:30:00,3366.997,3367.103,3364.034,3365.393,1695,,3364.034,↑,,bull,0,none,0,2,1,3,2,3,9,0,4.291714285714339,1,1,0,0,0,1,0
2025-07-14 09:45:00,3365.436,3370.357,3364.736,3370.233,1288,,,↑,,bull,0,none,0,1,1,2,1,2,9,0,4.462785714285766,0,1,0,0,0,1,0
2025-07-14 10:00:00,3370.205,3374.647,3370.205,3374.144,1776,3374.647,,↑,,bull,0,none,0,2,1,3,2,3,10,0,4.457714285714344,1,1,0,0,0,1,0
2025-07-14 10:15:00,3374.12,3374.12,3370.392,3370.546,1612,,,↑,,bull,0,none,0,2,1,3,2,3,10,0,4.19764285714291,0,1,0,1,0,1,0
2025-07-14 10:30:00,3370.536,3372.424,3369.76,3371.143,1427,,,↑,,bull,4,inverted_hammer,0,3,1,4,3,4,10,0,3.968142857142863,0,1,1,1,0,1,0
2025-07-14 10:45:00,3371.119,3372.384,3370.46,3372.015,1193,,,↑,,bull,0,none,0,2,1,3,2,3,10,0,3.5449285714285645,0,1,0,1,0,1,0
2025-07-14 11:00:00,3372.02,3372.847,3370.157,3371.58,1627,,,↑,,bull,0,none,0,2,1,3,2,3,11,0,3.369571428571427,0,1,0,1,0,1,0
2025-07-14 11:15:00,3371.565,3373.041,3369.279,3369.465,1786,3373.041,,↑,,bull,0,none,0,2,1,3,2,3,11,0,3.4327857142857283,1,1,0,0,0,1,0
2025-07-14 11:30:00,3369.431,3371.582,3368.779,3370.788,1574,,,↑,,bull,0,none,0,2,1,3,2,3,11,0,3.4092857142857156,0,1,0,1,0,1,0
2025-07-14 11:45:00,3370.799,3371.181,3363.917,3364.169,2060,,,↑,,bull,2,bearish_engulfing,0,2,1,3,2,3,11,0,3.5048571428571256,0,1,1,0,0,1,0
2025-07-14 12:00:00,3364.192,3366.607,3361.13,3362.147,2343,,,↓,↓,bear,0,none,0,1,1,2,1,2,12,0,3.6937857142856956,0,1,0,0,0,1,0
2025-07-14 12:15:00,3362.102,3363.135,3357.155,3358.107,3011,,,↓,,bear,0,none,0,1,1,2,1,2,12,0,3.920571428571423,0,1,0,0,0,1,0
2025-07-14 12:30:00,3358.069,3358.793,3350.423,3351.512,4640,,,↓,,bear,0,none,0,1,1,2,1,2,12,0,4.306357142857158,0,1,0,0,0,1,0
2025-07-14 12:45:00,3351.508,3353.182,3349.319,3350.065,3006,,,↓,,bear,0,none,0,1,1,2,1,2,12,0,4.4057857142857175,0,1,0,0,0,1,0
2025-07-14 13:00:00,3350.103,3353.439,3347.139,3353.07,4062,,3347.139,↓,,bear,0,none,0,3,1,4,3,4,13,0,4.636571428571415,1,1,0,1,0,1,0
2025-07-14 13:15:00,3353.13,3355.735,3350.828,3355.471,2542,,,↓,,bear,0,none,0,2,1,3,2,3,13,0,4.585571428571419,0,1,0,1,0,1,0
2025-07-14 13:30:00,3355.521,3358.055,3354.717,3357.268,3973,,,↓,,bear,0,none,0,2,1,3,2,3,13,0,4.506714285714257,0,1,0,1,0,1,0
2025-07-14 13:45:00,3357.197,3359.073,3354.759,3355.266,2687,3359.073,,↓,,bear,0,none,0,3,1,4,3,4,13,0,4.546857142857107,1,1,0,1,0,1,0
2025-07-14 14:00:00,3355.19,3356.311,3351.346,3351.769,3114,,,↓,,bear,0,none,0,2,1,3,2,3,14,0,4.711214285714277,0,1,0,1,0,1,0
2025-07-14 14:15:00,3351.801,3352.765,3345.052,3351.979,3034,,,↓,,bear,3,hammer,0,3,1,4,3,4,14,0,5.12471428571426,0,1,1,1,0,1,0
2025-07-14 14:30:00,3352.073,3352.467,3341.216,3342.169,3990,,,↓,,bear,2,bearish_engulfing,0,2,1,3,2,3,14,0,5.73621428571427,0,1,1,0,0,1,0
2025-07-14 14:45:00,3342.133,3345.217,3340.954,3343.045,2809,,3340.954,↓,,bear,4,inverted_hammer,0,4,1,5,4,5,14,0,5.771999999999967,1,1,1,1,0,1,0
2025-07-14 15:00:00,3343.097,3349.484,3342.394,3348.431,2721,,,↓,,bear,0,none,0,2,1,3,2,3,15,0,6.078214285714272,0,1,0,1,0,1,0
2025-07-14 15:15:00,3348.444,3348.846,3345.631,3346.986,2033,,,↓,,bear,0,none,0,2,1,3,2,3,15,0,5.788999999999987,0,1,0,1,0,1,0
2025-07-14 15:30:00,3346.992,3349.77,3346.765,3348.475,1979,3349.77,,↓,,bear,0,none,0,3,1,4,3,4,15,0,5.612428571428576,1,1,0,1,0,1,0
2025-07-14 15:45:00,3348.435,3348.518,3344.46,3345.105,1846,,,↓,,bear,0,none,0,2,1,3,2,3,15,0,5.475142857142861,0,1,0,1,0,1,0
2025-07-14 16:00:00,3345.044,3346.875,3343.082,3346.291,2006,,3343.082,↓,,bear,0,none,0,3,1,4,3,4,16,0,5.148214285714273,1,1,0,1,0,1,0
2025-07-14 16:15:00,3346.283,3348.552,3345.95,3348.337,1554,,,↓,,bear,0,none,0,2,1,3,2,3,16,0,5.058142857142879,0,1,0,1,0,1,0
2025-07-14 16:30:00,3348.291,3349.275,3347.821,3348.242,1428,,,↓,,bear,5,doji,0,3,1,4,3,4,16,0,4.712000000000054,0,1,1,1,0,1,0
2025-07-14 16:45:00,3348.225,3348.54,3346.144,3347.75,1346,,,↓,,bear,0,none,0,2,1,3,2,3,16,0,4.532642857142913,0,1,0,1,0,1,0
2025-07-14 17:00:00,3347.735,3349.397,3347.326,3348.258,1207,,,↓,,bear,1,bullish_engulfing,0,3,1,4,3,4,17,0,4.442142857142926,0,1,1,1,0,1,0
2025-07-14 17:15:00,3348.244,3351.125,3347.969,3350.513,1428,,,↑,↑,bull,0,none,0,1,1,2,1,2,17,0,4.359428571428647,0,1,0,0,0,1,0
2025-07-14 17:30:00,3350.5,3351.638,3349.772,3350.905,1540,,,↑,,bull,0,none,0,1,1,2,1,2,17,0,4.138071428571493,0,1,0,0,0,1,0
2025-07-14 17:45:00,3350.909,3351.678,3350.131,3351.044,1177,3351.678,,↑,,bull,3,hammer,0,3,1,4,3,4,17,0,3.697642857142942,1,1,1,0,0,1,0
2025-07-14 18:00:00,3351.026,3351.192,3347.899,3349.219,1312,,3347.899,,,bull,0,none,0,2,1,3,2,3,18,0,3.1292142857143648,1,0,0,1,0,1,0
2025-07-14 18:15:00,3349.184,3351.042,3348.428,3349.199,1074,,,,,bull,3,hammer,0,2,1,3,2,3,18,0,3.0114285714286586,0,0,1,1,0,1,0
2025-07-14 18:30:00,3349.234,3350.966,3348.983,3350.622,970,,,↑,,bull,0,none,0,2,1,3,2,3,18,0,2.646642857142914,0,1,0,1,0,1,0
2025-07-14 18:45:00,3350.612,3350.997,3348.339,3348.886,1040,,,,,bull,0,none,0,0,1,1,0,1,18,0,2.6068571428571823,0,0,0,0,0,1,0
2025-07-14 19:00:00,3348.937,3350.291,3348.649,3349.786,1108,,,↑,,bull,0,none,0,2,1,3,2,3,19,0,2.5095000000000516,0,1,0,1,0,1,0
2025-07-14 19:15:00,3349.823,3350.486,3348.04,3348.285,1327,,,,,bull,2,bearish_engulfing,0,1,1,2,1,2,19,0,2.3943571428571886,0,0,1,0,0,1,0
2025-07-14 19:30:00,3348.226,3348.503,3345.747,3346.284,1616,,,↓,↓,bear,0,none,0,1,1,2,1,2,19,0,2.320285714285774,0,1,0,0,0,1,0
2025-07-14 19:45:00,3346.339,3346.7,3343.179,3344.125,1626,,,↓,,bear,0,none,0,1,1,2,1,2,19,0,2.385928571428589,0,1,0,0,0,1,0
2025-07-14 20:00:00,3344.103,3345.406,3343.392,3345.164,903,,,↓,,bear,0,none,0,2,1,3,2,3,20,0,2.425928571428585,0,1,0,1,0,1,0
2025-07-14 20:15:00,3345.167,3345.623,3344.08,3344.809,908,,,↓,,bear,0,none,0,2,1,3,2,3,20,0,2.365000000000009,0,1,0,1,0,1,0
2025-07-14 20:30:00,3344.835,3345.287,3342.181,3342.181,838,,,↓,,bear,0,none,0,1,1,2,1,2,20,0,2.43892857142857,0,1,0,0,0,1,0
2025-07-14 20:45:00,3342.185,3342.968,3341.217,3342.572,917,,3341.217,↓,,bear,3,hammer,0,4,1,5,4,5,20,0,2.338571428571413,1,1,1,1,0,1,0
2025-07-14 22:00:00,3343.626,3343.786,3341.301,3341.902,715,,,↓,,bear,2,bearish_engulfing,0,2,1,3,2,3,22,0,2.382785714285709,0,1,1,0,0,1,0
2025-07-14 22:15:00,3341.922,3344.223,3341.922,3344.072,774,,,↓,,bear,0,none,0,2,1,3,2,3,22,0,2.438071428571415,0,1,0,1,0,1,0
2025-07-14 22:30:00,3344.079,3344.723,3342.973,3344.631,760,,,↓,,bear,3,hammer,0,3,1,4,3,4,22,0,2.3278571428571206,0,1,1,1,0,1,0
2025-07-14 22:45:00,3344.665,3345.72,3343.746,3345.72,719,,,↓,,bear,0,none,0,1,1,2,1,2,22,0,2.2821428571428117,0,1,0,0,0,1,0
2025-07-14 23:00:00,3345.733,3346.408,3343.945,3344.025,870,,,↓,,bear,2,bearish_engulfing,0,3,1,4,3,4,23,0,2.3164285714285273,0,1,1,1,0,1,0
2025-07-14 23:15:00,3344.026,3344.885,3343.994,3344.732,626,,,↓,,bear,0,none,0,2,1,3,2,3,23,0,2.190214285714254,0,1,0,1,0,1,0
2025-07-14 23:30:00,3344.804,3346.11,3344.024,3345.921,788,,,↓,,bear,0,none,0,1,1,2,1,2,23,0,2.221928571428537,0,1,0,0,0,1,0
2025-07-14 23:45:00,3345.948,3346.556,3344.365,3345.337,977,,,↓,,bear,0,none,0,2,1,3,2,3,23,0,2.203714285714276,0,1,0,1,0,1,0
2025-07-15 00:00:00,3345.299,3347.11,3344.758,3346.602,1350,,,↓,,bear,1,bullish_engulfing,0,2,1,3,2,3,0,1,2.174857142857133,0,1,1,0,0,1,0
2025-07-15 00:15:00,3346.613,3347.987,3346.53,3347.582,970,,,↓,,bear,0,none,0,1,1,2,1,2,0,1,2.0274285714285725,0,1,0,0,0,1,0
2025-07-15 00:30:00,3347.508,3348.197,3346.104,3346.981,961,,,↓,,bear,0,none,0,2,1,3,2,3,0,1,2.0330714285714424,0,1,0,1,0,1,0
2025-07-15 00:45:00,3346.966,3349.367,3345.956,3347.626,1325,,,↓,,bear,1,bullish_engulfing,0,2,1,3,2,3,0,1,2.1665000000000094,0,1,1,0,0,1,0
2025-07-15 01:00:00,3347.597,3349.725,3347.148,3348.727,1749,,,,,bear,0,none,0,0,1,1,0,1,1,1,2.1287142857142953,0,0,0,0,0,1,0
2025-07-15 01:15:00,3348.713,3349.932,3347.7,3348.436,1255,,,,,bear,0,none,0,1,1,2,1,2,1,1,2.163071428571454,0,0,0,1,0,1,0
2025-07-15 01:30:00,3348.405,3350.72,3346.37,3346.857,1434,,,↓,,bear,0,none,0,1,1,2,1,2,1,1,2.296285714285724,0,1,0,0,0,1,0
2025-07-15 01:45:00,3346.896,3348.379,3345.969,3346.585,1449,,,↓,,bear,0,none,0,1,1,2,1,2,1,1,2.302642857142863,0,1,0,0,0,1,0
2025-07-15 02:00:00,3346.568,3350.009,3345.809,3349.745,1633,,3345.809,,,bear,1,bullish_engulfing,0,2,1,3,2,3,2,1,2.47764285714285,1,0,1,0,0,1,0
2025-07-15 02:15:00,3349.807,3352.03,3349.28,3350.147,1447,,,,,bear,4,inverted_hammer,0,1,1,2,1,2,2,1,2.5330714285714424,0,0,1,0,0,1,0
2025-07-15 02:30:00,3350.116,3350.536,3347.934,3349.209,1657,,,,,bear,0,none,0,1,1,2,1,2,2,1,2.543000000000023,0,0,0,1,0,1,0
2025-07-15 02:45:00,3349.097,3351.209,3347.578,3350.97,1290,,,,,bear,1,bullish_engulfing,0,1,1,2,1,2,2,1,2.7387142857142925,0,0,1,0,0,1,0
2025-07-15 03:00:00,3350.856,3354.546,3350.732,3354.125,1486,,,,,bear,0,none,0,0,1,1,0,1,3,1,2.8621428571428362,0,0,0,0,0,1,0
2025-07-15 03:15:00,3354.235,3356.021,3352.218,3354.607,1873,,,,,bear,3,hammer,0,1,1,2,1,2,3,1,2.977285714285699,0,0,1,0,0,1,0
2025-07-15 03:30:00,3354.536,3357.529,3354.279,3357.323,1220,,,,,bear,0,none,0,0,1,1,0,1,3,1,3.0414285714285336,0,0,0,0,0,1,0
2025-07-15 03:45:00,3357.318,3358.334,3356.754,3357.841,1114,,,,,bear,0,none,0,0,1,1,0,1,3,1,3.0502142857142513,0,0,0,0,0,1,0
2025-07-15 04:00:00,3357.853,3361.045,3357.58,3360.89,1508,,,,,bear,0,none,0,0,1,1,0,1,4,1,3.14821428571424,0,0,0,0,0,1,0
2025-07-15 04:15:00,3360.846,3360.915,3359.234,3360.217,1163,,,,,bear,0,none,0,1,1,2,1,2,4,1,3.0246428571428106,0,0,0,1,0,1,0
2025-07-15 04:30:00,3360.208,3361.1,3359.358,3360.278,1055,,,,,bear,3,hammer,0,2,1,3,2,3,4,1,2.9649999999999506,0,0,1,1,0,1,0
2025-07-15 04:45:00,3360.305,3361.426,3359.372,3360.241,1062,,,,,bear,5,doji,0,2,1,3,2,3,4,1,2.952285714285673,0,0,1,1,0,1,0
2025-07-15 05:00:00,3360.232,3363.183,3360.232,3362.621,1123,,,,,bear,1,bullish_engulfing,0,1,1,2,1,2,5,1,2.8523571428571097,0,0,1,0,0,1,0
2025-07-15 05:15:00,3362.627,3364.608,3362.229,3363.482,1156,,,,,bear,0,none,0,0,1,1,0,1,5,1,2.85014285714286,0,0,0,0,0,1,0
2025-07-15 05:30:00,3363.455,3364.953,3362.515,3364.198,1535,,,,,bear,0,none,0,0,1,1,0,1,5,1,2.7242857142857377,0,0,0,0,0,1,0
2025-07-15 05:45:00,3364.145,3365.194,3361.945,3361.989,1403,,,,,bear,0,none,0,1,1,2,1,2,5,1,2.7599285714285804,0,0,0,1,0,1,0
