datetime,open,high,low,close,volume,swing_high,swing_low,bos,choch,trend_state,pattern_code,candle_pattern,bias_bull.1,primary_score,secondary_score,total_confluence,score,num_confs,hour,dow,atr,conf_volume,conf_liquidity,conf_spread,conf_structure,conf_bos_or_choch,conf_candle,conf_sr_zone,conf_psych_level,conf_fib_zone,bias_bull
2025-06-24 00:00:00,3344.27,3355.22,3333.143,3351.064,16852,,3333.143,,,,0,none,0,2,1,3,2,3,0,1,13.080888888888946,1,0,1,1,0,0,1,0,1,0
2025-06-24 02:00:00,3347.72,3352.948,3345.84,3351.894,9001,,,,,bull,1,bullish_engulfing,0,2,1,3,2,3,2,1,12.453545454545457,0,0,1,0,0,1,1,0,1,0
2025-06-24 03:00:00,3351.901,3357.912,3351.509,3352.476,6539,3357.912,,,,bull,4,inverted_hammer,0,3,1,4,3,4,3,1,11.94933333333332,0,0,1,1,0,1,1,0,1,0
2025-06-24 06:00:00,3332.08,3333.123,3316.022,3322.736,18870,,3316.022,↓,,bear,0,none,0,2,1,3,2,3,6,1,13.12321428571428,1,0,1,1,1,0,0,0,1,0
2025-06-24 07:00:00,3322.814,3331.762,3316.536,3329.645,17064,,,↓,,bear,0,none,0,2,1,3,2,3,7,1,13.275642857142852,1,0,1,0,1,0,1,0,1,0
2025-06-24 08:00:00,3329.658,3332.32,3324.631,3327.323,10474,,,↓,,bear,0,none,0,2,1,3,2,3,8,1,12.684142857142856,0,0,1,0,1,0,1,0,1,0
2025-06-24 10:00:00,3318.575,3327.663,3318.537,3325.485,6769,,,↓,,bear,0,none,0,2,1,3,2,3,10,1,12.874428571428584,0,0,1,0,1,0,1,0,1,0
2025-06-24 11:00:00,3325.459,3328.955,3317.829,3321.214,9079,,,↓,,bear,0,none,0,2,1,3,2,3,11,1,12.950928571428546,0,0,1,0,1,0,1,0,1,0
2025-06-24 13:00:00,3314.694,3317.953,3295.397,3301.966,26174,,3295.397,↓,,bear,0,none,0,2,1,3,2,3,13,1,13.338071428571409,1,0,1,1,1,0,0,0,1,0
2025-06-24 14:00:00,3302.009,3310.281,3298.666,3304.591,18026,,,↓,,bear,4,inverted_hammer,0,3,1,4,3,4,14,1,12.590785714285696,1,0,1,0,1,1,1,0,1,0
2025-06-24 15:00:00,3304.573,3317.063,3299.787,3313.261,13503,,,↓,,bear,0,none,0,2,1,3,2,3,15,1,12.956714285714302,1,0,1,0,1,0,1,0,1,0
2025-06-24 16:00:00,3313.296,3320.489,3311.276,3318.424,7662,,,↓,,bear,0,none,0,2,1,3,2,3,16,1,13.107071428571478,0,0,1,0,1,0,1,0,1,0
2025-06-24 17:00:00,3318.449,3321.223,3317.835,3317.926,7295,,,↓,,bear,0,none,0,2,1,3,2,3,17,1,12.891714285714345,0,0,1,0,1,0,1,0,1,0
2025-06-24 18:00:00,3317.921,3319.03,3315.667,3317.118,5702,,,↓,,bear,0,none,0,2,1,3,2,3,18,1,12.675285714285792,0,0,1,0,1,0,1,0,1,0
2025-06-24 19:00:00,3317.155,3325.184,3316.056,3323.479,6514,3325.184,,↓,,bear,0,none,0,2,1,3,2,3,19,1,11.744214285714374,0,0,1,1,1,0,0,0,1,0
2025-06-24 20:00:00,3323.526,3324.444,3321.597,3323.086,3773,,,↓,,bear,0,none,0,2,1,3,2,3,20,1,10.72607142857149,0,0,1,0,1,0,1,0,1,0
2025-06-24 22:00:00,3324.444,3324.444,3320.842,3321.641,3395,,,↓,,bear,0,none,0,2,1,3,2,3,22,1,9.89578571428576,0,0,1,0,1,0,1,0,1,0
2025-06-25 02:00:00,3334.678,3335.209,3327.781,3329.444,6135,3335.209,,↑,,bull,0,none,0,3,1,4,3,4,2,2,8.954285714285756,0,0,1,1,1,0,1,0,1,0
2025-06-25 03:00:00,3329.445,3332.002,3327.162,3328.295,5295,,,↑,,bull,0,none,0,2,1,3,2,3,3,2,8.107214285714333,0,0,1,0,1,0,1,0,1,0
2025-06-25 04:00:00,3328.284,3329.235,3325.797,3327.509,3841,,3325.797,↑,,bull,0,none,0,3,1,4,3,4,4,2,6.741642857142908,0,0,1,1,1,0,1,0,1,0
2025-06-25 05:00:00,3327.501,3333.742,3326.664,3331.625,5091,,,↑,,bull,1,bullish_engulfing,0,3,1,4,3,4,5,2,6.4175714285714935,0,0,1,0,1,1,1,0,1,0
2025-06-25 06:00:00,3331.609,3333.466,3329.047,3331.55,5974,,,↑,,bull,5,doji,0,3,1,4,3,4,6,2,5.499214285714321,0,0,1,0,1,1,1,0,1,0
2025-06-25 07:00:00,3331.58,3337.096,3326.754,3330.631,8273,3337.096,,↑,,bull,5,doji,0,4,1,5,4,5,7,2,5.579857142857171,0,0,1,1,1,1,1,0,1,0
2025-06-25 13:00:00,3320.611,3321.621,3311.894,3314.539,12814,,3311.894,↓,,bear,0,none,0,2,1,3,2,3,13,2,7.015214285714332,1,0,1,1,1,0,0,0,1,0
2025-06-25 14:00:00,3314.44,3326.368,3312.238,3323.404,11155,,,↓,,bear,1,bullish_engulfing,0,3,1,4,3,4,14,2,7.563500000000041,1,0,1,0,1,1,1,0,1,0
2025-06-26 03:00:00,3339.481,3343.199,3336.399,3337.976,6016,3343.199,,,,bear,0,none,0,2,1,3,2,3,3,3,8.0480000000001,0,0,1,1,0,0,1,0,1,0
2025-06-26 05:00:00,3333.965,3338.298,3332.421,3334.218,6317,,,,,bear,3,hammer,0,2,1,3,2,3,5,3,7.106285714285799,0,0,1,0,0,1,1,0,1,0
2025-06-26 08:00:00,3346.066,3350.37,3344.471,3348.256,8149,3350.37,,↑,,bull,0,none,0,2,1,3,2,3,8,3,6.7960714285715245,1,0,1,1,1,0,0,0,1,0
2025-06-26 10:00:00,3340.535,3343.481,3337.838,3343.253,5574,,,↑,,bull,0,none,0,2,1,3,2,3,10,3,7.109285714285794,0,0,1,0,1,0,1,0,1,0
2025-06-26 13:00:00,3322.116,3328.7,3309.947,3319.925,28352,,3309.947,↓,,bear,0,none,0,2,1,3,2,3,13,3,9.811142857142938,1,0,1,1,1,0,0,0,1,0
2025-06-26 15:00:00,3318.453,3324.927,3318.453,3324.846,9300,,,↓,,bear,0,none,0,2,1,3,2,3,15,3,10.072142857142937,1,0,1,0,1,0,1,0,1,0
2025-06-26 17:00:00,3331.329,3336.45,3331.145,3332.718,7375,3336.45,,,,bear,4,inverted_hammer,0,2,1,3,2,3,17,3,9.749428571428618,0,0,1,1,0,1,0,0,1,0
2025-06-26 19:00:00,3334.155,3334.329,3328.265,3331.301,5616,,,,,bear,2,bearish_engulfing,0,2,1,3,2,3,19,3,9.680142857142917,0,0,1,0,0,1,1,0,1,0
2025-06-26 20:00:00,3331.407,3332.327,3327.804,3328.248,3339,,,↓,,bear,0,none,0,2,1,3,2,3,20,3,9.331785714285777,0,0,1,0,1,0,1,0,1,0
2025-06-27 00:00:00,3318.788,3319.983,3313.226,3318.862,7782,,,↓,,bear,3,hammer,0,3,1,4,3,4,0,4,9.341642857142915,0,0,1,0,1,1,1,0,1,0
2025-06-27 04:00:00,3294.364,3297.58,3291.048,3293.969,8580,,,↓,,bear,5,doji,0,2,1,3,2,3,4,4,8.231357142857243,0,0,1,0,1,1,0,0,1,0
2025-06-27 05:00:00,3294.008,3300.941,3289.262,3297.103,10500,,,↓,,bear,0,none,0,2,1,3,2,3,5,4,8.208285714285791,1,0,1,0,1,0,1,0,1,0
2025-06-27 06:00:00,3297.329,3299.92,3286.854,3294.888,13544,,,↓,,bear,0,none,0,2,1,3,2,3,6,4,8.676142857142947,1,0,1,0,1,0,1,0,1,0
2025-06-27 08:00:00,3284.502,3291.132,3281.78,3289.427,11476,,,↓,,bear,0,none,0,2,1,3,2,3,8,4,9.139785714285804,1,0,1,0,1,0,1,0,1,0
2025-06-27 10:00:00,3282.819,3290.959,3279.692,3285.665,8381,,,↓,,bear,0,none,0,2,1,3,2,3,10,4,9.805642857142889,0,0,1,0,1,0,1,0,1,0
2025-06-27 11:00:00,3285.713,3287.964,3275.98,3281.389,10525,,,↓,,bear,2,bearish_engulfing,0,2,1,3,2,3,11,4,10.338571428571445,1,0,1,0,1,1,0,0,1,0
2025-06-27 13:00:00,3270.06,3274.425,3255.836,3274.143,28440,,3255.836,↓,,bear,3,hammer,0,4,1,5,4,5,13,4,11.37914285714289,1,0,1,1,1,1,1,0,1,0
2025-06-27 14:00:00,3274.231,3278.134,3263.58,3272.407,19641,,,↓,,bear,0,none,0,2,1,3,2,3,14,4,11.936071428571463,1,0,1,0,1,0,1,0,1,0
2025-06-27 15:00:00,3272.445,3277.493,3270.922,3274.655,12525,,,↓,,bear,0,none,0,2,1,3,2,3,15,4,11.891428571428573,1,0,1,0,1,0,1,0,1,0
2025-06-27 16:00:00,3274.574,3278.629,3273.36,3277.558,7634,,,↓,,bear,0,none,0,2,1,3,2,3,16,4,11.42335714285712,0,0,1,0,1,0,1,0,1,0
2025-06-27 17:00:00,3277.598,3282.802,3272.7,3277.353,9162,3282.802,,↓,,bear,5,doji,0,4,1,5,4,5,17,4,10.83307142857143,0,0,1,1,1,1,1,0,1,0
2025-06-27 18:00:00,3277.402,3278.39,3270.464,3275.751,8347,,,↓,,bear,0,none,0,2,1,3,2,3,18,4,10.932642857142842,0,0,1,0,1,0,1,0,1,0
2025-06-27 20:00:00,3270.616,3275.5,3270.253,3274.598,4759,,,↓,,bear,0,none,0,2,1,3,2,3,20,4,10.132285714285672,0,0,1,0,1,0,1,0,1,0
2025-06-29 22:00:00,3272.488,3274.234,3247.921,3263.811,18231,,3247.921,↓,,bear,0,none,0,2,1,3,2,3,22,6,11.181214285714239,1,0,1,1,1,0,0,0,1,0
2025-06-29 23:00:00,3263.784,3270.95,3262.825,3263.806,9675,,,↓,,bear,3,hammer,0,2,1,3,2,3,23,6,11.093571428571392,0,0,1,0,1,1,0,0,1,0
2025-06-30 00:00:00,3263.775,3269.786,3262.637,3264.626,9100,,,↓,,bear,4,inverted_hammer,0,3,1,4,3,4,0,0,11.050071428571398,0,0,1,0,1,1,1,0,1,0
2025-06-30 01:00:00,3264.587,3275.962,3259.456,3273.862,14148,,,↓,,bear,0,none,0,2,1,3,2,3,1,0,11.424285714285686,1,0,1,0,1,0,1,0,1,0
2025-06-30 03:00:00,3280.172,3282.798,3277.815,3278.981,6843,,,↓,,bear,0,none,0,2,1,3,2,3,3,0,10.690428571428518,0,0,1,0,1,0,1,0,1,0
2025-06-30 07:00:00,3292.153,3296.85,3290.74,3292.873,7654,3296.85,,↑,,bull,4,inverted_hammer,0,3,1,4,3,4,7,0,9.610428571428558,0,0,1,1,1,1,0,0,1,0
2025-06-30 08:00:00,3292.879,3296.594,3288.128,3289.186,7598,,,↑,,bull,2,bearish_engulfing,0,3,1,4,3,4,8,0,9.493571428571386,0,0,1,0,1,1,1,0,1,0
2025-06-30 09:00:00,3289.188,3289.188,3277.435,3287.791,10479,,,↑,,bull,0,none,0,2,1,3,2,3,9,0,9.766928571428545,0,0,1,0,1,0,1,0,1,0
2025-06-30 13:00:00,3282.048,3287.062,3277.955,3284.791,12095,,,↑,,bull,0,none,0,2,1,3,2,3,13,0,8.874142857142877,1,0,1,0,1,0,1,0,1,0
2025-06-30 14:00:00,3284.709,3289.576,3279.178,3287.644,11694,,,↑,,bull,0,none,0,2,1,3,2,3,14,0,9.106214285714325,1,0,1,0,1,0,1,0,1,0
2025-06-30 17:00:00,3297.192,3298.564,3291.983,3294.048,6912,,,↑,,bull,0,none,0,2,1,3,2,3,17,0,8.463000000000095,0,0,1,0,1,0,1,0,1,0
2025-06-30 20:00:00,3308.502,3309.305,3302.315,3303.195,4344,,,↑,,bull,0,none,0,2,1,3,2,3,20,0,8.579285714285756,0,0,1,0,1,0,1,0,1,0
2025-06-30 22:00:00,3302.878,3314.602,3302.298,3311.444,5528,,,↑,,bull,1,bullish_engulfing,0,2,1,3,2,3,22,0,9.021714285714324,0,0,1,0,1,1,0,0,1,0
2025-06-30 23:00:00,3311.435,3312.582,3308.556,3312.441,5634,,,↑,,bull,3,hammer,0,2,1,3,2,3,23,0,8.704571428571464,0,0,1,0,1,1,0,0,1,0
2025-07-01 02:00:00,3317.798,3319.385,3314.344,3316.124,7901,,,↑,,bull,0,none,0,2,1,3,2,3,2,1,7.96435714285719,1,0,1,0,1,0,1,0,1,0
2025-07-01 03:00:00,3316.098,3322.66,3315.696,3321.161,6305,,,↑,,bull,1,bullish_engulfing,0,2,1,3,2,3,3,1,7.67257142857144,0,0,1,0,1,1,0,0,1,0
2025-07-01 08:00:00,3339.501,3342.422,3336.753,3339.525,7769,,,↑,,bull,3,hammer,0,2,1,3,2,3,8,1,7.415714285714265,1,0,1,0,1,1,0,0,1,0
2025-07-01 11:00:00,3348.67,3353.08,3346.971,3349.017,8508,,,↑,,bull,3,hammer,0,2,1,3,2,3,11,1,7.126285714285716,1,0,1,0,1,1,0,0,1,0
2025-07-01 12:00:00,3348.99,3358.015,3348.313,3354.683,12957,3358.015,,↑,,bull,0,none,0,2,1,3,2,3,12,1,6.9404285714285505,1,0,1,1,1,0,0,0,1,0
2025-07-01 13:00:00,3354.643,3355.529,3344.518,3351.512,15386,,,↑,,bull,0,none,0,2,1,3,2,3,13,1,7.439357142857132,1,0,1,0,1,0,1,0,1,0
2025-07-01 16:00:00,3340.215,3343.523,3337.533,3341.723,8075,,,↑,,bull,0,none,0,2,1,3,2,3,16,1,8.113499999999997,0,0,1,0,1,0,1,0,1,0
2025-07-01 17:00:00,3341.738,3342.197,3336.913,3339.695,7236,,,↑,,bull,2,bearish_engulfing,0,2,1,3,2,3,17,1,7.993500000000007,0,0,1,0,1,1,0,0,1,0
2025-07-01 19:00:00,3337.994,3340.155,3336.835,3338.005,5451,,,↑,,bull,3,hammer,0,3,1,4,3,4,19,1,7.473928571428587,0,0,1,0,1,1,1,0,1,0
2025-07-01 20:00:00,3338.042,3340.363,3336.771,3338.959,3284,,,↑,,bull,0,none,0,2,1,3,2,3,20,1,7.051428571428557,0,0,1,0,1,0,1,0,1,0
2025-07-01 22:00:00,3337.692,3343.826,3336.88,3341.515,5333,,,↑,,bull,0,none,0,2,1,3,2,3,22,1,6.889428571428555,0,0,1,0,1,0,1,0,1,0
2025-07-01 23:00:00,3341.569,3341.874,3336.814,3338.152,5160,,,↑,,bull,0,none,0,2,1,3,2,3,23,1,6.84592857142856,0,0,1,0,1,0,1,0,1,0
2025-07-02 00:00:00,3338.186,3344.987,3334.557,3339.009,9483,3344.987,,↑,,bull,3,hammer,0,4,1,5,4,5,0,2,6.885071428571434,1,0,1,1,1,1,1,0,1,0
2025-07-02 01:00:00,3339.044,3342.877,3330.975,3332.194,10085,,,↑,,bull,2,bearish_engulfing,0,2,1,3,2,3,1,2,7.3539285714285665,1,0,1,0,1,1,0,0,1,0
2025-07-02 02:00:00,3332.234,3338.175,3328.534,3336.704,8574,,3328.534,↑,,bull,0,none,0,3,1,4,3,4,2,2,7.606214285714292,0,0,1,1,1,0,1,0,1,0
2025-07-02 03:00:00,3336.718,3342.063,3334.946,3339.959,6387,,,↑,,bull,0,none,0,2,1,3,2,3,3,2,7.421571428571464,0,0,1,0,1,0,1,0,1,0
2025-07-02 04:00:00,3339.925,3342.033,3339.401,3340.084,4414,,,↑,,bull,3,hammer,0,2,1,3,2,3,4,2,6.823071428571471,0,0,1,0,1,1,0,0,1,0
2025-07-02 05:00:00,3340.09,3343.951,3336.561,3338.743,6491,3343.951,,↑,,bull,2,bearish_engulfing,0,4,1,5,4,5,5,2,6.577928571428596,0,0,1,1,1,1,1,0,1,0
2025-07-02 06:00:00,3338.756,3339.366,3329.884,3333.488,8144,,,↑,,bull,0,none,0,2,1,3,2,3,6,2,6.562142857142882,0,0,1,0,1,0,1,0,1,0
2025-07-02 07:00:00,3333.399,3336.836,3327.563,3334.571,9210,,3327.563,↑,,bull,3,hammer,0,4,1,5,4,5,7,2,6.796642857142842,1,0,1,1,1,1,1,0,1,0
2025-07-02 08:00:00,3334.605,3338.054,3332.853,3333.558,6484,,,↑,,bull,0,none,0,2,1,3,2,3,8,2,6.790714285714265,0,0,1,0,1,0,1,0,1,0
2025-07-02 09:00:00,3333.511,3342.272,3333.033,3341.636,6951,,,↑,,bull,1,bullish_engulfing,0,2,1,3,2,3,9,2,7.2303571428571365,0,0,1,0,1,1,0,0,1,0
2025-07-02 11:00:00,3344.298,3347.711,3339.696,3342.199,6452,,,↑,,bull,0,none,0,2,1,3,2,3,11,2,7.678642857142839,0,0,1,0,1,0,1,0,1,0
2025-07-02 12:00:00,3342.214,3351.126,3337.733,3346.621,14163,3351.126,,↑,,bull,0,none,0,2,1,3,2,3,12,2,8.139142857142847,1,0,1,1,1,0,0,0,1,0
2025-07-02 13:00:00,3346.595,3346.62,3334.9,3337.44,14970,,,↑,,bull,0,none,0,2,1,3,2,3,13,2,8.614928571428566,1,0,1,0,1,0,1,0,1,0
2025-07-02 14:00:00,3337.479,3343.573,3333.842,3342.961,10017,,3333.842,↑,,bull,0,none,0,3,1,4,3,4,14,2,8.564999999999957,1,0,1,1,1,0,1,0,1,0
2025-07-02 15:00:00,3342.998,3343.839,3338.703,3341.021,9206,,,↑,,bull,0,none,0,2,1,3,2,3,15,2,8.081714285714238,1,0,1,0,1,0,1,0,1,0
2025-07-02 16:00:00,3340.943,3349.265,3340.943,3348.668,7174,,,↑,,bull,1,bullish_engulfing,0,2,1,3,2,3,16,2,7.987499999999922,0,0,1,0,1,1,0,0,1,0
2025-07-02 20:00:00,3358.302,3360.174,3355.54,3357.315,3537,,,↑,,bull,0,none,0,2,1,3,2,3,20,2,7.474999999999909,0,0,1,0,1,0,1,0,1,0
2025-07-02 22:00:00,3358.427,3365.748,3358.411,3361.936,5353,3365.748,,↑,,bull,0,none,0,2,1,3,2,3,22,2,7.414999999999931,0,0,1,1,1,0,0,0,1,0
2025-07-02 23:00:00,3361.958,3362.315,3348.754,3349.395,8947,,,↑,,bull,2,bearish_engulfing,0,2,1,3,2,3,23,2,8.012142857142797,1,0,1,0,1,1,0,0,1,0
2025-07-03 01:00:00,3344.765,3348.183,3341.88,3345.975,7821,,3341.88,↑,,bull,3,hammer,0,4,1,5,4,5,1,3,7.891785714285659,1,0,1,1,1,1,1,0,1,0
2025-07-03 02:00:00,3345.994,3351.406,3345.724,3350.965,5915,,,↑,,bull,0,none,0,2,1,3,2,3,2,3,7.725142857142795,0,0,1,0,1,0,1,0,1,0
2025-07-03 03:00:00,3351.008,3351.476,3345.487,3347.509,5012,,,↑,,bull,0,none,0,2,1,3,2,3,3,3,7.1962857142856524,0,0,1,0,1,0,1,0,1,0
2025-07-03 04:00:00,3347.437,3351.858,3347.384,3350.834,4321,,,↑,,bull,0,none,0,2,1,3,2,3,4,3,6.6786428571428065,0,0,1,0,1,0,1,0,1,0
2025-07-03 06:00:00,3359.345,3363.677,3356.488,3361.859,7560,3363.677,,↑,,bull,0,none,0,2,1,3,2,3,6,3,6.866928571428551,1,0,1,1,1,0,0,0,1,0
2025-07-03 07:00:00,3361.823,3363.116,3352.628,3353.077,7755,,,↑,,bull,0,none,0,2,1,3,2,3,7,3,7.021642857142849,1,0,1,0,1,0,1,0,1,0
2025-07-03 08:00:00,3353.096,3358.378,3351.678,3356.225,6488,,,↑,,bull,0,none,0,2,1,3,2,3,8,3,7.272071428571443,0,0,1,0,1,0,1,0,1,0
2025-07-03 10:00:00,3345.673,3355.368,3344.745,3353.04,6148,,,↑,,bull,0,none,0,2,1,3,2,3,10,3,8.102785714285735,0,0,1,0,1,0,1,0,1,0
2025-07-03 11:00:00,3353.077,3353.717,3342.981,3346.073,6856,,,↑,,bull,0,none,0,2,1,3,2,3,11,3,8.53864285714287,1,0,1,0,1,0,1,0,1,0
2025-07-03 12:00:00,3346.041,3352.306,3311.535,3324.503,29330,,3311.535,↓,↓,bear,0,none,0,2,1,3,2,3,12,3,10.848500000000026,1,0,1,1,1,0,0,0,1,0
2025-07-03 13:00:00,3324.555,3338.551,3322.063,3332.223,21155,,,↓,,bear,0,none,0,2,1,3,2,3,13,3,11.057571428571432,1,0,1,0,1,0,1,0,1,0
2025-07-03 14:00:00,3332.257,3334.681,3323.441,3324.643,15385,,,↓,,bear,0,none,0,2,1,3,2,3,14,3,11.40157142857145,1,0,1,0,1,0,1,0,1,0
2025-07-03 15:00:00,3324.636,3331.481,3323.022,3328.045,8689,,,↓,,bear,0,none,0,2,1,3,2,3,15,3,11.55557142857148,0,0,1,0,1,0,1,0,1,0
2025-07-03 16:00:00,3328.106,3334.714,3325.676,3333.866,6379,,,↓,,bear,0,none,0,2,1,3,2,3,16,3,11.79528571428578,0,0,1,0,1,0,1,0,1,0
2025-07-03 17:00:00,3333.827,3334.862,3328.839,3329.141,4305,3334.862,,↓,,bear,0,none,0,3,1,4,3,4,17,3,11.79771428571436,0,0,1,1,1,0,1,0,1,0
2025-07-03 18:00:00,3329.069,3330.286,3327.843,3329.132,2503,,,↓,,bear,3,hammer,0,3,1,4,3,4,18,3,11.652642857142935,0,0,1,0,1,1,1,0,1,0
2025-07-03 19:00:00,3329.1,3329.551,3327.011,3328.749,2436,,,↓,,bear,0,none,0,2,1,3,2,3,19,3,11.097357142857229,0,0,1,0,1,0,1,0,1,0
2025-07-03 22:00:00,3326.167,3329.607,3323.611,3329.07,3239,,3323.611,↓,,bear,1,bullish_engulfing,0,4,1,5,4,5,22,3,10.519428571428664,0,0,1,1,1,1,1,0,1,0
2025-07-04 00:00:00,3330.875,3331.12,3325.869,3328.996,5396,,,↓,,bear,2,bearish_engulfing,0,3,1,4,3,4,0,4,9.764071428571501,0,0,1,0,1,1,1,0,1,0
2025-07-04 01:00:00,3328.948,3334.296,3326.429,3330.056,6945,,,↓,,bear,3,hammer,0,3,1,4,3,4,1,4,9.567214285714337,0,0,1,0,1,1,1,0,1,0
2025-07-04 02:00:00,3330.088,3332.443,3327.079,3327.333,5872,,,↓,,bear,2,bearish_engulfing,0,3,1,4,3,4,2,4,9.183500000000063,0,0,1,0,1,1,1,0,1,0
2025-07-04 03:00:00,3327.29,3338.948,3326.143,3338.35,5584,,,↑,↑,bull,1,bullish_engulfing,0,2,1,3,2,3,3,4,7.185928571428609,0,0,1,0,1,1,0,0,1,0
2025-07-04 05:00:00,3340.81,3342.266,3338.371,3339.491,5092,,,↑,,bull,0,none,0,2,1,3,2,3,5,4,5.7892142857143165,0,0,1,0,1,0,1,0,1,0
2025-07-04 06:00:00,3339.565,3345.098,3339.208,3342.606,6665,3345.098,,↑,,bull,0,none,0,2,1,3,2,3,6,4,5.605714285714287,0,0,1,1,1,0,0,0,1,0
2025-07-04 07:00:00,3342.64,3343.782,3336.384,3342.947,7367,,,↑,,bull,3,hammer,0,2,1,3,2,3,7,4,5.488571428571439,0,0,1,0,1,1,0,0,1,0
2025-07-04 08:00:00,3342.95,3344.247,3340.829,3342.804,5379,,,↑,,bull,5,doji,0,3,1,4,3,4,8,4,5.302499999999976,0,0,1,0,1,1,1,0,1,0
2025-07-04 10:00:00,3334.373,3338.069,3331.466,3336.799,5771,,,↑,,bull,0,none,0,2,1,3,2,3,10,4,6.138642857142811,0,0,1,0,1,0,1,0,1,0
2025-07-04 16:00:00,3332.357,3335.945,3332.222,3335.07,2603,,,↑,,bull,1,bullish_engulfing,0,2,1,3,2,3,16,4,5.740142857142798,0,0,1,0,1,1,0,0,1,0
2025-07-06 22:00:00,3341.408,3341.924,3332.388,3333.457,5684,3341.924,,,,bull,0,none,0,2,1,3,2,3,22,6,5.506642857142814,1,0,1,1,0,0,1,0,1,0
2025-07-07 03:00:00,3308.903,3315.321,3307.097,3310.848,7830,,,,,bull,4,inverted_hammer,0,2,1,3,2,3,3,0,7.834142857142816,1,0,1,0,0,1,1,0,1,0
2025-07-07 12:00:00,3301.94,3312.723,3300.376,3309.551,15200,,,,,bull,1,bullish_engulfing,0,2,1,3,2,3,12,0,10.295071428571353,1,0,1,0,0,1,1,0,1,0
2025-07-07 20:00:00,3337.025,3338.067,3335.393,3336.54,3519,,,↑,,bull,0,none,0,2,1,3,2,3,20,0,8.711357142857164,0,0,1,0,1,0,1,0,1,0
2025-07-07 22:00:00,3340.918,3345.827,3338.89,3339.804,5569,3345.827,,↑,,bull,0,none,0,2,1,3,2,3,22,0,8.474500000000035,0,0,1,1,1,0,0,0,1,0
2025-07-08 01:00:00,3334.23,3336.971,3329.717,3334.844,10224,,,,,bull,1,bullish_engulfing,0,2,1,3,2,3,1,1,7.610142857142916,1,0,1,0,0,1,1,0,1,0
2025-07-08 02:00:00,3334.734,3338.035,3332.838,3334.459,7184,,,,,bull,5,doji,0,2,1,3,2,3,2,1,7.42257142857144,0,0,1,0,0,1,1,0,1,0
2025-07-08 05:00:00,3329.556,3336.596,3329.486,3334.061,5736,,,,,bull,1,bullish_engulfing,0,2,1,3,2,3,5,1,6.5102857142857635,0,0,1,0,0,1,1,0,1,0
2025-07-08 06:00:00,3334.07,3335.993,3330.784,3335.704,6748,,,↑,,bull,3,hammer,0,2,1,3,2,3,6,1,6.457928571428608,0,0,1,0,1,1,0,0,1,0
2025-07-08 07:00:00,3335.752,3339.5,3330.507,3333.915,7344,3339.5,,,,bull,2,bearish_engulfing,0,3,1,4,3,4,7,1,6.528214285714317,0,0,1,1,0,1,1,0,1,0
2025-07-08 10:00:00,3322.045,3327.1,3320.406,3324.621,5623,,,↓,,bear,0,none,0,2,1,3,2,3,10,1,6.607714285714272,0,0,1,0,1,0,1,0,1,0
2025-07-08 11:00:00,3324.658,3327.509,3319.94,3324.971,6686,,,↓,,bear,3,hammer,0,3,1,4,3,4,11,1,6.957357142857128,0,0,1,0,1,1,1,0,1,0
2025-07-08 12:00:00,3325.014,3329.864,3324.701,3328.206,7739,3329.864,,,,bear,0,none,0,2,1,3,2,3,12,1,6.662785714285682,1,0,1,1,0,0,1,0,1,0
2025-07-08 13:00:00,3328.242,3328.627,3314.758,3315.27,15619,,,↓,,bear,2,bearish_engulfing,0,2,1,3,2,3,13,1,7.20921428571426,1,0,1,0,1,1,0,0,1,0
2025-07-08 15:00:00,3296.662,3300.322,3287.069,3298.241,15245,,3287.069,↓,,bear,3,hammer,0,4,1,5,4,5,15,1,8.743642857142829,1,0,1,1,1,1,1,0,1,0
2025-07-08 16:00:00,3298.249,3301.641,3295.938,3300.481,9863,,,↓,,bear,0,none,0,2,1,3,2,3,16,1,8.779785714285708,1,0,1,0,1,0,1,0,1,0
2025-07-08 17:00:00,3300.446,3310.426,3299.302,3306.352,13682,,,↓,,bear,0,none,0,2,1,3,2,3,17,1,9.15421428571426,1,0,1,0,1,0,1,0,1,0
2025-07-08 18:00:00,3306.304,3308.144,3300.601,3305.401,7239,,,↓,,bear,0,none,0,2,1,3,2,3,18,1,9.298571428571352,0,0,1,0,1,0,1,0,1,0
2025-07-08 19:00:00,3305.438,3306.163,3302.379,3302.992,5398,,,↓,,bear,0,none,0,2,1,3,2,3,19,1,9.060999999999922,0,0,1,0,1,0,1,0,1,0
2025-07-08 20:00:00,3303.02,3303.776,3299.326,3301.488,3762,,,↓,,bear,0,none,0,2,1,3,2,3,20,1,9.006785714285636,0,0,1,0,1,0,1,0,1,0
2025-07-08 22:00:00,3303.13,3304.074,3300.335,3301.589,4012,,,↓,,bear,0,none,0,2,1,3,2,3,22,1,8.631499999999928,0,0,1,0,1,0,1,0,1,0
2025-07-08 23:00:00,3301.616,3303.916,3297.199,3302.277,6218,,,↓,,bear,3,hammer,0,3,1,4,3,4,23,1,8.349357142857084,0,0,1,0,1,1,1,0,1,0
2025-07-09 00:00:00,3302.365,3308.003,3301.815,3307.156,7434,3308.003,,↓,,bear,0,none,0,2,1,3,2,3,0,2,8.387928571428542,0,0,1,1,1,0,0,0,1,0
2025-07-09 01:00:00,3307.109,3307.286,3299.262,3301.854,9244,,,↓,,bear,0,none,0,2,1,3,2,3,1,2,8.482928571428536,1,0,1,0,1,0,1,0,1,0
2025-07-09 03:00:00,3288.536,3294.76,3284.909,3293.276,8908,,3284.909,↓,,bear,0,none,0,3,1,4,3,4,3,2,9.468857142857132,0,0,1,1,1,0,1,0,1,0
2025-07-09 04:00:00,3293.244,3296.356,3291.192,3293.965,5120,,,↓,,bear,3,hammer,0,3,1,4,3,4,4,2,8.847071428571423,0,0,1,0,1,1,1,0,1,0
2025-07-09 05:00:00,3293.898,3297.875,3288.964,3289.441,8184,,,↓,,bear,0,none,0,2,1,3,2,3,5,2,7.938214285714301,0,0,1,0,1,0,1,0,1,0
2025-07-09 06:00:00,3289.484,3292.758,3285.495,3292.194,9629,,,↓,,bear,0,none,0,2,1,3,2,3,6,2,7.510357142857141,1,0,1,0,1,0,1,0,1,0
2025-07-09 07:00:00,3292.266,3295.959,3288.279,3291.852,9923,,,↓,,bear,5,doji,0,3,1,4,3,4,7,2,7.651571428571417,1,0,1,0,1,1,1,0,1,0
2025-07-09 08:00:00,3291.822,3292.677,3282.626,3285.04,9172,,3282.626,↓,,bear,0,none,0,2,1,3,2,3,8,2,7.57492857142857,0,0,1,1,1,0,0,0,1,0
2025-07-09 09:00:00,3285.082,3290.399,3284.331,3289.173,7033,,,↓,,bear,0,none,0,2,1,3,2,3,9,2,7.469571428571434,0,0,1,0,1,0,1,0,1,0
2025-07-09 15:00:00,3312.311,3312.889,3306.327,3309.606,8036,,,↑,,bull,0,none,0,2,1,3,2,3,15,2,9.857214285714333,0,0,1,0,1,0,1,0,1,0
2025-07-09 16:00:00,3309.555,3313.324,3307.91,3311.88,5886,,,↑,,bull,0,none,0,2,1,3,2,3,16,2,9.052214285714333,0,0,1,0,1,0,1,0,1,0
2025-07-09 17:00:00,3311.906,3314.616,3308.07,3309.498,6007,,,↑,,bull,2,bearish_engulfing,0,3,1,4,3,4,17,2,8.816142857142884,0,0,1,0,1,1,1,0,1,0
2025-07-09 18:00:00,3309.574,3313.683,3308.081,3311.42,5544,,,↑,,bull,0,none,0,2,1,3,2,3,18,2,8.847428571428575,0,0,1,0,1,0,1,0,1,0
2025-07-09 20:00:00,3315.645,3315.879,3311.59,3313.846,3360,,,↑,,bull,0,none,0,2,1,3,2,3,20,2,8.424142857142831,0,0,1,0,1,0,1,0,1,0
2025-07-09 23:00:00,3319.471,3319.723,3315.675,3317.639,4004,,,↑,,bull,0,none,0,2,1,3,2,3,23,2,7.970357142857113,0,0,1,0,1,0,1,0,1,0
2025-07-10 00:00:00,3317.559,3321.964,3316.617,3317.746,7122,,,↑,,bull,3,hammer,0,3,1,4,3,4,0,3,7.918857142857113,0,0,1,0,1,1,1,0,1,0
2025-07-10 01:00:00,3317.708,3326.415,3316.401,3322.181,7824,3326.415,,↑,,bull,0,none,0,2,1,3,2,3,1,3,8.077714285714267,1,0,1,1,1,0,0,0,1,0
2025-07-10 02:00:00,3322.073,3323.679,3318.141,3319.174,5557,,,↑,,bull,0,none,0,2,1,3,2,3,2,3,7.566571428571381,0,0,1,0,1,0,1,0,1,0
2025-07-10 04:00:00,3315.682,3322.56,3314.773,3322.139,4260,,3314.773,↑,,bull,1,bullish_engulfing,0,4,1,5,4,5,4,3,6.615571428571359,0,0,1,1,1,1,1,0,1,0
2025-07-10 05:00:00,3322.212,3325.053,3320.676,3321.308,5514,,,↑,,bull,0,none,0,2,1,3,2,3,5,3,5.974357142857051,0,0,1,0,1,0,1,0,1,0
2025-07-10 06:00:00,3321.149,3328.535,3320.902,3325.252,6515,,,↑,,bull,1,bullish_engulfing,0,2,1,3,2,3,6,3,6.050857142857045,0,0,1,0,1,1,0,0,1,0
2025-07-10 07:00:00,3325.211,3329.486,3319.867,3321.047,7106,,,↑,,bull,0,none,0,2,1,3,2,3,7,3,6.35121428571415,1,0,1,0,1,0,1,0,1,0
2025-07-10 09:00:00,3328.575,3330.289,3323.203,3326.474,6384,,,↑,,bull,0,none,0,2,1,3,2,3,9,3,6.72264285714274,0,0,1,0,1,0,1,0,1,0
2025-07-10 10:00:00,3326.507,3328.719,3322.246,3325.3,6613,,,↑,,bull,0,none,0,2,1,3,2,3,10,3,6.759357142857035,1,0,1,0,1,0,1,0,1,0
2025-07-10 11:00:00,3325.341,3330.337,3318.331,3320.411,8592,3330.337,,↑,,bull,0,none,0,2,1,3,2,3,11,3,7.310571428571328,1,0,1,1,1,0,0,0,1,0
2025-07-10 12:00:00,3320.424,3326.089,3317.922,3323.783,9896,,,↑,,bull,0,none,0,2,1,3,2,3,12,3,7.370357142857041,1,0,1,0,1,0,1,0,1,0
2025-07-10 14:00:00,3312.786,3321.585,3310.064,3314.931,13320,,3310.064,,,bear,4,inverted_hammer,0,3,1,4,3,4,14,3,8.774857142857106,1,0,1,1,0,1,1,0,1,0
2025-07-10 23:00:00,3323.157,3326.401,3322.926,3323.808,3517,,,,,bear,4,inverted_hammer,0,2,1,3,2,3,23,3,7.2634285714285785,0,0,1,0,0,1,1,0,1,0
2025-07-11 06:00:00,3334.051,3343.827,3332.12,3332.567,9296,3343.827,,,,bear,0,none,0,2,1,3,2,3,6,4,6.4094285714286015,1,0,1,1,0,0,1,0,1,0
2025-07-11 07:00:00,3332.52,3342.264,3331.086,3341.833,8569,,,↑,↑,bull,1,bullish_engulfing,0,2,1,3,2,3,7,4,6.643928571428627,1,0,1,0,1,1,0,0,1,0
2025-07-11 09:00:00,3333.119,3340.0,3332.669,3339.449,6914,,,↑,,bull,0,none,0,2,1,3,2,3,9,4,7.276285714285775,0,0,1,0,1,0,1,0,1,0
2025-07-11 13:00:00,3355.127,3359.228,3350.059,3351.916,19255,,,↑,,bull,0,none,0,2,1,3,2,3,13,4,9.016571428571458,1,0,1,0,1,0,1,0,1,0
2025-07-11 14:00:00,3351.889,3363.882,3350.231,3361.167,16719,,,↑,,bull,1,bullish_engulfing,0,2,1,3,2,3,14,4,9.09757142857146,1,0,1,0,1,1,0,0,1,0
2025-07-11 15:00:00,3361.124,3368.749,3356.854,3358.915,12115,3368.749,,↑,,bull,0,none,0,3,1,4,3,4,15,4,9.493357142857187,1,0,1,1,1,0,1,0,1,0
2025-07-11 16:00:00,3358.884,3359.717,3352.804,3353.809,8856,,,↑,,bull,0,none,0,2,1,3,2,3,16,4,9.428642857142872,1,0,1,0,1,0,1,0,1,0
2025-07-11 17:00:00,3353.779,3354.085,3349.185,3353.345,7225,,3349.185,↑,,bull,5,doji,0,4,1,5,4,5,17,4,9.504285714285743,0,0,1,1,1,1,1,0,1,0
2025-07-11 18:00:00,3353.38,3358.482,3353.264,3356.101,5957,,,↑,,bull,0,none,0,2,1,3,2,3,18,4,9.457571428571425,0,0,1,0,1,0,1,0,1,0
2025-07-11 19:00:00,3356.064,3359.802,3355.534,3356.411,5866,,,↑,,bull,4,inverted_hammer,0,3,1,4,3,4,19,4,9.070571428571416,0,0,1,0,1,1,1,0,1,0
2025-07-11 20:00:00,3356.459,3358.959,3353.594,3355.105,3730,,,↑,,bull,2,bearish_engulfing,0,3,1,4,3,4,20,4,8.617571428571377,0,0,1,0,1,1,1,0,1,0
2025-07-13 23:00:00,3369.222,3374.044,3366.326,3367.772,8225,3374.044,,↑,,bull,0,none,0,3,1,4,3,4,23,6,8.735785714285644,0,0,1,1,1,0,1,0,1,0
2025-07-14 00:00:00,3367.731,3373.318,3364.916,3367.628,9213,,,↑,,bull,5,doji,0,3,1,4,3,4,0,0,8.812285714285638,1,0,1,0,1,1,1,0,1,0
2025-07-14 01:00:00,3367.582,3370.164,3356.993,3358.812,11599,,,↑,,bull,0,none,0,2,1,3,2,3,1,0,9.124571428571373,1,0,1,0,1,0,1,0,1,0
2025-07-14 02:00:00,3358.758,3359.583,3353.865,3357.393,7384,,,↑,,bull,0,none,0,2,1,3,2,3,2,0,8.942214285714272,0,0,1,0,1,0,1,0,1,0
2025-07-14 04:00:00,3356.952,3361.688,3353.735,3359.794,6410,,3353.735,↑,,bull,1,bullish_engulfing,0,4,1,5,4,5,4,0,8.248357142857165,0,0,1,1,1,1,1,0,1,0
2025-07-14 05:00:00,3359.742,3360.446,3353.738,3357.649,7352,,,↑,,bull,0,none,0,2,1,3,2,3,5,0,7.752428571428611,0,0,1,0,1,0,1,0,1,0
2025-07-14 06:00:00,3357.613,3369.697,3356.649,3368.882,8334,,,↑,,bull,1,bullish_engulfing,0,2,1,3,2,3,6,0,7.834785714285772,0,0,1,0,1,1,0,0,1,0
2025-07-14 07:00:00,3368.834,3375.078,3366.653,3371.948,9134,3375.078,,↑,,bull,0,none,0,2,1,3,2,3,7,0,7.942785714285784,0,0,1,1,1,0,0,0,1,0
2025-07-14 08:00:00,3371.956,3372.62,3365.324,3365.875,6985,,,↑,,bull,2,bearish_engulfing,0,3,1,4,3,4,8,0,8.113928571428621,0,0,1,0,1,1,1,0,1,0
2025-07-14 09:00:00,3365.973,3370.357,3364.034,3370.233,5640,,,↑,,bull,0,none,0,2,1,3,2,3,9,0,8.192857142857195,0,0,1,0,1,0,1,0,1,0
2025-07-14 11:00:00,3372.02,3373.041,3363.917,3364.169,7047,,,↑,,bull,2,bearish_engulfing,0,2,1,3,2,3,11,0,8.505571428571491,0,0,1,0,1,1,0,0,1,0
2025-07-14 14:00:00,3355.19,3356.311,3340.954,3343.045,12947,,3340.954,↓,,bear,0,none,0,2,1,3,2,3,14,0,9.391785714285756,1,0,1,1,1,0,0,0,1,0
2025-07-14 15:00:00,3343.097,3349.77,3342.394,3345.105,8579,,,↓,,bear,4,inverted_hammer,0,3,1,4,3,4,15,0,8.977857142857179,1,0,1,0,1,1,1,0,1,0
2025-07-14 16:00:00,3345.044,3349.275,3343.082,3347.75,6334,,,↓,,bear,0,none,0,2,1,3,2,3,16,0,9.011785714285745,0,0,1,0,1,0,1,0,1,0
2025-07-14 17:00:00,3347.735,3351.678,3347.326,3351.044,5352,,,↓,,bear,0,none,0,2,1,3,2,3,17,0,9.018857142857152,0,0,1,0,1,0,1,0,1,0
2025-07-14 18:00:00,3351.026,3351.192,3347.899,3348.886,4396,,,↓,,bear,0,none,0,2,1,3,2,3,18,0,8.68600000000002,0,0,1,0,1,0,1,0,1,0
2025-07-14 19:00:00,3348.937,3350.486,3343.179,3344.125,5677,,,↓,,bear,0,none,0,2,1,3,2,3,19,0,8.728785714285712,0,0,1,0,1,0,1,0,1,0
2025-07-14 20:00:00,3344.103,3345.623,3341.217,3342.572,3566,,3341.217,↓,,bear,0,none,0,2,1,3,2,3,20,0,8.111499999999978,0,0,1,1,1,0,0,0,1,0
2025-07-14 22:00:00,3343.626,3345.72,3341.301,3345.72,2968,,,↓,,bear,0,none,0,2,1,3,2,3,22,0,7.825357142857099,0,0,1,0,1,0,1,0,1,0
2025-07-14 23:00:00,3345.733,3346.556,3343.945,3345.337,3261,,,↓,,bear,0,none,0,2,1,3,2,3,23,0,7.490714285714246,0,0,1,0,1,0,1,0,1,0
2025-07-15 00:00:00,3345.299,3349.367,3344.758,3347.626,4606,,,↓,,bear,1,bullish_engulfing,0,3,1,4,3,4,0,1,7.368285714285711,0,0,1,0,1,1,1,0,1,0
2025-07-15 01:00:00,3347.597,3350.72,3345.969,3346.585,5887,,,↓,,bear,0,none,0,2,1,3,2,3,1,1,7.358571428571428,0,0,1,0,1,0,1,0,1,0
2025-07-15 02:00:00,3346.568,3352.03,3345.809,3350.97,6027,,,↓,,bear,1,bullish_engulfing,0,2,1,3,2,3,2,1,7.151214285714267,0,0,1,0,1,1,0,0,1,0
