datetime,open,high,low,close,volume,swing_high,swing_low,bos,choch,bias,pattern_code,candle_pattern
2025-07-14 17:15:00+00:00,3348.244,3351.125,3347.969,3350.513,1428,,,,,bullish,0,none
2025-07-14 17:30:00+00:00,3350.5,3351.638,3349.772,3350.905,1540,,,,,bullish,0,none
2025-07-14 17:45:00+00:00,3350.909,3351.678,3350.131,3351.044,1177,3351.678,,,,bullish,5,doji
2025-07-14 18:00:00+00:00,3351.026,3351.192,3347.899,3349.219,1312,,3347.899,,,bullish,0,none
2025-07-14 18:15:00+00:00,3349.184,3351.042,3348.428,3349.199,1074,,,,,bullish,5,doji
2025-07-14 18:30:00+00:00,3349.234,3350.966,3348.983,3350.622,970,,,,,bullish,0,none
2025-07-14 18:45:00+00:00,3350.612,3350.997,3348.339,3348.886,1040,,,,,bullish,0,none
2025-07-14 19:00:00+00:00,3348.937,3350.291,3348.649,3349.786,1108,,,,,bullish,0,none
2025-07-14 19:15:00+00:00,3349.823,3350.486,3348.04,3348.285,1327,,,,,bullish,2,bearish_engulfing
2025-07-14 19:30:00+00:00,3348.226,3348.503,3345.747,3346.284,1616,,,,,bullish,0,none
2025-07-14 19:45:00+00:00,3346.339,3346.7,3343.179,3344.125,1626,,3343.179,,choch ↓,bearish,0,none
2025-07-14 20:00:00+00:00,3344.103,3345.406,3343.392,3345.164,903,,,,,bearish,0,none
2025-07-14 20:15:00+00:00,3345.167,3345.623,3344.08,3344.809,908,,,,,bearish,0,none
2025-07-14 20:30:00+00:00,3344.835,3345.287,3342.181,3342.181,838,,,,,bearish,0,none
2025-07-14 20:45:00+00:00,3342.185,3342.968,3341.217,3342.572,917,,3341.217,bos ↓,,bearish,3,hammer
2025-07-14 22:00:00+00:00,3343.626,3343.786,3341.301,3341.902,715,,3341.301,,,bearish,2,bearish_engulfing
2025-07-14 22:15:00+00:00,3341.922,3344.223,3341.922,3344.072,774,,,,,bearish,0,none
2025-07-14 22:30:00+00:00,3344.079,3344.723,3342.973,3344.631,760,,,,,bearish,3,hammer
2025-07-14 22:45:00+00:00,3344.665,3345.72,3343.746,3345.72,719,3345.72,,,,bearish,0,none
2025-07-14 23:00:00+00:00,3345.733,3346.408,3343.945,3344.025,870,3346.408,,,choch ↑,bullish,2,bearish_engulfing
2025-07-14 23:15:00+00:00,3344.026,3344.885,3343.994,3344.732,626,,,,,bullish,0,none
2025-07-14 23:30:00+00:00,3344.804,3346.11,3344.024,3345.921,788,,,,,bullish,0,none
2025-07-14 23:45:00+00:00,3345.948,3346.556,3344.365,3345.337,977,,,,,bullish,0,none
2025-07-15 00:00:00+00:00,3345.299,3347.11,3344.758,3346.602,1350,,,,,bullish,1,bullish_engulfing
2025-07-15 00:15:00+00:00,3346.613,3347.987,3346.53,3347.582,970,,,,,bullish,0,none
2025-07-15 00:30:00+00:00,3347.508,3348.197,3346.104,3346.981,961,,,,,bullish,0,none
2025-07-15 00:45:00+00:00,3346.966,3349.367,3345.956,3347.626,1325,,3345.956,,,bullish,4,inverted_hammer
2025-07-15 01:00:00+00:00,3347.597,3349.725,3347.148,3348.727,1749,,,,,bullish,0,none
2025-07-15 01:15:00+00:00,3348.713,3349.932,3347.7,3348.436,1255,3349.932,,bos ↑,,bullish,0,none
2025-07-15 01:30:00+00:00,3348.405,3350.72,3346.37,3346.857,1434,3350.72,,bos ↑,,bullish,0,none
2025-07-15 01:45:00+00:00,3346.896,3348.379,3345.969,3346.585,1449,,3345.969,,,bullish,0,none
2025-07-15 02:00:00+00:00,3346.568,3350.009,3345.809,3349.745,1633,,3345.809,,choch ↓,bearish,1,bullish_engulfing
2025-07-15 02:15:00+00:00,3349.807,3352.03,3349.28,3350.147,1447,3352.03,,,choch ↑,bullish,4,inverted_hammer
2025-07-15 02:30:00+00:00,3350.116,3350.536,3347.934,3349.209,1657,,,,,bullish,0,none
2025-07-15 02:45:00+00:00,3349.097,3351.209,3347.578,3350.97,1290,,3347.578,,,bullish,1,bullish_engulfing
2025-07-15 03:00:00+00:00,3350.856,3354.546,3350.732,3354.125,1486,,,,,bullish,0,none
2025-07-15 03:15:00+00:00,3354.235,3356.021,3352.218,3354.607,1873,,,,,bullish,5,doji
2025-07-15 03:30:00+00:00,3354.536,3357.529,3354.279,3357.323,1220,,,,,bullish,0,none
2025-07-15 03:45:00+00:00,3357.318,3358.334,3356.754,3357.841,1114,,,,,bullish,0,none
2025-07-15 04:00:00+00:00,3357.853,3361.045,3357.58,3360.89,1508,,,,,bullish,0,none
2025-07-15 04:15:00+00:00,3360.846,3360.915,3359.234,3360.217,1163,,,,,bullish,0,none
2025-07-15 04:30:00+00:00,3360.208,3361.1,3359.358,3360.278,1055,,,,,bullish,5,doji
2025-07-15 04:45:00+00:00,3360.305,3361.426,3359.372,3360.241,1062,,,,,bullish,5,doji
2025-07-15 05:00:00+00:00,3360.232,3363.183,3360.232,3362.621,1123,,,,,bullish,1,bullish_engulfing
2025-07-15 05:15:00+00:00,3362.627,3364.608,3362.229,3363.482,1156,,,,,bullish,0,none
2025-07-15 05:30:00+00:00,3363.455,3364.953,3362.515,3364.198,1535,3364.953,,bos ↑,,bullish,0,none
2025-07-15 05:45:00+00:00,3364.145,3365.194,3361.797,3362.237,1439,3365.194,,bos ↑,,bullish,0,none
2025-07-15 06:00:00+00:00,3362.202,3364.155,3359.591,3362.757,1767,,,,,bullish,4,inverted_hammer
2025-07-15 06:15:00+00:00,3362.76,3363.006,3358.86,3359.862,1855,,,,,bullish,2,bearish_engulfing
2025-07-15 06:30:00+00:00,3359.819,3362.804,3358.305,3361.609,1649,,,,,bullish,0,none
2025-07-15 06:45:00+00:00,3361.605,3362.044,3357.637,3358.079,1742,,3357.637,,,bullish,0,none
2025-07-15 07:00:00+00:00,3358.189,3360.644,3357.47,3360.506,2045,,3357.47,,choch ↓,bearish,0,none
2025-07-15 07:15:00+00:00,3360.517,3363.189,3360.25,3362.673,1562,,,,,bearish,0,none
2025-07-15 07:30:00+00:00,3362.742,3363.773,3361.751,3363.571,1469,,,,,bearish,0,none
2025-07-15 07:45:00+00:00,3363.605,3365.422,3363.592,3364.347,1535,3365.422,,,choch ↑,bullish,0,none
2025-07-15 08:00:00+00:00,3364.374,3365.629,3362.124,3363.318,1951,3365.629,,bos ↑,,bullish,2,bearish_engulfing
2025-07-15 08:15:00+00:00,3363.281,3363.338,3356.549,3357.742,2753,,3356.549,,choch ↓,bearish,0,none
2025-07-15 08:30:00+00:00,3357.771,3363.773,3357.563,3362.354,2161,,3357.563,,,bearish,0,none
2025-07-15 08:45:00+00:00,3362.344,3363.999,3360.445,3361.025,1774,3363.999,,,,bearish,0,none
2025-07-15 09:00:00+00:00,3361.06,3364.755,3360.95,3363.146,1523,3364.755,,,choch ↑,bullish,0,none
2025-07-15 09:15:00+00:00,3363.177,3363.626,3359.15,3361.635,1927,,3359.15,,,bullish,0,none
2025-07-15 09:30:00+00:00,3361.629,3363.112,3358.623,3361.992,2081,,3358.623,,choch ↓,bearish,5,doji
2025-07-15 09:45:00+00:00,3361.992,3363.568,3360.94,3363.37,1376,,,,,bearish,0,none
2025-07-15 10:00:00+00:00,3363.343,3366.356,3362.372,3364.671,1671,3366.356,,,choch ↑,bullish,0,none
2025-07-15 10:15:00+00:00,3364.57,3366.313,3362.946,3362.948,1445,3366.313,,,,bullish,0,none
2025-07-15 10:30:00+00:00,3363.036,3364.512,3361.997,3362.76,1201,,,,,bullish,0,none
2025-07-15 10:45:00+00:00,3362.757,3363.156,3361.117,3361.266,1158,,,,,bullish,0,none
2025-07-15 11:00:00+00:00,3361.295,3362.105,3358.872,3360.585,1732,,,,,bullish,0,none
2025-07-15 11:15:00+00:00,3360.603,3361.046,3357.77,3358.193,1531,,,,,bullish,0,none
2025-07-15 11:30:00+00:00,3358.19,3359.335,3356.068,3357.085,1702,,,,,bullish,0,none
2025-07-15 11:45:00+00:00,3357.051,3357.861,3353.954,3354.932,2228,,,,,bullish,0,none
2025-07-15 12:00:00+00:00,3354.892,3355.254,3352.339,3352.745,1968,,,,,bullish,0,none
2025-07-15 12:15:00+00:00,3352.764,3355.458,3349.373,3354.324,3270,,,,,bullish,3,hammer
2025-07-15 12:30:00+00:00,3354.443,3360.367,3346.382,3351.525,6392,3360.367,,,,bullish,2,bearish_engulfing
2025-07-15 12:45:00+00:00,3351.563,3354.907,3348.441,3348.856,3745,,,,,bullish,0,none
2025-07-15 13:00:00+00:00,3348.85,3352.402,3345.755,3346.623,4525,,,,,bullish,0,none
2025-07-15 13:15:00+00:00,3346.611,3346.936,3338.563,3340.898,3774,,,,,bullish,0,none
2025-07-15 13:30:00+00:00,3340.868,3342.336,3334.37,3338.427,6655,,3334.37,,choch ↓,bearish,0,none
2025-07-15 13:45:00+00:00,3338.47,3347.806,3335.239,3346.489,5479,,3335.239,,,bearish,0,none
2025-07-15 14:00:00+00:00,3346.46,3348.084,3342.406,3347.079,4963,,,,,bearish,3,hammer
2025-07-15 14:15:00+00:00,3347.05,3349.269,3343.646,3346.922,3309,,,,,bearish,5,doji
2025-07-15 14:30:00+00:00,3346.953,3352.17,3346.738,3349.974,3198,3352.17,,,,bearish,0,none
2025-07-15 14:45:00+00:00,3349.98,3350.531,3345.473,3347.989,2382,3350.531,,,,bearish,0,none
2025-07-15 15:00:00+00:00,3348.022,3349.908,3345.099,3345.543,2633,,,,,bearish,0,none
2025-07-15 15:15:00+00:00,3345.499,3345.7,3332.626,3334.23,3904,,,,,bearish,0,none
2025-07-15 15:30:00+00:00,3334.203,3334.203,3325.341,3331.36,6469,,,,,bearish,0,none
2025-07-15 15:45:00+00:00,3331.33,3331.718,3327.532,3328.996,2947,,,,,bearish,0,none
2025-07-15 16:00:00+00:00,3328.957,3329.017,3321.435,3322.623,3674,,3321.435,bos ↓,,bearish,0,none
2025-07-15 16:15:00+00:00,3322.651,3325.725,3320.218,3325.709,3121,,3320.218,bos ↓,,bearish,0,none
2025-07-15 16:30:00+00:00,3325.679,3326.69,3323.952,3326.165,2175,,,,,bearish,3,hammer
2025-07-15 16:45:00+00:00,3326.121,3330.279,3325.922,3329.274,2090,,,,,bearish,0,none
2025-07-15 17:00:00+00:00,3329.298,3331.249,3327.597,3331.069,1637,3331.249,,,,bearish,0,none
2025-07-15 17:15:00+00:00,3331.028,3331.382,3328.745,3329.216,1788,3331.382,,,choch ↑,bullish,0,none
2025-07-15 17:30:00+00:00,3329.286,3330.34,3327.198,3328.165,1584,,3327.198,,,bullish,0,none
2025-07-15 17:45:00+00:00,3328.134,3328.723,3325.852,3328.179,1467,,,,,bullish,5,doji
2025-07-15 18:00:00+00:00,3328.186,3329.45,3327.745,3328.719,1417,,,,,bullish,0,none
2025-07-15 18:15:00+00:00,3328.741,3328.916,3325.84,3326.387,1385,,3325.84,,choch ↓,bearish,2,bearish_engulfing
2025-07-15 18:30:00+00:00,3326.425,3330.202,3326.292,3329.985,1349,3330.202,3326.292,,,bearish,0,none
2025-07-15 18:45:00+00:00,3329.949,3331.936,3328.735,3328.877,1453,3331.936,,,choch ↑,bullish,0,none
2025-07-15 19:00:00+00:00,3328.842,3330.088,3327.128,3327.387,1246,,,,,bullish,0,none
2025-07-15 19:15:00+00:00,3327.35,3328.271,3326.421,3326.879,1083,,3326.421,,,bullish,0,none
2025-07-15 19:30:00+00:00,3326.914,3329.606,3326.762,3329.494,1132,,3326.762,,,bullish,0,none
2025-07-15 19:45:00+00:00,3329.404,3331.221,3328.747,3330.455,1356,3331.221,,,,bullish,0,none
2025-07-15 20:00:00+00:00,3330.408,3331.019,3329.557,3330.401,804,3331.019,,,,bullish,5,doji
2025-07-15 20:15:00+00:00,3330.396,3330.612,3327.492,3328.112,840,,,,,bullish,0,none
2025-07-15 20:30:00+00:00,3328.109,3329.029,3326.612,3326.668,684,,,,,bullish,0,none
2025-07-15 20:45:00+00:00,3326.639,3326.782,3324.788,3325.267,863,,3324.788,,choch ↓,bearish,0,none
2025-07-15 22:00:00+00:00,3325.035,3327.692,3325.035,3327.097,763,,3325.035,,,bearish,1,bullish_engulfing
2025-07-15 22:15:00+00:00,3327.107,3327.6,3325.899,3326.362,707,3327.6,,,,bearish,0,none
2025-07-15 22:30:00+00:00,3326.436,3326.995,3325.942,3326.402,748,,,,,bearish,5,doji
2025-07-15 22:45:00+00:00,3326.397,3326.606,3325.527,3326.606,520,,3325.527,,,bearish,3,hammer
2025-07-15 23:00:00+00:00,3326.594,3328.728,3326.323,3328.502,821,,,,,bearish,0,none
2025-07-15 23:15:00+00:00,3328.493,3330.219,3328.423,3329.04,871,,,,,bearish,4,inverted_hammer
2025-07-15 23:30:00+00:00,3329.002,3331.568,3328.746,3329.806,906,,,,,bearish,4,inverted_hammer
2025-07-15 23:45:00+00:00,3329.73,3331.776,3329.612,3331.056,772,3331.776,,,choch ↑,bullish,0,none
2025-07-16 00:00:00+00:00,3331.092,3331.626,3328.868,3329.347,1313,,,,,bullish,2,bearish_engulfing
2025-07-16 00:15:00+00:00,3329.306,3331.755,3329.265,3331.468,1152,,3329.265,,,bullish,1,bullish_engulfing
2025-07-16 00:30:00+00:00,3331.402,3332.596,3330.413,3331.775,1309,3332.596,,bos ↑,,bullish,4,inverted_hammer
2025-07-16 00:45:00+00:00,3331.828,3332.476,3329.827,3330.612,1361,,,,,bullish,2,bearish_engulfing
2025-07-16 01:00:00+00:00,3330.629,3331.916,3328.861,3331.834,2398,,3328.861,,choch ↓,bearish,0,none
2025-07-16 01:15:00+00:00,3331.813,3334.28,3330.944,3333.063,1659,3334.28,,,choch ↑,bullish,0,none
2025-07-16 01:30:00+00:00,3333.023,3334.977,3330.932,3331.362,1775,3334.977,,bos ↑,,bullish,0,none
2025-07-16 01:45:00+00:00,3331.332,3332.693,3329.803,3330.966,1494,,,,,bullish,0,none
2025-07-16 02:00:00+00:00,3330.987,3331.573,3327.805,3328.899,1510,,,,,bullish,0,none
2025-07-16 02:15:00+00:00,3328.836,3329.357,3328.246,3328.981,1062,,,,,bullish,4,inverted_hammer
2025-07-16 02:30:00+00:00,3328.962,3330.315,3327.406,3328.237,1420,,,,,bullish,0,none
2025-07-16 02:45:00+00:00,3328.297,3328.705,3325.061,3326.224,1240,,3325.061,,choch ↓,bearish,0,none
2025-07-16 03:00:00+00:00,3326.189,3330.364,3325.897,3328.257,1378,,3325.897,,,bearish,0,none
2025-07-16 03:15:00+00:00,3328.273,3332.991,3328.06,3332.685,1410,,,,,bearish,0,none
2025-07-16 03:30:00+00:00,3332.686,3334.766,3332.579,3334.095,1402,,,,,bearish,0,none
2025-07-16 03:45:00+00:00,3334.208,3335.084,3333.515,3334.338,1249,,,,,bearish,5,doji
2025-07-16 04:00:00+00:00,3334.281,3335.0,3333.241,3333.839,1231,,,,,bearish,0,none
2025-07-16 04:15:00+00:00,3333.821,3335.183,3332.818,3335.179,952,,3332.818,,,bearish,1,bullish_engulfing
2025-07-16 04:30:00+00:00,3335.174,3338.16,3334.916,3336.502,1541,,,,,bearish,0,none
2025-07-16 04:45:00+00:00,3336.506,3338.667,3335.942,3338.219,970,,,,,bearish,0,none
2025-07-16 05:00:00+00:00,3338.198,3339.287,3337.186,3338.833,1176,,,,,bearish,0,none
2025-07-16 05:15:00+00:00,3338.798,3339.577,3338.268,3339.31,914,3339.577,,,choch ↑,bullish,0,none
2025-07-16 05:30:00+00:00,3339.269,3339.903,3336.393,3337.205,1521,,3336.393,,,bullish,0,none
2025-07-16 05:45:00+00:00,3337.18,3338.947,3335.601,3338.143,1278,,3335.601,,choch ↓,bearish,0,none
2025-07-16 06:00:00+00:00,3338.118,3341.532,3337.74,3340.614,1433,,,,,bearish,0,none
2025-07-16 06:15:00+00:00,3340.539,3342.002,3339.905,3339.963,1532,3342.002,,,choch ↑,bullish,0,none
2025-07-16 06:30:00+00:00,3339.937,3341.692,3338.934,3340.466,1500,3341.692,,,,bullish,4,inverted_hammer
2025-07-16 06:45:00+00:00,3340.463,3340.964,3337.782,3339.15,1521,,,,,bullish,0,none
2025-07-16 07:00:00+00:00,3339.288,3339.75,3336.975,3337.794,1643,,,,,bullish,0,none
2025-07-16 07:15:00+00:00,3337.739,3340.177,3337.634,3338.158,1366,,,,,bullish,4,inverted_hammer
2025-07-16 07:30:00+00:00,3338.099,3339.026,3336.382,3336.475,1260,,3336.382,,,bullish,0,none
2025-07-16 07:45:00+00:00,3336.511,3338.158,3335.931,3337.808,1397,,3335.931,,choch ↓,bearish,0,none
2025-07-16 08:00:00+00:00,3337.824,3342.492,3337.695,3340.21,1475,3342.492,,,choch ↑,bullish,0,none
2025-07-16 08:15:00+00:00,3340.181,3340.931,3339.075,3340.554,1305,,,,,bullish,3,hammer
2025-07-16 08:30:00+00:00,3340.537,3341.387,3339.497,3341.154,1081,,,,,bullish,0,none
2025-07-16 08:45:00+00:00,3341.237,3342.675,3340.317,3342.079,1201,3342.675,,bos ↑,,bullish,0,none
2025-07-16 09:00:00+00:00,3342.042,3343.072,3340.058,3340.41,1344,3343.072,,bos ↑,,bullish,0,none
2025-07-16 09:15:00+00:00,3340.416,3341.567,3338.973,3339.355,1363,,3338.973,,,bullish,0,none
2025-07-16 09:30:00+00:00,3339.36,3341.395,3339.23,3341.321,1389,,,,,bullish,0,none
2025-07-16 09:45:00+00:00,3341.43,3341.88,3339.775,3340.049,1463,3341.88,,,,bullish,0,none
2025-07-16 10:00:00+00:00,3340.022,3340.427,3337.84,3338.095,1560,,,,,bullish,0,none
2025-07-16 10:15:00+00:00,3338.062,3339.08,3336.951,3338.722,1170,,,,,bullish,0,none
2025-07-16 10:30:00+00:00,3338.724,3339.403,3337.746,3338.104,1165,,,,,bullish,0,none
2025-07-16 10:45:00+00:00,3338.099,3338.74,3334.039,3334.981,1658,,,,,bullish,0,none
2025-07-16 11:00:00+00:00,3334.957,3336.63,3334.399,3336.007,1661,,3334.399,,choch ↓,bearish,0,none
2025-07-16 11:15:00+00:00,3336.072,3337.394,3333.72,3335.912,1480,,3333.72,bos ↓,,bearish,5,doji
2025-07-16 11:30:00+00:00,3335.948,3338.246,3335.207,3338.2,1675,,,,,bearish,0,none
2025-07-16 11:45:00+00:00,3338.15,3340.338,3336.196,3339.259,1994,3340.338,,,,bearish,0,none
2025-07-16 12:00:00+00:00,3339.219,3341.004,3337.355,3338.481,2148,3341.004,,,choch ↑,bullish,0,none
2025-07-16 12:15:00+00:00,3338.478,3338.478,3333.016,3334.248,2424,,,,,bullish,0,none
2025-07-16 12:30:00+00:00,3334.274,3338.582,3332.147,3334.031,4893,,3332.147,,choch ↓,bearish,5,doji
2025-07-16 12:45:00+00:00,3333.956,3335.469,3330.951,3334.494,2949,,3330.951,bos ↓,,bearish,3,hammer
2025-07-16 13:00:00+00:00,3334.531,3336.758,3332.744,3334.49,3012,,,,,bearish,5,doji
2025-07-16 13:15:00+00:00,3334.543,3339.428,3333.822,3334.79,2394,3339.428,,,,bearish,5,doji
2025-07-16 13:30:00+00:00,3334.758,3334.89,3326.67,3327.142,4514,,,,,bearish,0,none
2025-07-16 13:45:00+00:00,3327.104,3327.179,3321.938,3326.819,4696,,,,,bearish,5,doji
2025-07-16 14:00:00+00:00,3326.855,3328.088,3322.94,3325.992,3776,,,,,bearish,0,none
2025-07-16 14:15:00+00:00,3326.023,3329.308,3321.553,3325.139,3663,,3321.553,bos ↓,,bearish,0,none
2025-07-16 14:30:00+00:00,3325.115,3326.042,3319.529,3325.268,3343,,3319.529,bos ↓,,bearish,5,doji
2025-07-16 14:45:00+00:00,3325.235,3342.637,3323.907,3338.187,9428,,,,,bearish,0,none
2025-07-16 15:00:00+00:00,3338.162,3353.948,3337.3,3348.68,10474,,,,,bearish,0,none
2025-07-16 15:15:00+00:00,3348.71,3371.285,3346.873,3363.386,21031,3371.285,,,choch ↑,bullish,0,none
2025-07-16 15:30:00+00:00,3363.41,3377.55,3357.383,3360.405,16675,3377.55,,bos ↑,,bullish,0,none
2025-07-16 15:45:00+00:00,3360.438,3366.324,3336.033,3343.739,20121,,3336.033,,,bullish,0,none
2025-07-16 16:00:00+00:00,3343.708,3355.152,3338.886,3354.332,11712,,3338.886,,,bullish,0,none
2025-07-16 16:15:00+00:00,3354.291,3354.327,3346.754,3352.105,5310,,,,,bullish,0,none
2025-07-16 16:30:00+00:00,3352.136,3353.396,3348.495,3351.09,3841,,,,,bullish,0,none
2025-07-16 16:45:00+00:00,3351.132,3354.831,3348.204,3349.054,2927,3354.831,,,,bullish,0,none
2025-07-16 17:00:00+00:00,3349.076,3353.652,3348.744,3351.268,2890,,,,,bullish,0,none
2025-07-16 17:15:00+00:00,3351.237,3354.031,3350.575,3351.5,2431,,,,,bullish,5,doji
2025-07-16 17:30:00+00:00,3351.525,3355.581,3350.226,3354.949,2223,,,,,bullish,0,none
2025-07-16 17:45:00+00:00,3354.953,3357.301,3353.824,3354.806,1932,3357.301,,bos ↑,,bullish,5,doji
2025-07-16 18:00:00+00:00,3354.774,3357.41,3354.283,3355.873,1919,3357.41,,bos ↑,,bullish,1,bullish_engulfing
2025-07-16 18:15:00+00:00,3355.862,3356.773,3352.587,3353.406,1554,,,,,bullish,0,none
2025-07-16 18:30:00+00:00,3353.462,3354.355,3352.411,3353.044,1380,,,,,bullish,0,none
2025-07-16 18:45:00+00:00,3353.061,3353.226,3349.061,3350.346,1552,,,,,bullish,0,none
2025-07-16 19:00:00+00:00,3350.325,3350.512,3347.225,3347.894,1791,,,,,bullish,0,none
2025-07-16 19:15:00+00:00,3347.89,3348.58,3346.436,3347.362,1623,,3346.436,,,bullish,0,none
2025-07-16 19:30:00+00:00,3347.375,3348.128,3346.014,3347.08,1642,,3346.014,,choch ↓,bearish,0,none
2025-07-16 19:45:00+00:00,3347.072,3348.167,3346.791,3347.08,1817,,,,,bearish,5,doji
2025-07-16 20:00:00+00:00,3347.116,3348.949,3347.116,3348.912,1085,3348.949,,,,bearish,0,none
2025-07-16 20:15:00+00:00,3348.909,3349.516,3348.136,3348.388,836,3349.516,,,choch ↑,bullish,0,none
2025-07-16 20:30:00+00:00,3348.361,3348.405,3346.257,3347.314,1120,,3346.257,,,bullish,0,none
2025-07-16 20:45:00+00:00,3347.341,3348.498,3346.773,3347.547,763,,3346.773,,,bullish,4,inverted_hammer
2025-07-16 22:00:00+00:00,3350.233,3351.608,3348.892,3351.114,1000,,,,,bullish,0,none
2025-07-16 22:15:00+00:00,3351.097,3352.247,3349.771,3351.491,1122,3352.247,,bos ↑,,bullish,3,hammer
2025-07-16 22:30:00+00:00,3351.462,3351.705,3346.27,3348.418,869,3351.705,3346.27,,choch ↓,bearish,0,none
2025-07-16 22:45:00+00:00,3348.437,3349.672,3348.193,3349.595,844,,,,,bearish,0,none
2025-07-16 23:00:00+00:00,3349.594,3350.151,3348.264,3349.107,694,,,,,bearish,0,none
2025-07-16 23:15:00+00:00,3349.094,3349.247,3347.919,3348.025,712,,,,,bearish,0,none
2025-07-16 23:30:00+00:00,3348.017,3348.772,3345.8,3346.252,974,,,,,bearish,0,none
2025-07-16 23:45:00+00:00,3346.273,3346.939,3345.265,3346.526,1027,,,,,bearish,3,hammer
2025-07-17 00:00:00+00:00,3346.556,3347.405,3343.058,3344.135,1598,,,,,bearish,2,bearish_engulfing
2025-07-17 00:15:00+00:00,3344.073,3345.083,3342.979,3344.163,1246,,,,,bearish,5,doji
2025-07-17 00:30:00+00:00,3344.163,3344.696,3341.555,3341.951,1346,,,,,bearish,0,none
2025-07-17 00:45:00+00:00,3341.957,3342.054,3339.581,3340.81,1402,,,,,bearish,0,none
2025-07-17 01:00:00+00:00,3340.914,3342.183,3337.588,3340.7,2371,,,,,bearish,5,doji
2025-07-17 01:15:00+00:00,3340.735,3341.651,3339.124,3340.744,1608,,3339.124,bos ↓,,bearish,5,doji
2025-07-17 01:30:00+00:00,3340.823,3341.513,3337.204,3341.226,1813,,3337.204,bos ↓,,bearish,5,doji
2025-07-17 01:45:00+00:00,3341.298,3344.492,3341.298,3343.905,1533,3344.492,,,,bearish,0,none
2025-07-17 02:00:00+00:00,3343.877,3344.637,3340.233,3340.633,1555,3344.637,,,choch ↑,bullish,0,none
2025-07-17 02:15:00+00:00,3340.617,3341.132,3339.226,3339.913,1093,,,,,bullish,0,none
2025-07-17 02:30:00+00:00,3339.868,3341.488,3337.719,3339.264,1436,,3337.719,,,bullish,0,none
2025-07-17 02:45:00+00:00,3339.265,3342.217,3338.461,3341.335,1490,3342.217,,,,bullish,0,none
2025-07-17 03:00:00+00:00,3341.398,3342.145,3337.897,3338.262,1307,3342.145,,,,bullish,2,bearish_engulfing
2025-07-17 03:15:00+00:00,3338.297,3339.466,3336.241,3339.284,1330,,3336.241,,choch ↓,bearish,3,hammer
2025-07-17 03:30:00+00:00,3339.332,3341.858,3339.332,3341.342,1230,,,,,bearish,0,none
2025-07-17 03:45:00+00:00,3341.389,3342.45,3340.496,3341.486,1295,3342.45,,,choch ↑,bullish,5,doji
2025-07-17 04:00:00+00:00,3341.511,3341.686,3338.384,3339.263,1129,,3338.384,,,bullish,2,bearish_engulfing
2025-07-17 04:15:00+00:00,3339.223,3341.169,3338.633,3341.098,933,,3338.633,,,bullish,0,none
2025-07-17 04:30:00+00:00,3341.105,3344.726,3340.989,3342.758,1264,3344.726,,bos ↑,,bullish,0,none
2025-07-17 04:45:00+00:00,3342.818,3342.818,3341.53,3342.763,858,3342.818,,,,bullish,5,doji
2025-07-17 05:00:00+00:00,3342.718,3342.928,3340.014,3340.258,948,,,,,bullish,0,none
2025-07-17 05:15:00+00:00,3340.26,3340.935,3338.669,3340.512,1374,,,,,bullish,3,hammer
2025-07-17 05:30:00+00:00,3340.51,3341.295,3336.543,3337.225,1533,,,,,bullish,0,none
2025-07-17 05:45:00+00:00,3337.174,3339.602,3335.878,3339.325,1353,,,,,bullish,0,none
2025-07-17 06:00:00+00:00,3339.328,3339.738,3331.715,3333.066,2234,,,,,bullish,2,bearish_engulfing
2025-07-17 06:15:00+00:00,3333.054,3334.912,3329.655,3330.186,2694,,,,,bullish,0,none
2025-07-17 06:30:00+00:00,3330.147,3331.071,3328.215,3329.228,2183,,3328.215,,choch ↓,bearish,0,none
2025-07-17 06:45:00+00:00,3329.268,3336.482,3329.127,3335.446,2144,3336.482,,,,bearish,0,none
2025-07-17 07:00:00+00:00,3335.439,3336.205,3332.26,3333.989,2011,3336.205,,,,bearish,0,none
2025-07-17 07:15:00+00:00,3333.983,3333.983,3327.903,3329.696,2555,,,,,bearish,0,none
2025-07-17 07:30:00+00:00,3329.641,3329.97,3327.794,3327.856,1669,,,,,bearish,0,none
2025-07-17 07:45:00+00:00,3327.942,3329.228,3325.209,3325.886,2098,,3325.209,bos ↓,,bearish,0,none
2025-07-17 08:00:00+00:00,3325.925,3329.568,3325.519,3329.175,1809,,3325.519,,,bearish,0,none
2025-07-17 08:15:00+00:00,3329.205,3331.39,3328.987,3330.987,1478,,,,,bearish,0,none
2025-07-17 08:30:00+00:00,3330.972,3332.032,3330.04,3330.412,1322,3332.032,,,,bearish,0,none
2025-07-17 08:45:00+00:00,3330.434,3331.878,3328.232,3328.828,1388,,,,,bearish,0,none
2025-07-17 09:00:00+00:00,3328.843,3330.558,3327.488,3328.311,1381,,3327.488,,,bearish,0,none
2025-07-17 09:15:00+00:00,3328.322,3332.523,3328.228,3330.147,1384,3332.523,,,choch ↑,bullish,0,none
2025-07-17 09:30:00+00:00,3330.103,3330.591,3327.75,3328.63,1177,3330.591,,,,bullish,0,none
2025-07-17 09:45:00+00:00,3328.629,3328.909,3324.656,3325.609,1583,,3324.656,,choch ↓,bearish,0,none
2025-07-17 10:00:00+00:00,3325.508,3328.208,3325.508,3327.125,1494,,3325.508,,,bearish,0,none
2025-07-17 10:15:00+00:00,3327.127,3328.929,3325.225,3328.778,1472,,,,,bearish,0,none
2025-07-17 10:30:00+00:00,3328.817,3331.111,3328.684,3331.077,1326,3331.111,,,choch ↑,bullish,0,none
2025-07-17 10:45:00+00:00,3331.076,3331.125,3324.893,3325.788,1821,3331.125,3324.893,bos ↑,choch ↓,bearish,0,none
2025-07-17 11:00:00+00:00,3325.814,3328.527,3322.926,3327.913,2137,,3322.926,bos ↓,,bearish,0,none
2025-07-17 11:15:00+00:00,3327.887,3328.316,3325.067,3326.401,1443,,,,,bearish,0,none
2025-07-17 11:30:00+00:00,3326.426,3326.426,3323.973,3325.059,1486,,,,,bearish,0,none
2025-07-17 11:45:00+00:00,3325.069,3326.069,3322.39,3324.254,2183,,3322.39,bos ↓,,bearish,0,none
2025-07-17 12:00:00+00:00,3324.261,3325.982,3322.11,3325.176,2441,,,,,bearish,3,hammer
2025-07-17 12:15:00+00:00,3325.192,3328.607,3323.051,3327.321,2615,3328.607,,,,bearish,0,none
2025-07-17 12:30:00+00:00,3327.022,3327.184,3312.596,3312.871,7123,3327.184,,,,bearish,0,none
2025-07-17 12:45:00+00:00,3312.907,3315.453,3309.883,3313.06,6174,,3309.883,bos ↓,,bearish,5,doji
2025-07-17 13:00:00+00:00,3313.151,3317.104,3311.072,3316.682,5968,,3311.072,,,bearish,0,none
2025-07-17 13:15:00+00:00,3316.726,3319.36,3314.06,3317.529,3384,,,,,bearish,4,inverted_hammer
2025-07-17 13:30:00+00:00,3317.486,3320.614,3313.649,3315.576,6258,,,,,bearish,0,none
2025-07-17 13:45:00+00:00,3315.645,3321.891,3315.238,3319.015,3514,,,,,bearish,0,none
2025-07-17 14:00:00+00:00,3319.037,3325.449,3318.287,3324.481,3618,,,,,bearish,0,none
2025-07-17 14:15:00+00:00,3324.513,3330.288,3324.392,3330.189,3109,,,,,bearish,0,none
2025-07-17 14:30:00+00:00,3330.216,3334.309,3329.647,3332.746,2416,,,,,bearish,0,none
2025-07-17 14:45:00+00:00,3332.712,3335.16,3330.844,3334.143,2281,,,,,bearish,0,none
2025-07-17 15:00:00+00:00,3334.183,3336.102,3331.889,3333.309,2390,,,,,bearish,0,none
2025-07-17 15:15:00+00:00,3333.288,3338.166,3331.302,3337.023,2299,,,,,bearish,1,bullish_engulfing
2025-07-17 15:30:00+00:00,3337.062,3337.821,3335.271,3336.879,2178,3337.821,,,choch ↑,bullish,5,doji
2025-07-17 15:45:00+00:00,3336.857,3338.451,3336.036,3336.707,1772,,,,,bullish,5,doji
2025-07-17 16:00:00+00:00,3336.675,3337.295,3335.632,3337.07,1606,,,,,bullish,3,hammer
2025-07-17 16:15:00+00:00,3337.037,3339.1,3335.378,3338.72,1514,,3335.378,,,bullish,0,none
2025-07-17 16:30:00+00:00,3338.759,3339.43,3336.427,3338.784,1467,,,,,bullish,5,doji
2025-07-17 16:45:00+00:00,3338.871,3339.944,3338.091,3338.821,1744,,,,,bullish,5,doji
2025-07-17 17:00:00+00:00,3338.861,3340.549,3338.661,3339.091,1243,,,,,bullish,4,inverted_hammer
2025-07-17 17:15:00+00:00,3339.074,3341.098,3339.074,3340.253,1412,3341.098,,bos ↑,,bullish,0,none
2025-07-17 17:30:00+00:00,3340.176,3340.796,3336.316,3336.827,1554,3340.796,,,,bullish,0,none
2025-07-17 17:45:00+00:00,3336.892,3338.268,3336.562,3337.444,1295,,,,,bullish,0,none
2025-07-17 18:00:00+00:00,3337.445,3337.911,3335.782,3336.792,1216,,3335.782,,,bullish,2,bearish_engulfing
2025-07-17 18:15:00+00:00,3336.787,3337.975,3335.594,3336.993,1216,,3335.594,,choch ↓,bearish,5,doji
2025-07-17 18:30:00+00:00,3336.947,3338.521,3336.83,3338.322,1005,,,,,bearish,0,none
2025-07-17 18:45:00+00:00,3338.323,3338.97,3337.14,3338.523,1082,,,,,bearish,4,inverted_hammer
2025-07-17 19:00:00+00:00,3338.537,3340.167,3338.2,3339.489,1068,,,,,bearish,0,none
2025-07-17 19:15:00+00:00,3339.508,3340.32,3339.272,3339.695,927,,,,,bearish,4,inverted_hammer
2025-07-17 19:30:00+00:00,3339.735,3340.679,3339.494,3340.387,1075,3340.679,,,,bearish,0,none
2025-07-17 19:45:00+00:00,3340.398,3340.771,3338.342,3339.763,1288,3340.771,3338.342,,choch ↑,bullish,0,none
2025-07-17 20:00:00+00:00,3339.768,3340.229,3338.844,3338.968,808,,,,,bullish,0,none
2025-07-17 20:15:00+00:00,3338.985,3339.671,3338.825,3339.052,640,,,,,bullish,5,doji
2025-07-17 20:30:00+00:00,3339.047,3339.38,3337.917,3338.342,538,,3337.917,,choch ↓,bearish,0,none
2025-07-17 20:45:00+00:00,3338.342,3338.733,3337.481,3338.733,620,,3337.481,bos ↓,,bearish,3,hammer
2025-07-17 22:00:00+00:00,3340.927,3341.888,3339.551,3339.688,1126,,,,,bearish,0,none
2025-07-17 22:15:00+00:00,3339.759,3340.721,3338.203,3339.442,1301,,,,,bearish,0,none
2025-07-17 22:30:00+00:00,3339.404,3343.162,3338.832,3342.912,1611,,3338.832,,,bearish,1,bullish_engulfing
2025-07-17 22:45:00+00:00,3342.869,3344.009,3342.201,3343.339,1026,3344.009,,,choch ↑,bullish,0,none
2025-07-17 23:00:00+00:00,3343.339,3343.448,3341.629,3342.283,1006,3343.448,,,,bullish,0,none
2025-07-17 23:15:00+00:00,3342.311,3342.377,3340.774,3341.531,1056,,,,,bullish,0,none
2025-07-17 23:30:00+00:00,3341.57,3342.804,3341.066,3341.066,723,,,,,bullish,0,none
2025-07-17 23:45:00+00:00,3341.124,3341.604,3339.523,3340.139,890,,,,,bullish,0,none
2025-07-18 00:00:00+00:00,3340.176,3341.492,3339.292,3340.661,1464,,,,,bullish,0,none
2025-07-18 00:15:00+00:00,3340.697,3341.018,3338.651,3339.084,1120,,,,,bullish,2,bearish_engulfing
2025-07-18 00:30:00+00:00,3339.095,3339.486,3337.979,3338.708,1036,,,,,bullish,0,none
2025-07-18 00:45:00+00:00,3338.721,3340.283,3338.464,3339.866,1080,,,,,bullish,0,none
2025-07-18 01:00:00+00:00,3339.9,3343.035,3336.915,3339.374,2673,3343.035,,,,bullish,5,doji
2025-07-18 01:15:00+00:00,3339.359,3339.415,3336.103,3336.678,1665,,3336.103,,choch ↓,bearish,0,none
2025-07-18 01:30:00+00:00,3336.718,3338.316,3335.352,3336.426,1614,,3335.352,bos ↓,,bearish,5,doji
2025-07-18 01:45:00+00:00,3336.455,3340.307,3336.445,3337.698,1692,,,,,bearish,4,inverted_hammer
2025-07-18 02:00:00+00:00,3337.666,3343.911,3336.889,3343.273,1975,3343.911,,,choch ↑,bullish,0,none
2025-07-18 02:15:00+00:00,3343.244,3344.261,3342.822,3343.261,1380,3344.261,,bos ↑,,bullish,5,doji
2025-07-18 02:30:00+00:00,3343.245,3343.627,3339.566,3339.681,1720,,,,,bullish,0,none
2025-07-18 02:45:00+00:00,3339.686,3340.705,3337.161,3337.844,1627,,,,,bullish,0,none
2025-07-18 03:00:00+00:00,3337.78,3338.487,3336.387,3336.54,1523,,,,,bullish,0,none
2025-07-18 03:15:00+00:00,3336.573,3336.954,3334.6,3335.146,1274,,,,,bullish,0,none
2025-07-18 03:30:00+00:00,3335.148,3336.678,3334.038,3336.048,1192,,3334.038,,choch ↓,bearish,0,none
2025-07-18 03:45:00+00:00,3336.013,3336.648,3334.528,3334.528,881,,,,,bearish,0,none
2025-07-18 04:00:00+00:00,3334.598,3336.451,3334.441,3335.475,1159,,,,,bearish,0,none
2025-07-18 04:15:00+00:00,3335.515,3336.523,3334.48,3335.057,976,,,,,bearish,0,none
2025-07-18 04:30:00+00:00,3334.986,3335.739,3334.057,3334.814,992,,3334.057,,,bearish,0,none
2025-07-18 04:45:00+00:00,3334.815,3336.985,3333.738,3336.985,1025,,3333.738,bos ↓,,bearish,0,none
2025-07-18 05:00:00+00:00,3337.09,3340.402,3336.765,3339.594,1122,3340.402,,,,bearish,0,none
2025-07-18 05:15:00+00:00,3339.554,3340.158,3337.925,3337.972,1256,3340.158,,,,bearish,0,none
2025-07-18 05:30:00+00:00,3337.943,3338.701,3334.594,3334.673,1845,,,,,bearish,0,none
2025-07-18 05:45:00+00:00,3334.637,3335.756,3333.335,3333.433,1504,,3333.335,bos ↓,,bearish,0,none
2025-07-18 06:00:00+00:00,3333.469,3337.215,3331.762,3336.998,1982,,3331.762,bos ↓,,bearish,0,none
2025-07-18 06:15:00+00:00,3337.046,3339.098,3336.652,3338.945,1710,,,,,bearish,0,none
2025-07-18 06:30:00+00:00,3338.974,3340.899,3337.873,3338.53,1709,,,,,bearish,0,none
2025-07-18 06:45:00+00:00,3338.533,3342.729,3338.118,3342.043,1786,,,,,bearish,0,none
2025-07-18 07:00:00+00:00,3342.004,3344.89,3340.67,3343.999,1721,,,,,bearish,0,none
2025-07-18 07:15:00+00:00,3343.971,3346.629,3343.683,3345.377,1441,,,,,bearish,0,none
2025-07-18 07:30:00+00:00,3345.444,3349.709,3344.133,3347.927,1727,,,,,bearish,0,none
2025-07-18 07:45:00+00:00,3347.894,3350.131,3347.548,3349.823,1407,3350.131,,,choch ↑,bullish,0,none
2025-07-18 08:00:00+00:00,3349.849,3350.446,3347.209,3347.231,1795,3350.446,,bos ↑,,bullish,2,bearish_engulfing
2025-07-18 08:15:00+00:00,3347.239,3348.65,3346.237,3348.538,1273,,3346.237,,,bullish,0,none
2025-07-18 08:30:00+00:00,3348.495,3349.875,3347.525,3349.044,1240,,,,,bullish,0,none
2025-07-18 08:45:00+00:00,3349.003,3349.291,3346.97,3347.467,1198,,,,,bullish,0,none
2025-07-18 09:00:00+00:00,3347.504,3354.596,3347.421,3352.186,1824,,3347.421,,,bullish,0,none
2025-07-18 09:15:00+00:00,3352.156,3352.686,3350.371,3351.888,1363,,,,,bullish,0,none
2025-07-18 09:30:00+00:00,3351.92,3354.882,3351.541,3353.374,1415,3354.882,,bos ↑,,bullish,0,none
2025-07-18 09:45:00+00:00,3353.371,3353.688,3350.877,3352.322,1224,3353.688,,,,bullish,0,none
2025-07-18 10:00:00+00:00,3352.223,3352.57,3347.87,3351.366,2097,,3347.87,,,bullish,0,none
2025-07-18 10:15:00+00:00,3351.359,3352.169,3349.348,3350.493,1578,,3349.348,,,bullish,0,none
2025-07-18 10:30:00+00:00,3350.592,3352.772,3350.421,3351.814,1185,,,,,bullish,0,none
2025-07-18 10:45:00+00:00,3351.723,3351.863,3349.796,3351.349,1366,,,,,bullish,0,none
2025-07-18 11:00:00+00:00,3351.324,3353.614,3350.819,3352.924,1729,,,,,bullish,1,bullish_engulfing
2025-07-18 11:15:00+00:00,3352.918,3353.791,3352.307,3353.016,1249,,,,,bullish,5,doji
2025-07-18 11:30:00+00:00,3353.004,3355.997,3351.982,3355.783,1520,,,,,bullish,0,none
2025-07-18 11:45:00+00:00,3355.818,3357.714,3353.462,3354.435,1909,,,,,bullish,0,none
2025-07-18 12:00:00+00:00,3354.458,3359.716,3354.205,3359.32,2118,,,,,bullish,0,none
2025-07-18 12:15:00+00:00,3359.3,3359.897,3356.182,3357.919,2288,,,,,bullish,0,none
2025-07-18 12:30:00+00:00,3357.959,3360.822,3356.866,3360.589,2357,3360.822,,bos ↑,,bullish,0,none
2025-07-18 12:45:00+00:00,3360.581,3361.273,3358.753,3359.916,2092,3361.273,,bos ↑,,bullish,0,none
2025-07-18 13:00:00+00:00,3359.954,3360.363,3356.51,3360.038,3270,,,,,bullish,5,doji
2025-07-18 13:15:00+00:00,3360.077,3360.161,3356.079,3358.133,2388,,,,,bullish,2,bearish_engulfing
2025-07-18 13:30:00+00:00,3358.109,3358.486,3352.207,3355.39,4138,,3352.207,,,bullish,0,none
2025-07-18 13:45:00+00:00,3355.423,3357.349,3353.302,3355.534,3180,,,,,bullish,5,doji
2025-07-18 14:00:00+00:00,3355.565,3359.141,3354.584,3354.944,3489,3359.141,,,,bullish,2,bearish_engulfing
2025-07-18 14:15:00+00:00,3354.985,3355.813,3351.143,3354.133,3283,,3351.143,,choch ↓,bearish,0,none
2025-07-18 14:30:00+00:00,3354.088,3357.155,3353.624,3354.911,2495,,,,,bearish,4,inverted_hammer
2025-07-18 14:45:00+00:00,3354.904,3356.522,3354.084,3354.707,1967,3356.522,,,,bearish,5,doji
2025-07-18 15:00:00+00:00,3354.706,3355.725,3352.542,3353.028,2314,,,,,bearish,0,none
2025-07-18 15:15:00+00:00,3352.947,3354.332,3352.339,3353.857,2294,,3352.339,,,bearish,0,none
2025-07-18 15:30:00+00:00,3353.859,3355.417,3352.288,3355.235,1783,,,,,bearish,0,none
2025-07-18 15:45:00+00:00,3355.165,3356.413,3353.385,3353.654,1614,3356.413,,,,bearish,0,none
2025-07-18 16:00:00+00:00,3353.619,3355.471,3351.196,3351.42,1824,,3351.196,bos ↓,,bearish,0,none
2025-07-18 16:15:00+00:00,3351.413,3354.383,3351.208,3353.527,1894,,3351.208,,,bearish,0,none
2025-07-18 16:30:00+00:00,3353.488,3357.506,3353.028,3354.479,1789,3357.506,,,choch ↑,bullish,4,inverted_hammer
2025-07-18 16:45:00+00:00,3354.474,3355.34,3351.903,3353.732,1739,3355.34,,,,bullish,0,none
2025-07-18 17:00:00+00:00,3353.75,3353.75,3352.19,3352.208,1508,,,,,bullish,0,none
2025-07-18 17:15:00+00:00,3352.214,3352.909,3350.518,3351.816,1666,,3350.518,,choch ↓,bearish,0,none
2025-07-18 17:30:00+00:00,3351.858,3352.287,3350.894,3351.491,1253,,,,,bearish,0,none
2025-07-18 17:45:00+00:00,3351.505,3352.489,3351.006,3352.223,1091,,,,,bearish,0,none
2025-07-18 18:00:00+00:00,3352.218,3353.367,3350.195,3350.489,1254,3353.367,3350.195,bos ↓,,bearish,0,none
2025-07-18 18:15:00+00:00,3350.497,3352.375,3350.163,3351.674,1183,,3350.163,bos ↓,,bearish,0,none
2025-07-18 18:30:00+00:00,3351.644,3352.62,3351.276,3351.409,1050,,,,,bearish,0,none
2025-07-18 18:45:00+00:00,3351.401,3351.844,3350.771,3351.365,964,,,,,bearish,5,doji
2025-07-18 19:00:00+00:00,3351.348,3352.778,3351.037,3351.491,1105,3352.778,,,,bearish,5,doji
2025-07-18 19:15:00+00:00,3351.479,3351.707,3350.685,3350.685,955,,,,,bearish,0,none
2025-07-18 19:30:00+00:00,3350.692,3350.839,3348.224,3349.32,1354,,,,,bearish,0,none
2025-07-18 19:45:00+00:00,3349.277,3349.714,3347.596,3348.325,1281,,3347.596,bos ↓,,bearish,0,none
2025-07-18 20:00:00+00:00,3348.279,3350.321,3347.804,3349.946,896,,3347.804,,,bearish,1,bullish_engulfing
2025-07-18 20:15:00+00:00,3349.939,3350.562,3349.311,3349.82,684,,,,,bearish,5,doji
2025-07-18 20:30:00+00:00,3349.889,3351.554,3349.009,3351.062,721,3351.554,,,,bearish,0,none
2025-07-18 20:45:00+00:00,3351.09,3352.079,3349.696,3350.395,1162,3352.079,,,choch ↑,bullish,0,none
2025-07-20 22:00:00+00:00,3348.695,3350.115,3346.326,3346.941,1173,,3346.326,,choch ↓,bearish,0,none
2025-07-20 22:15:00+00:00,3346.937,3347.958,3345.01,3347.958,1343,,3345.01,bos ↓,,bearish,0,none
2025-07-20 22:30:00+00:00,3347.915,3348.415,3347.032,3347.479,759,,,,,bearish,0,none
2025-07-20 22:45:00+00:00,3347.483,3348.201,3346.266,3347.755,906,3348.201,,,,bearish,3,hammer
2025-07-20 23:00:00+00:00,3347.778,3349.234,3345.682,3346.166,915,3349.234,,,choch ↑,bullish,2,bearish_engulfing
2025-07-20 23:15:00+00:00,3346.183,3346.9,3345.405,3346.513,893,,3345.405,,,bullish,3,hammer
2025-07-20 23:30:00+00:00,3346.415,3347.481,3345.595,3346.907,810,,3345.595,,,bullish,0,none
2025-07-20 23:45:00+00:00,3346.981,3349.552,3346.848,3349.122,1009,,,,,bullish,0,none
2025-07-21 00:00:00+00:00,3349.168,3350.445,3347.624,3350.332,1458,,,,,bullish,0,none
2025-07-21 00:15:00+00:00,3350.257,3351.868,3349.918,3351.775,1065,,,,,bullish,0,none
2025-07-21 00:30:00+00:00,3351.772,3353.949,3351.768,3353.565,1211,,,,,bullish,0,none
2025-07-21 00:45:00+00:00,3353.628,3354.538,3351.947,3352.272,1255,,,,,bullish,0,none
2025-07-21 01:00:00+00:00,3352.241,3357.546,3351.869,3356.962,2017,,,,,bullish,1,bullish_engulfing
2025-07-21 01:15:00+00:00,3356.98,3358.494,3356.083,3358.059,1504,3358.494,,bos ↑,,bullish,0,none
2025-07-21 01:30:00+00:00,3358.065,3358.641,3356.549,3356.775,1571,3358.641,,bos ↑,,bullish,2,bearish_engulfing
2025-07-21 01:45:00+00:00,3356.811,3357.951,3354.374,3356.425,1734,,,,,bullish,0,none
2025-07-21 02:00:00+00:00,3356.478,3356.526,3353.955,3354.256,1491,,,,,bullish,0,none
2025-07-21 02:15:00+00:00,3354.237,3357.336,3354.078,3356.972,1215,,,,,bullish,1,bullish_engulfing
2025-07-21 02:30:00+00:00,3356.974,3357.403,3352.477,3353.023,1424,3357.403,3352.477,,,bullish,2,bearish_engulfing
2025-07-21 02:45:00+00:00,3353.023,3354.64,3352.293,3354.098,1263,,3352.293,,choch ↓,bearish,0,none
2025-07-21 03:00:00+00:00,3354.163,3356.761,3353.725,3356.267,1135,,,,,bearish,0,none
2025-07-21 03:15:00+00:00,3356.274,3356.926,3353.922,3354.798,1545,3356.926,,,,bearish,0,none
2025-07-21 03:30:00+00:00,3354.745,3354.869,3351.412,3352.513,1077,,,,,bearish,0,none
2025-07-21 03:45:00+00:00,3352.428,3352.883,3351.053,3351.286,804,,,,,bearish,0,none
2025-07-21 04:00:00+00:00,3351.275,3352.364,3350.618,3351.265,921,,3350.618,bos ↓,,bearish,5,doji
2025-07-21 04:15:00+00:00,3351.215,3354.888,3350.802,3354.745,880,,3350.802,,,bearish,1,bullish_engulfing
2025-07-21 04:30:00+00:00,3354.745,3357.229,3354.576,3356.836,1023,,,,,bearish,0,none
2025-07-21 04:45:00+00:00,3356.84,3358.757,3356.321,3357.812,1165,,,,,bearish,0,none
2025-07-21 05:00:00+00:00,3357.764,3362.934,3357.652,3362.843,1850,,,,,bearish,0,none
2025-07-21 05:15:00+00:00,3362.876,3368.684,3362.566,3367.073,2010,3368.684,,,choch ↑,bullish,0,none
2025-07-21 05:30:00+00:00,3367.035,3369.701,3364.878,3367.292,3188,3369.701,,bos ↑,,bullish,5,doji
2025-07-21 05:45:00+00:00,3367.357,3368.561,3366.527,3366.661,1512,,,,,bullish,2,bearish_engulfing
2025-07-21 06:00:00+00:00,3366.689,3368.563,3365.377,3366.853,1713,,,,,bullish,5,doji
2025-07-21 06:15:00+00:00,3366.745,3370.266,3366.5,3369.842,1702,,3366.5,,,bullish,0,none
2025-07-21 06:30:00+00:00,3369.804,3370.785,3367.688,3368.905,1755,3370.785,,bos ↑,,bullish,0,none
2025-07-21 06:45:00+00:00,3368.902,3370.69,3367.419,3368.384,1542,3370.69,,,,bullish,0,none
2025-07-21 07:00:00+00:00,3368.34,3370.492,3367.099,3368.216,1880,,,,,bullish,5,doji
2025-07-21 07:15:00+00:00,3368.188,3368.441,3364.675,3365.996,1647,,,,,bullish,0,none
2025-07-21 07:30:00+00:00,3365.964,3367.543,3365.228,3365.689,1491,,,,,bullish,0,none
2025-07-21 07:45:00+00:00,3365.698,3366.991,3363.875,3364.763,1512,,,,,bullish,0,none
2025-07-21 08:00:00+00:00,3364.8,3364.97,3363.126,3364.095,1858,,3363.126,,choch ↓,bearish,0,none
2025-07-21 08:15:00+00:00,3364.092,3365.959,3363.107,3365.527,1574,,3363.107,bos ↓,,bearish,1,bullish_engulfing
2025-07-21 08:30:00+00:00,3365.558,3366.92,3364.151,3365.187,1519,3366.92,,,,bearish,0,none
2025-07-21 08:45:00+00:00,3365.205,3366.473,3364.719,3365.909,1211,3366.473,,,,bearish,0,none
2025-07-21 09:00:00+00:00,3365.947,3366.413,3364.326,3365.47,1296,,,,,bearish,0,none
2025-07-21 09:15:00+00:00,3365.471,3366.068,3365.014,3365.062,1058,,,,,bearish,0,none
2025-07-21 09:30:00+00:00,3365.036,3365.372,3362.674,3364.058,1564,,3362.674,bos ↓,,bearish,0,none
2025-07-21 09:45:00+00:00,3364.089,3366.284,3363.753,3366.005,1179,,3363.753,,,bearish,0,none
2025-07-21 10:00:00+00:00,3366.108,3368.04,3366.021,3367.445,1270,3368.04,,,choch ↑,bullish,0,none
2025-07-21 10:15:00+00:00,3367.443,3367.443,3364.752,3365.364,1099,3367.443,,,,bullish,0,none
2025-07-21 10:30:00+00:00,3365.406,3365.552,3362.776,3363.569,1182,,3362.776,,choch ↓,bearish,0,none
2025-07-21 10:45:00+00:00,3363.553,3366.158,3363.504,3365.996,1146,,3363.504,,,bearish,1,bullish_engulfing
2025-07-21 11:00:00+00:00,3366.019,3369.821,3365.26,3369.397,1677,,,,,bearish,0,none
2025-07-21 11:15:00+00:00,3369.474,3373.841,3369.434,3373.498,1989,,,,,bearish,0,none
2025-07-21 11:30:00+00:00,3373.503,3374.013,3370.72,3373.827,1713,,,,,bearish,5,doji
2025-07-21 11:45:00+00:00,3373.855,3375.603,3373.144,3375.302,1650,,,,,bearish,0,none
2025-07-21 12:00:00+00:00,3375.271,3377.177,3374.531,3376.003,2062,,,,,bearish,0,none
2025-07-21 12:15:00+00:00,3375.917,3383.466,3375.334,3381.604,2916,,,,,bearish,0,none
2025-07-21 12:30:00+00:00,3381.61,3387.535,3381.543,3385.846,2787,,,,,bearish,0,none
2025-07-21 12:45:00+00:00,3385.968,3388.606,3384.919,3387.23,2643,,,,,bearish,0,none
2025-07-21 13:00:00+00:00,3387.261,3389.138,3384.891,3386.668,3458,,,,,bearish,0,none
2025-07-21 13:15:00+00:00,3386.623,3389.712,3385.91,3386.932,2239,,,,,bearish,5,doji
2025-07-21 13:30:00+00:00,3386.965,3389.424,3383.657,3389.285,3893,,3383.657,,,bearish,0,none
2025-07-21 13:45:00+00:00,3389.175,3395.321,3386.902,3388.615,4974,,,,,bearish,5,doji
2025-07-21 14:00:00+00:00,3388.6,3395.049,3386.141,3394.674,5206,,,,,bearish,1,bullish_engulfing
2025-07-21 14:15:00+00:00,3394.682,3398.403,3393.58,3397.714,4012,,,,,bearish,0,none
2025-07-21 14:30:00+00:00,3397.76,3401.575,3397.49,3399.751,3448,3401.575,,,choch ↑,bullish,0,none
2025-07-21 14:45:00+00:00,3399.722,3400.987,3397.27,3400.342,2970,,,,,bullish,3,hammer
2025-07-21 15:00:00+00:00,3400.316,3400.919,3396.544,3396.728,2653,,,,,bullish,0,none
2025-07-21 15:15:00+00:00,3396.69,3401.022,3395.597,3400.036,2802,3401.022,3395.597,,,bullish,0,none
2025-07-21 15:30:00+00:00,3400.077,3400.811,3396.279,3396.626,2783,,3396.279,,,bullish,2,bearish_engulfing
2025-07-21 15:45:00+00:00,3396.659,3399.765,3396.515,3397.994,2366,,,,,bullish,0,none
2025-07-21 16:00:00+00:00,3397.983,3399.032,3397.259,3397.863,2247,,,,,bullish,5,doji
2025-07-21 16:15:00+00:00,3397.882,3398.694,3396.144,3396.961,2004,,,,,bullish,0,none
2025-07-21 16:30:00+00:00,3397.006,3398.772,3395.614,3395.848,1860,,,,,bullish,0,none
2025-07-21 16:45:00+00:00,3395.893,3396.246,3393.731,3395.595,1836,,,,,bullish,0,none
2025-07-21 17:00:00+00:00,3395.587,3395.825,3392.615,3393.114,1604,,,,,bullish,0,none
2025-07-21 17:15:00+00:00,3393.129,3393.38,3391.492,3392.251,1812,,3391.492,,choch ↓,bearish,0,none
2025-07-21 17:30:00+00:00,3392.293,3393.321,3391.64,3391.994,1377,,3391.64,,,bearish,0,none
2025-07-21 17:45:00+00:00,3391.989,3393.6,3391.989,3393.224,1400,,,,,bearish,1,bullish_engulfing
2025-07-21 18:00:00+00:00,3393.267,3395.445,3393.229,3394.013,1628,3395.445,,,,bearish,0,none
2025-07-21 18:15:00+00:00,3394.047,3395.19,3393.705,3394.462,1362,,,,,bearish,0,none
2025-07-21 18:30:00+00:00,3394.433,3395.159,3393.552,3393.593,1211,,,,,bearish,0,none
2025-07-21 18:45:00+00:00,3393.594,3395.844,3393.01,3395.333,1257,,3393.01,,,bearish,0,none
2025-07-21 19:00:00+00:00,3395.43,3397.457,3395.077,3397.302,1554,,,,,bearish,0,none
2025-07-21 19:15:00+00:00,3397.35,3399.287,3396.777,3398.256,1385,3399.287,,,choch ↑,bullish,0,none
2025-07-21 19:30:00+00:00,3398.215,3399.787,3397.815,3397.95,1475,3399.787,,bos ↑,,bullish,0,none
2025-07-21 19:45:00+00:00,3397.939,3399.081,3396.953,3398.811,2068,,,,,bullish,1,bullish_engulfing
2025-07-21 20:00:00+00:00,3398.744,3399.276,3397.706,3398.355,948,,,,,bullish,0,none
2025-07-21 20:15:00+00:00,3398.348,3398.348,3397.271,3397.931,771,,,,,bullish,0,none
2025-07-21 20:30:00+00:00,3397.938,3398.477,3397.048,3397.988,855,,3397.048,,,bullish,5,doji
2025-07-21 20:45:00+00:00,3397.994,3398.086,3396.698,3397.578,696,,3396.698,,choch ↓,bearish,2,bearish_engulfing
2025-07-21 22:00:00+00:00,3399.028,3399.91,3398.061,3399.234,697,,,,,bearish,4,inverted_hammer
2025-07-21 22:15:00+00:00,3399.234,3400.347,3398.91,3399.984,547,,,,,bearish,0,none
2025-07-21 22:30:00+00:00,3399.987,3401.115,3399.83,3400.017,717,,,,,bearish,5,doji
2025-07-21 22:45:00+00:00,3400.071,3400.833,3398.863,3399.329,672,,3398.863,,,bearish,2,bearish_engulfing
2025-07-21 23:00:00+00:00,3399.369,3401.274,3399.369,3400.533,822,,,,,bearish,0,none
2025-07-21 23:15:00+00:00,3400.448,3401.683,3399.936,3401.395,701,3401.683,,,choch ↑,bullish,0,none
2025-07-21 23:30:00+00:00,3401.411,3402.783,3393.208,3394.384,2322,3402.783,,bos ↑,,bullish,2,bearish_engulfing
2025-07-21 23:45:00+00:00,3394.366,3397.505,3393.729,3396.532,1551,,,,,bullish,0,none
2025-07-22 00:00:00+00:00,3396.54,3396.658,3390.42,3391.573,2394,,3390.42,,choch ↓,bearish,2,bearish_engulfing
2025-07-22 00:15:00+00:00,3391.584,3395.638,3391.264,3394.992,1666,,3391.264,,,bearish,0,none
2025-07-22 00:30:00+00:00,3394.948,3397.665,3393.481,3395.571,1964,3397.665,,,,bearish,4,inverted_hammer
2025-07-22 00:45:00+00:00,3395.593,3396.033,3392.598,3394.481,1625,3396.033,,,,bearish,2,bearish_engulfing
2025-07-22 01:00:00+00:00,3394.526,3395.843,3389.865,3392.249,2914,,,,,bearish,0,none
2025-07-22 01:15:00+00:00,3392.286,3393.855,3390.612,3391.712,2097,,,,,bearish,0,none
2025-07-22 01:30:00+00:00,3391.602,3392.873,3386.888,3388.242,2276,,,,,bearish,0,none
2025-07-22 01:45:00+00:00,3388.261,3388.909,3385.076,3385.964,2087,,3385.076,bos ↓,,bearish,0,none
2025-07-22 02:00:00+00:00,3385.952,3389.715,3385.241,3389.054,1828,,3385.241,,,bearish,1,bullish_engulfing
2025-07-22 02:15:00+00:00,3389.027,3391.593,3388.198,3389.14,1609,,,,,bearish,5,doji
2025-07-22 02:30:00+00:00,3389.101,3390.402,3387.358,3390.288,1655,,,,,bearish,0,none
2025-07-22 02:45:00+00:00,3390.237,3391.955,3389.546,3391.566,1384,3391.955,,,,bearish,0,none
2025-07-22 03:00:00+00:00,3391.526,3391.806,3389.209,3389.56,1188,,,,,bearish,0,none
2025-07-22 03:15:00+00:00,3389.6,3391.953,3388.737,3390.934,1390,,3388.737,,,bearish,0,none
2025-07-22 03:30:00+00:00,3390.962,3392.981,3390.02,3392.981,1176,3392.981,,,choch ↑,bullish,0,none
2025-07-22 03:45:00+00:00,3392.939,3393.742,3391.806,3392.593,1338,,,,,bullish,0,none
2025-07-22 04:00:00+00:00,3392.517,3392.55,3390.728,3390.728,294,,,,,bullish,0,none
