entry_step,exit_step,entry_price,exit_price,lot_size,sl_pips,tp_pips,reason,reward,balance,datetime,entry_time,exit_time
8,19,3304.591,3331.625,0.76,12.59078571428563,25.18157142857126,TP,2045.584000000008,102045.584,2025-06-25 05:00:00,2025-06-24 13:00:00,2025-06-25 04:00:00
23,26,3323.404,3348.256,1.27,7.563500000000204,15.127000000000407,TP,3147.2039999999824,105192.78799999999,2025-06-26 08:00:00,2025-06-25 13:00:00,2025-06-26 05:00:00
33,34,3318.862,3293.969,1.07,9.341642857143142,18.683285714286285,SL,-2675.551000000003,102517.23699999998,2025-06-27 04:00:00,2025-06-26 20:00:00,2025-06-27 00:00:00
44,47,3277.353,3263.811,0.9,10.833071428571202,21.666142857142404,SL,-1230.7799999999925,101286.45699999998,2025-06-29 22:00:00,2025-06-27 16:00:00,2025-06-27 20:00:00
106,121,3329.141,3310.848,0.82,11.797714285714392,23.595428571428783,SL,-1512.0260000000096,99774.43099999997,2025-07-07 03:00:00,2025-07-03 16:00:00,2025-07-06 22:00:00
131,133,3324.971,3315.27,1.34,6.9573571428572905,13.914714285714581,SL,-1311.934000000003,98462.49699999996,2025-07-08 13:00:00,2025-07-08 10:00:00,2025-07-08 12:00:00
141,144,3302.277,3293.276,1.11,8.349357142857116,16.69871428571423,SL,-1011.1110000000226,97451.38599999994,2025-07-09 03:00:00,2025-07-08 22:00:00,2025-07-09 01:00:00
168,170,3314.931,3332.567,1.05,8.774857142856945,17.54971428571389,TP,1842.7799999999966,99294.16599999994,2025-07-11 06:00:00,2025-07-10 12:00:00,2025-07-10 23:00:00
193,204,3345.105,3350.97,1.05,8.977857142857374,17.95571428571475,forced_close,605.8249999999771,99899.99099999992,2025-07-15 02:00:00,2025-07-14 14:00:00,2025-07-15 02:00:00
