datetime,is_win,prob_win,signal,reward,balance
2024-01-02 10:00:00,0,0.7841707259438979,1,-100.0,9900.0
2024-01-02 13:00:00,0,0.7718564565248346,1,-100.0,9800.0
2024-01-05 16:00:00,1,0.8407834853778993,1,100.0,9900.0
2024-01-08 04:00:00,0,0.7081253049149663,1,-100.0,9800.0
2024-01-09 14:00:00,0,0.799923844780272,1,-100.0,9700.0
2024-01-09 15:00:00,1,0.7432575404860904,1,100.0,9800.0
2024-01-10 13:00:00,0,0.9012653103804944,1,-100.0,9700.0
2024-01-10 15:00:00,0,0.879024025275648,1,-100.0,9600.0
2024-01-10 16:00:00,0,0.782589812153967,1,-100.0,9500.0
2024-01-10 17:00:00,0,0.7040453545819721,1,-100.0,9400.0
2024-01-10 18:00:00,1,0.7356671325687949,1,100.0,9500.0
2024-01-11 14:00:00,1,0.8436550942403976,1,100.0,9600.0
2024-01-11 15:00:00,0,0.7613775408954288,1,-100.0,9500.0
2024-01-15 05:00:00,1,0.7312588273608602,1,100.0,9600.0
2024-01-15 06:00:00,0,0.7691389266575853,1,-100.0,9500.0
2024-01-15 11:00:00,0,0.8144099850355998,1,-100.0,9400.0
2024-01-15 12:00:00,1,0.8295413907018128,1,100.0,9500.0
2024-01-15 14:00:00,1,0.8737272612275737,1,100.0,9600.0
2024-01-16 13:00:00,0,0.9031048711441696,1,-100.0,9500.0
2024-01-19 14:00:00,1,0.9244011364397304,1,100.0,9600.0
2024-01-19 15:00:00,1,0.8734665604002655,1,100.0,9700.0
2024-01-19 17:00:00,0,0.7926530502138591,1,-100.0,9600.0
2024-01-22 04:00:00,0,0.7799603210060093,1,-100.0,9500.0
2024-01-22 05:00:00,1,0.7735805498671502,1,100.0,9600.0
2024-01-23 09:00:00,1,0.7408892381697041,1,100.0,9700.0
2024-01-23 13:00:00,1,0.7209915772943052,1,100.0,9800.0
2024-01-23 15:00:00,1,0.9794717144908848,1,100.0,9900.0
2024-01-23 16:00:00,0,0.7820759425276212,1,-100.0,9800.0
2024-01-23 17:00:00,1,0.7513550221977365,1,100.0,9900.0
2024-01-23 23:00:00,0,0.8945996162561822,1,-100.0,9800.0
2024-01-24 01:00:00,0,0.7168790763049809,1,-100.0,9700.0
2024-01-24 07:00:00,1,0.8831710922613448,1,100.0,9800.0
2024-01-24 08:00:00,1,0.8785520090730202,1,100.0,9900.0
2024-01-24 15:00:00,1,0.7360085773616977,1,100.0,10000.0
2024-01-24 16:00:00,1,0.7001571425337006,1,100.0,10100.0
2024-01-29 01:00:00,1,0.7946092067805625,1,100.0,10200.0
2024-01-29 11:00:00,1,0.7619635273818305,1,100.0,10300.0
2024-01-29 12:00:00,0,0.8005965977583203,1,-100.0,10200.0
2024-01-30 12:00:00,1,0.8252241708130368,1,100.0,10300.0
2024-01-30 19:00:00,1,0.7658917413084603,1,100.0,10400.0
2024-01-30 20:00:00,1,0.8007417487291976,1,100.0,10500.0
2024-01-30 21:00:00,1,0.9117759360093286,1,100.0,10600.0
2024-01-31 16:00:00,0,0.9194146158645156,1,-100.0,10500.0
2024-02-01 19:00:00,0,0.8444961955621061,1,-100.0,10400.0
2024-02-01 20:00:00,0,0.7567287182845368,1,-100.0,10300.0
2024-02-01 21:00:00,1,0.8930293143075994,1,100.0,10400.0
2024-02-01 23:00:00,1,0.898736544441117,1,100.0,10500.0
2024-02-02 00:00:00,1,0.9384394627723092,1,100.0,10600.0
2024-02-02 01:00:00,0,0.7354578713415516,1,-100.0,10500.0
2024-02-02 07:00:00,1,0.7954572081162885,1,100.0,10600.0
2024-02-02 08:00:00,1,0.7499925758570842,1,100.0,10700.0
2024-02-06 19:00:00,1,0.7280917635971333,1,100.0,10800.0
2024-02-06 20:00:00,0,0.8982314124036473,1,-100.0,10700.0
2024-02-06 21:00:00,0,0.8988348653320283,1,-100.0,10600.0
2024-02-06 23:00:00,1,0.8568603040880152,1,100.0,10700.0
2024-02-07 16:00:00,0,0.8775627124455445,1,-100.0,10600.0
2024-02-07 17:00:00,1,0.859003013660207,1,100.0,10700.0
2024-02-07 18:00:00,0,0.9532897471805986,1,-100.0,10600.0
2024-02-07 21:00:00,1,0.8293233085506133,1,100.0,10700.0
2024-02-08 12:00:00,1,0.7157131898923205,1,100.0,10800.0
2024-02-09 14:00:00,1,0.7435829636736749,1,100.0,10900.0
2024-02-09 17:00:00,1,0.7368048512893579,1,100.0,11000.0
2024-02-09 19:00:00,1,0.7440714853262607,1,100.0,11100.0
2024-02-09 21:00:00,1,0.7841384528558131,1,100.0,11200.0
2024-02-11 23:00:00,0,0.7472268707260754,1,-100.0,11100.0
2024-02-12 00:00:00,0,0.7886537787647299,1,-100.0,11000.0
2024-02-12 04:00:00,1,0.7492572362756448,1,100.0,11100.0
2024-02-12 14:00:00,1,0.8238921509179892,1,100.0,11200.0
2024-02-12 15:00:00,1,0.7462720298600125,1,100.0,11300.0
2024-02-15 17:00:00,1,0.97148502807176,1,100.0,11400.0
2024-02-16 09:00:00,1,0.8148394375852174,1,100.0,11500.0
2024-02-21 01:00:00,1,0.9101768160788516,1,100.0,11600.0
2024-02-21 15:00:00,0,0.9734589605348049,1,-100.0,11500.0
2024-02-21 17:00:00,1,0.9502947175020564,1,100.0,11600.0
2024-02-22 09:00:00,0,0.9304731816057892,1,-100.0,11500.0
2024-02-22 14:00:00,0,0.7734480831462336,1,-100.0,11400.0
2024-02-23 19:00:00,0,0.7515366299241533,1,-100.0,11300.0
2024-02-26 02:00:00,1,0.8758247923882657,1,100.0,11400.0
2024-02-26 14:00:00,1,0.8342152009850021,1,100.0,11500.0
2024-02-27 15:00:00,0,0.7419861891578583,1,-100.0,11400.0
2024-02-27 18:00:00,0,0.7988114454400204,1,-100.0,11300.0
2024-02-28 15:00:00,1,0.8896674722223287,1,100.0,11400.0
2024-02-28 17:00:00,1,0.7583392773672197,1,100.0,11500.0
2024-02-28 21:00:00,1,0.8448808659288509,1,100.0,11600.0
2024-02-28 23:00:00,1,0.8931844671294793,1,100.0,11700.0
2024-02-29 16:00:00,1,0.7292179740530514,1,100.0,11800.0
2024-02-29 17:00:00,1,0.7549314685870366,1,100.0,11900.0
2024-02-29 20:00:00,0,0.7852222552327921,1,-100.0,11800.0
2024-03-01 00:00:00,1,0.7302419800202075,1,100.0,11900.0
2024-03-01 01:00:00,1,0.9378619336744408,1,100.0,12000.0
2024-03-03 23:00:00,0,0.7607627367975417,1,-100.0,11900.0
2024-03-04 21:00:00,0,0.7089007216363079,1,-100.0,11800.0
2024-03-05 10:00:00,1,0.7822704453588564,1,100.0,11900.0
2024-03-05 19:00:00,1,0.7334600177276103,1,100.0,12000.0
2024-03-06 00:00:00,0,0.7408298557156716,1,-100.0,11900.0
2024-03-06 05:00:00,1,0.8112350329543685,1,100.0,12000.0
2024-03-08 05:00:00,1,0.7667657535592085,1,100.0,12100.0
2024-03-08 06:00:00,1,0.9278242260877044,1,100.0,12200.0
2024-03-08 15:00:00,0,0.9635773230285656,1,-100.0,12100.0
2024-03-08 19:00:00,1,0.7595915946374071,1,100.0,12200.0
2024-03-10 22:00:00,1,0.8541171578420229,1,100.0,12300.0
2024-03-10 23:00:00,1,0.8234990264675017,1,100.0,12400.0
2024-03-11 01:00:00,1,0.7138985303477403,1,100.0,12500.0
2024-03-12 07:00:00,0,0.8504443612269804,1,-100.0,12400.0
2024-03-14 13:00:00,1,0.7188670262734033,1,100.0,12500.0
2024-03-14 14:00:00,0,0.7203620494969435,1,-100.0,12400.0
2024-03-15 03:00:00,1,0.7452373272744202,1,100.0,12500.0
2024-03-21 07:00:00,1,0.8533740844658653,1,100.0,12600.0
2024-03-21 11:00:00,1,0.7618669671126146,1,100.0,12700.0
2024-03-21 13:00:00,0,0.8635957364050332,1,-100.0,12600.0
2024-03-21 15:00:00,1,0.7872039050827403,1,100.0,12700.0
2024-03-21 16:00:00,1,0.9521297763709016,1,100.0,12800.0
2024-03-21 22:00:00,1,0.8433907058306392,1,100.0,12900.0
2024-03-22 01:00:00,1,0.7972223354400724,1,100.0,13000.0
2024-03-22 02:00:00,1,0.9120369529084896,1,100.0,13100.0
2024-03-22 03:00:00,1,0.8295221304814064,1,100.0,13200.0
2024-03-26 04:00:00,1,0.8699053501673077,1,100.0,13300.0
2024-03-26 08:00:00,1,0.736168321222799,1,100.0,13400.0
2024-03-26 15:00:00,1,0.7839183178033962,1,100.0,13500.0
2024-03-26 22:00:00,1,0.7857549166416159,1,100.0,13600.0
2024-03-27 01:00:00,1,0.8278458965413392,1,100.0,13700.0
2024-03-27 04:00:00,1,0.704511321832278,1,100.0,13800.0
2024-03-27 13:00:00,1,0.9400105398622725,1,100.0,13900.0
2024-03-27 18:00:00,1,0.889038961412045,1,100.0,14000.0
2024-03-27 22:00:00,0,0.7944682503610235,1,-100.0,13900.0
2024-03-28 05:00:00,1,0.7431196954680563,1,100.0,14000.0
2024-03-28 06:00:00,0,0.8811654805276699,1,-100.0,13900.0
2024-03-28 07:00:00,1,0.9439114011047396,1,100.0,14000.0
2024-03-28 08:00:00,1,0.8934312848563235,1,100.0,14100.0
2024-03-28 13:00:00,1,0.7662718277931054,1,100.0,14200.0
2024-03-28 17:00:00,1,0.8248172812027581,1,100.0,14300.0
2024-03-31 23:00:00,1,0.9229758699349012,1,100.0,14400.0
2024-04-01 00:00:00,1,0.7434223419522686,1,100.0,14500.0
2024-04-01 16:00:00,1,0.7716727241890695,1,100.0,14600.0
2024-04-01 22:00:00,0,0.7301101665088124,1,-100.0,14500.0
2024-04-01 23:00:00,1,0.7509869192108511,1,100.0,14600.0
2024-04-02 00:00:00,1,0.8764001993330304,1,100.0,14700.0
2024-04-02 02:00:00,1,0.7446466955076275,1,100.0,14800.0
2024-04-02 14:00:00,0,0.8175666061452815,1,-100.0,14700.0
2024-04-02 15:00:00,1,0.7032928277891667,1,100.0,14800.0
2024-04-02 16:00:00,1,0.7610051690692187,1,100.0,14900.0
2024-04-03 00:00:00,1,0.715282812256732,1,100.0,15000.0
2024-04-03 02:00:00,1,0.7983467855867974,1,100.0,15100.0
2024-04-03 04:00:00,1,0.7205535491435217,1,100.0,15200.0
2024-04-03 13:00:00,1,0.7319149969764945,1,100.0,15300.0
2024-04-03 23:00:00,1,0.7258288196695907,1,100.0,15400.0
2024-04-04 03:00:00,1,0.803875169146915,1,100.0,15500.0
2024-04-04 09:00:00,1,0.8932202330760596,1,100.0,15600.0
2024-04-04 12:00:00,1,0.7270400674998789,1,100.0,15700.0
2024-04-04 13:00:00,1,0.903897332745,1,100.0,15800.0
2024-04-04 17:00:00,1,0.9093900315516338,1,100.0,15900.0
2024-04-04 23:00:00,1,0.9189509175439198,1,100.0,16000.0
2024-04-05 00:00:00,0,0.7914048710540499,1,-100.0,15900.0
2024-04-08 20:00:00,1,0.7731038584910476,1,100.0,16000.0
2024-04-09 14:00:00,0,0.8032694342350315,1,-100.0,15900.0
2024-04-09 15:00:00,1,0.7326061437950417,1,100.0,16000.0
2024-04-09 22:00:00,1,0.8845562640192665,1,100.0,16100.0
2024-04-10 00:00:00,0,0.8756218577185662,1,-100.0,16000.0
2024-04-10 01:00:00,1,0.8513848321004956,1,100.0,16100.0
2024-04-10 04:00:00,1,0.781783093206679,1,100.0,16200.0
2024-04-15 10:00:00,1,0.7973999911397813,1,100.0,16300.0
2024-04-15 11:00:00,0,0.7324166790969612,1,-100.0,16200.0
2024-04-16 17:00:00,0,0.7582281607161253,1,-100.0,16100.0
2024-04-17 01:00:00,1,0.8453451021233649,1,100.0,16200.0
2024-04-17 02:00:00,0,0.8967585942648499,1,-100.0,16100.0
2024-04-17 04:00:00,0,0.8737557783713028,1,-100.0,16000.0
2024-04-17 07:00:00,1,0.7951421602182436,1,100.0,16100.0
2024-04-17 12:00:00,1,0.7236940953638785,1,100.0,16200.0
2024-04-17 13:00:00,1,0.7631702983193775,1,100.0,16300.0
2024-04-17 14:00:00,0,0.743245511736267,1,-100.0,16200.0
2024-04-17 17:00:00,1,0.7853207157835443,1,100.0,16300.0
2024-04-24 17:00:00,0,0.7297056426277856,1,-100.0,16200.0
2024-04-25 00:00:00,1,0.9505558726307008,1,100.0,16300.0
2024-04-25 01:00:00,1,0.8209604963079777,1,100.0,16400.0
2024-04-25 02:00:00,1,0.8598580084959745,1,100.0,16500.0
2024-04-25 17:00:00,1,0.9630449695738168,1,100.0,16600.0
2024-04-25 19:00:00,0,0.7036706621925722,1,-100.0,16500.0
2024-04-25 23:00:00,1,0.8460832067801558,1,100.0,16600.0
2024-04-26 04:00:00,1,0.7396204376053582,1,100.0,16700.0
2024-04-26 12:00:00,0,0.7146259715227116,1,-100.0,16600.0
2024-04-26 17:00:00,0,0.7057424111472418,1,-100.0,16500.0
2024-04-29 20:00:00,0,0.7040807634454583,1,-100.0,16400.0
2024-04-29 22:00:00,1,0.8000502819986958,1,100.0,16500.0
2024-05-06 14:00:00,1,0.7224429119304733,1,100.0,16600.0
2024-05-10 11:00:00,0,0.7907392162566395,1,-100.0,16500.0
2024-05-10 15:00:00,1,0.8056147234827298,1,100.0,16600.0
2024-05-10 18:00:00,0,0.7066093527198063,1,-100.0,16500.0
2024-05-13 02:00:00,0,0.7396481632864446,1,-100.0,16400.0
2024-05-13 07:00:00,1,0.8320546875548869,1,100.0,16500.0
2024-05-16 03:00:00,1,0.9155798860537858,1,100.0,16600.0
2024-05-16 05:00:00,1,0.7572948128701695,1,100.0,16700.0
2024-05-16 15:00:00,1,0.93616561287974,1,100.0,16800.0
2024-05-16 22:00:00,1,0.7339006786436699,1,100.0,16900.0
2024-05-16 23:00:00,1,0.7550557557484043,1,100.0,17000.0
2024-05-20 02:00:00,1,0.8027400426533334,1,100.0,17100.0
2024-05-20 22:00:00,1,0.8175552263012624,1,100.0,17200.0
2024-05-21 01:00:00,0,0.8849462747944462,1,-100.0,17100.0
2024-05-27 22:00:00,1,0.7214725025508356,1,100.0,17200.0
2024-05-28 02:00:00,0,0.7538351445274056,1,-100.0,17100.0
2024-05-28 05:00:00,0,0.7714915376824903,1,-100.0,17000.0
2024-05-30 15:00:00,0,0.7074686528936964,1,-100.0,16900.0
2024-05-30 22:00:00,1,0.7319039570562388,1,100.0,17000.0
2024-05-31 00:00:00,1,0.9392323119461272,1,100.0,17100.0
2024-05-31 01:00:00,1,0.9136500805736436,1,100.0,17200.0
2024-05-31 15:00:00,0,0.7800276005025012,1,-100.0,17100.0
2024-06-04 04:00:00,0,0.8662310774669403,1,-100.0,17000.0
2024-06-05 23:00:00,1,0.7479016710548743,1,100.0,17100.0
2024-06-07 06:00:00,1,0.9155776034377324,1,100.0,17200.0
2024-06-07 07:00:00,0,0.7395799455378367,1,-100.0,17100.0
2024-06-07 09:00:00,0,0.794807542569434,1,-100.0,17000.0
2024-06-07 10:00:00,1,0.8137016431030214,1,100.0,17100.0
2024-06-07 12:00:00,1,0.8352898829552243,1,100.0,17200.0
2024-06-11 17:00:00,1,0.910518684929566,1,100.0,17300.0
2024-06-12 15:00:00,1,0.957908865545684,1,100.0,17400.0
2024-06-13 00:00:00,0,0.8308631178139586,1,-100.0,17300.0
2024-06-14 13:00:00,1,0.7041883287051999,1,100.0,17400.0
2024-06-14 14:00:00,1,0.8097319494028699,1,100.0,17500.0
2024-06-17 00:00:00,1,0.7209744575117227,1,100.0,17600.0
2024-06-18 22:00:00,1,0.8019189220820034,1,100.0,17700.0
2024-06-19 00:00:00,1,0.967424535106594,1,100.0,17800.0
2024-06-19 05:00:00,1,0.9362227456269115,1,100.0,17900.0
2024-06-19 11:00:00,0,0.9383244723059376,1,-100.0,17800.0
2024-06-20 07:00:00,0,0.7386739814077734,1,-100.0,17700.0
2024-06-20 14:00:00,0,0.8067965904331462,1,-100.0,17600.0
2024-06-21 00:00:00,0,0.7044902307202409,1,-100.0,17500.0
2024-06-21 16:00:00,0,0.8424934404385049,1,-100.0,17400.0
2024-06-28 07:00:00,1,0.7574424861194458,1,100.0,17500.0
2024-07-02 15:00:00,1,0.7327585383299776,1,100.0,17600.0
2024-07-03 07:00:00,1,0.8721596540027927,1,100.0,17700.0
2024-07-03 08:00:00,1,0.8965038050759285,1,100.0,17800.0
2024-07-03 10:00:00,1,0.9017668881487066,1,100.0,17900.0
2024-07-03 12:00:00,1,0.9864178382517802,1,100.0,18000.0
2024-07-03 13:00:00,1,0.7246566781376883,1,100.0,18100.0
2024-07-03 18:00:00,0,0.7134454714109137,1,-100.0,18000.0
2024-07-08 01:00:00,0,0.7870030521287645,1,-100.0,17900.0
2024-07-10 22:00:00,1,0.9281179265149804,1,100.0,18000.0
2024-07-11 06:00:00,1,0.8153706975085128,1,100.0,18100.0
2024-07-11 08:00:00,1,0.944637229997188,1,100.0,18200.0
2024-07-11 13:00:00,1,0.8271011785760077,1,100.0,18300.0
2024-07-11 14:00:00,0,0.7701378639626264,1,-100.0,18200.0
2024-07-11 17:00:00,1,0.839933566594548,1,100.0,18300.0
2024-07-11 20:00:00,1,0.7510690579360897,1,100.0,18400.0
2024-07-11 23:00:00,0,0.842697401706213,1,-100.0,18300.0
2024-07-12 00:00:00,0,0.7450840297529853,1,-100.0,18200.0
2024-07-12 13:00:00,1,0.9250251362309302,1,100.0,18300.0
2024-07-16 01:00:00,1,0.9747960584497076,1,100.0,18400.0
2024-07-16 12:00:00,1,0.7549150691687765,1,100.0,18500.0
2024-07-16 13:00:00,1,0.7125460151570789,1,100.0,18600.0
2024-07-16 23:00:00,1,0.7621683594673011,1,100.0,18700.0
2024-07-17 01:00:00,0,0.709709093483921,1,-100.0,18600.0
2024-07-17 08:00:00,1,0.7603594668512335,1,100.0,18700.0
2024-07-17 10:00:00,1,0.7837868401860822,1,100.0,18800.0
2024-07-17 15:00:00,1,0.7905957207462293,1,100.0,18900.0
2024-07-17 16:00:00,1,0.8037996403404195,1,100.0,19000.0
2024-07-17 17:00:00,1,0.7362110805144653,1,100.0,19100.0
2024-07-24 07:00:00,0,0.8616138439970555,1,-100.0,19000.0
2024-07-25 00:00:00,0,0.7082823142075455,1,-100.0,18900.0
2024-07-25 02:00:00,1,0.7580278094369213,1,100.0,19000.0
2024-07-25 03:00:00,1,0.8550948856656666,1,100.0,19100.0
2024-07-25 08:00:00,0,0.766855238948836,1,-100.0,19000.0
2024-07-25 15:00:00,1,0.8387743702683451,1,100.0,19100.0
2024-07-30 22:00:00,1,0.8534104165987394,1,100.0,19200.0
2024-07-31 00:00:00,1,0.7622379214313509,1,100.0,19300.0
2024-07-31 04:00:00,0,0.8081642677103553,1,-100.0,19200.0
2024-07-31 13:00:00,1,0.7334224158799603,1,100.0,19300.0
2024-08-01 04:00:00,0,0.7276301483311065,1,-100.0,19200.0
2024-08-09 14:00:00,1,0.7498044775604046,1,100.0,19300.0
2024-08-09 20:00:00,1,0.8717724577570519,1,100.0,19400.0
2024-08-14 14:00:00,1,0.8261165548584749,1,100.0,19500.0
2024-08-14 15:00:00,1,0.8162057689961525,1,100.0,19600.0
2024-08-18 23:00:00,0,0.7488014828884686,1,-100.0,19500.0
2024-08-19 00:00:00,1,0.8257420392356595,1,100.0,19600.0
2024-08-19 01:00:00,1,0.8325296074649332,1,100.0,19700.0
2024-08-19 02:00:00,1,0.7822619862438039,1,100.0,19800.0
2024-08-19 03:00:00,0,0.776980646527129,1,-100.0,19700.0
2024-08-20 05:00:00,1,0.7407417126906459,1,100.0,19800.0
2024-08-20 14:00:00,0,0.8015048634675579,1,-100.0,19700.0
2024-08-20 16:00:00,1,0.7064569893577005,1,100.0,19800.0
2024-08-20 20:00:00,1,0.8146606951242169,1,100.0,19900.0
2024-08-20 23:00:00,1,0.8073429023179232,1,100.0,20000.0
2024-08-21 00:00:00,1,0.8191044363331172,1,100.0,20100.0
2024-08-21 01:00:00,1,0.8677522883964108,1,100.0,20200.0
2024-08-21 02:00:00,0,0.7678221772311039,1,-100.0,20100.0
2024-08-21 05:00:00,1,0.7315481492696891,1,100.0,20200.0
2024-08-27 06:00:00,0,0.8701938922434025,1,-100.0,20100.0
2024-09-02 14:00:00,0,0.8054466720938884,1,-100.0,20000.0
2024-09-04 22:00:00,1,0.7734902472503508,1,100.0,20100.0
2024-09-04 23:00:00,1,0.7258125717742034,1,100.0,20200.0
2024-09-05 06:00:00,1,0.8122143012135827,1,100.0,20300.0
2024-09-05 16:00:00,1,0.8710030143767684,1,100.0,20400.0
2024-09-06 04:00:00,1,0.766610429271334,1,100.0,20500.0
2024-09-06 13:00:00,0,0.7445962692163989,1,-100.0,20400.0
2024-09-10 08:00:00,1,0.8218188418254595,1,100.0,20500.0
2024-09-10 11:00:00,1,0.7442407921622438,1,100.0,20600.0
2024-09-11 15:00:00,1,0.9440827038036926,1,100.0,20700.0
2024-09-11 22:00:00,0,0.7946286273097951,1,-100.0,20600.0
2024-09-12 00:00:00,1,0.7836390044976947,1,100.0,20700.0
2024-09-12 03:00:00,1,0.8963329126001366,1,100.0,20800.0
2024-09-12 14:00:00,1,0.7184674611013403,1,100.0,20900.0
2024-09-12 23:00:00,1,0.9358616170337734,1,100.0,21000.0
2024-09-13 01:00:00,1,0.9109854672476524,1,100.0,21100.0
2024-09-16 00:00:00,1,0.8562722660027503,1,100.0,21200.0
2024-09-20 17:00:00,1,0.7895603861759181,1,100.0,21300.0
2024-09-20 19:00:00,1,0.803235553929593,1,100.0,21400.0
2024-09-22 22:00:00,1,0.8160922827230394,1,100.0,21500.0
2024-09-23 23:00:00,0,0.7287912055162149,1,-100.0,21400.0
2024-09-24 22:00:00,0,0.8220074311683191,1,-100.0,21300.0
2024-09-24 23:00:00,1,0.8353380258785591,1,100.0,21400.0
2024-09-25 10:00:00,1,0.7169784167283035,1,100.0,21500.0
2024-09-25 11:00:00,1,0.9186543727718212,1,100.0,21600.0
2024-09-27 14:00:00,1,0.7713368665009472,1,100.0,21700.0
2024-09-27 15:00:00,1,0.7528042824082728,1,100.0,21800.0
2024-10-01 17:00:00,0,0.8223759782548109,1,-100.0,21700.0
2024-10-01 23:00:00,0,0.8440958762730212,1,-100.0,21600.0
2024-10-02 12:00:00,1,0.9229383673026954,1,100.0,21700.0
2024-10-04 19:00:00,0,0.9156622048101144,1,-100.0,21600.0
2024-10-06 22:00:00,1,0.8380189904056115,1,100.0,21700.0
2024-10-06 23:00:00,0,0.880947656187212,1,-100.0,21600.0
2024-10-07 02:00:00,1,0.7625621860765052,1,100.0,21700.0
2024-10-14 13:00:00,1,0.825621387750726,1,100.0,21800.0
2024-10-14 14:00:00,1,0.7158954137793391,1,100.0,21900.0
2024-10-15 01:00:00,0,0.797980224346138,1,-100.0,21800.0
2024-10-15 23:00:00,0,0.785841561786783,1,-100.0,21700.0
2024-10-16 23:00:00,1,0.7005910850467352,1,100.0,21800.0
2024-10-17 01:00:00,1,0.8687087149551239,1,100.0,21900.0
2024-10-17 05:00:00,0,0.8446994262503297,1,-100.0,21800.0
2024-10-17 07:00:00,0,0.8806146083290507,1,-100.0,21700.0
2024-10-17 14:00:00,0,0.7853716537065533,1,-100.0,21600.0
2024-10-17 22:00:00,1,0.8323295376595107,1,100.0,21700.0
2024-10-18 02:00:00,1,0.8281584175416644,1,100.0,21800.0
2024-10-18 06:00:00,0,0.8513495386902685,1,-100.0,21700.0
2024-10-18 14:00:00,1,0.7969348436098189,1,100.0,21800.0
2024-10-23 00:00:00,1,0.7487652901738844,1,100.0,21900.0
2024-10-23 09:00:00,1,0.9267290316690066,1,100.0,22000.0
2024-10-23 11:00:00,0,0.9032335169920962,1,-100.0,21900.0
2024-10-27 23:00:00,0,0.7607627367975417,1,-100.0,21800.0
2024-10-28 02:00:00,0,0.7513517559736775,1,-100.0,21700.0
2024-10-29 03:00:00,1,0.8154683066079249,1,100.0,21800.0
2024-10-29 05:00:00,1,0.89725464459716,1,100.0,21900.0
2024-10-29 09:00:00,1,0.8808808920077908,1,100.0,22000.0
2024-10-29 12:00:00,1,0.9177486003189682,1,100.0,22100.0
2024-10-29 22:00:00,1,0.7321996168628643,1,100.0,22200.0
2024-10-30 12:00:00,1,0.7159106598866323,1,100.0,22300.0
2024-10-31 06:00:00,1,0.7573153545504671,1,100.0,22400.0
2024-10-31 13:00:00,1,0.7485017189550138,1,100.0,22500.0
2024-10-31 14:00:00,1,0.80164149609084,1,100.0,22600.0
2024-11-01 14:00:00,0,0.825453395325265,1,-100.0,22500.0
2024-11-01 16:00:00,0,0.7360413488725012,1,-100.0,22400.0
2024-11-05 20:00:00,1,0.8959808916982591,1,100.0,22500.0
2024-11-06 02:00:00,1,0.8391214742716961,1,100.0,22600.0
2024-11-06 03:00:00,0,0.8535631437050657,1,-100.0,22500.0
2024-11-06 09:00:00,1,0.7135443863140986,1,100.0,22600.0
2024-11-13 15:00:00,0,0.7227325977015692,1,-100.0,22500.0
2024-11-13 21:00:00,1,0.9089392657681976,1,100.0,22600.0
2024-11-19 11:00:00,1,0.7008949839160725,1,100.0,22700.0
2024-11-19 17:00:00,1,0.7237983923761434,1,100.0,22800.0
2024-11-19 23:00:00,1,0.942663595479064,1,100.0,22900.0
2024-11-20 06:00:00,0,0.7801939052931739,1,-100.0,22800.0
2024-11-20 07:00:00,1,0.8013337541036754,1,100.0,22900.0
2024-11-21 12:00:00,1,0.743300859589919,1,100.0,23000.0
2024-11-21 13:00:00,1,0.8494424396753737,1,100.0,23100.0
2024-11-21 14:00:00,1,0.9141736469969546,1,100.0,23200.0
2024-11-21 16:00:00,1,0.9117894994526278,1,100.0,23300.0
2024-11-22 17:00:00,1,0.7068825375231933,1,100.0,23400.0
2024-11-26 23:00:00,1,0.8513462962074163,1,100.0,23500.0
2024-11-28 02:00:00,1,0.848127330645675,1,100.0,23600.0
2024-11-28 03:00:00,1,0.7258244184536982,1,100.0,23700.0
2024-11-28 07:00:00,1,0.7288795744330216,1,100.0,23800.0
2024-11-29 03:00:00,1,0.7851955798784309,1,100.0,23900.0
2024-11-29 10:00:00,0,0.7648033945865934,1,-100.0,23800.0
2024-11-29 15:00:00,0,0.8745847806839283,1,-100.0,23700.0
2024-12-02 02:00:00,1,0.77285830853269,1,100.0,23800.0
2024-12-04 10:00:00,1,0.8866111265279697,1,100.0,23900.0
2024-12-04 23:00:00,0,0.7315749848841798,1,-100.0,23800.0
2024-12-05 00:00:00,1,0.7299624880690896,1,100.0,23900.0
2024-12-05 16:00:00,0,0.8034757842292466,1,-100.0,23800.0
2024-12-10 00:00:00,1,0.9322630290082254,1,100.0,23900.0
2024-12-10 01:00:00,1,0.7952363090660065,1,100.0,24000.0
2024-12-10 02:00:00,1,0.8086201863195734,1,100.0,24100.0
2024-12-10 14:00:00,1,0.7231223190046461,1,100.0,24200.0
2024-12-11 01:00:00,0,0.8725929050696389,1,-100.0,24100.0
2024-12-11 05:00:00,1,0.8963293982585036,1,100.0,24200.0
2024-12-11 21:00:00,1,0.7991459999728259,1,100.0,24300.0
2024-12-12 09:00:00,0,0.7622177846637632,1,-100.0,24200.0
2024-12-12 11:00:00,0,0.8653856083844288,1,-100.0,24100.0
2024-12-12 13:00:00,0,0.7805925410803581,1,-100.0,24000.0
2024-12-17 00:00:00,1,0.821757104056942,1,100.0,24100.0
2024-12-17 05:00:00,0,0.8156782127701518,1,-100.0,24000.0
2024-12-17 11:00:00,1,0.974687628251842,1,100.0,24100.0
2024-12-17 12:00:00,1,0.8422655516973283,1,100.0,24200.0
2024-12-20 17:00:00,1,0.7101328330440342,1,100.0,24300.0
2024-12-20 20:00:00,1,0.7812316486578053,1,100.0,24400.0
2024-12-20 21:00:00,1,0.7906649736851079,1,100.0,24500.0
2024-12-26 18:00:00,1,0.7632621747777173,1,100.0,24600.0
2025-01-02 09:00:00,1,0.8573084701096815,1,100.0,24700.0
2025-01-02 12:00:00,1,0.8744707124239423,1,100.0,24800.0
2025-01-02 13:00:00,1,0.9270082104518034,1,100.0,24900.0
2025-01-02 16:00:00,1,0.7089403502560201,1,100.0,25000.0
2025-01-07 21:00:00,1,0.8059576944248393,1,100.0,25100.0
2025-01-08 07:00:00,1,0.7120837364886466,1,100.0,25200.0
2025-01-08 19:00:00,1,0.9429305078437432,1,100.0,25300.0
2025-01-08 23:00:00,0,0.8352390251994704,1,-100.0,25200.0
2025-01-09 00:00:00,0,0.8375422330230952,1,-100.0,25100.0
2025-01-09 02:00:00,1,0.863681186110524,1,100.0,25200.0
2025-01-09 18:00:00,1,0.7101672794916334,1,100.0,25300.0
2025-01-10 07:00:00,1,0.7985465285804373,1,100.0,25400.0
2025-01-10 08:00:00,1,0.7297683983147611,1,100.0,25500.0
2025-01-10 21:00:00,1,0.91831901346506,1,100.0,25600.0
2025-01-12 23:00:00,1,0.8091055344741316,1,100.0,25700.0
2025-01-13 05:00:00,1,0.7582602165134793,1,100.0,25800.0
2025-01-13 16:00:00,1,0.7290086216753078,1,100.0,25900.0
2025-01-15 08:00:00,1,0.8977291557437074,1,100.0,26000.0
2025-01-15 10:00:00,0,0.896925968493973,1,-100.0,25900.0
2025-01-15 11:00:00,1,0.9023228939540509,1,100.0,26000.0
2025-01-15 16:00:00,1,0.9440827038036926,1,100.0,26100.0
2025-01-16 04:00:00,0,0.730796163633354,1,-100.0,26000.0
2025-01-16 11:00:00,1,0.7085968402383414,1,100.0,26100.0
2025-01-16 23:00:00,1,0.7563313555003075,1,100.0,26200.0
2025-01-17 00:00:00,0,0.8234929769441743,1,-100.0,26100.0
2025-01-17 07:00:00,1,0.7384547999151021,1,100.0,26200.0
2025-01-17 11:00:00,1,0.9392708793603264,1,100.0,26300.0
2025-01-21 08:00:00,0,0.7862407787809248,1,-100.0,26200.0
2025-01-21 10:00:00,1,0.7011676839232617,1,100.0,26300.0
2025-01-21 13:00:00,1,0.7703721883180353,1,100.0,26400.0
2025-01-21 21:00:00,0,0.7284319019969739,1,-100.0,26300.0
2025-01-22 09:00:00,1,0.7170519050418305,1,100.0,26400.0
2025-01-22 11:00:00,1,0.7213836716223377,1,100.0,26500.0
2025-01-22 12:00:00,1,0.7035966795198674,1,100.0,26600.0
2025-01-22 13:00:00,0,0.7815852677434347,1,-100.0,26500.0
2025-01-29 21:00:00,1,0.8038854477885369,1,100.0,26600.0
2025-01-31 11:00:00,1,0.8721446648724466,1,100.0,26700.0
2025-01-31 18:00:00,1,0.7942951576710315,1,100.0,26800.0
2025-01-31 19:00:00,0,0.793782495692737,1,-100.0,26700.0
2025-02-03 16:00:00,1,0.7871117045437078,1,100.0,26800.0
2025-02-03 17:00:00,0,0.7194071560867261,1,-100.0,26700.0
2025-02-04 02:00:00,1,0.7110079761279767,1,100.0,26800.0
2025-02-04 03:00:00,0,0.8263945447502101,1,-100.0,26700.0
2025-02-04 04:00:00,0,0.7743038374870419,1,-100.0,26600.0
2025-02-04 23:00:00,1,0.8403828256209767,1,100.0,26700.0
2025-02-05 00:00:00,1,0.7361854757786129,1,100.0,26800.0
2025-02-05 10:00:00,1,0.7455358382089171,1,100.0,26900.0
2025-02-05 14:00:00,0,0.9617086964611832,1,-100.0,26800.0
2025-02-05 19:00:00,1,0.8361624189692335,1,100.0,26900.0
2025-02-05 21:00:00,1,0.8552266921620816,1,100.0,27000.0
2025-02-06 00:00:00,1,0.7556833190231288,1,100.0,27100.0
2025-02-06 01:00:00,1,0.8558217328864931,1,100.0,27200.0
2025-02-06 02:00:00,1,0.7378385855997137,1,100.0,27300.0
2025-02-06 04:00:00,1,0.8422147711459927,1,100.0,27400.0
2025-02-06 05:00:00,1,0.8854470274154973,1,100.0,27500.0
2025-02-06 06:00:00,1,0.7174908613381943,1,100.0,27600.0
2025-02-07 16:00:00,1,0.8740479724067688,1,100.0,27700.0
2025-02-07 17:00:00,1,0.8353821656564183,1,100.0,27800.0
2025-02-07 19:00:00,1,0.7876460216285629,1,100.0,27900.0
2025-02-10 13:00:00,1,0.7737106751367816,1,100.0,28000.0
2025-02-10 20:00:00,1,0.7547703463172865,1,100.0,28100.0
2025-02-11 03:00:00,1,0.7411233931557384,1,100.0,28200.0
2025-02-11 18:00:00,0,0.7004915796668214,1,-100.0,28100.0
2025-02-11 23:00:00,0,0.8440221468550019,1,-100.0,28000.0
2025-02-12 00:00:00,1,0.8155653749636816,1,100.0,28100.0
2025-02-12 01:00:00,1,0.8868392641716323,1,100.0,28200.0
2025-02-12 02:00:00,0,0.8962444516465862,1,-100.0,28100.0
2025-02-12 07:00:00,1,0.7510885873515656,1,100.0,28200.0
2025-02-12 08:00:00,0,0.7684826232802593,1,-100.0,28100.0
2025-02-12 10:00:00,1,0.7440906727062738,1,100.0,28200.0
2025-02-12 23:00:00,1,0.8078225330088237,1,100.0,28300.0
2025-02-13 00:00:00,0,0.8114563676475547,1,-100.0,28200.0
2025-02-13 01:00:00,1,0.7865807630536932,1,100.0,28300.0
2025-02-13 03:00:00,1,0.8311468770734424,1,100.0,28400.0
2025-02-13 04:00:00,0,0.7340326135410095,1,-100.0,28300.0
2025-02-13 09:00:00,1,0.8808675547236137,1,100.0,28400.0
2025-02-13 13:00:00,1,0.8728096355961179,1,100.0,28500.0
2025-02-13 15:00:00,0,0.8294672898719722,1,-100.0,28400.0
2025-02-13 17:00:00,1,0.700602917576447,1,100.0,28500.0
2025-02-13 18:00:00,1,0.7049031851099978,1,100.0,28600.0
2025-02-13 21:00:00,1,0.7180023039098168,1,100.0,28700.0
2025-02-13 23:00:00,0,0.7256957068193993,1,-100.0,28600.0
2025-02-14 06:00:00,1,0.7256365070872285,1,100.0,28700.0
2025-02-14 12:00:00,0,0.7054504926060995,1,-100.0,28600.0
2025-02-14 15:00:00,0,0.875000446302028,1,-100.0,28500.0
2025-02-14 17:00:00,1,0.8525998968007068,1,100.0,28600.0
2025-02-19 03:00:00,0,0.8836401189803862,1,-100.0,28500.0
2025-02-19 04:00:00,1,0.7063766436379747,1,100.0,28600.0
2025-02-19 07:00:00,1,0.8988451173461143,1,100.0,28700.0
2025-02-19 08:00:00,1,0.894162435672859,1,100.0,28800.0
2025-02-19 09:00:00,0,0.8893262904761906,1,-100.0,28700.0
2025-02-19 15:00:00,1,0.8734479621413819,1,100.0,28800.0
2025-02-20 10:00:00,0,0.7286892936199674,1,-100.0,28700.0
2025-02-20 11:00:00,0,0.8084211275728342,1,-100.0,28600.0
2025-02-20 17:00:00,1,0.8998425977782611,1,100.0,28700.0
2025-02-20 18:00:00,0,0.7852035273097682,1,-100.0,28600.0
2025-02-20 19:00:00,0,0.7319200825059266,1,-100.0,28500.0
2025-02-20 20:00:00,1,0.7900297482392918,1,100.0,28600.0
2025-02-20 21:00:00,1,0.8568944266992179,1,100.0,28700.0
2025-02-21 01:00:00,1,0.8900710744789293,1,100.0,28800.0
2025-02-21 04:00:00,1,0.823212777729389,1,100.0,28900.0
2025-02-21 06:00:00,1,0.810844322719918,1,100.0,29000.0
2025-02-24 16:00:00,1,0.80416026044922,1,100.0,29100.0
2025-02-24 18:00:00,1,0.8148097405683769,1,100.0,29200.0
2025-02-24 21:00:00,0,0.7720139486412606,1,-100.0,29100.0
2025-02-25 01:00:00,0,0.887424505742223,1,-100.0,29000.0
2025-02-25 07:00:00,1,0.7872448957072838,1,100.0,29100.0
2025-02-25 12:00:00,0,0.7761441690121637,1,-100.0,29000.0
2025-03-04 01:00:00,1,0.7137094563444568,1,100.0,29100.0
2025-03-04 05:00:00,1,0.7323293921411759,1,100.0,29200.0
2025-03-04 11:00:00,1,0.8072251649570051,1,100.0,29300.0
2025-03-04 15:00:00,1,0.7173113783768593,1,100.0,29400.0
2025-03-04 18:00:00,1,0.7004915796668214,1,100.0,29500.0
2025-03-04 19:00:00,1,0.9003638054273534,1,100.0,29600.0
2025-03-04 23:00:00,1,0.8474344126269582,1,100.0,29700.0
2025-03-05 00:00:00,0,0.8624783229061886,1,-100.0,29600.0
2025-03-05 03:00:00,1,0.8401972677704668,1,100.0,29700.0
2025-03-05 11:00:00,1,0.7235340415071423,1,100.0,29800.0
2025-03-05 17:00:00,1,0.8126472771657128,1,100.0,29900.0
2025-03-05 21:00:00,0,0.9057847690075091,1,-100.0,29800.0
2025-03-05 23:00:00,1,0.8612024528380381,1,100.0,29900.0
2025-03-06 00:00:00,1,0.8233648349173223,1,100.0,30000.0
2025-03-06 01:00:00,1,0.9622244863249388,1,100.0,30100.0
2025-03-06 03:00:00,1,0.8641683934163789,1,100.0,30200.0
2025-03-06 07:00:00,1,0.9253480540313932,1,100.0,30300.0
2025-03-07 18:00:00,1,0.7532940122748087,1,100.0,30400.0
2025-03-07 19:00:00,1,0.7876460216285629,1,100.0,30500.0
2025-03-07 20:00:00,1,0.7139288442733687,1,100.0,30600.0
2025-03-09 22:00:00,1,0.8361076416766239,1,100.0,30700.0
2025-03-10 02:00:00,1,0.7096077041434141,1,100.0,30800.0
2025-03-10 03:00:00,1,0.7277758317529928,1,100.0,30900.0
2025-03-10 08:00:00,1,0.8003936651693686,1,100.0,31000.0
2025-03-11 17:00:00,1,0.7028481790679986,1,100.0,31100.0
2025-03-12 03:00:00,1,0.8045257624231772,1,100.0,31200.0
2025-03-12 06:00:00,1,0.8937314126891717,1,100.0,31300.0
2025-03-12 10:00:00,1,0.7741997123129502,1,100.0,31400.0
2025-03-12 11:00:00,1,0.7086137587052324,1,100.0,31500.0
2025-03-12 22:00:00,1,0.8035957458808214,1,100.0,31600.0
2025-03-13 12:00:00,1,0.7139910013742643,1,100.0,31700.0
2025-03-13 15:00:00,1,0.7809480032717655,1,100.0,31800.0
2025-03-13 16:00:00,1,0.812831049013107,1,100.0,31900.0
2025-03-13 17:00:00,1,0.8366090180258785,1,100.0,32000.0
2025-03-14 03:00:00,0,0.7734394321857778,1,-100.0,31900.0
2025-03-14 05:00:00,1,0.821661957861279,1,100.0,32000.0
2025-03-14 13:00:00,1,0.8501568028275337,1,100.0,32100.0
2025-03-14 14:00:00,1,0.8602508800843279,1,100.0,32200.0
2025-03-18 01:00:00,1,0.8145497191612034,1,100.0,32300.0
2025-03-18 16:00:00,1,0.7545075487414133,1,100.0,32400.0
2025-03-18 22:00:00,0,0.7528601095084786,1,-100.0,32300.0
2025-03-19 06:00:00,0,0.808054919358729,1,-100.0,32200.0
2025-03-19 08:00:00,1,0.9000159776545446,1,100.0,32300.0
2025-03-20 05:00:00,1,0.9522482329661082,1,100.0,32400.0
2025-03-20 07:00:00,1,0.7981311849115292,1,100.0,32500.0
2025-03-20 08:00:00,0,0.7579669243388379,1,-100.0,32400.0
2025-03-20 13:00:00,1,0.7795519663314658,1,100.0,32500.0
2025-03-20 15:00:00,1,0.8054337483317783,1,100.0,32600.0
2025-03-20 16:00:00,1,0.7989485697258576,1,100.0,32700.0
2025-03-20 17:00:00,1,0.942988313477486,1,100.0,32800.0
2025-03-20 22:00:00,0,0.703165076294382,1,-100.0,32700.0
2025-03-20 23:00:00,0,0.7828514809860527,1,-100.0,32600.0
2025-03-24 15:00:00,0,0.7203630050058489,1,-100.0,32500.0
2025-03-25 16:00:00,1,0.8035095556780478,1,100.0,32600.0
2025-03-26 02:00:00,1,0.7627292700833518,1,100.0,32700.0
2025-03-26 12:00:00,0,0.9306799490969152,1,-100.0,32600.0
2025-03-26 13:00:00,1,0.8773214464428126,1,100.0,32700.0
2025-03-27 17:00:00,1,0.7806576072507181,1,100.0,32800.0
2025-03-27 18:00:00,1,0.7067473753246499,1,100.0,32900.0
2025-03-27 20:00:00,0,0.7633993160535955,1,-100.0,32800.0
2025-03-27 22:00:00,1,0.9301229665702904,1,100.0,32900.0
2025-03-27 23:00:00,1,0.7976546207605503,1,100.0,33000.0
2025-03-28 00:00:00,1,0.7914048710540499,1,100.0,33100.0
2025-03-28 01:00:00,1,0.9032224973346245,1,100.0,33200.0
2025-03-28 02:00:00,1,0.9235059190157588,1,100.0,33300.0
2025-03-28 04:00:00,1,0.7048572876647108,1,100.0,33400.0
2025-03-28 09:00:00,1,0.7898816964173014,1,100.0,33500.0
2025-03-28 10:00:00,1,0.8121870226789185,1,100.0,33600.0
2025-03-28 12:00:00,1,0.8411919439148771,1,100.0,33700.0
2025-03-28 13:00:00,0,0.7973083211541019,1,-100.0,33600.0
2025-03-28 20:00:00,1,0.705060371453031,1,100.0,33700.0
2025-03-30 22:00:00,1,0.924764329001704,1,100.0,33800.0
2025-03-31 23:00:00,1,0.8173946587429458,1,100.0,33900.0
2025-04-01 01:00:00,1,0.8135761648756715,1,100.0,34000.0
2025-04-01 02:00:00,1,0.752712861455328,1,100.0,34100.0
2025-04-01 11:00:00,1,0.7954758882742302,1,100.0,34200.0
2025-04-01 12:00:00,1,0.950456339464459,1,100.0,34300.0
2025-04-01 13:00:00,1,0.7561087219593436,1,100.0,34400.0
2025-04-01 14:00:00,1,0.781011780549181,1,100.0,34500.0
2025-04-01 15:00:00,1,0.7555704991897394,1,100.0,34600.0
2025-04-03 01:00:00,1,0.8309662641119377,1,100.0,34700.0
2025-04-03 02:00:00,1,0.8437452261970748,1,100.0,34800.0
2025-04-03 04:00:00,0,0.7238830610525073,1,-100.0,34700.0
2025-04-10 08:00:00,1,0.7294028862120455,1,100.0,34800.0
2025-04-10 13:00:00,1,0.7764711725323151,1,100.0,34900.0
2025-04-10 16:00:00,1,0.7196038519328837,1,100.0,35000.0
2025-04-10 23:00:00,1,0.7155358108505185,1,100.0,35100.0
2025-04-11 01:00:00,1,0.7958457182931781,1,100.0,35200.0
2025-04-11 06:00:00,1,0.7202121677878158,1,100.0,35300.0
2025-04-16 10:00:00,1,0.7060946913894605,1,100.0,35400.0
2025-04-16 14:00:00,1,0.7539020756452273,1,100.0,35500.0
2025-04-16 20:00:00,1,0.7997765725446129,1,100.0,35600.0
2025-04-22 10:00:00,1,0.7163062144539066,1,100.0,35700.0
2025-04-22 15:00:00,0,0.7614087294779239,1,-100.0,35600.0
2025-04-25 02:00:00,0,0.8366309292113983,1,-100.0,35500.0
2025-04-25 04:00:00,0,0.7261053004696387,1,-100.0,35400.0
2025-04-28 23:00:00,0,0.7282455366095663,1,-100.0,35300.0
2025-04-29 22:00:00,0,0.8258590735081486,1,-100.0,35200.0
2025-04-29 23:00:00,1,0.8023878483956028,1,100.0,35300.0
2025-04-30 01:00:00,1,0.8017038676558828,1,100.0,35400.0
2025-04-30 03:00:00,1,0.7894480480714497,1,100.0,35500.0
2025-04-30 04:00:00,1,0.9271928614913624,1,100.0,35600.0
2025-04-30 05:00:00,1,0.8030226503932547,1,100.0,35700.0
2025-04-30 23:00:00,0,0.7972081731272747,1,-100.0,35600.0
2025-05-05 14:00:00,1,0.7347743536660079,1,100.0,35700.0
2025-05-05 17:00:00,1,0.7989831012249895,1,100.0,35800.0
2025-05-06 00:00:00,1,0.773493469921103,1,100.0,35900.0
2025-05-06 03:00:00,1,0.7152123936059992,1,100.0,36000.0
2025-05-07 00:00:00,1,0.8392143655372427,1,100.0,36100.0
2025-05-07 01:00:00,1,0.7950009668884188,1,100.0,36200.0
2025-05-07 17:00:00,1,0.7909224559090476,1,100.0,36300.0
2025-05-08 05:00:00,0,0.7177216099315791,1,-100.0,36200.0
2025-05-14 01:00:00,0,0.7897198097129294,1,-100.0,36100.0
2025-05-15 23:00:00,1,0.730363908468124,1,100.0,36200.0
2025-05-16 01:00:00,0,0.7405235122593257,1,-100.0,36100.0
2025-05-16 06:00:00,0,0.769678787685074,1,-100.0,36000.0
2025-05-16 10:00:00,1,0.7163923047288774,1,100.0,36100.0
2025-05-16 12:00:00,1,0.9334491330715592,1,100.0,36200.0
2025-05-16 14:00:00,1,0.7030205685892925,1,100.0,36300.0
2025-05-16 15:00:00,1,0.89052145903787,1,100.0,36400.0
2025-05-19 15:00:00,1,0.7101906748298468,1,100.0,36500.0
2025-05-20 01:00:00,1,0.8429199670087865,1,100.0,36600.0
2025-05-20 02:00:00,1,0.7815165328321655,1,100.0,36700.0
2025-05-21 11:00:00,1,0.7018061086547012,1,100.0,36800.0
2025-05-22 00:00:00,1,0.7080362129171148,1,100.0,36900.0
2025-05-22 05:00:00,0,0.8515405787714975,1,-100.0,36800.0
2025-05-22 07:00:00,1,0.7774429072394498,1,100.0,36900.0
2025-05-22 08:00:00,0,0.8632221946532467,1,-100.0,36800.0
2025-05-22 11:00:00,1,0.7306292435300226,1,100.0,36900.0
2025-05-26 01:00:00,1,0.7319205645832653,1,100.0,37000.0
2025-05-26 02:00:00,1,0.755065677457089,1,100.0,37100.0
2025-05-26 03:00:00,1,0.7111338892462997,1,100.0,37200.0
2025-05-26 05:00:00,0,0.7159545515996554,1,-100.0,37100.0
2025-05-28 10:00:00,1,0.7180208297876403,1,100.0,37200.0
2025-05-28 12:00:00,1,0.7543673225670278,1,100.0,37300.0
2025-05-28 17:00:00,0,0.9362452718958828,1,-100.0,37200.0
2025-05-28 22:00:00,0,0.8219094136399409,1,-100.0,37100.0
2025-05-29 22:00:00,1,0.9065744722247012,1,100.0,37200.0
2025-05-30 08:00:00,0,0.7290141300623438,1,-100.0,37100.0
2025-05-30 18:00:00,1,0.8640927859623252,1,100.0,37200.0
2025-06-02 05:00:00,1,0.7357913421434236,1,100.0,37300.0
2025-06-02 13:00:00,1,0.7941465702524907,1,100.0,37400.0
2025-06-03 06:00:00,1,0.7000390334215881,1,100.0,37500.0
2025-06-03 11:00:00,1,0.9023957467343598,1,100.0,37600.0
2025-06-03 12:00:00,0,0.8427691747164171,1,-100.0,37500.0
2025-06-04 22:00:00,1,0.8811307415488056,1,100.0,37600.0
2025-06-04 23:00:00,0,0.967533468512692,1,-100.0,37500.0
2025-06-05 03:00:00,1,0.9181349223857388,1,100.0,37600.0
2025-06-05 04:00:00,1,0.8727783938446002,1,100.0,37700.0
2025-06-05 06:00:00,1,0.8005882244204044,1,100.0,37800.0
2025-06-05 09:00:00,1,0.772853584780664,1,100.0,37900.0
2025-06-05 10:00:00,0,0.9060154561990812,1,-100.0,37800.0
2025-06-09 20:00:00,1,0.7397924679586443,1,100.0,37900.0
2025-06-10 00:00:00,1,0.8252751982717288,1,100.0,38000.0
2025-06-10 01:00:00,1,0.7214256436827935,1,100.0,38100.0
2025-06-10 14:00:00,1,0.7447552596815177,1,100.0,38200.0
2025-06-11 02:00:00,1,0.7122790469120448,1,100.0,38300.0
2025-06-12 14:00:00,1,0.7679517726391968,1,100.0,38400.0
2025-06-12 18:00:00,1,0.87367804141431,1,100.0,38500.0
2025-06-12 20:00:00,1,0.7010661917569235,1,100.0,38600.0
2025-06-13 04:00:00,1,0.7824141672836404,1,100.0,38700.0
2025-06-13 06:00:00,1,0.7490741222710056,1,100.0,38800.0
2025-06-16 02:00:00,0,0.7790895860429773,1,-100.0,38700.0
2025-06-16 12:00:00,0,0.7412144583760496,1,-100.0,38600.0
2025-06-18 05:00:00,0,0.8120819624525712,1,-100.0,38500.0
2025-06-18 11:00:00,1,0.7691400096711051,1,100.0,38600.0
2025-06-18 18:00:00,0,0.8137960973583276,1,-100.0,38500.0
2025-06-20 17:00:00,1,0.7705816050513996,1,100.0,38600.0
2025-06-20 19:00:00,1,0.7964488080662174,1,100.0,38700.0
2025-06-20 20:00:00,0,0.7118793111531301,1,-100.0,38600.0
2025-06-23 03:00:00,1,0.7156288728192023,1,100.0,38700.0
2025-06-23 12:00:00,1,0.716502061149011,1,100.0,38800.0
2025-06-24 00:00:00,1,0.8261965776619,1,100.0,38900.0
2025-06-26 11:00:00,1,0.7236351349290292,1,100.0,39000.0
2025-06-26 12:00:00,1,0.7115154695634225,1,100.0,39100.0
2025-07-01 05:00:00,1,0.7065079026841276,1,100.0,39200.0
2025-07-02 05:00:00,0,0.7248987980851254,1,-100.0,39100.0
2025-07-02 08:00:00,1,0.7575461128264818,1,100.0,39200.0
2025-07-02 09:00:00,1,0.7401675897343536,1,100.0,39300.0
2025-07-02 23:00:00,0,0.9154739804471052,1,-100.0,39200.0
2025-07-03 01:00:00,0,0.7913613150313629,1,-100.0,39100.0
2025-07-08 00:00:00,1,0.7465427186943918,1,100.0,39200.0
2025-07-08 09:00:00,1,0.7420519560961729,1,100.0,39300.0
2025-07-08 11:00:00,0,0.7021446857741276,1,-100.0,39200.0
2025-07-13 22:00:00,1,0.8529682887494555,1,100.0,39300.0
2025-07-14 00:00:00,1,0.7970319551729338,1,100.0,39400.0
2025-07-14 12:00:00,0,0.7799950695102761,1,-100.0,39300.0
2025-07-16 22:00:00,0,0.8021322043941288,1,-100.0,39200.0
2025-07-17 05:00:00,0,0.8415830310973827,1,-100.0,39100.0
2025-07-17 09:00:00,1,0.8008327169456255,1,100.0,39200.0
