Close,score,num_confs,pattern_code,bias_bull,hour,dow,Datetime,prob_win,rl_action
2032.813,0,0,-1,1,0,2,2023-12-13 00:00:00+00:00,0.5269064138477185,BUY
2035.552,2,2,2,1,0,3,2023-12-14 00:00:00+00:00,0.5132890149856748,BUY
2019.491,2,2,0,1,0,4,2023-12-15 00:00:00+00:00,0.5010803150293732,BUY
2017.415,0,0,-1,1,0,6,2023-12-17 00:00:00+00:00,0.5480364655315819,BUY
2027.604,2,2,1,1,0,0,2023-12-18 00:00:00+00:00,0.5115296172812616,BUY
2040.932,1,1,-1,1,0,1,2023-12-19 00:00:00+00:00,0.5044734005514068,BUY
2032.128,1,1,-1,1,0,2,2023-12-20 00:00:00+00:00,0.5389030943691161,BUY
2052.778,1,1,1,1,0,3,2023-12-21 00:00:00+00:00,0.5032586074996527,BUY
2053.095,3,3,2,1,0,4,2023-12-22 00:00:00+00:00,0.5146129603127008,BUY
2054.497,0,0,-1,1,0,0,2023-12-25 00:00:00+00:00,0.5086048898755725,BUY
2065.502,1,1,1,1,0,1,2023-12-26 00:00:00+00:00,0.5040906073908252,BUY
2079.169,0,0,-1,1,0,2,2023-12-27 00:00:00+00:00,0.5061694732881994,BUY
2066.564,3,3,-1,1,0,3,2023-12-28 00:00:00+00:00,0.4984853545781956,HOLD
2062.838,3,3,3,1,0,4,2023-12-29 00:00:00+00:00,0.5143622530011719,BUY
2063.543,1,1,-1,1,0,0,2024-01-01 00:00:00+00:00,0.5053988032662114,BUY
2059.476,2,2,3,1,0,1,2024-01-02 00:00:00+00:00,0.5162327170783056,BUY
2042.666,2,2,-1,0,0,2,2024-01-03 00:00:00+00:00,0.5149450695145428,BUY
2043.865,2,2,2,0,0,3,2024-01-04 00:00:00+00:00,0.5184652357528707,BUY
2045.479,4,4,2,0,0,4,2024-01-05 00:00:00+00:00,0.4910657733171512,HOLD
2044.208,2,2,3,0,0,6,2024-01-07 00:00:00+00:00,0.5581774081811497,BUY
2030.439,2,2,-1,0,0,0,2024-01-08 00:00:00+00:00,0.5217785397243734,BUY
2030.401,1,1,3,0,0,1,2024-01-09 00:00:00+00:00,0.5372693408201448,BUY
2026.358,1,1,3,0,0,2,2024-01-10 00:00:00+00:00,0.545617528261751,BUY
2034.954,4,4,1,0,0,3,2024-01-11 00:00:00+00:00,0.4998963926228844,HOLD
2049.032,2,2,-1,1,0,4,2024-01-12 00:00:00+00:00,0.5113181574575715,BUY
2047.612,1,1,-1,1,0,6,2024-01-14 00:00:00+00:00,0.4987168138778475,HOLD
2053.841,2,2,1,1,0,0,2024-01-15 00:00:00+00:00,0.5051673058435278,BUY
2027.826,2,2,0,1,0,1,2024-01-16 00:00:00+00:00,0.5074535790288535,BUY
2009.243,2,2,-1,0,0,2,2024-01-17 00:00:00+00:00,0.5060512077730321,BUY
2023.423,1,1,-1,0,0,3,2024-01-18 00:00:00+00:00,0.4893846818349093,HOLD
2029.452,2,2,-1,0,0,4,2024-01-19 00:00:00+00:00,0.563979389352042,BUY
2027.504,1,1,-1,0,0,6,2024-01-21 00:00:00+00:00,0.5817493916553779,BUY
2020.552,2,2,-1,0,0,0,2024-01-22 00:00:00+00:00,0.4984323088261119,HOLD
2029.137,3,3,1,0,0,1,2024-01-23 00:00:00+00:00,0.5074736526816601,BUY
2016.101,1,1,0,0,0,2,2024-01-24 00:00:00+00:00,0.4938348745625799,HOLD
2020.248,3,3,-1,0,0,3,2024-01-25 00:00:00+00:00,0.4931330610597204,HOLD
2018.469,2,2,3,0,0,4,2024-01-26 00:00:00+00:00,0.5212626053667714,BUY
2021.831,2,2,3,0,0,6,2024-01-28 00:00:00+00:00,0.556430709007726,BUY
2030.73,2,2,1,0,0,0,2024-01-29 00:00:00+00:00,0.5138049495897642,BUY
2036.231,0,0,-1,0,0,1,2024-01-30 00:00:00+00:00,0.5169739763272032,BUY
2039.784,0,0,-1,0,0,2,2024-01-31 00:00:00+00:00,0.5175435488107916,BUY
2054.627,2,2,-1,1,0,3,2024-02-01 00:00:00+00:00,0.5026442844523024,BUY
2039.607,3,3,0,1,0,4,2024-02-02 00:00:00+00:00,0.4959491787720018,HOLD
2039.716,1,1,-1,1,0,6,2024-02-04 00:00:00+00:00,0.5427392602612917,BUY
2024.859,2,2,-1,0,0,0,2024-02-05 00:00:00+00:00,0.5239201455125299,BUY
2035.069,1,1,-1,0,0,1,2024-02-06 00:00:00+00:00,0.514897699309856,BUY
2036.227,3,3,2,0,0,2,2024-02-07 00:00:00+00:00,0.5494251225495059,BUY
2034.123,3,3,0,0,0,3,2024-02-08 00:00:00+00:00,0.5059344469598357,BUY
2024.24,0,0,-1,0,0,4,2024-02-09 00:00:00+00:00,0.497264261544337,HOLD
2025.266,1,1,-1,0,0,6,2024-02-11 00:00:00+00:00,0.5770995989990183,BUY
2018.65,0,0,-1,0,0,0,2024-02-12 00:00:00+00:00,0.4984889293732336,HOLD
1991.193,1,1,-1,0,0,1,2024-02-13 00:00:00+00:00,0.5110693287310623,BUY
1993.452,4,4,2,0,0,2,2024-02-14 00:00:00+00:00,0.5085563750071211,BUY
2003.157,2,2,-1,0,0,3,2024-02-15 00:00:00+00:00,0.5069284830248014,BUY
2013.269,1,1,-1,0,0,4,2024-02-16 00:00:00+00:00,0.5099432495444052,BUY
2010.603,2,2,3,0,0,6,2024-02-18 00:00:00+00:00,0.5517331887521264,BUY
2016.203,1,1,1,0,0,0,2024-02-19 00:00:00+00:00,0.4923837700276376,HOLD
2024.128,0,0,-1,0,0,1,2024-02-20 00:00:00+00:00,0.5850839599218531,BUY
2025.568,1,1,2,0,0,2,2024-02-21 00:00:00+00:00,0.5451547509891622,BUY
2024.677,2,2,3,0,0,3,2024-02-22 00:00:00+00:00,0.4993500086910953,HOLD
2035.524,3,3,1,1,0,4,2024-02-23 00:00:00+00:00,0.4959491787720018,HOLD
2034.224,1,1,-1,1,0,6,2024-02-25 00:00:00+00:00,0.5427392602612917,BUY
2031.073,3,3,0,1,0,0,2024-02-26 00:00:00+00:00,0.5087684085563168,BUY
2030.09,3,3,3,1,0,1,2024-02-27 00:00:00+00:00,0.581093364778254,BUY
2034.303,4,4,1,0,0,2,2024-02-28 00:00:00+00:00,0.5050537127584975,BUY
2043.981,0,0,-1,0,0,3,2024-02-29 00:00:00+00:00,0.5120881841985196,BUY
2083.315,2,2,-1,1,0,4,2024-03-01 00:00:00+00:00,0.5061321752697807,BUY
2083.44,0,0,-1,1,0,6,2024-03-03 00:00:00+00:00,0.5140748712931821,BUY
2114.48,1,1,-1,1,0,0,2024-03-04 00:00:00+00:00,0.5053988032662114,BUY
2128.162,0,0,-1,1,0,1,2024-03-05 00:00:00+00:00,0.5069141630928079,BUY
2147.192,0,0,-1,1,0,2,2024-03-06 00:00:00+00:00,0.5061694732881994,BUY
2161.467,0,0,-1,1,0,3,2024-03-07 00:00:00+00:00,0.5056994907020722,BUY
2178.502,2,2,-1,1,0,4,2024-03-08 00:00:00+00:00,0.5061321752697807,BUY
2181.567,0,0,-1,1,0,6,2024-03-10 00:00:00+00:00,0.5140748712931821,BUY
2183.552,2,2,2,1,0,0,2024-03-11 00:00:00+00:00,0.5173740788714137,BUY
2156.915,3,3,0,1,0,1,2024-03-12 00:00:00+00:00,0.4964321131676421,HOLD
2175.361,1,1,-1,1,0,2,2024-03-13 00:00:00+00:00,0.5033458312760538,BUY
2161.62,2,2,-1,1,0,3,2024-03-14 00:00:00+00:00,0.4974567225891281,HOLD
2155.697,0,0,-1,1,0,4,2024-03-15 00:00:00+00:00,0.5111659185260973,BUY
2156.516,1,1,-1,1,0,6,2024-03-17 00:00:00+00:00,0.4987168138778475,HOLD
2161.65,4,4,2,0,0,0,2024-03-18 00:00:00+00:00,0.5034692899865482,BUY
2157.009,1,1,-1,0,0,1,2024-03-19 00:00:00+00:00,0.5148909676102857,BUY
2203.501,2,2,1,0,0,2,2024-03-20 00:00:00+00:00,0.5031919462633333,BUY
2181.491,3,3,-1,1,0,3,2024-03-21 00:00:00+00:00,0.4936808992205457,HOLD
2165.338,2,2,-1,1,0,4,2024-03-22 00:00:00+00:00,0.5061321752697807,BUY
2168.337,1,1,-1,1,0,6,2024-03-24 00:00:00+00:00,0.4987168138778475,HOLD
2172.878,2,2,-1,1,0,0,2024-03-25 00:00:00+00:00,0.4999798813679842,HOLD
2179.466,2,2,-1,1,0,1,2024-03-26 00:00:00+00:00,0.4986715700594502,HOLD
2190.969,0,0,-1,1,0,2,2024-03-27 00:00:00+00:00,0.5061694732881994,BUY
2232.587,0,0,-1,1,0,3,2024-03-28 00:00:00+00:00,0.5056994907020722,BUY
2244.928,0,0,-1,1,0,6,2024-03-31 00:00:00+00:00,0.5259940818620458,BUY
2248.935,2,2,2,1,0,0,2024-04-01 00:00:00+00:00,0.5173740788714137,BUY
2280.206,0,0,-1,1,0,1,2024-04-02 00:00:00+00:00,0.5069141630928079,BUY
2297.448,1,1,-1,1,0,2,2024-04-03 00:00:00+00:00,0.5025791352039979,BUY
2288.891,1,1,-1,1,0,3,2024-04-04 00:00:00+00:00,0.5021090967324459,BUY
2329.355,3,3,1,1,0,4,2024-04-05 00:00:00+00:00,0.4955572942508401,HOLD
2311.647,1,1,-1,1,0,6,2024-04-07 00:00:00+00:00,0.5106541459784134,BUY
2338.788,2,2,1,1,0,0,2024-04-08 00:00:00+00:00,0.5031806821081142,BUY
2354.776,2,2,-1,1,0,1,2024-04-09 00:00:00+00:00,0.5028901785083869,BUY
2335.429,3,3,0,1,0,2,2024-04-10 00:00:00+00:00,0.4988880806446942,HOLD
2377.0,1,1,1,1,0,3,2024-04-11 00:00:00+00:00,0.4994039244276811,HOLD
2344.382,3,3,-1,1,0,4,2024-04-12 00:00:00+00:00,0.492089885289255,HOLD
2364.486,1,1,-1,1,0,6,2024-04-14 00:00:00+00:00,0.5065053936709862,BUY
2381.833,2,2,2,1,0,0,2024-04-15 00:00:00+00:00,0.5168223397879869,BUY
2382.843,2,2,2,1,0,1,2024-04-16 00:00:00+00:00,0.5155153942441305,BUY
2367.839,3,3,0,1,0,2,2024-04-17 00:00:00+00:00,0.4959207464151536,HOLD
2380.003,1,1,-1,1,0,3,2024-04-18 00:00:00+00:00,0.4994039244276811,HOLD
2390.677,2,2,-1,1,0,4,2024-04-19 00:00:00+00:00,0.5078549404258619,BUY
2386.483,1,1,-1,1,0,6,2024-04-21 00:00:00+00:00,0.5007913395913253,BUY
2333.738,1,1,0,1,0,0,2024-04-22 00:00:00+00:00,0.5057870941590438,BUY
2323.21,2,2,-1,0,0,1,2024-04-23 00:00:00+00:00,0.5100542033823736,BUY
2316.219,1,1,3,0,0,2,2024-04-24 00:00:00+00:00,0.5455657461567474,BUY
2330.621,3,3,1,0,0,3,2024-04-25 00:00:00+00:00,0.5100714398852407,BUY
2337.792,2,2,-1,0,0,4,2024-04-26 00:00:00+00:00,0.5275343633496029,BUY
2335.985,1,1,-1,0,0,6,2024-04-28 00:00:00+00:00,0.5251941589146661,BUY
2333.173,3,3,3,0,0,0,2024-04-29 00:00:00+00:00,0.5269800039451976,BUY
2291.244,0,0,-1,0,0,1,2024-04-30 00:00:00+00:00,0.5068252608028894,BUY
2323.809,3,3,-1,0,0,2,2024-05-01 00:00:00+00:00,0.5023597580680206,BUY
2304.247,2,2,-1,0,0,3,2024-05-02 00:00:00+00:00,0.5088742478031446,BUY
2301.627,5,5,3,0,0,4,2024-05-03 00:00:00+00:00,0.5429694075456404,BUY
2293.968,1,1,-1,0,0,6,2024-05-05 00:00:00+00:00,0.515349028308984,BUY
2325.943,2,2,1,0,0,0,2024-05-06 00:00:00+00:00,0.5052489286200282,BUY
2315.118,1,1,-1,0,0,1,2024-05-07 00:00:00+00:00,0.5104383815141272,BUY
2308.74,2,2,-1,0,0,2,2024-05-08 00:00:00+00:00,0.5057466701345991,BUY
2346.516,1,1,1,0,0,3,2024-05-09 00:00:00+00:00,0.5120097113989868,BUY
2360.449,2,2,-1,1,0,4,2024-05-10 00:00:00+00:00,0.5080680882849012,BUY
2360.41,1,1,-1,1,0,6,2024-05-12 00:00:00+00:00,0.5065053936709862,BUY
2338.408,2,2,-1,1,0,0,2024-05-13 00:00:00+00:00,0.5031806821081142,BUY
2355.772,1,1,-1,1,0,1,2024-05-14 00:00:00+00:00,0.500618790108383,BUY
2391.769,0,0,-1,1,0,2,2024-05-15 00:00:00+00:00,0.4997426980948491,HOLD
2377.726,1,1,-1,1,0,3,2024-05-16 00:00:00+00:00,0.4994039244276811,HOLD
2413.933,1,1,1,1,0,4,2024-05-17 00:00:00+00:00,0.4892087270897472,HOLD
2420.194,0,0,-1,1,0,6,2024-05-19 00:00:00+00:00,0.519984968383992,BUY
2426.133,3,3,2,1,0,0,2024-05-20 00:00:00+00:00,0.5122660006486037,BUY
2421.654,1,1,-1,1,0,1,2024-05-21 00:00:00+00:00,0.4919201087587128,HOLD
2382.124,1,1,-1,1,0,2,2024-05-22 00:00:00+00:00,0.4998739729855833,HOLD
2332.012,0,0,-1,1,0,3,2024-05-23 00:00:00+00:00,0.5058884950967758,BUY
2333.781,4,4,2,0,0,4,2024-05-24 00:00:00+00:00,0.4992346696584635,HOLD
2337.175,2,2,2,0,0,6,2024-05-26 00:00:00+00:00,0.5611752868005753,BUY
2352.372,1,1,-1,0,0,0,2024-05-27 00:00:00+00:00,0.4810018299346811,HOLD
2359.685,2,2,-1,0,0,1,2024-05-28 00:00:00+00:00,0.5240298774233639,BUY
2338.364,2,2,0,0,0,2,2024-05-29 00:00:00+00:00,0.5061882711065973,BUY
2343.907,2,2,2,0,0,3,2024-05-30 00:00:00+00:00,0.5241069087804368,BUY
2327.191,3,3,0,0,0,4,2024-05-31 00:00:00+00:00,0.5050521434288459,BUY
2325.937,0,0,-1,0,0,6,2024-06-02 00:00:00+00:00,0.5304552100003121,BUY
2350.629,4,4,1,0,0,0,2024-06-03 00:00:00+00:00,0.4688790692126636,HOLD
2328.786,1,1,-1,0,0,1,2024-06-04 00:00:00+00:00,0.5091985326193896,BUY
2355.012,1,1,1,0,0,2,2024-06-05 00:00:00+00:00,0.5051814654323494,BUY
2376.73,0,0,-1,0,0,3,2024-06-06 00:00:00+00:00,0.5341521316041021,BUY
2293.799,3,3,0,0,0,4,2024-06-07 00:00:00+00:00,0.5050521434288459,BUY
2298.478,2,2,-1,0,0,6,2024-06-09 00:00:00+00:00,0.5330496560352679,BUY
2309.931,2,2,-1,0,0,0,2024-06-10 00:00:00+00:00,0.5077994223815633,BUY
2315.071,2,2,2,0,0,1,2024-06-11 00:00:00+00:00,0.5276630377149288,BUY
2320.549,2,2,-1,0,0,2,2024-06-12 00:00:00+00:00,0.5045991601976406,BUY
2302.335,4,4,0,0,0,3,2024-06-13 00:00:00+00:00,0.5018937310054411,BUY
2332.824,2,2,1,0,0,4,2024-06-14 00:00:00+00:00,0.5273131640707631,BUY
2328.874,1,1,-1,0,0,6,2024-06-16 00:00:00+00:00,0.5251941589146661,BUY
2320.645,1,1,-1,0,0,0,2024-06-17 00:00:00+00:00,0.5117460513154896,BUY
2328.255,2,2,-1,0,0,1,2024-06-18 00:00:00+00:00,0.5088143177896406,BUY
2329.342,2,2,2,0,0,2,2024-06-19 00:00:00+00:00,0.5493547748133866,BUY
2360.747,0,0,-1,0,0,3,2024-06-20 00:00:00+00:00,0.5341521316041021,BUY
2321.503,4,4,0,1,0,4,2024-06-21 00:00:00+00:00,0.4947531756762263,HOLD
2319.187,0,0,-1,1,0,6,2024-06-23 00:00:00+00:00,0.5259940818620458,BUY
2330.877,2,2,1,1,0,0,2024-06-24 00:00:00+00:00,0.5031806821081142,BUY
2320.027,2,2,-1,1,0,1,2024-06-25 00:00:00+00:00,0.505809880241031,BUY
2298.401,3,3,-1,0,0,2,2024-06-26 00:00:00+00:00,0.5014394279600306,BUY
2327.72,2,2,1,0,0,3,2024-06-27 00:00:00+00:00,0.5062811879008533,BUY
2326.638,4,4,3,1,0,4,2024-06-28 00:00:00+00:00,0.5080156493411162,BUY
2324.933,1,1,-1,1,0,6,2024-06-30 00:00:00+00:00,0.5106541459784134,BUY
2332.222,1,1,-1,1,0,0,2024-07-01 00:00:00+00:00,0.5057870941590438,BUY
2330.18,2,2,3,1,0,1,2024-07-02 00:00:00+00:00,0.5146303027052338,BUY
2358.699,3,3,1,1,0,2,2024-07-03 00:00:00+00:00,0.4959207464151536,HOLD
2356.721,1,1,-1,1,0,3,2024-07-04 00:00:00+00:00,0.4994039244276811,HOLD
2391.557,3,3,1,1,0,4,2024-07-05 00:00:00+00:00,0.4940837137374055,HOLD
2386.117,1,1,-1,1,0,6,2024-07-07 00:00:00+00:00,0.5007913395913253,BUY
2361.711,2,2,-1,1,0,0,2024-07-08 00:00:00+00:00,0.5041984264555246,BUY
2364.966,3,3,2,1,0,1,2024-07-09 00:00:00+00:00,0.5092945689260913,BUY
2372.852,1,1,-1,1,0,2,2024-07-10 00:00:00+00:00,0.4998739729855833,HOLD
2415.854,2,2,-1,1,0,3,2024-07-11 00:00:00+00:00,0.5007857227657069,BUY
2411.399,1,1,-1,1,0,4,2024-07-12 00:00:00+00:00,0.4795880698652827,HOLD
2408.657,1,1,-1,1,0,6,2024-07-14 00:00:00+00:00,0.4949742176833216,HOLD
2422.496,2,2,1,1,0,0,2024-07-15 00:00:00+00:00,0.4973223992071909,HOLD
2468.278,0,0,-1,1,0,1,2024-07-16 00:00:00+00:00,0.5020575991041677,BUY
2461.296,4,4,3,1,0,2,2024-07-17 00:00:00+00:00,0.5054243264177029,BUY
2441.25,1,1,-1,1,0,3,2024-07-18 00:00:00+00:00,0.5009454251761258,BUY
2400.451,3,3,-1,0,0,4,2024-07-19 00:00:00+00:00,0.5331597027034221,BUY
2411.528,1,1,-1,0,0,6,2024-07-21 00:00:00+00:00,0.5138901927054365,BUY
2395.783,4,4,0,0,0,0,2024-07-22 00:00:00+00:00,0.5390145391088095,BUY
2408.513,1,1,-1,0,0,1,2024-07-23 00:00:00+00:00,0.5193770968896201,BUY
2398.669,5,5,3,1,0,2,2024-07-24 00:00:00+00:00,0.5284786836641225,BUY
2363.801,2,2,-1,0,0,3,2024-07-25 00:00:00+00:00,0.5349728468747778,BUY
2387.114,1,1,-1,0,0,4,2024-07-26 00:00:00+00:00,0.5129670135445803,BUY
2397.091,3,3,-1,0,0,6,2024-07-28 00:00:00+00:00,0.5459834435396405,BUY
2381.143,3,3,0,0,0,0,2024-07-29 00:00:00+00:00,0.527451458727737,BUY
2409.807,1,1,1,0,0,1,2024-07-30 00:00:00+00:00,0.5405565157145695,BUY
2445.743,0,0,-1,0,0,2,2024-07-31 00:00:00+00:00,0.5306228144861932,BUY
2445.844,1,1,2,0,0,3,2024-08-01 00:00:00+00:00,0.5513256355679621,BUY
2441.892,4,4,3,1,0,4,2024-08-02 00:00:00+00:00,0.4981762572050166,HOLD
2440.952,2,2,3,1,0,6,2024-08-04 00:00:00+00:00,0.5416046318750016,BUY
2404.837,3,3,-1,0,0,0,2024-08-05 00:00:00+00:00,0.5336863561066895,BUY
2383.787,0,0,-1,0,0,1,2024-08-06 00:00:00+00:00,0.5295627737912871,BUY
2384.791,3,3,2,0,0,2,2024-08-07 00:00:00+00:00,0.5525145376364843,BUY
2424.595,1,1,-1,0,0,3,2024-08-08 00:00:00+00:00,0.5158949597807316,BUY
2430.805,2,2,-1,0,0,4,2024-08-09 00:00:00+00:00,0.5369542196373901,BUY
2427.927,2,2,3,0,0,6,2024-08-11 00:00:00+00:00,0.5810729081381915,BUY
2475.536,2,2,1,0,0,0,2024-08-12 00:00:00+00:00,0.5191208414959042,BUY
2464.06,1,1,-1,0,0,1,2024-08-13 00:00:00+00:00,0.5310716576755052,BUY
2449.408,3,3,-1,1,0,2,2024-08-14 00:00:00+00:00,0.4975851826752849,HOLD
2457.298,3,3,2,1,0,3,2024-08-15 00:00:00+00:00,0.5073018210242838,BUY
2507.82,2,2,-1,1,0,4,2024-08-16 00:00:00+00:00,0.5086763974783454,BUY
2506.414,2,2,3,1,0,6,2024-08-18 00:00:00+00:00,0.5426712419619787,BUY
2503.544,3,3,-1,1,0,0,2024-08-19 00:00:00+00:00,0.5007125355071611,BUY
2512.964,3,3,1,1,0,1,2024-08-20 00:00:00+00:00,0.4973612531343611,HOLD
2512.783,2,2,3,1,0,2,2024-08-21 00:00:00+00:00,0.5215805923128285,BUY
2487.564,2,2,-1,0,0,3,2024-08-22 00:00:00+00:00,0.5295352660574357,BUY
2512.357,2,2,-1,0,0,4,2024-08-23 00:00:00+00:00,0.5404267590326847,BUY
2515.917,0,0,-1,0,0,6,2024-08-25 00:00:00+00:00,0.5524730586713275,BUY
2515.511,2,2,3,0,0,0,2024-08-26 00:00:00+00:00,0.5888950605280961,BUY
2525.269,3,3,1,1,0,1,2024-08-27 00:00:00+00:00,0.5049673514075865,BUY
2508.11,3,3,0,1,0,2,2024-08-28 00:00:00+00:00,0.4986148691866907,HOLD
2519.615,2,2,-1,1,0,3,2024-08-29 00:00:00+00:00,0.5003843310559873,BUY
2503.342,3,3,0,1,0,4,2024-08-30 00:00:00+00:00,0.4949498296077157,HOLD
2502.98,1,1,-1,1,0,6,2024-09-01 00:00:00+00:00,0.516746584742225,BUY
2497.242,3,3,0,1,0,0,2024-09-02 00:00:00+00:00,0.5007125355071611,BUY
2493.223,1,1,3,1,0,1,2024-09-03 00:00:00+00:00,0.5149179333508154,BUY
2495.829,5,5,2,0,0,2,2024-09-04 00:00:00+00:00,0.5412427718131184,BUY
2517.282,0,0,-1,0,0,3,2024-09-05 00:00:00+00:00,0.5342646067069764,BUY
2497.54,4,4,-1,1,0,4,2024-09-06 00:00:00+00:00,0.4773092509374457,HOLD
2496.869,3,3,3,1,0,6,2024-09-08 00:00:00+00:00,0.5290603428742823,BUY
2506.813,3,3,1,1,0,0,2024-09-09 00:00:00+00:00,0.5007125355071611,BUY
2518.678,0,0,-1,1,0,1,2024-09-10 00:00:00+00:00,0.5091806208539525,BUY
2511.901,1,1,-1,1,0,2,2024-09-11 00:00:00+00:00,0.5023809253855024,BUY
2558.422,1,1,1,1,0,3,2024-09-12 00:00:00+00:00,0.5122946207260094,BUY
2579.067,2,2,-1,1,0,4,2024-09-13 00:00:00+00:00,0.5045298505836758,BUY
2579.163,0,0,-1,1,0,6,2024-09-15 00:00:00+00:00,0.5260941592631625,BUY
2583.659,2,2,-1,1,0,0,2024-09-16 00:00:00+00:00,0.4936681685536266,HOLD
2574.05,2,2,0,1,0,1,2024-09-17 00:00:00+00:00,0.5027188899864349,BUY
2559.239,3,3,-1,1,0,2,2024-09-18 00:00:00+00:00,0.4944677974231956,HOLD
2587.282,1,1,1,1,0,3,2024-09-19 00:00:00+00:00,0.5122946207260094,BUY
2622.098,2,2,-1,1,0,4,2024-09-20 00:00:00+00:00,0.5045298505836758,BUY
2620.234,1,1,-1,1,0,6,2024-09-22 00:00:00+00:00,0.5088467806834107,BUY
2626.3,2,2,1,1,0,0,2024-09-23 00:00:00+00:00,0.5046986042555572,BUY
2658.204,0,0,-1,1,0,1,2024-09-24 00:00:00+00:00,0.4910344075720482,HOLD
2656.256,2,2,3,1,0,2,2024-09-25 00:00:00+00:00,0.5249517239336029,BUY
2672.601,3,3,1,1,0,3,2024-09-26 00:00:00+00:00,0.4888063802341686,HOLD
2657.983,2,2,-1,1,0,4,2024-09-27 00:00:00+00:00,0.5071931073591922,BUY
2663.543,1,1,-1,1,0,6,2024-09-29 00:00:00+00:00,0.5285688359848103,BUY
2635.634,3,3,0,0,0,0,2024-09-30 00:00:00+00:00,0.5425999382864894,BUY
2660.361,2,2,-1,0,0,1,2024-10-01 00:00:00+00:00,0.5322933364373792,BUY
2660.328,2,2,3,0,0,2,2024-10-02 00:00:00+00:00,0.5813290386004315,BUY
2655.804,1,1,-1,0,0,3,2024-10-03 00:00:00+00:00,0.5197156963147066,BUY
2653.519,3,3,3,0,0,4,2024-10-04 00:00:00+00:00,0.5359389464984099,BUY
2650.128,1,1,-1,0,0,6,2024-10-06 00:00:00+00:00,0.5334725470682881,BUY
2642.944,1,1,-1,0,0,0,2024-10-07 00:00:00+00:00,0.5463555086729145,BUY
2621.868,2,2,-1,0,0,1,2024-10-08 00:00:00+00:00,0.5319131912640973,BUY
2608.476,0,0,-1,0,0,2,2024-10-09 00:00:00+00:00,0.5327933289705444,BUY
2633.149,4,4,1,0,0,3,2024-10-10 00:00:00+00:00,0.4725114157908933,HOLD
2656.864,2,2,-1,1,0,4,2024-10-11 00:00:00+00:00,0.5071931073591922,BUY
2648.091,1,1,-1,1,0,6,2024-10-13 00:00:00+00:00,0.5169979378391517,BUY
2649.357,2,2,2,1,0,0,2024-10-14 00:00:00+00:00,0.5177824609199393,BUY
2660.5,1,1,-1,1,0,1,2024-10-15 00:00:00+00:00,0.5008045838923866,BUY
2674.087,0,0,-1,1,0,2,2024-10-16 00:00:00+00:00,0.5298863998535817,BUY
2693.706,0,0,-1,1,0,3,2024-10-17 00:00:00+00:00,0.5317229389429224,BUY
2721.778,0,0,-1,1,0,4,2024-10-18 00:00:00+00:00,0.5403113525944057,BUY
2723.416,1,1,2,1,0,6,2024-10-20 00:00:00+00:00,0.5143707002326964,BUY
2721.483,3,3,3,1,0,0,2024-10-21 00:00:00+00:00,0.5117385405925968,BUY
2746.553,1,1,1,1,0,1,2024-10-22 00:00:00+00:00,0.5199878774663433,BUY
2721.258,4,4,0,0,0,2,2024-10-23 00:00:00+00:00,0.4631173391121871,HOLD
2733.844,1,1,-1,0,0,3,2024-10-24 00:00:00+00:00,0.5620555133634374,BUY
2747.023,1,1,-1,0,0,4,2024-10-25 00:00:00+00:00,0.5707669453956248,BUY
2735.815,1,1,-1,0,0,6,2024-10-27 00:00:00+00:00,0.5210639514026056,BUY
2744.427,2,2,-1,0,0,0,2024-10-28 00:00:00+00:00,0.5274211636796844,BUY
2774.915,0,0,-1,0,0,1,2024-10-29 00:00:00+00:00,0.5206524010922028,BUY
2785.49,2,2,-1,1,0,2,2024-10-30 00:00:00+00:00,0.4796403594537362,HOLD
2746.691,3,3,0,1,0,3,2024-10-31 00:00:00+00:00,0.4588209823688988,HOLD
2736.69,1,1,-1,1,0,4,2024-11-01 00:00:00+00:00,0.5020573741742854,BUY
2738.352,1,1,-1,1,0,6,2024-11-03 00:00:00+00:00,0.4733451150878964,HOLD
2736.003,1,1,3,1,0,0,2024-11-04 00:00:00+00:00,0.5294965578026438,BUY
2745.707,3,3,1,1,0,1,2024-11-05 00:00:00+00:00,0.4832728591710503,HOLD
2664.048,1,1,0,1,0,2,2024-11-06 00:00:00+00:00,0.500059767145189,BUY
2706.866,3,3,-1,0,0,3,2024-11-07 00:00:00+00:00,0.5112241193272243,BUY
2684.758,2,2,-1,0,0,4,2024-11-08 00:00:00+00:00,0.5460234072619922,BUY
2685.605,1,1,-1,0,0,6,2024-11-10 00:00:00+00:00,0.5673446839370501,BUY
2624.038,2,2,0,0,0,0,2024-11-11 00:00:00+00:00,0.5439519513793479,BUY
2598.955,1,1,-1,0,0,1,2024-11-12 00:00:00+00:00,0.5314091228919366,BUY
2570.989,0,0,-1,0,0,2,2024-11-13 00:00:00+00:00,0.5327933289705444,BUY
2566.899,2,2,-1,0,0,3,2024-11-14 00:00:00+00:00,0.533301198744485,BUY
2562.969,1,1,3,0,0,4,2024-11-15 00:00:00+00:00,0.5616338575464134,BUY
2571.477,2,2,1,0,0,6,2024-11-17 00:00:00+00:00,0.5959937280620401,BUY
2612.704,0,0,-1,0,0,0,2024-11-18 00:00:00+00:00,0.5604901686066988,BUY
2635.166,0,0,-1,0,0,1,2024-11-19 00:00:00+00:00,0.5563910092652034,BUY
2652.124,0,0,-1,0,0,2,2024-11-20 00:00:00+00:00,0.5022148359724454,BUY
2669.159,0,0,-1,0,0,3,2024-11-21 00:00:00+00:00,0.5876835706955379,BUY
2715.573,0,0,-1,0,0,4,2024-11-22 00:00:00+00:00,0.5723188182824226,BUY
2719.756,2,2,-1,1,0,6,2024-11-24 00:00:00+00:00,0.4710339180858428,HOLD
2610.46,2,2,0,1,0,0,2024-11-25 00:00:00+00:00,0.500210630177111,BUY
2632.254,1,1,-1,1,0,1,2024-11-26 00:00:00+00:00,0.4989152677553804,HOLD
2637.168,2,2,-1,1,0,2,2024-11-27 00:00:00+00:00,0.4976293958053371,HOLD
2638.769,3,3,2,1,0,3,2024-11-28 00:00:00+00:00,0.5102946236476051,BUY
2655.23,3,3,-1,1,0,4,2024-11-29 00:00:00+00:00,0.4926141598017311,HOLD
2645.659,1,1,-1,1,0,6,2024-12-01 00:00:00+00:00,0.5160098405029554,BUY
2642.211,2,2,-1,1,0,0,2024-12-02 00:00:00+00:00,0.4999085406939388,HOLD
2642.721,2,2,2,1,0,1,2024-12-03 00:00:00+00:00,0.520743205068803,BUY
2650.397,2,2,-1,1,0,2,2024-12-04 00:00:00+00:00,0.4986185569366166,HOLD
2633.713,1,1,0,1,0,3,2024-12-05 00:00:00+00:00,0.5052448398873393,BUY
2632.88,3,3,3,0,0,4,2024-12-06 00:00:00+00:00,0.5544325713754087,BUY
2640.064,1,1,-1,0,0,6,2024-12-08 00:00:00+00:00,0.557424516101697,BUY
2660.449,2,2,1,0,0,0,2024-12-09 00:00:00+00:00,0.5450602139516882,BUY
2695.991,1,1,-1,0,0,1,2024-12-10 00:00:00+00:00,0.5633710565898703,BUY
2719.922,0,0,-1,0,0,2,2024-12-11 00:00:00+00:00,0.5947101969709446,BUY
2680.623,4,4,0,1,0,3,2024-12-12 00:00:00+00:00,0.4703169266185103,HOLD
2648.392,2,2,-1,1,0,4,2024-12-13 00:00:00+00:00,0.5057969731038489,BUY
2651.479,1,1,-1,1,0,6,2024-12-15 00:00:00+00:00,0.5319017131930579,BUY
2651.744,3,3,2,1,0,0,2024-12-16 00:00:00+00:00,0.5163681864957663,BUY
2647.378,1,1,0,1,0,1,2024-12-17 00:00:00+00:00,0.499678410702183,HOLD
2588.225,2,2,-1,0,0,2,2024-12-18 00:00:00+00:00,0.531171338080106,BUY
2593.519,1,1,-1,0,0,3,2024-12-19 00:00:00+00:00,0.5328928172731091,BUY
2622.643,2,2,-1,0,0,4,2024-12-20 00:00:00+00:00,0.5408075557143002,BUY
2624.293,1,1,-1,0,0,6,2024-12-22 00:00:00+00:00,0.5416360761555735,BUY
2615.492,4,4,0,1,0,0,2024-12-23 00:00:00+00:00,0.483212124438772,HOLD
2616.713,2,2,2,1,0,1,2024-12-24 00:00:00+00:00,0.5198224309658245,BUY
2618.656,1,1,-1,1,0,2,2024-12-25 00:00:00+00:00,0.4990715838284023,HOLD
2632.684,2,2,-1,1,0,3,2024-12-26 00:00:00+00:00,0.4971593597674867,HOLD
2621.623,2,2,-1,1,0,4,2024-12-27 00:00:00+00:00,0.5045298505836758,BUY
2624.035,1,1,-1,1,0,6,2024-12-29 00:00:00+00:00,0.5088467806834107,BUY
2606.677,3,3,0,0,0,0,2024-12-30 00:00:00+00:00,0.5417288815858691,BUY
2624.381,2,2,1,0,0,1,2024-12-31 00:00:00+00:00,0.574531513460093,BUY
2623.766,1,1,-1,0,0,2,2025-01-01 00:00:00+00:00,0.5315018702857925,BUY
2658.327,1,1,1,0,0,3,2025-01-02 00:00:00+00:00,0.5289940289795196,BUY
2640.37,3,3,-1,1,0,4,2025-01-03 00:00:00+00:00,0.4905317946536999,HOLD
2641.063,1,1,-1,1,0,6,2025-01-05 00:00:00+00:00,0.5160098405029554,BUY
2634.681,3,3,0,1,0,0,2025-01-06 00:00:00+00:00,0.4988934097326356,HOLD
2649.807,2,2,1,1,0,1,2025-01-07 00:00:00+00:00,0.5038514070685731,BUY
2662.507,0,0,-1,1,0,2,2025-01-08 00:00:00+00:00,0.5259661386175204,BUY
2669.952,0,0,-1,1,0,3,2025-01-09 00:00:00+00:00,0.5317229389429224,BUY
2689.551,2,2,-1,1,0,4,2025-01-10 00:00:00+00:00,0.5120772043961495,BUY
2691.105,0,0,-1,1,0,6,2025-01-12 00:00:00+00:00,0.5617653371139734,BUY
2668.058,3,3,0,1,0,0,2025-01-13 00:00:00+00:00,0.4925414381899137,HOLD
2675.589,1,1,-1,1,0,1,2025-01-14 00:00:00+00:00,0.5047369920993585,BUY
2694.965,0,0,-1,1,0,2,2025-01-15 00:00:00+00:00,0.5298863998535817,BUY
2714.578,2,2,-1,1,0,3,2025-01-16 00:00:00+00:00,0.4951875219440197,HOLD
2702.879,2,2,-1,1,0,4,2025-01-17 00:00:00+00:00,0.5061450926392862,BUY
2696.424,2,2,-1,1,0,6,2025-01-19 00:00:00+00:00,0.5316992834650534,BUY
2710.445,3,3,1,1,0,0,2025-01-20 00:00:00+00:00,0.4989786297055469,HOLD
2744.259,0,0,-1,1,0,1,2025-01-21 00:00:00+00:00,0.4977682608071467,HOLD
2755.583,2,2,-1,1,0,2,2025-01-22 00:00:00+00:00,0.4796403594537362,HOLD
2754.543,3,3,3,1,0,3,2025-01-23 00:00:00+00:00,0.4858992146807956,HOLD
2771.079,3,3,1,1,0,4,2025-01-24 00:00:00+00:00,0.4884527991757095,HOLD
2767.553,1,1,-1,1,0,6,2025-01-26 00:00:00+00:00,0.5093009933598501,BUY
2741.71,3,3,0,0,0,0,2025-01-27 00:00:00+00:00,0.541475752834029,BUY
2762.702,1,1,-1,0,0,1,2025-01-28 00:00:00+00:00,0.5380209760600418,BUY
2760.303,1,1,-1,0,0,2,2025-01-29 00:00:00+00:00,0.5796819472771039,BUY
2796.146,2,2,1,0,0,3,2025-01-30 00:00:00+00:00,0.5564771676373547,BUY
2799.348,3,3,-1,1,0,4,2025-01-31 00:00:00+00:00,0.4731643332494583,HOLD
2793.709,2,2,0,1,0,6,2025-02-02 00:00:00+00:00,0.4695041330871338,HOLD
2814.023,2,2,1,1,0,0,2025-02-03 00:00:00+00:00,0.4903483424926873,HOLD
2841.206,0,0,-1,1,0,1,2025-02-04 00:00:00+00:00,0.5016710868695596,BUY
2869.279,2,2,-1,1,0,2,2025-02-05 00:00:00+00:00,0.4796403594537362,HOLD
2858.0,2,2,-1,1,0,3,2025-02-06 00:00:00+00:00,0.4796403594537362,HOLD
2861.006,3,3,-1,1,0,4,2025-02-07 00:00:00+00:00,0.4731643332494583,HOLD
2867.495,1,1,-1,1,0,6,2025-02-09 00:00:00+00:00,0.5093009933598501,BUY
2917.847,0,0,-1,1,0,0,2025-02-10 00:00:00+00:00,0.5019534467196014,BUY
2898.536,4,4,-1,1,0,1,2025-02-11 00:00:00+00:00,0.4160038923624365,HOLD
2905.781,3,3,2,1,0,2,2025-02-12 00:00:00+00:00,0.4946476519427622,HOLD
2931.217,0,0,-1,1,0,3,2025-02-13 00:00:00+00:00,0.5074746501683226,BUY
2882.772,3,3,0,1,0,4,2025-02-14 00:00:00+00:00,0.4731643332494583,HOLD
2879.221,0,0,-1,1,0,6,2025-02-16 00:00:00+00:00,0.4972648687288973,HOLD
2899.373,3,3,1,1,0,0,2025-02-17 00:00:00+00:00,0.4789515355079692,HOLD
2934.061,0,0,-1,1,0,1,2025-02-18 00:00:00+00:00,0.5016710868695596,BUY
2935.384,1,1,2,1,0,2,2025-02-19 00:00:00+00:00,0.5537618854287605,BUY
2941.53,2,2,-1,1,0,3,2025-02-20 00:00:00+00:00,0.4796403594537362,HOLD
2936.453,2,2,-1,1,0,4,2025-02-21 00:00:00+00:00,0.501928509444436,BUY
2936.867,1,1,-1,1,0,6,2025-02-23 00:00:00+00:00,0.5093009933598501,BUY
2949.996,3,3,1,1,0,0,2025-02-24 00:00:00+00:00,0.4789515355079692,HOLD
2918.604,3,3,0,0,0,1,2025-02-25 00:00:00+00:00,0.5257188074825887,BUY
2919.118,2,2,2,0,0,2,2025-02-26 00:00:00+00:00,0.617376296351666,BUY
2876.063,1,1,0,0,0,3,2025-02-27 00:00:00+00:00,0.5581088676347954,BUY
2858.314,2,2,-1,0,0,4,2025-02-28 00:00:00+00:00,0.5730928584896088,BUY
2870.799,1,1,-1,0,0,6,2025-03-02 00:00:00+00:00,0.5387053606745963,BUY
2890.886,3,3,1,0,0,0,2025-03-03 00:00:00+00:00,0.5354093401564156,BUY
2914.363,1,1,-1,0,0,1,2025-03-04 00:00:00+00:00,0.5380209760600418,BUY
2918.236,2,2,2,0,0,2,2025-03-05 00:00:00+00:00,0.617376296351666,BUY
2910.359,3,3,0,0,0,3,2025-03-06 00:00:00+00:00,0.5096484717753567,BUY
2911.256,4,4,2,1,0,4,2025-03-07 00:00:00+00:00,0.4250516805068858,HOLD
2916.187,1,1,-1,1,0,6,2025-03-09 00:00:00+00:00,0.5093009933598501,BUY
2884.685,1,1,0,1,0,0,2025-03-10 00:00:00+00:00,0.512667118144172,BUY
2915.551,3,3,-1,0,0,1,2025-03-11 00:00:00+00:00,0.5257188074825887,BUY
2938.039,0,0,-1,0,0,2,2025-03-12 00:00:00+00:00,0.5555881216153417,BUY
2986.435,0,0,-1,0,0,3,2025-03-13 00:00:00+00:00,0.5371369877827922,BUY
2986.37,4,4,3,1,0,4,2025-03-14 00:00:00+00:00,0.4502701259440714,HOLD
2990.061,1,1,1,1,0,6,2025-03-16 00:00:00+00:00,0.5303609505617269,BUY
2999.831,2,2,-1,1,0,0,2025-03-17 00:00:00+00:00,0.4750556442152475,HOLD
3031.774,0,0,-1,1,0,1,2025-03-18 00:00:00+00:00,0.5016710868695596,BUY
3050.026,0,0,-1,1,0,2,2025-03-19 00:00:00+00:00,0.5086733865674812,BUY
3046.409,4,4,3,1,0,3,2025-03-20 00:00:00+00:00,0.4288875462696614,HOLD
3023.493,2,2,-1,1,0,4,2025-03-21 00:00:00+00:00,0.501928509444436,BUY
3024.721,1,1,-1,1,0,6,2025-03-23 00:00:00+00:00,0.5093009933598501,BUY
3009.91,2,2,0,1,0,0,2025-03-24 00:00:00+00:00,0.4750556442152475,HOLD
3021.041,2,2,-1,1,0,1,2025-03-25 00:00:00+00:00,0.4737507593412802,HOLD
3021.623,2,2,2,1,0,2,2025-03-26 00:00:00+00:00,0.5155440347467379,BUY
3055.71,0,0,-1,1,0,3,2025-03-27 00:00:00+00:00,0.5074746501683226,BUY
3085.002,0,0,-1,1,0,4,2025-03-28 00:00:00+00:00,0.5302377489993733,BUY
3089.213,0,0,-1,1,0,6,2025-03-30 00:00:00+00:00,0.4972648687288973,HOLD
3120.581,2,2,1,1,0,0,2025-03-31 00:00:00+00:00,0.4903483424926873,HOLD
3115.168,2,2,3,1,0,1,2025-04-01 00:00:00+00:00,0.5018008908871039,BUY
3162.709,3,3,1,1,0,2,2025-04-02 00:00:00+00:00,0.4740630249749269,HOLD
3112.884,2,2,0,1,0,3,2025-04-03 00:00:00+00:00,0.4796403594537362,HOLD
3038.506,0,0,-1,1,0,4,2025-04-04 00:00:00+00:00,0.5302377489993733,BUY
2999.944,1,1,-1,1,0,6,2025-04-06 00:00:00+00:00,0.5093009933598501,BUY
2981.328,3,3,3,0,0,0,2025-04-07 00:00:00+00:00,0.5567214823023504,BUY
2978.321,1,1,3,0,0,1,2025-04-08 00:00:00+00:00,0.5812492239891746,BUY
3086.784,2,2,1,0,0,2,2025-04-09 00:00:00+00:00,0.5780696841779313,BUY
3188.972,0,0,-1,0,0,3,2025-04-10 00:00:00+00:00,0.5371369877827922,BUY
3237.519,2,2,-1,1,0,4,2025-04-11 00:00:00+00:00,0.501928509444436,BUY
3223.733,2,2,2,1,0,6,2025-04-13 00:00:00+00:00,0.50343456147579,BUY
3212.626,3,3,0,1,0,0,2025-04-14 00:00:00+00:00,0.4636908908019272,HOLD
3251.78,1,1,1,1,0,1,2025-04-15 00:00:00+00:00,0.5181164163710374,BUY
3350.133,2,2,-1,1,0,2,2025-04-16 00:00:00+00:00,0.4796403594537362,HOLD
3327.671,2,2,-1,1,0,3,2025-04-17 00:00:00+00:00,0.4796403594537362,HOLD
3348.078,1,1,-1,1,0,6,2025-04-20 00:00:00+00:00,0.5093009933598501,BUY
3434.548,1,1,-1,1,0,0,2025-04-21 00:00:00+00:00,0.512667118144172,BUY
3336.561,5,5,0,1,0,1,2025-04-22 00:00:00+00:00,0.4018578977622973,HOLD
3316.383,3,3,3,1,0,2,2025-04-23 00:00:00+00:00,0.4947795404752867,HOLD
3348.976,2,2,1,1,0,3,2025-04-24 00:00:00+00:00,0.4949414930485745,HOLD
3318.798,3,3,-1,1,0,4,2025-04-25 00:00:00+00:00,0.4731643332494583,HOLD
3302.739,2,2,-1,1,0,6,2025-04-27 00:00:00+00:00,0.4695041330871338,HOLD
3337.682,4,4,1,1,0,0,2025-04-28 00:00:00+00:00,0.4225862204954537,HOLD
3317.122,2,2,-1,1,0,1,2025-04-29 00:00:00+00:00,0.4737507593412802,HOLD
3272.887,0,0,-1,1,0,2,2025-04-30 00:00:00+00:00,0.5086733865674812,BUY
3237.253,2,2,-1,0,0,3,2025-05-01 00:00:00+00:00,0.5519733740284082,BUY
3240.947,2,2,2,0,0,4,2025-05-02 00:00:00+00:00,0.5931485599146608,BUY
3247.931,1,1,-1,0,0,6,2025-05-04 00:00:00+00:00,0.5387053606745963,BUY
3334.031,1,1,-1,0,0,0,2025-05-05 00:00:00+00:00,0.4843528502315465,HOLD
3400.68,4,4,-1,1,0,1,2025-05-06 00:00:00+00:00,0.4160038923624365,HOLD
3376.488,2,2,-1,1,0,2,2025-05-07 00:00:00+00:00,0.4796403594537362,HOLD
3316.412,3,3,-1,1,0,3,2025-05-08 00:00:00+00:00,0.4588209823688988,HOLD
3326.805,3,3,2,1,0,4,2025-05-09 00:00:00+00:00,0.5055197023091702,BUY
3287.534,2,2,2,1,0,6,2025-05-11 00:00:00+00:00,0.50343456147579,BUY
3236.88,2,2,0,1,0,0,2025-05-12 00:00:00+00:00,0.4750556442152475,HOLD
3254.414,1,1,-1,1,0,1,2025-05-13 00:00:00+00:00,0.5113595597226087,BUY
3186.128,1,1,0,1,0,2,2025-05-14 00:00:00+00:00,0.5265748946677546,BUY
3237.15,3,3,-1,0,0,3,2025-05-15 00:00:00+00:00,0.5096484717753567,BUY
3202.214,2,2,-1,0,0,4,2025-05-16 00:00:00+00:00,0.5730928584896088,BUY
3234.91,1,1,-1,0,0,6,2025-05-18 00:00:00+00:00,0.5387053606745963,BUY
3222.532,1,1,-1,0,0,0,2025-05-19 00:00:00+00:00,0.4843528502315465,HOLD
3290.695,3,3,1,0,0,1,2025-05-20 00:00:00+00:00,0.5305063373042417,BUY
3320.085,1,1,-1,0,0,2,2025-05-21 00:00:00+00:00,0.5796819472771039,BUY
3300.146,4,4,-1,0,0,3,2025-05-22 00:00:00+00:00,0.443920718661617,HOLD
3356.306,2,2,1,0,0,4,2025-05-23 00:00:00+00:00,0.5775468351208218,BUY
3342.713,2,2,-1,0,0,6,2025-05-25 00:00:00+00:00,0.5410653140854994,BUY
3346.139,3,3,2,0,0,0,2025-05-26 00:00:00+00:00,0.5565912726342624,BUY
3309.411,3,3,0,0,0,1,2025-05-27 00:00:00+00:00,0.5257188074825887,BUY
3259.895,0,0,-1,0,0,2,2025-05-28 00:00:00+00:00,0.5555881216153417,BUY
3315.503,5,5,1,0,0,3,2025-05-29 00:00:00+00:00,0.4298570112192482,HOLD
3289.665,2,2,-1,0,0,4,2025-05-30 00:00:00+00:00,0.5730928584896088,BUY
3310.255,2,2,-1,0,0,6,2025-06-01 00:00:00+00:00,0.5410653140854994,BUY
3387.456,3,3,-1,1,0,0,2025-06-02 00:00:00+00:00,0.4636908908019272,HOLD
3359.996,1,1,-1,1,0,1,2025-06-03 00:00:00+00:00,0.5113595597226087,BUY
3378.042,2,2,-1,1,0,2,2025-06-04 00:00:00+00:00,0.4796403594537362,HOLD
3361.81,3,3,-1,1,0,3,2025-06-05 00:00:00+00:00,0.4588209823688988,HOLD
3311.702,3,3,-1,1,0,4,2025-06-06 00:00:00+00:00,0.4731643332494583,HOLD
3318.038,3,3,2,1,0,6,2025-06-08 00:00:00+00:00,0.4756089952432289,HOLD
3326.766,5,5,2,0,0,0,2025-06-09 00:00:00+00:00,0.5217303827314521,BUY
3327.862,3,3,2,0,0,1,2025-06-10 00:00:00+00:00,0.5517246494648149,BUY
3365.376,0,0,-1,0,0,2,2025-06-11 00:00:00+00:00,0.5555881216153417,BUY
3395.882,2,2,-1,0,0,3,2025-06-12 00:00:00+00:00,0.5519733740284082,BUY
3433.449,1,1,-1,0,0,4,2025-06-13 00:00:00+00:00,0.5707669453956248,BUY
3444.141,2,2,-1,1,0,6,2025-06-15 00:00:00+00:00,0.4695041330871338,HOLD
3402.769,4,4,0,1,0,0,2025-06-16 00:00:00+00:00,0.407187482952579,HOLD
3387.369,2,2,-1,1,0,1,2025-06-17 00:00:00+00:00,0.4737507593412802,HOLD
3375.023,1,1,-1,1,0,2,2025-06-18 00:00:00+00:00,0.5265748946677546,BUY
3368.739,1,1,3,1,0,3,2025-06-19 00:00:00+00:00,0.5450956717669813,BUY
3368.546,2,2,3,1,0,4,2025-06-20 00:00:00+00:00,0.5343874561154955,BUY
3372.755,2,2,-1,1,0,6,2025-06-22 00:00:00+00:00,0.4695041330871338,HOLD
3344.235,1,1,-1,1,0,0,2025-06-23 00:00:00+00:00,0.512667118144172,BUY
3324.142,3,3,-1,0,0,1,2025-06-24 00:00:00+00:00,0.5257188074825887,BUY
3339.028,2,2,-1,0,0,2,2025-06-25 00:00:00+00:00,0.5736171503490002,BUY
3318.758,3,3,0,0,0,3,2025-06-26 00:00:00+00:00,0.5096484717753567,BUY
3274.598,0,0,-1,0,0,4,2025-06-27 00:00:00+00:00,0.5574582618666014,BUY
3263.806,2,2,-1,0,0,6,2025-06-29 00:00:00+00:00,0.5410653140854994,BUY
3312.441,3,3,1,0,0,0,2025-06-30 00:00:00+00:00,0.5354093401564156,BUY
3338.152,2,2,-1,0,0,1,2025-07-01 00:00:00+00:00,0.5379293180718061,BUY
3349.395,2,2,-1,1,0,2,2025-07-02 00:00:00+00:00,0.4796403594537362,HOLD
3330.871,4,4,0,1,0,3,2025-07-03 00:00:00+00:00,0.4080577662309151,HOLD
3335.07,2,2,-1,1,0,4,2025-07-04 00:00:00+00:00,0.501928509444436,BUY
3328.853,3,3,0,1,0,6,2025-07-06 00:00:00+00:00,0.4418850788106833,HOLD
3334.653,4,4,2,1,0,0,2025-07-07 00:00:00+00:00,0.4100865943874665,HOLD
3302.277,3,3,0,1,0,1,2025-07-08 00:00:00+00:00,0.4529644925359018,HOLD
3317.639,4,4,-1,0,0,2,2025-07-09 00:00:00+00:00,0.443920718661617,HOLD
3323.808,2,2,-1,0,0,3,2025-07-10 00:00:00+00:00,0.5519733740284082,BUY
3355.105,0,0,-1,0,0,4,2025-07-11 00:00:00+00:00,0.5574582618666014,BUY
3367.772,0,0,-1,0,0,6,2025-07-13 00:00:00+00:00,0.5246832803682756,BUY
3345.337,4,4,0,1,0,0,2025-07-14 00:00:00+00:00,0.407187482952579,HOLD
3331.056,2,2,-1,1,0,1,2025-07-15 00:00:00+00:00,0.4737507593412802,HOLD
3346.526,4,4,1,1,0,2,2025-07-16 00:00:00+00:00,0.4234659055624112,HOLD
3340.139,3,3,-1,1,0,3,2025-07-17 00:00:00+00:00,0.4588209823688988,HOLD
3350.395,3,3,1,1,0,4,2025-07-18 00:00:00+00:00,0.4884527991757095,HOLD
3349.122,2,2,2,1,0,6,2025-07-20 00:00:00+00:00,0.50343456147579,BUY
3396.532,4,4,-1,1,0,0,2025-07-21 00:00:00+00:00,0.4265374967972725,HOLD
3391.122,2,2,-1,1,0,1,2025-07-22 00:00:00+00:00,0.4737507593412802,HOLD
