Datetime,Open,High,Low,Close,Volume,gap_bar,score,confluences,candle_pattern,bias,num_confluences,pattern_encoded,bias_bull,prob_win
2023-12-10 00:00:00+00:00,2005.584,2007.648,2004.547,2007.054,3143.0,False,0,[],,,0,0,0,0.0001451889494733734
2023-12-11 00:00:00+00:00,2006.993,2007.808,1975.841,1982.96,106030.0,False,0,[],,,0,0,0,0.0001049197622705865
2023-12-12 00:00:00+00:00,1982.954,1996.662,1977.115,1982.453,104515.0,False,0,[],,,0,0,0,5.461767047297195e-05
2023-12-13 00:00:00+00:00,1982.452,2033.128,1973.033,2032.813,123529.0,False,0,[],,,0,0,0,0.00011860271777772594
2023-12-14 00:00:00+00:00,2032.858,2047.909,2027.353,2035.552,144916.0,False,0,[],,,0,0,0,0.00010934399524514922
2023-12-15 00:00:00+00:00,2035.52,2044.909,2015.546,2019.491,116109.0,False,0,[],,,0,0,0,0.00011653223924246174
2023-12-16 00:00:00+00:00,,,,,,False,0,[],,,0,0,0,0.00033706963163010386
2023-12-17 00:00:00+00:00,2019.802,2020.102,2015.895,2017.415,3338.0,False,0,[],,,0,0,0,0.00028064271461729606
2023-12-18 00:00:00+00:00,2017.414,2033.69,2016.067,2027.604,96959.0,False,0,[],,,0,0,0,0.00016136647364955062
2023-12-19 00:00:00+00:00,2027.568,2046.965,2021.696,2040.932,98161.0,False,0,[],,,0,0,0,0.00022345689779854574
2023-12-20 00:00:00+00:00,2040.862,2043.445,2027.387,2032.128,95462.0,False,0,[],,,0,0,0,0.00013503735083835502
2023-12-21 00:00:00+00:00,2032.103,2055.012,2031.906,2052.778,98487.0,False,0,[],,,0,0,0,9.89076008576253e-05
2023-12-22 00:00:00+00:00,2052.788,2070.611,2046.753,2053.095,106445.0,False,0,[],,,0,0,0,9.89076008576253e-05
2023-12-23 00:00:00+00:00,,,,,,False,0,[],,,0,0,0,0.00033706963163010386
2023-12-24 00:00:00+00:00,,,,,,False,0,[],,,0,0,0,0.00033706963163010386
2023-12-25 00:00:00+00:00,2057.746,2057.746,2052.916,2054.497,1477.0,False,0,[],,,0,0,0,9.89076008576253e-05
2023-12-26 00:00:00+00:00,2054.489,2069.045,2053.318,2065.502,59324.0,False,0,[],,,0,0,0,9.89076008576253e-05
2023-12-27 00:00:00+00:00,2065.846,2084.425,2061.469,2079.169,89047.0,False,0,[],,,0,0,0,0.00021319129424803094
2023-12-28 00:00:00+00:00,2079.268,2088.485,2064.456,2066.564,100103.0,False,0,[],,,0,0,0,9.89076008576253e-05
2023-12-29 00:00:00+00:00,2066.602,2074.729,2058.095,2062.838,93911.0,False,0,[],,,0,0,0,9.89076008576253e-05
2023-12-30 00:00:00+00:00,,,,,,False,0,[],,,0,0,0,0.00033706963163010386
2023-12-31 00:00:00+00:00,,,,,,False,0,[],,,0,0,0,0.00033706963163010386
2024-01-01 00:00:00+00:00,2064.593,2066.095,2062.645,2063.543,1996.0,False,0,[],,,0,0,0,9.89076008576253e-05
2024-01-02 00:00:00+00:00,2063.347,2078.877,2056.097,2059.476,101297.0,False,0,[],,,0,0,0,9.89076008576253e-05
2024-01-03 00:00:00+00:00,2059.448,2065.982,2030.522,2042.666,120881.0,False,0,[],,,0,0,0,0.00022345689779854574
2024-01-04 00:00:00+00:00,2042.657,2050.958,2036.174,2043.865,98743.0,False,0,[],,,0,0,0,0.00022345689779854574
2024-01-05 00:00:00+00:00,2043.917,2063.986,2024.317,2045.479,136497.0,False,0,[],,,0,0,0,9.89076008576253e-05
2024-01-06 00:00:00+00:00,,,,,,False,0,[],,,0,0,0,0.00033706963163010386
2024-01-07 00:00:00+00:00,2044.595,2045.575,2042.902,2044.208,2759.0,False,0,[],,,0,0,0,0.00022345689779854574
2024-01-08 00:00:00+00:00,2044.212,2046.59,2016.674,2030.439,118277.0,False,0,[],,,0,0,0,0.00013503735083835502
2024-01-09 00:00:00+00:00,2030.411,2042.004,2026.021,2030.401,108999.0,False,0,[],,,0,0,0,0.00013503735083835502
2024-01-10 00:00:00+00:00,2030.403,2040.263,2020.353,2026.358,102580.0,False,0,[],,,0,0,0,0.00016136647364955062
2024-01-11 00:00:00+00:00,2026.413,2047.852,2013.209,2034.954,134638.0,False,0,[],,,0,0,0,0.00010934399524514922
2024-01-12 00:00:00+00:00,2035.011,2062.267,2030.01,2049.032,119436.0,False,0,[],,,0,0,0,9.89076008576253e-05
2024-01-13 00:00:00+00:00,,,,,,False,0,[],,,0,0,0,0.00033706963163010386
2024-01-14 00:00:00+00:00,2048.13,2048.705,2046.293,2047.612,2659.0,False,0,[],,,0,0,0,9.89076008576253e-05
2024-01-15 00:00:00+00:00,2047.652,2058.626,2045.764,2053.841,73428.0,False,0,[],,,0,0,0,9.89076008576253e-05
2024-01-16 00:00:00+00:00,2053.997,2054.508,2024.188,2027.826,127362.0,False,0,[],,,0,0,0,0.00016136647364955062
2024-01-17 00:00:00+00:00,2027.858,2032.935,2001.739,2009.243,121508.0,False,0,[],,,0,0,0,8.882970988142712e-05
2024-01-18 00:00:00+00:00,2009.261,2024.232,2005.717,2023.423,100416.0,False,0,[],,,0,0,0,8.34229498119574e-05
2024-01-19 00:00:00+00:00,2023.523,2039.232,2020.31,2029.452,91505.0,False,0,[],,,0,0,0,0.0001338100405201544
2024-01-20 00:00:00+00:00,,,,,,False,0,[],,,0,0,0,0.00033706963163010386
2024-01-21 00:00:00+00:00,2028.529,2028.563,2026.882,2027.504,2792.0,False,0,[],,,0,0,0,0.00016136647364955062
2024-01-22 00:00:00+00:00,2027.49,2032.074,2016.399,2020.552,95510.0,False,0,[],,,0,0,0,0.00011653223924246174
2024-01-23 00:00:00+00:00,2020.554,2037.908,2019.559,2029.137,96061.0,False,0,[],,,0,0,0,0.0001338100405201544
2024-01-24 00:00:00+00:00,2029.003,2036.63,2011.138,2016.101,105223.0,False,0,[],,,0,0,0,8.882970988142712e-05
2024-01-25 00:00:00+00:00,2015.977,2025.241,2009.497,2020.248,98769.0,False,0,[],,,0,0,0,0.00011653223924246174
2024-01-26 00:00:00+00:00,2020.356,2026.819,2015.854,2018.469,84386.0,False,0,[],,,0,0,0,0.00028064271461729606
2024-01-27 00:00:00+00:00,,,,,,False,0,[],,,0,0,0,0.00033706963163010386
2024-01-28 00:00:00+00:00,2023.424,2028.599,2021.187,2021.831,5024.0,False,0,[],,,0,0,0,0.00011653223924246174
2024-01-29 00:00:00+00:00,2021.832,2037.561,2019.282,2030.73,90006.0,False,0,[],,,0,0,0,0.00013503735083835502
2024-01-30 00:00:00+00:00,2030.692,2048.556,2029.024,2036.231,98561.0,False,0,[],,,0,0,0,0.00012950353210196408
2024-01-31 00:00:00+00:00,2036.4,2055.969,2030.821,2039.784,126209.0,False,0,[],,,0,0,0,0.00022345689779854574
2024-02-01 00:00:00+00:00,2039.897,2065.458,2029.913,2054.627,120393.0,False,0,[],,,0,0,0,9.89076008576253e-05
2024-02-02 00:00:00+00:00,2054.638,2057.623,2027.741,2039.607,109074.0,False,0,[],,,0,0,0,0.00022345689779854574
2024-02-03 00:00:00+00:00,,,,,,False,0,[],,,0,0,0,0.00033706963163010386
2024-02-04 00:00:00+00:00,2041.781,2042.217,2039.07,2039.716,3243.0,False,0,[],,,0,0,0,0.00022345689779854574
2024-02-05 00:00:00+00:00,2039.298,2039.822,2014.811,2024.859,98311.0,False,0,[],,,0,0,0,8.34229498119574e-05
2024-02-06 00:00:00+00:00,2024.81,2038.88,2022.831,2035.069,89956.0,False,0,[],,,0,0,0,0.00010934399524514922
2024-02-07 00:00:00+00:00,2035.115,2044.527,2030.508,2036.227,83874.0,False,0,[],,,0,0,0,0.00012950353210196408
2024-02-08 00:00:00+00:00,2036.221,2038.726,2020.115,2034.123,89631.0,False,0,[],,,0,0,0,0.00010934399524514922
2024-02-09 00:00:00+00:00,2033.939,2037.174,2020.193,2024.24,82302.0,False,0,[],,,0,0,0,8.34229498119574e-05
2024-02-10 00:00:00+00:00,,,,,,False,0,[],,,0,0,0,0.00033706963163010386
2024-02-11 00:00:00+00:00,2026.346,2026.705,2024.402,2025.266,2169.0,False,0,[],,,0,0,0,8.34229498119574e-05
2024-02-12 00:00:00+00:00,2025.417,2027.553,2011.873,2018.65,77644.0,False,0,[],,,0,0,0,0.00028064271461729606
2024-02-13 00:00:00+00:00,2018.601,2032.196,1989.965,1991.193,98952.0,False,0,[],,,0,0,0,0.00025876179686517057
2024-02-14 00:00:00+00:00,1991.332,1996.068,1984.158,1993.452,91690.0,False,0,[],,,0,0,0,0.0001187749453886479
2024-02-15 00:00:00+00:00,1993.441,2008.221,1990.172,2003.157,87912.0,False,0,[],,,0,0,0,5.039539256290491e-05
2024-02-16 00:00:00+00:00,2003.094,2015.126,1995.07,2013.269,89561.0,False,0,[],,,0,0,0,8.882970988142712e-05
2024-02-17 00:00:00+00:00,,,,,,False,0,[],,,0,0,0,0.00033706963163010386
2024-02-18 00:00:00+00:00,2012.706,2019.066,1997.784,2010.603,4243.0,False,0,[],,,0,0,0,8.882970988142712e-05
2024-02-19 00:00:00+00:00,2012.792,2022.956,2009.184,2016.203,63451.0,False,0,[],,,0,0,0,8.882970988142712e-05
2024-02-20 00:00:00+00:00,2015.981,2030.875,2014.957,2024.128,80367.0,False,0,[],,,0,0,0,8.34229498119574e-05
2024-02-21 00:00:00+00:00,2024.048,2032.25,2020.001,2025.568,82601.0,False,0,[],,,0,0,0,8.34229498119574e-05
2024-02-22 00:00:00+00:00,2025.483,2034.833,2019.547,2024.677,88912.0,False,0,[],,,0,0,0,8.34229498119574e-05
2024-02-23 00:00:00+00:00,2024.524,2041.344,2015.981,2035.524,84868.0,False,0,[],,,0,0,0,0.00010934399524514922
2024-02-24 00:00:00+00:00,,,,,,False,0,[],,,0,0,0,0.00033706963163010386
2024-02-25 00:00:00+00:00,2033.24,2034.94,2033.179,2034.224,2093.0,False,0,[],,,0,0,0,0.00010934399524514922
2024-02-26 00:00:00+00:00,2033.996,2037.02,2025.015,2031.073,79981.0,False,0,[],,,0,0,0,0.00013503735083835502
2024-02-27 00:00:00+00:00,2030.986,2039.471,2028.677,2030.09,76574.0,False,0,[],,,0,0,0,0.00013503735083835502
2024-02-28 00:00:00+00:00,2029.968,2037.922,2024.476,2034.303,77437.0,False,0,[],,,0,0,0,0.00010934399524514922
2024-02-29 00:00:00+00:00,2034.378,2050.671,2028.064,2043.981,88660.0,False,0,[],,,0,0,0,0.00022345689779854574
2024-03-01 00:00:00+00:00,2044.053,2088.31,2039.039,2083.315,98743.0,False,0,[],,,0,0,0,0.00021319129424803094
2024-03-02 00:00:00+00:00,,,,,,False,0,[],,,0,0,0,0.00033706963163010386
2024-03-03 00:00:00+00:00,2082.522,2086.145,2082.522,2083.44,2901.0,False,0,[],,,0,0,0,0.00021319129424803094
2024-03-04 00:00:00+00:00,2083.591,2119.885,2079.411,2114.48,99739.0,False,0,[],,,0,0,0,0.00021319129424803094
2024-03-05 00:00:00+00:00,2114.34,2141.881,2110.41,2128.162,124544.0,False,0,[],,,0,0,0,0.00021319129424803094
2024-03-06 00:00:00+00:00,2127.777,2152.234,2123.603,2147.192,119470.0,False,0,[],,,0,0,0,0.00021319129424803094
2024-03-07 00:00:00+00:00,2146.851,2164.753,2144.185,2161.467,123539.0,False,0,[],,,0,0,0,7.887870551447152e-05
2024-03-08 00:00:00+00:00,2161.643,2195.146,2153.952,2178.502,136803.0,False,0,[],,,0,0,0,7.887870551447152e-05
2024-03-09 00:00:00+00:00,,,,,,False,0,[],,,0,0,0,0.00033706963163010386
2024-03-10 00:00:00+00:00,2179.559,2183.825,2177.113,2181.567,5759.0,False,0,[],,,0,0,0,7.887870551447152e-05
2024-03-11 00:00:00+00:00,2181.593,2189.012,2174.633,2183.552,102788.0,False,0,[],,,0,0,0,7.887870551447152e-05
2024-03-12 00:00:00+00:00,2183.551,2184.483,2150.467,2156.915,130704.0,False,0,[],,,0,0,0,7.887870551447152e-05
2024-03-13 00:00:00+00:00,2156.907,2179.797,2156.531,2175.361,101986.0,False,0,[],,,0,0,0,7.887870551447152e-05
2024-03-14 00:00:00+00:00,2175.448,2176.971,2152.649,2161.62,105627.0,False,0,[],,,0,0,0,7.887870551447152e-05
2024-03-15 00:00:00+00:00,2161.698,2172.712,2155.092,2155.697,95303.0,False,0,[],,,0,0,0,7.887870551447152e-05
2024-03-16 00:00:00+00:00,,,,,,False,0,[],,,0,0,0,0.00033706963163010386
2024-03-17 00:00:00+00:00,2153.279,2156.533,2153.081,2156.516,5016.0,False,0,[],,,0,0,0,7.887870551447152e-05
2024-03-18 00:00:00+00:00,2156.473,2163.613,2146.028,2161.65,93284.0,False,0,[],,,0,0,0,7.887870551447152e-05
2024-03-19 00:00:00+00:00,2162.053,2162.836,2147.156,2157.009,96937.0,False,0,[],,,0,0,0,7.887870551447152e-05
2024-03-20 00:00:00+00:00,2157.054,2211.005,2149.55,2203.501,130180.0,False,0,[],,,0,0,0,7.887870551447152e-05
2024-03-21 00:00:00+00:00,2203.971,2212.563,2166.296,2181.491,141858.0,False,0,[],,,0,0,0,7.887870551447152e-05
2024-03-22 00:00:00+00:00,2181.676,2186.043,2156.981,2165.338,111852.0,False,0,[],,,0,0,0,7.887870551447152e-05
2024-03-23 00:00:00+00:00,,,,,,False,0,[],,,0,0,0,0.00033706963163010386
2024-03-24 00:00:00+00:00,2166.313,2168.894,2165.06,2168.337,5628.0,False,0,[],,,0,0,0,7.887870551447152e-05
2024-03-25 00:00:00+00:00,2168.318,2181.26,2163.415,2172.878,102886.0,False,0,[],,,0,0,0,7.887870551447152e-05
2024-03-26 00:00:00+00:00,2172.883,2200.05,2167.54,2179.466,109276.0,False,0,[],,,0,0,0,7.887870551447152e-05
2024-03-27 00:00:00+00:00,2179.463,2197.586,2173.105,2190.969,107746.0,False,0,[],,,0,0,0,7.887870551447152e-05
2024-03-28 00:00:00+00:00,2190.723,2236.293,2187.305,2232.587,123652.0,False,0,[],,,0,0,0,7.887870551447152e-05
2024-03-29 00:00:00+00:00,,,,,,False,0,[],,,0,0,0,0.00033706963163010386
2024-03-30 00:00:00+00:00,,,,,,False,0,[],,,0,0,0,0.00033706963163010386
2024-03-31 00:00:00+00:00,2239.644,2247.34,2235.573,2244.928,10518.0,False,0,[],,,0,0,0,7.887870551447152e-05
2024-04-01 00:00:00+00:00,2245.959,2265.678,2228.473,2248.935,129050.0,False,0,[],,,0,0,0,7.887870551447152e-05
2024-04-02 00:00:00+00:00,2248.963,2288.148,2246.656,2280.206,151315.0,False,0,[],,,0,0,0,0.00018493984328824068
2024-04-03 00:00:00+00:00,2279.886,2302.445,2265.347,2297.448,153594.0,False,0,[],,,0,0,0,0.00010261149259539205
2024-04-04 00:00:00+00:00,2297.5,2305.537,2279.817,2288.891,143518.0,False,0,[],,,0,0,0,0.00018493984328824068
2024-04-05 00:00:00+00:00,2288.702,2330.526,2267.751,2329.355,173372.0,False,0,[],,,0,0,0,0.00014208747193050414
2024-04-06 00:00:00+00:00,,,,,,False,0,[],,,0,0,0,0.00033706963163010386
2024-04-07 00:00:00+00:00,2327.315,2328.564,2303.998,2311.647,19545.0,False,0,[],,,0,0,0,0.0001951870261510986
2024-04-08 00:00:00+00:00,2311.297,2354.147,2302.862,2338.788,231306.0,False,0,[],,,0,0,0,0.00010742810396453462
2024-04-09 00:00:00+00:00,2338.784,2365.34,2337.771,2354.776,184312.0,False,0,[],,,0,0,0,0.00011246368535955739
2024-04-10 00:00:00+00:00,2354.899,2360.079,2319.215,2335.429,228316.0,False,0,[],,,0,0,0,0.00014208747193050414
2024-04-11 00:00:00+00:00,2335.489,2379.358,2325.593,2377.0,178661.0,False,0,[],,,0,0,0,8.827590751939847e-05
2024-04-12 00:00:00+00:00,2376.787,2431.528,2333.794,2344.382,305463.0,False,0,[],,,0,0,0,0.00011246368535955739
2024-04-13 00:00:00+00:00,,,,,,False,0,[],,,0,0,0,0.00033706963163010386
2024-04-14 00:00:00+00:00,2369.105,2371.92,2346.754,2364.486,11695.0,False,0,[],,,0,0,0,7.395830749540765e-05
2024-04-15 00:00:00+00:00,2364.446,2391.957,2324.099,2381.833,250462.0,False,0,[],,,0,0,0,8.313294178659137e-05
2024-04-16 00:00:00+00:00,2381.896,2398.263,2362.963,2382.843,237484.0,False,0,[],,,0,0,0,8.313294178659137e-05
2024-04-17 00:00:00+00:00,2382.703,2395.581,2354.56,2367.839,195073.0,False,0,[],,,0,0,0,7.395830749540765e-05
2024-04-18 00:00:00+00:00,2367.836,2392.804,2364.009,2380.003,168116.0,False,0,[],,,0,0,0,8.313294178659137e-05
2024-04-19 00:00:00+00:00,2379.867,2417.894,2372.761,2390.677,255499.0,False,0,[],,,0,0,0,8.690468160267123e-05
2024-04-20 00:00:00+00:00,,,,,,False,0,[],,,0,0,0,0.00033706963163010386
2024-04-21 00:00:00+00:00,2384.011,2388.595,2381.882,2386.483,9785.0,False,0,[],,,0,0,0,8.690468160267123e-05
2024-04-22 00:00:00+00:00,2386.506,2386.506,2324.55,2333.738,189192.0,False,0,[],,,0,0,0,0.00014208747193050414
2024-04-23 00:00:00+00:00,2333.715,2334.376,2291.332,2323.21,218340.0,False,0,[],,,0,0,0,0.00018771660367299767
2024-04-24 00:00:00+00:00,2323.225,2337.354,2311.706,2316.219,155167.0,False,0,[],,,0,0,0,0.0001951870261510986
2024-04-25 00:00:00+00:00,2316.223,2344.872,2304.834,2330.621,174066.0,False,0,[],,,0,0,0,0.00014208747193050414
2024-04-26 00:00:00+00:00,2330.617,2352.555,2326.218,2337.792,141793.0,False,0,[],,,0,0,0,0.00010742810396453462
2024-04-27 00:00:00+00:00,,,,,,False,0,[],,,0,0,0,0.00033706963163010386
2024-04-28 00:00:00+00:00,2333.884,2336.829,2332.473,2335.985,6405.0,False,0,[],,,0,0,0,0.00014208747193050414
2024-04-29 00:00:00+00:00,2335.937,2346.709,2319.802,2333.173,153508.0,False,0,[],,,0,0,0,0.00014208747193050414
2024-04-30 00:00:00+00:00,2333.178,2336.113,2284.999,2291.244,156493.0,False,0,[],,,0,0,0,0.00018493984328824068
2024-05-01 00:00:00+00:00,2291.256,2328.294,2281.544,2323.809,178219.0,False,0,[],,,0,0,0,0.00018771660367299767
2024-05-02 00:00:00+00:00,2323.848,2326.493,2285.392,2304.247,147784.0,False,0,[],,,0,0,0,0.000159837369278725
2024-05-03 00:00:00+00:00,2304.243,2320.712,2277.074,2301.627,171329.0,False,0,[],,,0,0,0,0.00012112691705541969
2024-05-04 00:00:00+00:00,,,,,,False,0,[],,,0,0,0,0.00033706963163010386
2024-05-05 00:00:00+00:00,2302.321,2303.288,2293.261,2293.968,7234.0,False,0,[],,,0,0,0,0.00018493984328824068
2024-05-06 00:00:00+00:00,2293.929,2332.091,2291.767,2325.943,148842.0,False,0,[],,,0,0,0,0.00018771660367299767
2024-05-07 00:00:00+00:00,2325.953,2329.926,2309.915,2315.118,117092.0,False,0,[],,,0,0,0,0.0001951870261510986
2024-05-08 00:00:00+00:00,2315.167,2321.336,2303.584,2308.74,124539.0,False,0,[],,,0,0,0,0.000159837369278725
2024-05-09 00:00:00+00:00,2308.733,2348.325,2306.468,2346.516,132270.0,False,0,[],,,0,0,0,0.00011246368535955739
2024-05-10 00:00:00+00:00,2346.56,2378.476,2345.925,2360.449,146667.0,False,0,[],,,0,0,0,7.395830749540765e-05
2024-05-11 00:00:00+00:00,,,,,,False,0,[],,,0,0,0,0.00033706963163010386
2024-05-12 00:00:00+00:00,2361.401,2363.093,2359.738,2360.41,5288.0,False,0,[],,,0,0,0,7.395830749540765e-05
2024-05-13 00:00:00+00:00,2360.448,2364.489,2332.029,2338.408,129009.0,False,0,[],,,0,0,0,0.00010742810396453462
2024-05-14 00:00:00+00:00,2338.39,2359.592,2334.734,2355.772,131674.0,False,0,[],,,0,0,0,0.00011246368535955739
2024-05-15 00:00:00+00:00,2355.77,2391.911,2351.748,2391.769,158937.0,False,0,[],,,0,0,0,8.690468160267123e-05
2024-05-16 00:00:00+00:00,2391.764,2397.341,2370.885,2377.726,139611.0,False,0,[],,,0,0,0,8.827590751939847e-05
2024-05-17 00:00:00+00:00,2377.72,2422.733,2373.908,2413.933,137757.0,False,0,[],,,0,0,0,0.00011727587530598696
2024-05-18 00:00:00+00:00,,,,,,False,0,[],,,0,0,0,0.00033706963163010386
2024-05-19 00:00:00+00:00,2425.201,2425.201,2416.732,2420.194,10238.0,False,0,[],,,0,0,0,0.00011727587530598696
2024-05-20 00:00:00+00:00,2420.205,2450.026,2407.273,2426.133,208142.0,False,0,[],,,0,0,0,0.0001328031177933502
2024-05-21 00:00:00+00:00,2426.136,2433.928,2406.037,2421.654,171622.0,False,0,[],,,0,0,0,0.00011727587530598696
2024-05-22 00:00:00+00:00,2421.659,2426.542,2374.935,2382.124,169781.0,False,0,[],,,0,0,0,8.313294178659137e-05
2024-05-23 00:00:00+00:00,2382.155,2383.687,2326.867,2332.012,191720.0,False,0,[],,,0,0,0,0.00014208747193050414
2024-05-24 00:00:00+00:00,2332.015,2347.385,2325.351,2333.781,122340.0,False,0,[],,,0,0,0,0.00014208747193050414
2024-05-25 00:00:00+00:00,,,,,,False,0,[],,,0,0,0,0.00033706963163010386
2024-05-26 00:00:00+00:00,2335.785,2340.685,2332.183,2337.175,6786.0,False,0,[],,,0,0,0,0.00010742810396453462
2024-05-27 00:00:00+00:00,2337.186,2358.486,2334.36,2352.372,95245.0,False,0,[],,,0,0,0,0.00011246368535955739
2024-05-28 00:00:00+00:00,2352.412,2364.109,2340.229,2359.685,145889.0,False,0,[],,,0,0,0,7.395830749540765e-05
2024-05-29 00:00:00+00:00,2359.648,2361.361,2334.487,2338.364,130877.0,False,0,[],,,0,0,0,0.00010742810396453462
2024-05-30 00:00:00+00:00,2338.378,2351.847,2322.52,2343.907,155574.0,False,0,[],,,0,0,0,0.00011246368535955739
2024-05-31 00:00:00+00:00,2343.921,2359.692,2320.526,2327.191,154225.0,False,0,[],,,0,0,0,0.00014208747193050414
2024-06-01 00:00:00+00:00,,,,,,False,0,[],,,0,0,0,0.00033706963163010386
2024-06-02 00:00:00+00:00,2328.496,2328.76,2323.34,2325.937,6616.0,False,0,[],,,0,0,0,0.00018771660367299767
2024-06-03 00:00:00+00:00,2325.967,2354.746,2314.676,2350.629,144179.0,False,0,[],,,0,0,0,0.00011246368535955739
2024-06-04 00:00:00+00:00,2350.641,2352.79,2315.547,2328.786,147508.0,False,0,[],,,0,0,0,0.00014208747193050414
2024-06-05 00:00:00+00:00,2328.79,2357.389,2325.827,2355.012,136529.0,False,0,[],,,0,0,0,0.00011246368535955739
2024-06-06 00:00:00+00:00,2355.008,2378.522,2353.336,2376.73,137963.0,False,0,[],,,0,0,0,8.827590751939847e-05
2024-06-07 00:00:00+00:00,2376.735,2387.697,2286.723,2293.799,196751.0,False,0,[],,,0,0,0,0.00018493984328824068
2024-06-08 00:00:00+00:00,,,,,,False,0,[],,,0,0,0,0.00033706963163010386
2024-06-09 00:00:00+00:00,2290.431,2300.041,2290.38,2298.478,7159.0,False,0,[],,,0,0,0,0.00010261149259539205
2024-06-10 00:00:00+00:00,2298.477,2313.758,2287.71,2309.931,120046.0,False,0,[],,,0,0,0,0.000159837369278725
2024-06-11 00:00:00+00:00,2309.926,2319.95,2297.625,2315.071,132242.0,False,0,[],,,0,0,0,0.0001951870261510986
2024-06-12 00:00:00+00:00,2315.056,2341.627,2310.654,2320.549,172657.0,False,0,[],,,0,0,0,0.0001951870261510986
2024-06-13 00:00:00+00:00,2320.569,2326.755,2295.463,2302.335,146146.0,False,0,[],,,0,0,0,0.00012112691705541969
2024-06-14 00:00:00+00:00,2302.38,2336.562,2301.504,2332.824,127461.0,False,0,[],,,0,0,0,0.00014208747193050414
2024-06-15 00:00:00+00:00,,,,,,False,0,[],,,0,0,0,0.00033706963163010386
2024-06-16 00:00:00+00:00,2331.087,2331.483,2327.411,2328.874,4385.0,False,0,[],,,0,0,0,0.00014208747193050414
2024-06-17 00:00:00+00:00,2328.918,2328.947,2309.951,2320.645,110328.0,False,0,[],,,0,0,0,0.0001951870261510986
2024-06-18 00:00:00+00:00,2320.634,2333.079,2306.502,2328.255,120039.0,False,0,[],,,0,0,0,0.00014208747193050414
2024-06-19 00:00:00+00:00,2328.272,2334.96,2323.666,2329.342,73445.0,False,0,[],,,0,0,0,0.00014208747193050414
2024-06-20 00:00:00+00:00,2329.358,2365.508,2327.736,2360.747,127603.0,False,0,[],,,0,0,0,7.395830749540765e-05
2024-06-21 00:00:00+00:00,2360.765,2368.732,2316.65,2321.503,135609.0,False,0,[],,,0,0,0,0.0001951870261510986
2024-06-22 00:00:00+00:00,,,,,,False,0,[],,,0,0,0,0.00033706963163010386
2024-06-23 00:00:00+00:00,2321.11,2322.193,2317.682,2319.187,5099.0,False,0,[],,,0,0,0,0.0001951870261510986
2024-06-24 00:00:00+00:00,2319.169,2334.629,2317.86,2330.877,110104.0,False,0,[],,,0,0,0,0.00014208747193050414
2024-06-25 00:00:00+00:00,2330.869,2337.087,2315.436,2320.027,117227.0,False,0,[],,,0,0,0,0.0001951870261510986
2024-06-26 00:00:00+00:00,2319.977,2323.89,2293.524,2298.401,129635.0,False,0,[],,,0,0,0,0.00010261149259539205
2024-06-27 00:00:00+00:00,2298.412,2330.936,2296.429,2327.72,116307.0,False,0,[],,,0,0,0,0.00014208747193050414
2024-06-28 00:00:00+00:00,2327.663,2339.809,2318.984,2326.638,115832.0,False,0,[],,,0,0,0,0.00014208747193050414
2024-06-29 00:00:00+00:00,,,,,,False,0,[],,,0,0,0,0.00033706963163010386
2024-06-30 00:00:00+00:00,2322.849,2326.157,2322.837,2324.933,4751.0,False,0,[],,,0,0,0,0.00018771660367299767
2024-07-01 00:00:00+00:00,2324.951,2338.478,2318.446,2332.222,114515.0,False,0,[],,,0,0,0,0.00014208747193050414
2024-07-02 00:00:00+00:00,2332.216,2336.779,2319.004,2330.18,111962.0,False,0,[],,,0,0,0,0.00014208747193050414
2024-07-03 00:00:00+00:00,2330.177,2364.926,2326.799,2358.699,118618.0,False,0,[],,,0,0,0,7.395830749540765e-05
2024-07-04 00:00:00+00:00,2358.721,2362.54,2350.33,2356.721,72106.0,False,0,[],,,0,0,0,0.00011246368535955739
2024-07-05 00:00:00+00:00,2356.753,2392.927,2347.375,2391.557,127446.0,False,0,[],,,0,0,0,8.690468160267123e-05
2024-07-06 00:00:00+00:00,,,,,,False,0,[],,,0,0,0,0.00033706963163010386
2024-07-07 00:00:00+00:00,2389.586,2390.178,2384.767,2386.117,5361.0,False,0,[],,,0,0,0,8.690468160267123e-05
2024-07-08 00:00:00+00:00,2386.065,2391.088,2350.975,2361.711,122056.0,False,0,[],,,0,0,0,7.395830749540765e-05
2024-07-09 00:00:00+00:00,2361.738,2371.583,2349.327,2364.966,122084.0,False,0,[],,,0,0,0,7.395830749540765e-05
2024-07-10 00:00:00+00:00,2364.944,2386.657,2363.304,2372.852,101977.0,False,0,[],,,0,0,0,8.827590751939847e-05
2024-07-11 00:00:00+00:00,2372.832,2424.538,2371.418,2415.854,157046.0,False,0,[],,,0,0,0,0.00011727587530598696
2024-07-12 00:00:00+00:00,2415.851,2418.241,2391.352,2411.399,121851.0,False,0,[],,,0,0,0,9.471482866198048e-05
2024-07-13 00:00:00+00:00,,,,,,False,0,[],,,0,0,0,0.00033706963163010386
2024-07-14 00:00:00+00:00,2411.619,2412.243,2405.677,2408.657,6541.0,False,0,[],,,0,0,0,9.471482866198048e-05
2024-07-15 00:00:00+00:00,2408.659,2439.76,2401.298,2422.496,131763.0,False,0,[],,,0,0,0,0.00011727587530598696
2024-07-16 00:00:00+00:00,2422.482,2469.967,2419.914,2468.278,147760.0,False,0,[],,,0,0,0,0.0001328031177933502
2024-07-17 00:00:00+00:00,2468.268,2483.757,2451.407,2461.296,180291.0,False,0,[],,,0,0,0,0.0001328031177933502
2024-07-18 00:00:00+00:00,2461.334,2474.966,2440.226,2441.25,145206.0,False,0,[],,,0,0,0,0.0001328031177933502
2024-07-19 00:00:00+00:00,2441.292,2441.343,2393.727,2400.451,172612.0,False,0,[],,,0,0,0,0.0001812893016299547
2024-07-20 00:00:00+00:00,,,,,,False,0,[],,,0,0,0,0.00033706963163010386
2024-07-21 00:00:00+00:00,2403.68,2411.931,2402.487,2411.528,7271.0,False,0,[],,,0,0,0,9.471482866198048e-05
2024-07-22 00:00:00+00:00,2411.496,2412.188,2383.797,2395.783,141433.0,False,0,[],,,0,0,0,0.0002448468393586683
2024-07-23 00:00:00+00:00,2395.75,2411.984,2388.225,2408.513,129769.0,False,0,[],,,0,0,0,9.471482866198048e-05
2024-07-24 00:00:00+00:00,2408.558,2431.954,2393.033,2398.669,151481.0,False,0,[],,,0,0,0,0.0001812893016299547
2024-07-25 00:00:00+00:00,2398.72,2399.985,2353.086,2363.801,219827.0,False,0,[],,,0,0,0,7.395830749540765e-05
2024-07-26 00:00:00+00:00,2363.849,2390.799,2355.842,2387.114,141499.0,False,0,[],,,0,0,0,8.690468160267123e-05
2024-07-27 00:00:00+00:00,,,,,,False,0,[],,,0,0,0,0.00033706963163010386
2024-07-28 00:00:00+00:00,2387.944,2403.181,2387.839,2397.091,11158.0,False,0,[],,,0,0,0,0.0001812893016299547
2024-07-29 00:00:00+00:00,2397.055,2402.46,2369.495,2381.143,146898.0,False,0,[],,,0,0,0,8.313294178659137e-05
2024-07-30 00:00:00+00:00,2381.186,2412.878,2376.471,2409.807,149625.0,False,0,[],,,0,0,0,9.471482866198048e-05
2024-07-31 00:00:00+00:00,2409.81,2450.951,2403.877,2445.743,174440.0,False,0,[],,,0,0,0,0.0001328031177933502
2024-08-01 00:00:00+00:00,2445.725,2462.302,2430.165,2445.844,204297.0,False,0,[],,,0,0,0,0.0001328031177933502
2024-08-02 00:00:00+00:00,2445.886,2477.704,2410.794,2441.892,265455.0,False,0,[],,,0,0,0,0.0001328031177933502
2024-08-03 00:00:00+00:00,,,,,,False,0,[],,,0,0,0,0.00033706963163010386
2024-08-04 00:00:00+00:00,2441.02,2446.337,2437.89,2440.952,13274.0,False,0,[],,,0,0,0,0.0001328031177933502
2024-08-05 00:00:00+00:00,2440.984,2458.836,2364.245,2404.837,361654.0,False,0,[],,,0,0,0,0.0001814199193134716
2024-08-06 00:00:00+00:00,2404.865,2418.333,2381.404,2383.787,233528.0,False,0,[],,,0,0,0,8.313294178659137e-05
2024-08-07 00:00:00+00:00,2383.723,2407.059,2378.931,2384.791,182207.0,False,0,[],,,0,0,0,8.313294178659137e-05
2024-08-08 00:00:00+00:00,2384.835,2427.818,2383.283,2424.595,181402.0,False,0,[],,,0,0,0,0.0001328031177933502
2024-08-09 00:00:00+00:00,2424.519,2437.068,2416.829,2430.805,149099.0,False,0,[],,,0,0,0,0.0001328031177933502
2024-08-10 00:00:00+00:00,,,,,,False,0,[],,,0,0,0,0.00033706963163010386
2024-08-11 00:00:00+00:00,2428.332,2433.242,2427.241,2427.927,6505.0,False,0,[],,,0,0,0,0.0001328031177933502
2024-08-12 00:00:00+00:00,2427.928,2476.033,2423.825,2475.536,134686.0,False,0,[],,,0,0,0,0.0001328031177933502
2024-08-13 00:00:00+00:00,2475.58,2476.963,2458.493,2464.06,144295.0,False,0,[],,,0,0,0,0.0001328031177933502
2024-08-14 00:00:00+00:00,2464.104,2480.064,2437.995,2449.408,210028.0,False,0,[],,,0,0,0,0.0001328031177933502
2024-08-15 00:00:00+00:00,2449.396,2470.095,2432.094,2457.298,203020.0,False,0,[],,,0,0,0,0.0001328031177933502
2024-08-16 00:00:00+00:00,2457.313,2509.766,2450.695,2507.82,159264.0,False,0,[],,,0,0,0,0.00012634535563847395
2024-08-17 00:00:00+00:00,,,,,,False,0,[],,,0,0,0,0.00033706963163010386
2024-08-18 00:00:00+00:00,2506.461,2506.778,2502.271,2506.414,7383.0,False,0,[],,,0,0,0,0.00012634535563847395
2024-08-19 00:00:00+00:00,2506.42,2507.482,2485.602,2503.544,149194.0,False,0,[],,,0,0,0,0.00015965990416240463
2024-08-20 00:00:00+00:00,2503.554,2531.668,2497.283,2512.964,163278.0,False,0,[],,,0,0,0,0.0001227580647130261
2024-08-21 00:00:00+00:00,2512.976,2519.942,2493.644,2512.783,157321.0,False,0,[],,,0,0,0,0.0001227580647130261
2024-08-22 00:00:00+00:00,2512.732,2514.701,2470.8,2487.564,159985.0,False,0,[],,,0,0,0,0.00015718212900965077
2024-08-23 00:00:00+00:00,2487.574,2518.35,2486.442,2512.357,157940.0,False,0,[],,,0,0,0,0.0001227580647130261
2024-08-24 00:00:00+00:00,,,,,,False,0,[],,,0,0,0,0.00033706963163010386
2024-08-25 00:00:00+00:00,2512.067,2516.683,2511.074,2515.917,7412.0,False,0,[],,,0,0,0,0.0001227580647130261
2024-08-26 00:00:00+00:00,2515.903,2527.009,2508.646,2515.511,146720.0,False,0,[],,,0,0,0,0.0001227580647130261
2024-08-27 00:00:00+00:00,2515.512,2529.041,2503.436,2525.269,154861.0,False,0,[],,,0,0,0,0.0001227580647130261
2024-08-28 00:00:00+00:00,2525.223,2525.813,2493.498,2508.11,154025.0,False,0,[],,,0,0,0,0.00012634535563847395
2024-08-29 00:00:00+00:00,2508.08,2528.669,2503.558,2519.615,155132.0,False,0,[],,,0,0,0,0.0001227580647130261
2024-08-30 00:00:00+00:00,2519.6,2526.914,2494.086,2503.342,168280.0,False,0,[],,,0,0,0,0.00015965990416240463
2024-08-31 00:00:00+00:00,,,,,,False,0,[],,,0,0,0,0.00033706963163010386
2024-09-01 00:00:00+00:00,2502.485,2504.76,2501.942,2502.98,5446.0,False,0,[],,,0,0,0,0.00015965990416240463
2024-09-02 00:00:00+00:00,2502.983,2507.31,2489.977,2497.242,100428.0,False,0,[],,,0,0,0,0.000122459990937433
2024-09-03 00:00:00+00:00,2497.247,2506.247,2473.282,2493.223,190253.0,False,0,[],,,0,0,0,0.00015718212900965077
2024-09-04 00:00:00+00:00,2493.2,2500.286,2471.86,2495.829,165804.0,False,0,[],,,0,0,0,0.00015718212900965077
2024-09-05 00:00:00+00:00,2495.827,2523.574,2493.759,2517.282,168570.0,False,0,[],,,0,0,0,0.0001227580647130261
2024-09-06 00:00:00+00:00,2517.277,2529.225,2485.055,2497.54,235033.0,False,0,[],,,0,0,0,0.000122459990937433
2024-09-07 00:00:00+00:00,,,,,,False,0,[],,,0,0,0,0.00033706963163010386
2024-09-08 00:00:00+00:00,2497.037,2498.279,2495.487,2496.869,6142.0,False,0,[],,,0,0,0,0.000122459990937433
2024-09-09 00:00:00+00:00,2496.871,2507.701,2485.503,2506.813,160987.0,False,0,[],,,0,0,0,0.00012634535563847395
2024-09-10 00:00:00+00:00,2506.815,2518.849,2500.052,2518.678,149010.0,False,0,[],,,0,0,0,0.0001227580647130261
2024-09-11 00:00:00+00:00,2518.638,2529.06,2500.844,2511.901,193481.0,False,0,[],,,0,0,0,0.0001227580647130261
2024-09-12 00:00:00+00:00,2511.803,2560.091,2510.973,2558.422,193095.0,False,0,[],,,0,0,0,0.0001280318412460186
2024-09-13 00:00:00+00:00,2558.419,2586.12,2556.78,2579.067,173013.0,False,0,[],,,0,0,0,0.00015771698354551307
2024-09-14 00:00:00+00:00,,,,,,False,0,[],,,0,0,0,0.00033706963163010386
2024-09-15 00:00:00+00:00,2578.456,2580.454,2577.561,2579.163,7258.0,False,0,[],,,0,0,0,0.00015771698354551307
2024-09-16 00:00:00+00:00,2579.17,2589.651,2575.285,2583.659,139440.0,False,0,[],,,0,0,0,0.00015771698354551307
2024-09-17 00:00:00+00:00,2583.697,2586.956,2560.661,2574.05,164917.0,False,0,[],,,0,0,0,0.0001280318412460186
2024-09-18 00:00:00+00:00,2574.019,2600.138,2546.828,2559.239,254206.0,False,0,[],,,0,0,0,0.0001280318412460186
2024-09-19 00:00:00+00:00,2559.239,2594.963,2550.894,2587.282,209080.0,False,0,[],,,0,0,0,0.00015771698354551307
2024-09-20 00:00:00+00:00,2587.254,2625.754,2584.714,2622.098,185256.0,False,0,[],,,0,0,0,0.0003588270189598047
2024-09-21 00:00:00+00:00,,,,,,False,0,[],,,0,0,0,0.00033706963163010386
2024-09-22 00:00:00+00:00,2620.944,2622.12,2619.618,2620.234,5600.0,False,0,[],,,0,0,0,0.0003588270189598047
2024-09-23 00:00:00+00:00,2620.202,2634.881,2613.799,2626.3,162041.0,False,0,[],,,0,0,0,0.0003588270189598047
2024-09-24 00:00:00+00:00,2626.295,2664.366,2622.524,2658.204,201463.0,False,0,[],,,0,0,0,0.0003509238165124635
2024-09-25 00:00:00+00:00,2658.163,2670.602,2649.646,2656.256,188080.0,False,0,[],,,0,0,0,0.0003509238165124635
2024-09-26 00:00:00+00:00,2656.359,2685.611,2654.717,2672.601,223959.0,False,0,[],,,0,0,0,0.000507617619993081
2024-09-27 00:00:00+00:00,2672.61,2674.266,2642.994,2657.983,209521.0,False,0,[],,,0,0,0,0.0003509238165124635
2024-09-28 00:00:00+00:00,,,,,,False,0,[],,,0,0,0,0.00033706963163010386
2024-09-29 00:00:00+00:00,2661.714,2665.106,2659.762,2663.543,9838.0,False,0,[],,,0,0,0,0.0014430470284488674
2024-09-30 00:00:00+00:00,2663.58,2666.069,2624.679,2635.634,202784.0,False,0,[],,,0,0,0,0.0003588270189598047
2024-10-01 00:00:00+00:00,2635.661,2673.222,2633.926,2660.361,202317.0,False,0,[],,,0,0,0,0.0014430470284488674
2024-10-02 00:00:00+00:00,2660.39,2663.362,2641.038,2660.328,170864.0,False,0,[],,,0,0,0,0.0014430470284488674
2024-10-03 00:00:00+00:00,2660.299,2662.968,2638.058,2655.804,184363.0,False,0,[],,,0,0,0,0.0005622406720179789
2024-10-04 00:00:00+00:00,2655.8,2670.167,2632.021,2653.519,203706.0,False,0,[],,,0,0,0,0.0005622406720179789
2024-10-05 00:00:00+00:00,,,,,,False,0,[],,,0,0,0,0.00033706963163010386
2024-10-06 00:00:00+00:00,2651.575,2652.397,2649.675,2650.128,6826.0,False,0,[],,,0,0,0,0.00035511297602828704
2024-10-07 00:00:00+00:00,2650.103,2659.613,2637.728,2642.944,173838.0,False,0,[],,,0,0,0,0.0005331789932083952
2024-10-08 00:00:00+00:00,2642.962,2652.964,2604.686,2621.868,241998.0,False,0,[],,,0,0,0,0.0003588270189598047
2024-10-09 00:00:00+00:00,2621.868,2624.321,2605.116,2608.476,175142.0,False,0,[],,,0,0,0,0.000882427362874292
2024-10-10 00:00:00+00:00,2608.438,2636.005,2602.164,2633.149,198167.0,False,0,[],,,0,0,0,0.0003588270189598047
2024-10-11 00:00:00+00:00,2633.161,2661.462,2631.937,2656.864,151611.0,False,0,[],,,0,0,0,0.0003509238165124635
2024-10-12 00:00:00+00:00,,,,,,False,0,[],,,0,0,0,0.00033706963163010386
2024-10-13 00:00:00+00:00,2650.086,2652.472,2646.866,2648.091,9810.0,False,0,[],,,0,0,0,0.00035511297602828704
2024-10-14 00:00:00+00:00,2648.131,2666.838,2643.075,2649.357,155997.0,False,0,[],,,0,0,0,0.00035511297602828704
2024-10-15 00:00:00+00:00,2649.419,2668.93,2637.975,2660.5,162946.0,False,0,[],,,0,0,0,0.0014430470284488674
2024-10-16 00:00:00+00:00,2660.498,2685.394,2658.722,2674.087,175421.0,False,0,[],,,0,0,0,0.000507617619993081
2024-10-17 00:00:00+00:00,2674.122,2696.788,2673.132,2693.706,191669.0,False,0,[],,,0,0,0,0.0005875680363613595
2024-10-18 00:00:00+00:00,2693.669,2722.633,2692.768,2721.778,182491.0,False,0,[],,,0,0,0,0.0002873466292974546
2024-10-19 00:00:00+00:00,,,,,,False,0,[],,,0,0,0,0.00033706963163010386
2024-10-20 00:00:00+00:00,2723.092,2725.145,2720.179,2723.416,7439.0,False,0,[],,,0,0,0,0.0002873466292974546
2024-10-21 00:00:00+00:00,2723.457,2740.552,2714.204,2721.483,211140.0,False,0,[],,,0,0,0,0.0002873466292974546
2024-10-22 00:00:00+00:00,2721.483,2748.908,2720.633,2746.553,170417.0,False,0,[],,,0,0,0,0.0003487039653892471
2024-10-23 00:00:00+00:00,2746.557,2758.508,2708.63,2721.258,211359.0,False,0,[],,,0,0,0,0.0002873466292974546
2024-10-24 00:00:00+00:00,2721.219,2743.208,2717.752,2733.844,178418.0,False,0,[],,,0,0,0,0.0002873466292974546
2024-10-25 00:00:00+00:00,2733.885,2747.774,2716.958,2747.023,160219.0,False,0,[],,,0,0,0,0.0003487039653892471
2024-10-26 00:00:00+00:00,,,,,,False,0,[],,,0,0,0,0.00033706963163010386
2024-10-27 00:00:00+00:00,2733.443,2740.176,2730.34,2735.815,12801.0,False,0,[],,,0,0,0,0.0002873466292974546
2024-10-28 00:00:00+00:00,2735.783,2745.917,2724.631,2744.427,158773.0,False,0,[],,,0,0,0,0.0003487039653892471
2024-10-29 00:00:00+00:00,2744.379,2775.399,2743.203,2774.915,180513.0,False,0,[],,,0,0,0,0.00016359645416621577
2024-10-30 00:00:00+00:00,2774.943,2790.075,2770.83,2785.49,176108.0,False,0,[],,,0,0,0,0.00016359645416621577
2024-10-31 00:00:00+00:00,2785.489,2790.067,2731.515,2746.691,197577.0,False,0,[],,,0,0,0,0.0003487039653892471
2024-11-01 00:00:00+00:00,2746.672,2762.275,2733.128,2736.69,186453.0,False,0,[],,,0,0,0,0.0002873466292974546
2024-11-02 00:00:00+00:00,,,,,,False,0,[],,,0,0,0,0.00033706963163010386
2024-11-03 00:00:00+00:00,2732.846,2740.334,2732.568,2738.352,5441.0,False,0,[],,,0,0,0,0.0002873466292974546
2024-11-04 00:00:00+00:00,2738.379,2748.215,2731.742,2736.003,162091.0,False,0,[],,,0,0,0,0.0002873466292974546
2024-11-05 00:00:00+00:00,2736.057,2749.96,2724.694,2745.707,157396.0,False,0,[],,,0,0,0,0.0003487039653892471
2024-11-06 00:00:00+00:00,2745.681,2749.681,2652.335,2664.048,373346.0,False,0,[],,,0,0,0,0.0014430470284488674
2024-11-07 00:00:00+00:00,2664.035,2710.36,2643.208,2706.866,239602.0,False,0,[],,,0,0,0,0.00020821668298404768
2024-11-08 00:00:00+00:00,2706.87,2710.418,2680.286,2684.758,201005.0,False,0,[],,,0,0,0,0.0005875680363613595
2024-11-09 00:00:00+00:00,,,,,,False,0,[],,,0,0,0,0.00033706963163010386
2024-11-10 00:00:00+00:00,2683.161,2685.65,2681.526,2685.605,3705.0,False,0,[],,,0,0,0,0.0005875680363613595
2024-11-11 00:00:00+00:00,2685.638,2686.141,2610.53,2624.038,210718.0,False,0,[],,,0,0,0,0.0003588270189598047
2024-11-12 00:00:00+00:00,2624.025,2627.16,2589.596,2598.955,233995.0,False,0,[],,,0,0,0,0.045775147305522686
2024-11-13 00:00:00+00:00,2599.011,2618.841,2569.222,2570.989,226962.0,False,0,[],,,0,0,0,0.0001280318412460186
2024-11-14 00:00:00+00:00,2571.012,2577.44,2536.747,2566.899,243347.0,False,0,[],,,0,0,0,0.0001280318412460186
2024-11-15 00:00:00+00:00,2566.888,2576.067,2554.392,2562.969,203014.0,False,0,[],,,0,0,0,0.0001280318412460186
2024-11-16 00:00:00+00:00,,,,,,False,0,[],,,0,0,0,0.00033706963163010386
2024-11-17 00:00:00+00:00,2568.027,2575.523,2568.027,2571.477,5706.0,False,0,[],,,0,0,0,0.0001280318412460186
2024-11-18 00:00:00+00:00,2571.415,2615.113,2569.866,2612.704,190751.0,False,0,[],,,0,0,0,0.00044450924679421364
2024-11-19 00:00:00+00:00,2612.731,2639.473,2611.056,2635.166,199557.0,False,0,[],,,0,0,0,0.0003588270189598047
2024-11-20 00:00:00+00:00,2635.153,2655.433,2618.833,2652.124,172891.0,False,0,[],,,0,0,0,0.0005622406720179789
2024-11-21 00:00:00+00:00,2652.153,2673.522,2650.319,2669.159,179753.0,False,0,[],,,0,0,0,0.023375122949742054
2024-11-22 00:00:00+00:00,2669.127,2715.658,2668.844,2715.573,214337.0,False,0,[],,,0,0,0,0.00020821668298404768
2024-11-23 00:00:00+00:00,,,,,,False,0,[],,,0,0,0,0.00033706963163010386
2024-11-24 00:00:00+00:00,2711.186,2721.437,2710.748,2719.756,8448.0,False,0,[],,,0,0,0,0.0002873466292974546
2024-11-25 00:00:00+00:00,2719.73,2720.143,2605.112,2610.46,324815.0,False,0,[],,,0,0,0,0.000882427362874292
2024-11-26 00:00:00+00:00,2610.524,2641.993,2608.477,2632.254,231878.0,False,0,[],,,0,0,0,0.0003588270189598047
2024-11-27 00:00:00+00:00,2632.252,2658.19,2627.017,2637.168,182405.0,False,0,[],,,0,0,0,0.0003588270189598047
2024-11-28 00:00:00+00:00,2637.063,2649.674,2620.844,2638.769,122278.0,False,0,[],,,0,0,0,0.0003588270189598047
2024-11-29 00:00:00+00:00,2638.726,2666.383,2633.969,2655.23,154319.0,False,0,[],,,0,0,0,0.0005622406720179789
2024-11-30 00:00:00+00:00,,,,,,False,0,[],,,0,0,0,0.00033706963163010386
2024-12-01 00:00:00+00:00,2649.036,2650.324,2643.053,2645.659,5611.0,False,0,[],,,0,0,0,0.00035511297602828704
2024-12-02 00:00:00+00:00,2645.756,2651.794,2621.818,2642.211,226540.0,False,0,[],,,0,0,0,0.0005331789932083952
2024-12-03 00:00:00+00:00,2642.223,2655.665,2634.033,2642.721,183287.0,False,0,[],,,0,0,0,0.0005331789932083952
2024-12-04 00:00:00+00:00,2642.725,2657.147,2632.33,2650.397,188295.0,False,0,[],,,0,0,0,0.00035511297602828704
2024-12-05 00:00:00+00:00,2650.404,2655.518,2623.444,2633.713,173676.0,False,0,[],,,0,0,0,0.0003588270189598047
2024-12-06 00:00:00+00:00,2633.721,2645.733,2612.931,2632.88,205014.0,False,0,[],,,0,0,0,0.0003588270189598047
2024-12-07 00:00:00+00:00,,,,,,False,0,[],,,0,0,0,0.00033706963163010386
2024-12-08 00:00:00+00:00,2642.961,2648.547,2636.316,2640.064,8037.0,False,0,[],,,0,0,0,0.0005331789932083952
2024-12-09 00:00:00+00:00,2640.064,2676.431,2627.461,2660.449,196972.0,False,0,[],,,0,0,0,0.0014430470284488674
2024-12-10 00:00:00+00:00,2660.489,2698.332,2657.958,2695.991,180796.0,False,0,[],,,0,0,0,0.0006377022647425411
2024-12-11 00:00:00+00:00,2695.91,2721.058,2675.566,2719.922,185263.0,False,0,[],,,0,0,0,0.0002873466292974546
2024-12-12 00:00:00+00:00,2719.984,2726.206,2675.078,2680.623,73771.0,False,0,[],,,0,0,0,0.000507617619993081
2024-12-13 00:00:00+00:00,2680.617,2692.778,2646.046,2648.392,70311.0,False,0,[],,,0,0,0,0.00035511297602828704
2024-12-14 00:00:00+00:00,,,,,,False,0,[],,,0,0,0,0.00033706963163010386
2024-12-15 00:00:00+00:00,2649.414,2653.127,2648.793,2651.479,1927.0,False,0,[],,,0,0,0,0.0005622406720179789
2024-12-16 00:00:00+00:00,2651.484,2664.447,2643.506,2651.744,118388.0,False,0,[],,,0,0,0,0.0005622406720179789
2024-12-17 00:00:00+00:00,2651.762,2658.625,2632.966,2647.378,161481.0,False,0,[],,,0,0,0,0.00035511297602828704
2024-12-18 00:00:00+00:00,2647.365,2651.737,2583.393,2588.225,184673.0,False,0,[],,,0,0,0,0.00015771698354551307
2024-12-19 00:00:00+00:00,2588.256,2626.43,2586.951,2593.519,208917.0,False,0,[],,,0,0,0,0.00015771698354551307
2024-12-20 00:00:00+00:00,2593.496,2631.875,2589.593,2622.643,178746.0,False,0,[],,,0,0,0,0.0003588270189598047
2024-12-21 00:00:00+00:00,,,,,,False,0,[],,,0,0,0,0.00033706963163010386
2024-12-22 00:00:00+00:00,2623.329,2624.915,2621.733,2624.293,1850.0,False,0,[],,,0,0,0,0.0003588270189598047
2024-12-23 00:00:00+00:00,2624.399,2633.25,2608.079,2615.492,123970.0,False,0,[],,,0,0,0,0.00044450924679421364
2024-12-24 00:00:00+00:00,2615.546,2621.472,2610.007,2616.713,100946.0,False,0,[],,,0,0,0,0.00044450924679421364
2024-12-25 00:00:00+00:00,2615.621,2620.115,2615.371,2618.656,2412.0,False,0,[],,,0,0,0,0.0003588270189598047
2024-12-26 00:00:00+00:00,2618.647,2639.177,2618.613,2632.684,118102.0,False,0,[],,,0,0,0,0.0003588270189598047
2024-12-27 00:00:00+00:00,2632.689,2638.314,2611.579,2621.623,135591.0,False,0,[],,,0,0,0,0.0003588270189598047
2024-12-28 00:00:00+00:00,,,,,,False,0,[],,,0,0,0,0.00033706963163010386
2024-12-29 00:00:00+00:00,2621.977,2626.159,2621.632,2624.035,4007.0,False,0,[],,,0,0,0,0.0003588270189598047
2024-12-30 00:00:00+00:00,2624.08,2628.138,2596.074,2606.677,141342.0,False,0,[],,,0,0,0,0.000882427362874292
2024-12-31 00:00:00+00:00,2606.717,2627.541,2602.591,2624.381,122322.0,False,0,[],,,0,0,0,0.0003588270189598047
2025-01-01 00:00:00+00:00,2625.179,2625.839,2621.647,2623.766,3108.0,False,0,[],,,0,0,0,0.0003588270189598047
2025-01-02 00:00:00+00:00,2623.798,2660.463,2622.72,2658.327,161291.0,False,0,[],,,0,0,0,0.0003509238165124635
2025-01-03 00:00:00+00:00,2658.328,2665.253,2636.618,2640.37,133568.0,False,0,[],,,0,0,0,0.0005331789932083952
2025-01-04 00:00:00+00:00,,,,,,False,0,[],,,0,0,0,0.00033706963163010386
2025-01-05 00:00:00+00:00,2639.644,2642.379,2639.644,2641.063,3244.0,False,0,[],,,0,0,0,0.0005331789932083952
2025-01-06 00:00:00+00:00,2641.098,2649.473,2614.436,2634.681,194653.0,False,0,[],,,0,0,0,0.0003588270189598047
2025-01-07 00:00:00+00:00,2634.636,2664.264,2632.927,2649.807,170932.0,False,0,[],,,0,0,0,0.00035511297602828704
2025-01-08 00:00:00+00:00,2649.817,2670.053,2645.202,2662.507,162452.0,False,0,[],,,0,0,0,0.0014430470284488674
2025-01-09 00:00:00+00:00,2662.526,2678.351,2655.437,2669.952,136010.0,False,0,[],,,0,0,0,0.023375122949742054
2025-01-10 00:00:00+00:00,2669.972,2698.026,2663.99,2689.551,273968.0,False,0,[],,,0,0,0,0.0005875680363613595
2025-01-11 00:00:00+00:00,,,,,,False,0,[],,,0,0,0,0.00033706963163010386
2025-01-12 00:00:00+00:00,2689.769,2691.375,2687.575,2691.105,5107.0,False,0,[],,,0,0,0,0.0005875680363613595
2025-01-13 00:00:00+00:00,2691.128,2693.356,2656.768,2668.058,263732.0,False,0,[],,,0,0,0,0.023375122949742054
2025-01-14 00:00:00+00:00,2667.97,2678.294,2659.773,2675.589,201689.0,False,0,[],,,0,0,0,0.000507617619993081
2025-01-15 00:00:00+00:00,2675.58,2697.97,2669.382,2694.965,219198.0,False,0,[],,,0,0,0,0.0006377022647425411
2025-01-16 00:00:00+00:00,2694.983,2724.714,2689.907,2714.578,245243.0,False,0,[],,,0,0,0,0.00020821668298404768
2025-01-17 00:00:00+00:00,2714.623,2717.34,2699.242,2702.879,165297.0,False,0,[],,,0,0,0,0.010040135399125731
2025-01-18 00:00:00+00:00,,,,,,False,0,[],,,0,0,0,0.00033706963163010386
2025-01-19 00:00:00+00:00,2702.629,2703.083,2691.55,2696.424,4775.0,False,0,[],,,0,0,0,0.0006377022647425411
2025-01-20 00:00:00+00:00,2696.424,2713.77,2689.367,2710.445,143590.0,False,0,[],,,0,0,0,0.00020821668298404768
2025-01-21 00:00:00+00:00,2710.433,2745.963,2702.805,2744.259,169542.0,False,0,[],,,0,0,0,0.0003487039653892471
2025-01-22 00:00:00+00:00,2744.309,2763.43,2742.713,2755.583,221097.0,False,0,[],,,0,0,0,0.00016359645416621577
2025-01-23 00:00:00+00:00,2755.564,2758.962,2735.77,2754.543,235033.0,False,0,[],,,0,0,0,0.00016359645416621577
2025-01-24 00:00:00+00:00,2754.546,2786.013,2754.338,2771.079,222215.0,False,0,[],,,0,0,0,0.00016359645416621577
2025-01-25 00:00:00+00:00,,,,,,False,0,[],,,0,0,0,0.00033706963163010386
2025-01-26 00:00:00+00:00,2765.65,2769.721,2765.185,2767.553,8224.0,False,0,[],,,0,0,0,0.00016359645416621577
2025-01-27 00:00:00+00:00,2767.554,2772.571,2730.452,2741.71,279601.0,False,0,[],,,0,0,0,0.0003487039653892471
2025-01-28 00:00:00+00:00,2741.743,2765.052,2734.762,2762.702,205288.0,False,0,[],,,0,0,0,0.00016359645416621577
2025-01-29 00:00:00+00:00,2762.7,2766.271,2744.729,2760.303,226731.0,False,0,[],,,0,0,0,0.00016359645416621577
2025-01-30 00:00:00+00:00,2760.243,2798.476,2758.633,2796.146,234687.0,False,0,[],,,0,0,0,0.00021203016656518386
2025-01-31 00:00:00+00:00,2796.183,2817.244,2791.0,2799.348,294552.0,False,0,[],,,0,0,0,0.00021203016656518386
2025-02-01 00:00:00+00:00,,,,,,False,0,[],,,0,0,0,0.00033706963163010386
2025-02-02 00:00:00+00:00,2801.018,2804.653,2784.367,2793.709,36959.0,False,0,[],,,0,0,0,0.00021203016656518386
2025-02-03 00:00:00+00:00,2793.726,2830.604,2772.115,2814.023,393245.0,False,0,[],,,0,0,0,0.00021203016656518386
2025-02-04 00:00:00+00:00,2813.985,2845.504,2807.172,2841.206,313091.0,False,0,[],,,0,0,0,0.00021203016656518386
2025-02-05 00:00:00+00:00,2841.26,2882.425,2839.698,2869.279,291143.0,False,0,[],,,0,0,0,0.00016302931983116142
2025-02-06 00:00:00+00:00,2869.272,2873.32,2834.056,2858.0,291048.0,False,0,[],,,0,0,0,0.00016302931983116142
2025-02-07 00:00:00+00:00,2857.994,2886.747,2852.393,2861.006,274179.0,False,0,[],,,0,0,0,0.00016302931983116142
2025-02-08 00:00:00+00:00,,,,,,False,0,[],,,0,0,0,0.00033706963163010386
2025-02-09 00:00:00+00:00,2861.269,2870.59,2860.092,2867.495,7930.0,False,0,[],,,0,0,0,0.00016302931983116142
2025-02-10 00:00:00+00:00,2867.539,2921.675,2865.83,2917.847,259382.0,False,0,[],,,0,0,0,0.0001660867577863291
2025-02-11 00:00:00+00:00,2917.894,2942.682,2881.733,2898.536,361172.0,False,0,[],,,0,0,0,0.00018335813699342605
2025-02-12 00:00:00+00:00,2898.562,2909.267,2864.107,2905.781,269825.0,False,0,[],,,0,0,0,0.00017508016594480722
2025-02-13 00:00:00+00:00,2905.756,2932.484,2901.454,2931.217,228155.0,False,0,[],,,0,0,0,0.0002376403544375683
2025-02-14 00:00:00+00:00,2931.192,2940.005,2876.991,2882.772,290324.0,False,0,[],,,0,0,0,0.00018335813699342605
2025-02-15 00:00:00+00:00,,,,,,False,0,[],,,0,0,0,0.00033706963163010386
2025-02-16 00:00:00+00:00,2893.643,2894.031,2878.43,2879.221,16153.0,False,0,[],,,0,0,0,0.00018335813699342605
2025-02-17 00:00:00+00:00,2879.254,2906.488,2879.254,2899.373,177587.0,False,0,[],,,0,0,0,0.00018335813699342605
2025-02-18 00:00:00+00:00,2899.325,2936.994,2892.003,2934.061,170603.0,False,0,[],,,0,0,0,0.0002376403544375683
2025-02-19 00:00:00+00:00,2934.059,2947.041,2918.591,2935.384,200762.0,False,0,[],,,0,0,0,0.00025330073270797543
2025-02-20 00:00:00+00:00,2935.386,2954.975,2924.123,2941.53,198892.0,False,0,[],,,0,0,0,0.00025330073270797543
2025-02-21 00:00:00+00:00,2941.57,2949.759,2916.682,2936.453,205628.0,False,0,[],,,0,0,0,0.00025330073270797543
2025-02-22 00:00:00+00:00,,,,,,False,0,[],,,0,0,0,0.00033706963163010386
2025-02-23 00:00:00+00:00,2939.411,2940.553,2936.426,2936.867,6023.0,False,0,[],,,0,0,0,0.00025330073270797543
2025-02-24 00:00:00+00:00,2936.863,2956.199,2921.316,2949.996,210105.0,False,0,[],,,0,0,0,0.00024215762265809263
2025-02-25 00:00:00+00:00,2949.957,2952.552,2888.229,2918.604,244900.0,False,0,[],,,0,0,0,0.0001660867577863291
2025-02-26 00:00:00+00:00,2918.637,2930.141,2890.669,2919.118,192458.0,False,0,[],,,0,0,0,0.0002376403544375683
2025-02-27 00:00:00+00:00,2919.176,2919.176,2867.74,2876.063,266046.0,False,0,[],,,0,0,0,0.00016302931983116142
2025-02-28 00:00:00+00:00,2876.069,2885.034,2832.578,2858.314,244465.0,False,0,[],,,0,0,0,0.00016302931983116142
2025-03-01 00:00:00+00:00,,,,,,False,0,[],,,0,0,0,0.00033706963163010386
2025-03-02 00:00:00+00:00,2873.556,2876.984,2864.016,2870.799,14057.0,False,0,[],,,0,0,0,0.00016302931983116142
2025-03-03 00:00:00+00:00,2870.866,2895.267,2858.83,2890.886,205576.0,False,0,[],,,0,0,0,0.00018335813699342605
2025-03-04 00:00:00+00:00,2890.863,2927.891,2881.944,2914.363,223089.0,False,0,[],,,0,0,0,0.0001660867577863291
2025-03-05 00:00:00+00:00,2914.36,2930.042,2894.294,2918.236,264830.0,False,0,[],,,0,0,0,0.0001660867577863291
2025-03-06 00:00:00+00:00,2918.237,2926.584,2891.159,2910.359,233061.0,False,0,[],,,0,0,0,0.00017508016594480722
2025-03-07 00:00:00+00:00,2910.292,2930.525,2896.597,2911.256,272893.0,False,0,[],,,0,0,0,0.00017508016594480722
2025-03-08 00:00:00+00:00,,,,,,False,0,[],,,0,0,0,0.00033706963163010386
2025-03-09 00:00:00+00:00,2912.347,2917.051,2909.626,2916.187,10308.0,False,0,[],,,0,0,0,0.0001660867577863291
2025-03-10 00:00:00+00:00,2916.19,2918.312,2880.192,2884.685,259750.0,False,0,[],,,0,0,0,0.00018335813699342605
2025-03-11 00:00:00+00:00,2884.724,2922.232,2880.093,2915.551,191215.0,False,0,[],,,0,0,0,0.0001660867577863291
2025-03-12 00:00:00+00:00,2915.589,2940.574,2905.97,2938.039,202073.0,False,0,[],,,0,0,0,0.00025330073270797543
2025-03-13 00:00:00+00:00,2938.025,2989.943,2932.895,2986.435,208033.0,False,0,[],,,0,0,0,0.00024215762265809263
2025-03-14 00:00:00+00:00,2986.473,3004.92,2978.396,2986.37,200413.0,False,0,[],,,0,0,0,0.00024215762265809263
2025-03-15 00:00:00+00:00,,,,,,False,0,[],,,0,0,0,0.00033706963163010386
2025-03-16 00:00:00+00:00,2987.601,2994.118,2986.054,2990.061,7875.0,False,0,[],,,0,0,0,0.00024215762265809263
2025-03-17 00:00:00+00:00,2989.965,3002.8,2982.158,2999.831,149674.0,False,0,[],,,0,0,0,0.00026400082721890196
2025-03-18 00:00:00+00:00,2999.803,3038.334,2999.49,3031.774,178353.0,False,0,[],,,0,0,0,0.00022378631200945822
2025-03-19 00:00:00+00:00,3031.801,3051.945,3022.738,3050.026,176825.0,False,0,[],,,0,0,0,0.00022378631200945822
2025-03-20 00:00:00+00:00,3050.023,3057.484,3025.619,3046.409,193361.0,False,0,[],,,0,0,0,0.00022378631200945822
2025-03-21 00:00:00+00:00,3046.335,3047.435,2999.411,3023.493,193662.0,False,0,[],,,0,0,0,0.00022378631200945822
2025-03-22 00:00:00+00:00,,,,,,False,0,[],,,0,0,0,0.00033706963163010386
2025-03-23 00:00:00+00:00,3023.441,3026.293,3022.143,3024.721,6799.0,False,0,[],,,0,0,0,0.00022378631200945822
2025-03-24 00:00:00+00:00,3024.709,3033.208,3002.438,3009.91,176546.0,False,0,[],,,0,0,0,0.00026400082721890196
2025-03-25 00:00:00+00:00,3009.945,3035.942,3007.492,3021.041,148196.0,False,0,[],,,0,0,0,0.00022378631200945822
2025-03-26 00:00:00+00:00,3021.037,3032.042,3012.325,3021.623,154217.0,False,0,[],,,0,0,0,0.00022378631200945822
2025-03-27 00:00:00+00:00,3021.563,3059.819,3021.522,3055.71,209041.0,False,0,[],,,0,0,0,0.00022378631200945822
2025-03-28 00:00:00+00:00,3055.726,3086.803,3054.998,3085.002,213920.0,False,0,[],,,0,0,0,0.00022378631200945822
2025-03-29 00:00:00+00:00,,,,,,False,0,[],,,0,0,0,0.00033706963163010386
2025-03-30 00:00:00+00:00,3092.531,3097.884,3087.793,3089.213,13269.0,False,0,[],,,0,0,0,0.00022378631200945822
2025-03-31 00:00:00+00:00,3089.159,3128.165,3076.834,3120.581,276709.0,False,0,[],,,0,0,0,0.00024119867934570448
2025-04-01 00:00:00+00:00,3120.576,3149.03,3100.761,3115.168,272539.0,False,0,[],,,0,0,0,0.00024119867934570448
2025-04-02 00:00:00+00:00,3115.16,3167.792,3104.723,3162.709,319630.0,False,0,[],,,0,0,0,0.00024119867934570448
2025-04-03 00:00:00+00:00,3162.602,3164.812,3054.052,3112.884,498345.0,False,0,[],,,0,0,0,0.00024119867934570448
2025-04-04 00:00:00+00:00,3112.908,3136.756,3015.556,3038.506,516410.0,False,0,[],,,0,0,0,0.00022378631200945822
2025-04-05 00:00:00+00:00,,,,,,False,0,[],,,0,0,0,0.00033706963163010386
2025-04-06 00:00:00+00:00,3028.686,3032.445,2977.024,2999.944,46332.0,False,0,[],,,0,0,0,0.00026400082721890196
2025-04-07 00:00:00+00:00,2999.954,3055.804,2956.37,2981.328,684922.0,False,0,[],,,0,0,0,0.00024215762265809263
2025-04-08 00:00:00+00:00,2981.363,3022.746,2969.978,2978.321,332998.0,False,0,[],,,0,0,0,0.00024215762265809263
2025-04-09 00:00:00+00:00,2978.367,3099.689,2972.477,3086.784,457935.0,False,0,[],,,0,0,0,0.00022378631200945822
2025-04-10 00:00:00+00:00,3086.745,3191.324,3078.417,3188.972,358882.0,False,0,[],,,0,0,0,0.00024119867934570448
2025-04-11 00:00:00+00:00,3188.993,3245.436,3184.855,3237.519,383617.0,False,0,[],,,0,0,0,0.00025090801722186347
2025-04-12 00:00:00+00:00,,,,,,False,0,[],,,0,0,0,0.00033706963163010386
2025-04-13 00:00:00+00:00,3220.46,3224.786,3213.589,3223.733,19689.0,False,0,[],,,0,0,0,0.00025090801722186347
2025-04-14 00:00:00+00:00,3223.699,3245.757,3193.552,3212.626,264800.0,False,0,[],,,0,0,0,0.00025090801722186347
2025-04-15 00:00:00+00:00,3212.601,3251.788,3209.977,3251.78,184876.0,False,0,[],,,0,0,0,0.0002526115885416171
2025-04-16 00:00:00+00:00,3251.804,3357.779,3251.59,3350.133,295474.0,False,0,[],,,0,0,0,0.0007518608391658122
2025-04-17 00:00:00+00:00,3350.168,3356.281,3283.822,3327.671,308973.0,False,0,[],,,0,0,0,0.00027414336071184914
2025-04-18 00:00:00+00:00,,,,,,False,0,[],,,0,0,0,0.00033706963163010386
2025-04-19 00:00:00+00:00,,,,,,False,0,[],,,0,0,0,0.00033706963163010386
2025-04-20 00:00:00+00:00,3331.849,3353.102,3331.315,3348.078,23727.0,False,0,[],,,0,0,0,0.09287517988144733
2025-04-21 00:00:00+00:00,3348.119,3444.267,3347.487,3434.548,296474.0,False,0,[],,,0,0,0,0.001201131126898818
2025-04-22 00:00:00+00:00,3434.524,3500.094,3315.828,3336.561,547421.0,False,0,[],,,0,0,0,0.0002613804777046252
2025-04-23 00:00:00+00:00,3336.535,3386.661,3260.042,3316.383,494875.0,False,0,[],,,0,0,0,0.00030346867058489186
2025-04-24 00:00:00+00:00,3316.351,3370.789,3306.739,3348.976,350510.0,False,0,[],,,0,0,0,0.0011042495673983807
2025-04-25 00:00:00+00:00,3348.951,3363.157,3265.063,3318.798,321226.0,False,0,[],,,0,0,0,0.00021353950591833886
2025-04-26 00:00:00+00:00,,,,,,False,0,[],,,0,0,0,0.00033706963163010386
2025-04-27 00:00:00+00:00,3325.64,3330.215,3298.606,3302.739,25711.0,False,0,[],,,0,0,0,0.0001660655230085174
2025-04-28 00:00:00+00:00,3302.791,3352.993,3268.077,3337.682,306656.0,False,0,[],,,0,0,0,0.00021437630916582338
2025-04-29 00:00:00+00:00,3337.643,3340.035,3299.649,3317.122,257400.0,False,0,[],,,0,0,0,0.00030346867058489186
2025-04-30 00:00:00+00:00,3317.122,3327.982,3266.901,3272.887,297867.0,False,0,[],,,0,0,0,0.0002356257461178734
2025-05-01 00:00:00+00:00,3272.922,3276.326,3201.862,3237.253,318777.0,False,0,[],,,0,0,0,0.00025090801722186347
2025-05-02 00:00:00+00:00,3237.291,3269.242,3222.721,3240.947,280535.0,False,0,[],,,0,0,0,0.0002526115885416171
2025-05-03 00:00:00+00:00,,,,,,False,0,[],,,0,0,0,0.00033706963163010386
2025-05-04 00:00:00+00:00,3238.49,3252.3,3237.494,3247.931,17244.0,False,0,[],,,0,0,0,0.0002526115885416171
2025-05-05 00:00:00+00:00,3247.986,3338.019,3241.18,3334.031,263317.0,False,0,[],,,0,0,0,0.000259847836906808
2025-05-06 00:00:00+00:00,3334.038,3435.016,3323.211,3400.68,375909.0,False,0,[],,,0,0,0,0.001201131126898818
2025-05-07 00:00:00+00:00,3400.723,3401.666,3360.068,3376.488,356943.0,False,0,[],,,0,0,0,0.00046710343438839013
2025-05-08 00:00:00+00:00,3376.515,3414.851,3288.697,3316.412,386953.0,False,0,[],,,0,0,0,0.00030346867058489186
2025-05-09 00:00:00+00:00,3316.448,3347.556,3274.676,3326.805,270093.0,False,0,[],,,0,0,0,0.0002189292763038862
2025-05-10 00:00:00+00:00,,,,,,False,0,[],,,0,0,0,0.00033706963163010386
2025-05-11 00:00:00+00:00,3282.255,3292.619,3265.847,3287.534,32363.0,False,0,[],,,0,0,0,0.0002356257461178734
2025-05-12 00:00:00+00:00,3287.506,3289.998,3207.693,3236.88,398350.0,False,0,[],,,0,0,0,0.00025090801722186347
2025-05-13 00:00:00+00:00,3236.906,3265.659,3215.87,3254.414,262850.0,False,0,[],,,0,0,0,0.0002526115885416171
2025-05-14 00:00:00+00:00,3254.388,3254.646,3167.97,3186.128,312086.0,False,0,[],,,0,0,0,0.00024119867934570448
2025-05-15 00:00:00+00:00,3186.011,3252.105,3120.681,3237.15,310831.0,False,0,[],,,0,0,0,0.00025090801722186347
2025-05-16 00:00:00+00:00,3237.175,3244.615,3154.289,3202.214,313131.0,False,0,[],,,0,0,0,0.00025090801722186347
2025-05-17 00:00:00+00:00,,,,,,False,0,[],,,0,0,0,0.00033706963163010386
2025-05-18 00:00:00+00:00,3214.226,3245.227,3211.674,3234.91,28665.0,False,0,[],,,0,0,0,0.00025090801722186347
2025-05-19 00:00:00+00:00,3234.947,3249.812,3206.584,3222.532,266959.0,False,0,[],,,0,0,0,0.00025090801722186347
2025-05-20 00:00:00+00:00,3222.561,3304.112,3204.521,3290.695,274689.0,False,0,[],,,0,0,0,0.0002356257461178734
2025-05-21 00:00:00+00:00,3290.734,3324.897,3285.42,3320.085,284285.0,False,0,[],,,0,0,0,0.00021353950591833886
2025-05-22 00:00:00+00:00,3320.121,3345.472,3279.252,3300.146,302849.0,False,0,[],,,0,0,0,0.00022294446792269355
2025-05-23 00:00:00+00:00,3300.172,3365.925,3286.972,3356.306,303458.0,False,0,[],,,0,0,0,0.0002686183616942928
2025-05-24 00:00:00+00:00,,,,,,False,0,[],,,0,0,0,0.00033706963163010386
2025-05-25 00:00:00+00:00,3352.095,3352.48,3341.363,3342.713,22939.0,False,0,[],,,0,0,0,0.00025182531329856944
2025-05-26 00:00:00+00:00,3342.691,3356.859,3323.511,3346.139,165193.0,False,0,[],,,0,0,0,0.342526992484989
2025-05-27 00:00:00+00:00,3346.182,3350.029,3285.089,3309.411,249370.0,False,0,[],,,0,0,0,0.0001660655230085174
2025-05-28 00:00:00+00:00,3309.431,3325.507,3250.232,3259.895,245300.0,False,0,[],,,0,0,0,0.0002526115885416171
2025-05-29 00:00:00+00:00,3259.921,3331.225,3245.432,3315.503,268437.0,False,0,[],,,0,0,0,0.00030346867058489186
2025-05-30 00:00:00+00:00,3315.498,3322.745,3271.526,3289.665,264400.0,False,0,[],,,0,0,0,0.0002356257461178734
2025-05-31 00:00:00+00:00,,,,,,False,0,[],,,0,0,0,0.00033706963163010386
2025-06-01 00:00:00+00:00,3303.113,3316.742,3299.873,3310.255,16999.0,False,0,[],,,0,0,0,0.0001660655230085174
2025-06-02 00:00:00+00:00,3310.213,3392.238,3301.452,3387.456,234603.0,False,0,[],,,0,0,0,0.003886282717997949
2025-06-03 00:00:00+00:00,3387.407,3388.671,3333.053,3359.996,224937.0,False,0,[],,,0,0,0,0.0006061928962536349
2025-06-04 00:00:00+00:00,3359.943,3384.637,3343.732,3378.042,217983.0,False,0,[],,,0,0,0,0.00046710343438839013
2025-06-05 00:00:00+00:00,3378.099,3403.592,3339.37,3361.81,319027.0,False,0,[],,,0,0,0,0.0004559148276151349
2025-06-06 00:00:00+00:00,3361.867,3375.685,3307.053,3311.702,266604.0,False,0,[],,,0,0,0,0.0001660655230085174
2025-06-07 00:00:00+00:00,,,,,,False,0,[],,,0,0,0,0.00033706963163010386
2025-06-08 00:00:00+00:00,3317.818,3321.217,3309.24,3318.038,14520.0,False,0,[],,,0,0,0,0.00021353950591833886
2025-06-09 00:00:00+00:00,3318.082,3338.24,3293.428,3326.766,200114.0,False,0,[],,,0,0,0,0.0002189292763038862
2025-06-10 00:00:00+00:00,3326.809,3349.153,3301.917,3327.862,228346.0,False,0,[],,,0,0,0,0.00027414336071184914
2025-06-11 00:00:00+00:00,3327.936,3373.534,3319.245,3365.376,271148.0,False,0,[],,,0,0,0,0.0020655496813912913
2025-06-12 00:00:00+00:00,3365.4,3399.02,3338.57,3395.882,279821.0,False,0,[],,,0,0,0,0.001201131126898818
2025-06-13 00:00:00+00:00,3395.837,3446.819,3391.759,3433.449,340949.0,False,0,[],,,0,0,0,0.001201131126898818
2025-06-14 00:00:00+00:00,,,,,,False,0,[],,,0,0,0,0.00033706963163010386
2025-06-15 00:00:00+00:00,3440.955,3451.252,3438.591,3444.141,24939.0,False,0,[],,,0,0,0,0.001201131126898818
2025-06-16 00:00:00+00:00,3444.166,3451.237,3382.735,3402.769,275599.0,False,0,[],,,0,0,0,0.001201131126898818
2025-06-17 00:00:00+00:00,3402.815,3403.269,3366.079,3387.369,267257.0,False,0,[],,,0,0,0,0.003886282717997949
2025-06-18 00:00:00+00:00,3387.295,3400.011,3362.474,3375.023,245285.0,False,0,[],,,0,0,0,0.0013489046692252082
2025-06-19 00:00:00+00:00,3375.042,3387.941,3347.503,3368.739,184534.0,False,0,[],,,0,0,0,0.00029411570881319554
2025-06-20 00:00:00+00:00,3368.763,3374.477,3340.345,3368.546,185599.0,False,0,[],,,0,0,0,0.00029411570881319554
2025-06-21 00:00:00+00:00,,,,,,False,0,[],,,0,0,0,0.00033706963163010386
2025-06-22 00:00:00+00:00,3384.117,3388.96,3371.197,3372.755,26325.0,False,0,[],,,0,0,0,0.0005023278672885677
2025-06-23 00:00:00+00:00,3372.776,3393.565,3341.446,3344.235,254925.0,False,0,[],,,0,0,0,0.0003759411699233861
2025-06-24 00:00:00+00:00,3344.27,3357.912,3295.397,3324.142,255984.0,False,0,[],,,0,0,0,0.00016225050544247475
2025-06-25 00:00:00+00:00,3324.139,3340.194,3311.894,3339.028,159654.0,False,0,[],,,0,0,0,0.0001577681735918236
2025-06-26 00:00:00+00:00,3338.987,3350.37,3309.947,3318.758,197675.0,False,0,[],,,0,0,0,0.00021353950591833886
2025-06-27 00:00:00+00:00,3318.788,3322.068,3255.836,3274.598,241661.0,False,0,[],,,0,0,0,0.0002356257461178734
2025-06-28 00:00:00+00:00,,,,,,False,0,[],,,0,0,0,0.00033706963163010386
2025-06-29 00:00:00+00:00,3272.488,3274.234,3247.921,3263.806,27906.0,False,0,[],,,0,0,0,0.0002526115885416171
2025-06-30 00:00:00+00:00,3263.775,3314.602,3259.456,3312.441,184948.0,False,0,[],,,0,0,0,0.0001660655230085174
2025-07-01 00:00:00+00:00,3312.493,3358.015,3309.899,3338.152,187548.0,False,0,[],,,0,0,0,0.00021437630916582338
2025-07-02 00:00:00+00:00,3338.186,3365.748,3327.563,3349.395,176169.0,False,0,[],,,0,0,0,0.0011042495673983807
2025-07-03 00:00:00+00:00,3349.42,3363.677,3311.535,3330.871,180193.0,False,0,[],,,0,0,0,0.00022617783331198134
2025-07-04 00:00:00+00:00,3330.875,3345.098,3325.869,3335.07,96936.0,False,0,[],,,0,0,0,0.00017568291429094667
2025-07-05 00:00:00+00:00,,,,,,False,0,[],,,0,0,0,0.00033706963163010386
2025-07-06 00:00:00+00:00,3341.408,3341.924,3326.187,3328.853,12001.0,False,0,[],,,0,0,0,0.0002700139456760394
2025-07-07 00:00:00+00:00,3328.83,3345.827,3296.296,3334.653,206382.0,False,0,[],,,0,0,0,0.00017568291429094667
2025-07-08 00:00:00+00:00,3334.697,3339.5,3287.069,3302.277,195816.0,False,0,[],,,0,0,0,0.0001660655230085174
2025-07-09 00:00:00+00:00,3302.365,3321.176,3282.626,3317.639,179020.0,False,0,[],,,0,0,0,0.00021353950591833886
2025-07-10 00:00:00+00:00,3317.559,3330.337,3310.064,3323.808,159172.0,False,0,[],,,0,0,0,0.00016225050544247475
2025-07-11 00:00:00+00:00,3323.764,3368.749,3323.637,3355.105,187015.0,False,0,[],,,0,0,0,0.00038438834484773624
2025-07-12 00:00:00+00:00,,,,,,False,0,[],,,0,0,0,0.00033706963163010386
2025-07-13 00:00:00+00:00,3361.295,3374.044,3359.658,3367.772,17898.0,False,0,[],,,0,0,0,0.00029411570881319554
2025-07-14 00:00:00+00:00,3367.731,3375.078,3340.954,3345.337,170087.0,False,0,[],,,0,0,0,0.342526992484989
2025-07-15 00:00:00+00:00,3345.299,3366.356,3320.218,3331.056,176961.0,False,0,[],,,0,0,0,0.00022617783331198134
2025-07-16 00:00:00+00:00,3331.092,3377.55,3319.529,3346.526,240482.0,False,0,[],,,0,0,0,0.02634736116824485
2025-07-17 00:00:00+00:00,3346.556,3347.405,3309.883,3340.139,165114.0,False,0,[],,,0,0,0,0.00017919398111283644
2025-07-18 00:00:00+00:00,3340.176,3361.273,3331.762,3354.729,103364.0,False,0,[],,,0,0,0,0.00038438834484773624
