Datetime,Open,High,Low,Close,Volume
2021-07-02,1784.877,1791.777,1777.953,1787.446,32374
2021-07-04,1787.277,1787.581,1785.461,1786.184,2629
2021-07-05,1786.187,1794.547,1784.426,1791.224,49850
2021-07-06,1791.212,1814.961,1789.852,1795.55,88022
2021-07-07,1795.503,1809.674,1793.869,1803.285,82056
2021-07-08,1803.28,1818.312,1793.986,1803.723,91930
2021-07-09,1803.736,1812.27,1796.594,1808.222,75868
2021-07-11,1808.049,1808.455,1806.301,1806.405,2559
2021-07-12,1806.452,1810.773,1791.409,1807.082,72109
2021-07-13,1807.079,1816.915,1798.539,1805.994,79085
2021-07-14,1805.999,1829.707,1804.457,1826.375,77940
2021-07-15,1826.376,1834.039,1820.217,1829.45,73364
2021-07-16,1829.45,1831.446,1808.937,1812.007,75798
2021-07-18,1811.224,1815.844,1810.351,1815.7,3342
2021-07-19,1815.7,1817.25,1794.815,1811.304,83599
2021-07-20,1811.325,1824.88,1804.85,1809.737,79652
2021-07-21,1809.735,1813.643,1794.42,1802.54,75098
2021-07-22,1802.492,1808.426,1792.692,1807.081,72781
2021-07-23,1807.077,1810.26,1789.193,1802.126,66651
2021-07-25,1802.274,1802.712,1800.053,1800.344,2119
2021-07-26,1800.329,1811.448,1796.276,1797.55,65247
2021-07-27,1797.556,1805.172,1793.382,1799.856,69363
2021-07-28,1799.873,1810.216,1792.394,1809.307,77659
2021-07-29,1809.275,1832.548,1808.585,1830.189,68510
2021-07-30,1830.198,1831.257,1810.141,1813.934,60194
2021-08-01,1814.431,1814.955,1812.009,1813.79,2616
2021-08-02,1813.796,1819.432,1805.525,1812.447,64882
2021-08-03,1812.492,1814.924,1806.999,1811.071,54644
2021-08-04,1811.063,1831.657,1806.308,1811.616,67227
2021-08-05,1811.614,1814.766,1797.515,1803.396,60225
2021-08-06,1803.351,1803.601,1758.355,1763.819,87291
2021-08-08,1761.426,1762.323,1686.784,1719.053,34650
2021-08-09,1719.031,1752.663,1706.031,1731.457,148310
2021-08-10,1731.45,1738.24,1717.704,1726.89,91847
2021-08-11,1726.899,1754.265,1723.979,1752.326,101089
2021-08-12,1752.311,1758.105,1741.322,1753.415,86793
2021-08-13,1753.382,1779.901,1751.651,1779.509,71770
2021-08-15,1779.017,1779.976,1778.408,1778.758,2835
2021-08-16,1778.763,1789.175,1770.84,1787.457,74452
2021-08-17,1787.424,1795.519,1780.495,1786.126,71076
2021-08-18,1786.121,1793.685,1777.122,1787.381,72330
2021-08-19,1787.379,1792.366,1774.073,1778.962,81104
2021-08-20,1778.97,1788.339,1778.279,1781.235,62967
2021-08-22,1781.378,1782.284,1777.329,1778.626,2941
2021-08-23,1778.613,1806.232,1776.413,1804.758,64177
2021-08-24,1804.712,1809.502,1800.678,1801.705,56398
2021-08-25,1801.715,1802.593,1782.356,1791.52,66001
2021-08-26,1791.518,1798.112,1779.77,1793.451,65991
2021-08-27,1793.4,1819.125,1784.41,1816.778,76983
2021-08-29,1817.936,1819.111,1817.133,1818.39,2766
2021-08-30,1818.386,1823.157,1807.65,1810.386,53902
2021-08-31,1810.341,1819.047,1801.544,1814.435,64888
2021-09-01,1814.426,1819.911,1808.588,1813.02,61456
2021-09-02,1813.018,1817.008,1804.63,1809.364,51452
2021-09-03,1809.362,1833.859,1808.878,1827.573,64079
2021-09-05,1828.089,1830.149,1827.417,1827.555,2797
2021-09-06,1827.545,1828.416,1821.315,1823.518,33717
2021-09-07,1823.52,1827.179,1792.28,1795.591,66429
2021-09-08,1795.589,1802.087,1782.3,1790.691,71138
2021-09-09,1790.683,1800.893,1783.752,1794.676,70724
2021-09-10,1794.695,1803.772,1787.08,1787.614,64244
2021-09-12,1787.288,1788.683,1786.96,1787.298,2332
2021-09-13,1787.29,1798.314,1783.442,1792.955,64448
2021-09-14,1792.956,1808.59,1780.279,1803.691,69457
2021-09-15,1803.701,1806.763,1790.604,1795.002,64379
2021-09-16,1794.956,1796.083,1745.019,1753.842,101275
2021-09-17,1753.841,1767.452,1747.306,1754.536,89896
2021-09-19,1754.698,1755.162,1751.188,1754.121,5272
2021-09-20,1754.118,1766.923,1741.741,1764.948,85235
2021-09-21,1764.917,1781.613,1757.869,1774.882,77160
2021-09-22,1774.886,1787.164,1764.582,1766.952,98326
2021-09-23,1766.984,1776.51,1737.392,1746.198,99000
2021-09-24,1746.201,1757.561,1740.411,1750.494,79889
2021-09-26,1750.033,1750.774,1748.214,1749.495,2904
2021-09-27,1749.526,1760.795,1744.608,1751.211,82685
2021-09-28,1751.215,1754.411,1728.069,1735.3,106412
2021-09-29,1735.309,1745.472,1721.571,1728.823,94568
2021-09-30,1728.854,1764.08,1722.212,1753.077,98404
2021-10-01,1753.07,1764.191,1749.685,1760.453,95092
2021-10-03,1760.954,1765.195,1760.954,1763.152,4731
2021-10-04,1763.151,1770.487,1747.627,1768.073,91610
2021-10-05,1768.042,1768.32,1748.561,1759.287,83790
2021-10-06,1759.285,1765.063,1745.822,1763.946,96033
2021-10-07,1763.913,1766.891,1751.935,1755.094,78433
2021-10-08,1755.097,1781.292,1753.32,1757.212,94235
2021-10-10,1757.272,1757.764,1750.915,1753.953,5680
2021-10-11,1753.956,1760.948,1750.128,1753.295,67156
2021-10-12,1753.334,1769.3,1750.71,1760.362,86462
2021-10-13,1760.331,1795.969,1757.826,1791.652,90058
2021-10-14,1791.698,1800.406,1786.647,1795.329,60946
2021-10-15,1795.327,1796.369,1764.652,1767.427,79571
2021-10-17,1766.961,1772.013,1764.565,1770.952,4852
2021-10-18,1770.983,1772.007,1760.276,1763.948,90608
2021-10-19,1763.964,1785.062,1763.269,1768.661,85397
2021-10-20,1768.664,1788.368,1766.839,1781.408,81100
2021-10-21,1781.376,1789.366,1776.245,1784.594,85974
2021-10-22,1784.561,1813.56,1782.595,1792.853,80364
2021-10-24,1792.926,1794.371,1792.388,1794.301,2852
2021-10-25,1794.347,1809.717,1792.182,1807.792,65577
2021-10-26,1807.777,1807.848,1782.191,1793.554,77581
2021-10-27,1793.571,1799.027,1783.397,1796.583,90841
2021-10-28,1796.552,1810.38,1791.986,1799.575,108937
2021-10-29,1799.559,1799.944,1771.896,1783.296,108246
2021-10-31,1783.269,1783.269,1779.055,1780.026,3100
2021-11-01,1780.02,1795.686,1779.988,1792.047,77556
2021-11-02,1792.077,1796.349,1786.064,1787.125,77070
2021-11-03,1787.099,1787.579,1758.534,1777.242,111343
2021-11-04,1777.274,1798.894,1770.762,1791.317,87518
2021-11-05,1791.322,1818.269,1784.842,1818.124,101560
2021-11-07,1815.75,1818.072,1815.47,1815.82,2370
2021-11-08,1815.83,1826.395,1812.403,1824.501,81628
2021-11-09,1824.498,1832.624,1819.119,1829.861,88034
2021-11-10,1829.858,1868.193,1822.076,1848.511,113364
2021-11-11,1848.493,1865.739,1842.86,1862.286,82000
2021-11-12,1862.285,1868.574,1845.229,1864.361,86385
2021-11-14,1866.804,1867.783,1865.24,1865.476,2251
2021-11-15,1865.49,1870.267,1856.308,1862.387,78143
2021-11-16,1862.356,1877.067,1849.644,1850.311,99080
2021-11-17,1850.313,1868.063,1849.53,1866.479,78536
2021-11-18,1866.507,1870.883,1855.023,1859.578,83759
2021-11-19,1859.585,1865.621,1842.815,1846.196,101421
2021-11-21,1842.207,1847.169,1841.485,1844.89,3838
2021-11-22,1844.879,1849.046,1802.202,1808.997,114374
2021-11-23,1809.027,1812.37,1781.914,1790.875,112660
2021-11-24,1790.91,1796.354,1778.15,1789.664,98725
2021-11-25,1789.698,1795.027,1787.851,1792.628,44282
2021-11-26,1792.616,1815.467,1780.054,1787.433,94252
2021-11-28,1788.597,1795.644,1780.188,1795.371,6519
2021-11-29,1795.34,1799.361,1781.122,1786.826,98862
2021-11-30,1786.816,1808.561,1769.831,1773.206,139333
2021-12-01,1773.209,1794.267,1772.598,1781.825,121612
2021-12-02,1781.812,1781.971,1761.841,1768.989,104010
2021-12-03,1768.985,1786.072,1766.078,1783.414,109951
2021-12-05,1782.102,1784.094,1780.691,1782.901,2235
2021-12-06,1782.933,1787.683,1775.506,1780.931,77827
2021-12-07,1780.899,1787.791,1771.828,1784.719,74328
2021-12-08,1784.685,1793.061,1779.53,1783.494,78974
2021-12-09,1783.474,1787.554,1773.417,1776.327,77263
2021-12-10,1776.329,1789.123,1769.919,1782.805,76575
2021-12-12,1782.732,1784.389,1782.71,1783.216,1672
2021-12-13,1783.217,1791.381,1781.725,1785.722,62109
2021-12-14,1785.754,1789.462,1766.419,1772.453,74050
2021-12-15,1772.485,1781.434,1753.053,1779.456,104129
2021-12-16,1779.466,1799.621,1775.504,1798.708,83317
2021-12-17,1798.738,1814.191,1795.794,1798.064,76676
2021-12-19,1800.61,1801.676,1799.386,1800.067,2260
2021-12-20,1800.065,1804.089,1788.286,1791.617,72693
2021-12-21,1791.622,1800.238,1784.568,1790.466,68099
2021-12-22,1790.47,1804.962,1785.846,1803.662,61508
2021-12-23,1803.66,1810.687,1798.609,1808.451,57419
2021-12-26,1806.207,1808.526,1805.977,1807.259,1459
2021-12-27,1807.26,1813.384,1802.871,1812.348,53307
2021-12-28,1812.36,1820.191,1805.006,1806.56,58071
2021-12-29,1806.557,1807.626,1789.212,1804.526,66300
2021-12-30,1804.533,1817.117,1796.118,1815.703,61958
2021-12-31,1815.704,1828.722,1814.704,1827.615,57512
2022-01-02,1830.615,1831.73,1828.021,1828.452,1679
2022-01-03,1828.453,1831.542,1798.304,1804.101,75996
2022-01-04,1804.127,1816.68,1798.452,1813.873,78872
2022-01-05,1813.885,1829.591,1808.259,1810.244,79722
2022-01-06,1810.275,1811.475,1786.332,1791.365,98835
2022-01-07,1791.381,1798.604,1782.289,1796.899,85390
2022-01-09,1794.898,1796.069,1794.505,1795.145,1987
2022-01-10,1795.117,1802.899,1790.033,1801.225,77376
2022-01-11,1801.195,1823.249,1801.195,1820.722,77420
2022-01-12,1820.714,1828.061,1814.465,1825.277,74394
2022-01-13,1825.28,1828.107,1812.206,1820.818,71647
2022-01-14,1820.817,1829.045,1814.63,1817.639,79136
2022-01-16,1817.663,1818.081,1815.859,1816.379,1623
2022-01-17,1816.377,1823.141,1813.109,1819.029,41119
2022-01-18,1818.985,1822.726,1805.622,1814.21,92033
2022-01-19,1814.231,1843.326,1810.075,1838.495,83925
2022-01-20,1838.496,1847.646,1835.68,1838.889,81810
2022-01-21,1838.895,1843.095,1828.126,1834.664,85163
2022-01-23,1833.144,1837.088,1833.123,1834.669,2717
2022-01-24,1834.699,1844.124,1829.487,1843.521,90979
2022-01-25,1843.527,1853.785,1834.517,1849.526,86388
2022-01-26,1849.505,1849.51,1814.84,1821.928,107547
2022-01-27,1821.924,1821.949,1791.677,1797.205,109475
2022-01-28,1797.232,1799.343,1779.895,1791.634,97690
2022-01-30,1789.345,1790.575,1788.327,1789.464,2523
2022-01-31,1789.494,1799.841,1785.425,1797.738,79878
2022-02-01,1797.736,1808.434,1795.731,1800.694,77602
2022-02-02,1800.711,1810.736,1794.309,1807.83,70343
2022-02-03,1807.797,1807.827,1788.521,1805.719,85526
2022-02-04,1805.691,1814.862,1792.076,1807.732,89309
2022-02-06,1808.436,1811.438,1807.877,1810.028,2355
2022-02-07,1810.035,1823.503,1808.678,1822.004,75537
2022-02-08,1821.979,1828.737,1815.397,1826.134,67221
2022-02-09,1825.52,1835.783,1824.374,1832.541,63237
2022-02-10,1832.543,1841.879,1821.482,1826.796,105530
2022-02-11,1826.765,1865.332,1820.681,1858.955,124030
2022-02-13,1855.608,1861.547,1855.387,1859.538,4308
2022-02-14,1859.568,1874.102,1850.562,1871.048,108475
2022-02-15,1871.07,1879.466,1844.081,1852.964,96327
2022-02-16,1852.951,1872.512,1850.275,1869.906,84884
2022-02-17,1869.938,1900.989,1867.772,1899.944,117794
2022-02-18,1899.977,1902.395,1886.288,1897.807,90004
2022-02-20,1903.076,1906.406,1900.349,1904.863,3825
2022-02-21,1904.861,1914.09,1887.562,1909.377,78512
2022-02-22,1909.376,1913.754,1891.161,1898.158,103098
2022-02-23,1898.156,1911.524,1889.367,1910.758,84919
2022-02-24,1910.754,1974.331,1877.772,1906.531,248192
2022-02-25,1906.534,1921.484,1882.673,1889.003,146767
2022-02-27,1921.032,1927.297,1904.329,1910.211,13881
2022-02-28,1910.171,1919.174,1890.826,1906.268,129952
2022-03-01,1906.236,1950.209,1901.367,1942.269,135449
2022-03-02,1942.264,1947.856,1913.468,1928.805,156249
2022-03-03,1928.837,1941.243,1921.974,1934.87,121829
2022-03-04,1934.879,1970.844,1929.388,1970.317,152577
2022-03-06,1981.416,1991.499,1981.233,1988.583,11608
2022-03-07,1988.6,2002.716,1960.799,1998.736,217896
2022-03-08,1998.753,2070.292,1980.906,2043.828,309029
2022-03-09,2043.799,2059.09,1975.866,1989.867,246841
2022-03-10,1989.862,2009.102,1970.412,1995.387,195672
2022-03-11,1995.388,1997.308,1958.306,1988.147,162836
2022-03-13,1980.342,1983.847,1970.76,1974.302,8520
2022-03-14,1974.263,1978.865,1949.352,1952.184,132364
2022-03-15,1952.176,1952.208,1906.916,1918.085,152260
2022-03-16,1918.082,1929.424,1894.75,1927.034,152499
2022-03-17,1927.03,1949.689,1925.557,1943.947,117718
2022-03-18,1943.915,1945.34,1917.946,1921.271,110012
2022-03-20,1925.067,1926.334,1918.261,1918.985,4776
2022-03-21,1919.007,1941.097,1917.662,1935.579,98864
2022-03-22,1935.611,1938.331,1910.378,1919.665,109007
2022-03-23,1919.663,1948.31,1915.575,1946.106,93504
2022-03-24,1946.073,1966.151,1937.434,1959.217,111349
2022-03-25,1959.236,1964.253,1943.079,1958.243,99695
2022-03-27,1955.588,1957.911,1954.787,1957.209,4352
2022-03-28,1957.203,1958.405,1916.898,1924.041,130301
2022-03-29,1924.04,1929.272,1889.783,1916.354,134866
2022-03-30,1916.363,1938.387,1915.905,1934.044,107047
2022-03-31,1934.075,1949.703,1918.817,1936.702,110699
2022-04-01,1936.704,1939.493,1917.769,1924.495,111506
2022-04-03,1924.641,1924.995,1921.444,1924.674,3324
2022-04-04,1924.635,1936.808,1915.28,1931.493,98240
2022-04-05,1931.51,1944.555,1917.767,1920.618,106464
2022-04-06,1920.617,1933.332,1914.838,1923.806,123561
2022-04-07,1923.783,1937.538,1920.496,1932.938,99985
2022-04-08,1932.968,1948.146,1927.668,1947.868,91375
2022-04-10,1948.292,1950.0,1943.18,1944.606,4961
2022-04-11,1944.61,1969.435,1939.975,1952.799,114250
2022-04-12,1952.772,1978.253,1949.605,1965.899,112599
2022-04-13,1965.931,1981.532,1962.845,1977.082,97461
2022-04-14,1977.047,1980.308,1960.42,1973.111,95673
2022-04-17,1972.91,1987.767,1971.978,1986.463,7352
2022-04-18,1986.493,1998.024,1976.042,1977.161,100398
2022-04-19,1977.192,1981.721,1943.618,1949.718,115039
2022-04-20,1949.748,1958.332,1939.088,1956.797,111035
2022-04-21,1956.794,1957.397,1936.388,1950.897,109226
2022-04-22,1950.864,1955.483,1926.197,1931.5,122081
2022-04-24,1932.305,1934.435,1929.527,1932.663,4920
2022-04-25,1932.661,1932.726,1891.134,1899.375,142593
2022-04-26,1899.407,1910.939,1895.449,1906.529,119511
2022-04-27,1906.543,1906.789,1881.037,1885.633,120876
2022-04-28,1885.625,1896.735,1871.981,1895.515,121984
2022-04-29,1895.526,1919.762,1894.415,1896.72,112102
2022-05-01,1899.389,1899.899,1896.106,1897.236,6224
2022-05-02,1897.206,1898.451,1854.428,1863.15,110133
2022-05-03,1863.149,1877.892,1850.192,1868.33,100121
2022-05-04,1868.298,1894.144,1861.438,1893.932,120061
2022-05-05,1893.971,1909.551,1872.327,1874.231,135609
2022-05-06,1874.199,1892.504,1865.961,1883.631,115722
2022-05-08,1883.561,1885.697,1879.889,1881.256,5207
2022-05-09,1881.244,1882.073,1851.677,1854.636,116505
2022-05-10,1854.605,1865.365,1833.109,1833.584,123340
2022-05-11,1833.614,1857.973,1832.015,1854.064,129677
2022-05-12,1854.063,1858.745,1810.519,1821.379,138180
2022-05-13,1821.414,1828.559,1798.81,1811.491,105478
2022-05-15,1813.943,1814.561,1809.718,1813.161,5868
2022-05-16,1813.19,1829.184,1786.381,1826.353,109819
2022-05-17,1826.388,1836.051,1812.886,1814.521,102806
2022-05-18,1814.49,1824.673,1807.231,1816.015,96036
2022-05-19,1816.029,1849.115,1810.833,1842.072,111091
2022-05-20,1842.064,1849.365,1832.312,1846.487,90594
2022-05-22,1849.009,1849.587,1843.478,1846.283,5063
2022-05-23,1846.284,1865.372,1845.756,1853.883,87084
2022-05-24,1853.919,1869.656,1849.303,1867.329,80851
2022-05-25,1867.361,1867.995,1841.3,1853.974,82338
2022-05-26,1853.944,1854.26,1840.804,1852.799,83088
2022-05-27,1852.779,1862.113,1847.933,1853.024,77236
2022-05-29,1852.618,1853.909,1848.158,1849.849,3394
2022-05-30,1849.872,1863.953,1848.661,1852.384,53660
2022-05-31,1852.416,1857.07,1835.015,1836.404,92803
2022-06-01,1836.437,1849.923,1828.429,1845.949,96101
2022-06-02,1845.953,1870.543,1844.065,1869.855,82908
2022-06-03,1869.886,1873.967,1847.249,1850.96,77381
2022-06-05,1850.955,1853.237,1850.103,1851.478,2805
2022-06-06,1851.48,1857.898,1837.957,1839.385,73830
2022-06-07,1839.404,1855.484,1836.939,1853.566,79470
2022-06-08,1853.569,1859.61,1844.488,1852.692,74406
2022-06-09,1852.695,1855.255,1840.008,1846.918,81437
2022-06-10,1846.945,1875.847,1825.082,1871.532,115407
2022-06-12,1878.07,1878.832,1874.666,1876.949,6102
2022-06-13,1876.93,1877.351,1809.14,1821.013,138266
2022-06-14,1820.98,1831.57,1805.064,1810.902,123210
2022-06-15,1810.872,1841.828,1808.642,1833.827,151026
2022-06-16,1833.811,1857.493,1815.391,1850.809,130437
2022-06-17,1850.821,1852.917,1833.817,1840.248,109101
2022-06-19,1836.197,1840.32,1834.725,1838.432,5130
2022-06-20,1838.436,1846.093,1835.153,1839.076,63787
2022-06-21,1839.091,1843.581,1828.531,1831.32,90406
2022-06-22,1831.288,1847.815,1823.291,1836.562,103016
2022-06-23,1836.593,1845.908,1822.481,1824.582,102430
2022-06-24,1824.585,1831.621,1816.879,1827.1,94116
2022-06-26,1836.268,1836.298,1829.99,1831.024,7000
2022-06-27,1831.005,1840.818,1820.729,1823.494,87967
2022-06-28,1823.506,1829.452,1818.256,1818.377,79619
2022-06-29,1818.347,1832.88,1811.848,1818.883,89381
2022-06-30,1818.896,1825.133,1802.627,1806.548,100818
2022-07-01,1806.552,1809.394,1784.473,1809.341,112094
2022-07-03,1810.342,1810.937,1808.034,1808.071,4033
2022-07-04,1808.062,1814.091,1803.765,1809.254,56437
2022-07-05,1809.285,1812.081,1763.729,1769.527,109578
2022-07-06,1769.524,1772.784,1732.221,1739.958,124545
2022-07-07,1739.989,1748.998,1736.482,1741.722,89350
2022-07-08,1741.754,1752.349,1732.813,1742.249,93320
2022-07-10,1741.088,1744.589,1740.873,1741.965,3890
2022-07-11,1741.998,1743.548,1731.223,1733.238,80152
2022-07-12,1733.236,1743.94,1723.2,1725.287,99109
2022-07-13,1725.317,1745.318,1706.931,1731.99,124087
2022-07-14,1731.972,1733.521,1697.565,1711.655,129532
2022-07-15,1711.692,1716.563,1698.877,1707.44,99095
2022-07-17,1706.571,1710.646,1706.536,1710.297,4178
2022-07-18,1710.292,1723.731,1706.616,1708.215,87734
2022-07-19,1708.198,1718.373,1705.3,1709.954,78371
2022-07-20,1709.924,1714.326,1692.141,1695.406,83903
2022-07-21,1695.357,1720.269,1680.811,1718.076,117448
2022-07-22,1718.046,1739.179,1712.809,1727.469,94898
2022-07-24,1726.25,1727.089,1724.282,1724.673,3980
2022-07-25,1724.676,1736.012,1714.721,1718.99,81373
2022-07-26,1719.03,1728.145,1713.555,1717.9,79863
2022-07-27,1717.929,1739.875,1711.358,1738.769,95488
2022-07-28,1738.764,1757.039,1733.993,1754.908,113755
2022-07-29,1754.898,1767.905,1752.116,1766.178,95361
2022-07-31,1765.356,1765.39,1760.893,1762.141,3687
2022-08-01,1762.172,1775.302,1758.22,1772.228,88751
2022-08-02,1772.261,1787.96,1754.784,1756.675,112389
2022-08-03,1756.669,1772.769,1754.321,1763.586,92443
2022-08-04,1763.617,1794.882,1763.358,1793.38,86654
2022-08-05,1793.347,1794.863,1764.955,1775.628,98282
2022-08-07,1773.369,1775.046,1772.643,1774.558,3395
2022-08-08,1774.562,1790.651,1771.119,1789.192,69958
2022-08-09,1789.176,1800.41,1783.177,1794.082,75706
2022-08-10,1794.086,1807.831,1787.574,1791.66,91451
2022-08-11,1791.675,1799.215,1783.521,1788.95,82870
2022-08-12,1788.923,1802.198,1784.81,1801.884,74536
2022-08-14,1801.523,1801.765,1798.969,1799.103,3026
2022-08-15,1799.072,1801.693,1772.814,1778.509,84773
2022-08-16,1778.547,1783.068,1771.198,1775.556,73288
2022-08-17,1775.564,1782.159,1759.7,1764.909,91785
2022-08-18,1764.911,1772.362,1755.304,1758.387,80119
2022-08-19,1758.39,1758.55,1745.49,1747.376,77219
2022-08-21,1745.586,1748.094,1744.969,1745.664,3670
2022-08-22,1745.668,1748.992,1727.749,1735.22,84051
2022-08-23,1735.227,1754.057,1730.786,1745.97,85337
2022-08-24,1745.972,1755.904,1742.431,1750.98,78536
2022-08-25,1750.974,1765.437,1749.921,1756.384,78231
2022-08-26,1756.377,1758.757,1734.13,1737.998,101754
2022-08-28,1734.774,1738.525,1733.125,1734.735,6173
2022-08-29,1734.741,1745.407,1720.28,1739.526,90773
2022-08-30,1739.51,1740.474,1721.131,1723.304,83936
2022-08-31,1723.302,1726.483,1705.481,1708.952,92988
2022-09-01,1708.919,1708.919,1688.723,1697.207,97104
2022-09-02,1697.174,1717.932,1696.266,1712.532,91243
2022-09-04,1711.024,1711.509,1707.899,1707.958,3100
2022-09-05,1707.929,1715.705,1707.72,1713.927,51590
2022-09-06,1713.921,1726.337,1699.751,1703.478,95453
2022-09-07,1703.475,1719.426,1691.358,1716.553,95617
2022-09-08,1716.548,1727.938,1703.814,1710.648,106167
2022-09-09,1710.618,1729.336,1709.683,1717.186,87213
2022-09-11,1718.402,1720.155,1716.742,1718.396,3416
2022-09-12,1718.365,1735.081,1711.946,1725.246,92423
2022-09-13,1725.236,1731.772,1696.943,1702.097,114566
2022-09-14,1702.141,1707.068,1693.596,1697.512,99551
2022-09-15,1697.494,1697.775,1660.181,1662.357,103847
2022-09-16,1662.336,1680.173,1654.095,1675.286,95572
2022-09-18,1674.412,1679.963,1673.966,1677.946,4036
2022-09-19,1677.914,1678.74,1659.457,1675.752,84643
2022-09-20,1675.744,1679.43,1659.739,1666.4,87174
2022-09-21,1666.392,1687.883,1653.572,1667.043,141319
2022-09-22,1667.04,1684.833,1655.368,1672.724,138880
2022-09-23,1672.737,1675.933,1639.714,1643.877,118483
2022-09-25,1643.172,1645.673,1640.355,1644.054,5574
2022-09-26,1644.085,1649.598,1621.048,1627.669,150748
2022-09-27,1627.637,1642.334,1626.649,1628.797,114225
2022-09-28,1628.795,1662.66,1614.427,1656.115,147564
2022-09-29,1656.147,1665.171,1641.435,1664.567,132544
2022-09-30,1664.576,1675.424,1659.198,1660.963,121494
2022-10-02,1664.009,1665.394,1663.255,1664.152,4625
2022-10-03,1664.122,1702.553,1659.578,1700.996,126167
2022-10-04,1701.0,1729.469,1695.125,1725.563,120508
2022-10-05,1725.562,1727.552,1700.445,1718.379,118170
2022-10-06,1718.416,1725.491,1706.888,1711.893,108877
2022-10-07,1711.869,1714.764,1690.453,1695.001,116036
2022-10-09,1696.236,1699.857,1695.794,1696.694,4572
2022-10-10,1696.695,1697.232,1665.618,1670.131,101535
2022-10-11,1670.1,1683.879,1660.867,1664.037,122710
2022-10-12,1664.015,1678.298,1661.379,1674.483,118115
2022-10-13,1674.46,1682.36,1642.337,1663.441,152371
2022-10-14,1663.418,1671.694,1640.123,1644.267,126301
2022-10-16,1646.163,1647.656,1644.094,1647.47,4635
2022-10-17,1647.455,1668.339,1646.361,1650.698,97274
2022-10-18,1650.73,1660.853,1645.81,1652.305,104392
2022-10-19,1652.304,1653.366,1626.464,1627.097,103947
2022-10-20,1627.064,1645.57,1622.403,1626.98,107837
2022-10-21,1626.979,1658.087,1616.886,1657.806,154332
2022-10-23,1659.975,1670.606,1656.61,1661.251,20028
2022-10-24,1661.219,1663.306,1643.853,1651.742,126304
2022-10-25,1651.773,1662.281,1638.121,1652.755,107096
2022-10-26,1652.765,1674.834,1649.733,1667.513,109591
2022-10-27,1667.524,1670.754,1654.798,1661.862,122399
2022-10-28,1661.861,1666.992,1637.811,1644.448,109924
2022-10-30,1643.727,1645.373,1643.003,1643.446,4695
2022-10-31,1643.413,1645.56,1631.677,1632.416,86332
2022-11-01,1632.419,1656.969,1630.689,1646.772,109580
2022-11-02,1646.804,1669.428,1631.8,1633.721,137221
2022-11-03,1633.718,1640.911,1616.624,1629.737,115067
2022-11-04,1629.771,1681.665,1629.315,1680.966,133186
2022-11-06,1675.168,1680.309,1672.277,1672.66,5337
2022-11-07,1672.698,1681.865,1666.852,1674.072,103124
2022-11-08,1674.084,1716.901,1664.487,1711.587,118516
2022-11-09,1711.583,1722.291,1702.124,1706.45,124413
2022-11-10,1706.469,1757.196,1703.98,1752.196,145273
2022-11-11,1752.192,1772.822,1747.23,1770.992,129572
2022-11-13,1763.488,1764.891,1761.422,1763.439,4142
2022-11-14,1763.447,1775.007,1753.101,1769.481,114629
2022-11-15,1769.516,1786.472,1767.047,1780.746,154447
2022-11-16,1780.774,1784.992,1770.272,1773.843,121911
2022-11-17,1773.862,1774.762,1754.443,1760.058,111267
2022-11-18,1760.026,1767.674,1747.487,1750.852,93341
2022-11-20,1751.196,1752.595,1750.869,1752.261,2432
2022-11-21,1752.256,1752.986,1732.473,1738.506,101151
2022-11-22,1738.513,1749.613,1737.008,1741.139,89700
2022-11-23,1741.14,1753.378,1726.349,1752.271,106078
2022-11-24,1752.302,1758.565,1752.297,1755.189,62910
2022-11-25,1755.375,1761.12,1745.947,1755.969,74198
2022-11-27,1753.479,1754.215,1749.919,1750.9,1548
2022-11-28,1750.883,1763.703,1739.601,1741.231,103631
2022-11-29,1741.252,1758.749,1740.23,1748.884,96405
2022-11-30,1748.92,1773.44,1744.645,1773.332,122026
2022-12-01,1773.354,1804.439,1771.933,1802.253,122289
2022-12-02,1802.284,1802.96,1778.425,1797.945,117886
2022-12-04,1795.131,1799.341,1794.397,1798.946,3012
2022-12-05,1798.977,1809.886,1765.756,1769.348,110100
2022-12-06,1769.314,1780.835,1767.201,1770.915,94661
2022-12-07,1770.918,1790.489,1768.683,1786.964,105169
2022-12-08,1786.974,1794.664,1781.372,1789.207,87458
2022-12-09,1789.21,1806.043,1788.466,1797.455,98091
2022-12-11,1795.942,1796.635,1794.757,1794.954,2137
2022-12-12,1794.938,1795.446,1777.541,1781.893,86583
2022-12-13,1781.894,1824.45,1780.983,1809.588,129862
2022-12-14,1809.586,1814.085,1795.718,1807.616,129124
2022-12-15,1807.617,1807.818,1773.434,1776.49,120652
2022-12-16,1776.456,1794.228,1774.271,1793.062,95312
2022-12-18,1792.453,1793.006,1790.95,1791.017,2246
2022-12-19,1790.997,1798.712,1783.783,1787.255,82183
2022-12-20,1787.224,1821.02,1784.563,1817.199,125521
2022-12-21,1817.168,1823.76,1811.854,1814.892,90916
2022-12-22,1814.856,1820.365,1784.764,1793.44,99404
2022-12-23,1793.461,1803.194,1791.14,1798.469,85412
2022-12-26,1799.575,1803.087,1799.248,1800.842,1600
2022-12-27,1800.845,1832.979,1800.238,1812.353,91862
2022-12-28,1812.377,1814.566,1796.946,1805.765,88176
2022-12-29,1805.728,1820.145,1804.34,1815.096,81997
2022-12-30,1815.108,1825.985,1813.189,1823.51,88313
2023-01-02,1825.968,1830.46,1823.998,1829.131,2383
2023-01-03,1829.11,1849.934,1826.747,1836.522,123212
2023-01-04,1836.501,1865.086,1836.185,1854.827,124302
2023-01-05,1854.794,1858.971,1824.835,1832.799,116567
2023-01-06,1832.8,1869.783,1831.265,1865.989,119649
2023-01-08,1866.736,1869.889,1866.716,1869.602,3665
2023-01-09,1869.595,1881.456,1867.099,1870.49,108241
2023-01-10,1870.477,1880.719,1867.789,1877.167,103582
2023-01-11,1877.196,1886.576,1866.893,1876.939,100795
2023-01-12,1876.935,1901.404,1873.231,1898.022,133215
2023-01-13,1898.023,1921.854,1892.282,1920.251,111528
2023-01-15,1919.066,1920.45,1916.844,1916.893,2928
2023-01-16,1916.904,1928.951,1910.813,1917.856,69343
2023-01-17,1917.882,1918.996,1903.633,1908.691,101915
2023-01-18,1908.674,1925.862,1896.559,1906.818,129115
2023-01-19,1906.848,1935.129,1900.95,1931.68,114677
2023-01-20,1931.683,1937.383,1920.58,1925.916,97925
2023-01-22,1924.243,1927.327,1924.189,1927.258,2521
2023-01-23,1927.232,1935.466,1911.296,1931.325,105359
2023-01-24,1931.313,1942.395,1916.962,1936.963,101114
2023-01-25,1936.953,1948.739,1919.727,1948.321,107054
2023-01-26,1948.346,1949.116,1918.36,1930.718,113341
2023-01-27,1930.679,1935.025,1916.455,1928.265,92726
2023-01-29,1926.737,1928.918,1926.408,1928.854,2431
2023-01-30,1928.859,1934.425,1920.627,1922.089,96194
2023-01-31,1922.121,1931.088,1900.736,1927.336,110285
2023-02-01,1927.329,1956.112,1920.494,1953.043,138608
2023-02-02,1953.008,1959.639,1911.211,1915.002,144422
2023-02-03,1914.998,1918.515,1861.424,1865.805,152575
2023-02-05,1864.169,1869.894,1863.718,1865.462,4303
2023-02-06,1865.429,1881.296,1862.982,1868.476,112453
2023-02-07,1868.507,1884.428,1864.972,1872.894,137566
2023-02-08,1872.893,1886.342,1868.977,1874.989,102312
2023-02-09,1874.983,1890.02,1858.842,1862.322,113689
2023-02-10,1862.353,1872.159,1852.744,1865.314,115662
2023-02-12,1863.97,1865.29,1862.633,1862.705,2215
2023-02-13,1862.739,1866.533,1850.417,1854.376,92835
2023-02-14,1854.38,1870.282,1843.14,1854.865,155839
2023-02-15,1854.862,1860.066,1830.262,1836.361,117900
2023-02-16,1836.353,1845.266,1827.404,1834.272,114968
2023-02-17,1834.288,1843.547,1818.861,1842.499,107708
2023-02-19,1841.163,1841.687,1838.386,1838.659,2114
2023-02-20,1838.666,1847.39,1837.282,1841.674,51829
2023-02-21,1841.705,1843.801,1830.204,1835.548,100264
2023-02-22,1835.552,1845.822,1823.473,1825.075,100896
2023-02-23,1825.086,1833.723,1817.188,1823.166,98791
2023-02-24,1823.187,1827.755,1808.912,1810.778,100827
2023-02-26,1811.891,1813.078,1811.239,1811.74,2182
2023-02-27,1811.728,1820.088,1806.177,1817.137,89116
2023-02-28,1817.138,1831.104,1804.363,1825.551,94256
2023-03-01,1825.552,1844.374,1823.042,1836.554,103939
2023-03-02,1836.53,1838.932,1829.947,1837.818,96436
2023-03-03,1837.787,1856.278,1837.756,1855.265,90672
2023-03-05,1853.694,1854.076,1852.152,1852.294,1832
2023-03-06,1852.302,1858.123,1845.066,1846.323,84771
2023-03-07,1846.303,1851.468,1812.67,1813.936,110318
2023-03-08,1813.935,1824.235,1809.372,1815.196,96063
2023-03-09,1815.209,1835.398,1811.922,1831.569,90828
2023-03-10,1831.565,1870.031,1827.702,1867.109,141676
2023-03-12,1883.238,1894.368,1875.749,1877.746,25382
2023-03-13,1877.716,1914.577,1871.496,1912.025,194700
2023-03-14,1912.055,1914.113,1895.228,1903.064,151648
2023-03-15,1903.055,1937.287,1885.551,1921.155,193151
2023-03-16,1921.145,1933.437,1907.298,1921.294,165420
2023-03-17,1921.306,1988.311,1918.196,1988.129,151221
2023-03-19,1985.925,1988.132,1975.037,1976.936,11961
2023-03-20,1976.968,2009.668,1965.507,1976.585,190895
2023-03-21,1976.581,1985.121,1935.343,1943.106,139928
2023-03-22,1943.074,1978.802,1934.107,1969.706,164681
2023-03-23,1969.755,2003.277,1966.317,1991.324,156167
2023-03-24,1991.292,2002.989,1975.165,1978.777,158796
2023-03-26,1976.4,1976.735,1969.353,1975.691,7621
2023-03-27,1975.658,1978.691,1943.944,1958.071,122519
2023-03-28,1958.04,1975.255,1949.141,1971.867,105017
2023-03-29,1971.898,1972.854,1958.665,1963.197,94574
2023-03-30,1963.201,1984.251,1955.345,1978.386,100036
2023-03-31,1978.412,1987.544,1966.806,1969.376,102316
2023-04-02,1966.275,1967.407,1956.964,1957.027,9069
2023-04-03,1957.063,1990.476,1949.542,1984.935,111861
2023-04-04,1984.929,2024.982,1976.821,2021.734,124054
2023-04-05,2021.748,2032.046,2009.719,2020.287,116543
2023-04-06,2020.269,2020.907,2000.61,2007.761,97624
2023-04-09,1997.006,2006.495,1995.817,2005.497,5721
2023-04-10,2005.529,2005.86,1981.436,1992.389,96568
2023-04-11,1992.356,2007.41,1988.773,2004.659,84783
2023-04-12,2004.675,2028.014,2000.847,2018.149,122569
2023-04-13,2018.118,2048.597,2015.276,2040.487,105978
2023-04-14,2043.62,2047.392,1992.364,2004.252,125898
2023-04-16,2001.207,2005.006,1999.651,2002.848,5116
2023-04-17,2002.866,2014.998,1980.899,1993.905,109414
2023-04-18,1993.915,2011.821,1991.071,2005.717,97078
2023-04-19,2005.719,2008.077,1969.176,1993.616,113319
2023-04-20,1993.651,2012.347,1990.476,2005.313,109856
2023-04-21,2005.287,2005.508,1971.584,1982.886,118259
2023-04-23,1982.082,1985.343,1981.789,1984.62,3555
2023-04-24,1984.618,1996.42,1974.028,1995.016,100104
2023-04-25,1995.015,2003.83,1976.067,2000.172,125714
2023-04-26,2000.178,2009.322,1983.348,1991.647,127312
2023-04-27,1991.617,2003.246,1974.016,1986.914,121200
2023-04-28,1986.879,1994.994,1976.103,1989.376,121129
2023-04-30,1989.602,1991.877,1986.62,1986.895,4632
2023-05-01,1986.927,2005.933,1977.054,1981.373,116652
2023-05-02,1981.385,2019.233,1978.455,2015.905,122117
2023-05-03,2015.916,2079.817,2007.647,2051.957,152909
2023-05-04,2051.959,2059.537,2030.327,2049.922,166002
2023-05-05,2049.924,2052.957,1999.451,2016.65,127095
2023-05-07,2016.428,2017.281,2014.174,2016.006,4614
2023-05-08,2015.976,2029.32,2015.15,2021.237,91200
2023-05-09,2021.266,2037.561,2019.483,2036.27,93231
2023-05-10,2036.31,2047.995,2021.306,2031.436,117018
2023-05-11,2031.411,2040.788,2011.104,2016.346,131657
2023-05-12,2016.367,2022.461,2000.895,2010.912,107767
2023-05-14,2008.664,2011.957,2008.664,2009.558,3383
2023-05-15,2009.551,2022.083,2008.637,2014.4,87550
2023-05-16,2014.411,2018.279,1985.414,1989.63,108068
2023-05-17,1989.633,1992.977,1974.734,1982.714,96742
2023-05-18,1982.717,1985.973,1951.937,1958.356,102465
2023-05-19,1958.364,1984.186,1954.003,1977.703,113065
2023-05-21,1978.005,1981.48,1978.005,1980.829,3723
2023-05-22,1980.827,1982.53,1968.69,1969.784,98370
2023-05-23,1969.814,1977.739,1954.232,1974.98,114176
2023-05-24,1975.021,1985.015,1956.683,1959.752,111496
2023-05-25,1959.748,1964.711,1938.813,1940.515,119450
2023-05-26,1940.492,1957.219,1936.576,1946.834,101875
2023-05-28,1943.265,1946.248,1943.227,1943.654,4454
2023-05-29,1943.687,1949.718,1940.27,1941.683,54792
2023-05-30,1941.498,1963.479,1932.042,1958.535,104714
2023-05-31,1958.544,1974.526,1953.625,1966.244,110075
2023-06-01,1966.275,1983.049,1953.338,1977.03,106021
2023-06-02,1977.033,1983.374,1947.58,1947.992,103346
2023-06-04,1947.366,1950.096,1947.297,1949.33,4212
2023-06-05,1949.344,1964.003,1938.048,1961.224,96575
2023-06-06,1961.231,1966.376,1954.345,1963.345,89172
2023-06-07,1963.315,1970.123,1939.839,1944.436,97629
2023-06-08,1944.433,1970.507,1942.764,1965.316,94448
2023-06-09,1965.313,1972.771,1956.58,1960.64,84885
2023-06-11,1959.592,1960.497,1958.013,1959.933,3406
2023-06-12,1959.941,1966.889,1949.118,1959.94,89398
2023-06-13,1959.953,1970.589,1939.975,1943.884,106680
2023-06-14,1943.891,1960.058,1939.673,1945.188,112297
2023-06-15,1945.146,1960.194,1924.838,1958.223,113388
2023-06-16,1958.223,1967.848,1953.188,1957.441,95087
2023-06-18,1958.5,1958.561,1956.235,1957.038,3499
2023-06-19,1957.046,1958.711,1947.734,1952.197,61241
2023-06-20,1952.383,1956.727,1929.584,1937.231,99436
2023-06-21,1937.225,1939.431,1918.808,1933.839,106485
2023-06-22,1933.838,1934.198,1912.355,1914.439,95129
2023-06-23,1914.439,1937.231,1910.091,1921.192,95850
2023-06-25,1922.951,1925.402,1922.682,1925.294,4392
2023-06-26,1925.293,1933.28,1920.902,1922.485,86276
2023-06-27,1922.501,1930.639,1910.8,1915.385,89607
2023-06-28,1915.389,1917.174,1902.5,1909.681,89687
2023-06-29,1909.712,1912.847,1892.839,1908.661,97305
2023-06-30,1908.692,1922.693,1900.419,1919.333,91776
2023-07-02,1918.552,1919.584,1917.464,1918.169,3360
2023-07-03,1918.164,1930.631,1910.003,1921.181,79028
2023-07-04,1921.18,1930.645,1920.024,1926.176,55092
2023-07-05,1926.247,1934.767,1914.765,1916.772,87093
2023-07-06,1916.784,1927.548,1902.568,1911.516,102467
2023-07-07,1911.543,1934.845,1909.625,1925.339,93342
2023-07-09,1925.288,1928.14,1923.842,1924.848,4469
2023-07-10,1924.858,1926.88,1912.299,1924.821,82799
2023-07-11,1924.822,1938.404,1924.406,1933.24,81692
2023-07-12,1933.244,1959.618,1933.171,1957.713,94138
2023-07-13,1957.714,1963.303,1952.294,1960.134,94417
2023-07-14,1960.124,1963.671,1950.661,1955.223,90901
2023-07-16,1954.975,1954.975,1951.354,1953.281,4160
2023-07-17,1953.281,1959.801,1945.553,1955.398,81277
2023-07-18,1955.396,1984.251,1954.677,1977.481,102235
2023-07-19,1977.464,1980.859,1969.692,1977.683,83620
2023-07-20,1977.661,1987.421,1965.32,1972.197,90602
2023-07-21,1972.227,1973.735,1956.605,1961.851,82263
2023-07-23,1962.228,1962.882,1960.351,1961.177,2975
2023-07-24,1961.172,1967.805,1953.174,1954.393,85839
2023-07-25,1954.394,1966.242,1951.787,1965.284,82941
2023-07-26,1965.283,1978.243,1962.002,1972.009,94552
2023-07-27,1972.012,1982.133,1942.018,1947.443,107110
2023-07-28,1947.411,1963.46,1946.054,1959.184,106930
2023-07-30,1959.875,1960.47,1957.373,1958.063,3961
2023-07-31,1958.054,1972.326,1950.718,1963.907,82332
2023-08-01,1963.906,1964.628,1941.209,1952.146,91697
2023-08-02,1952.14,1954.752,1932.864,1936.0,90771
2023-08-03,1936.025,1938.822,1929.496,1935.774,92179
2023-08-04,1935.747,1946.752,1925.071,1942.483,88437
2023-08-06,1942.56,1946.648,1942.415,1943.79,4433
2023-08-07,1943.785,1945.267,1931.357,1936.732,76143
2023-08-08,1936.763,1937.305,1922.508,1925.569,82161
2023-08-09,1925.574,1932.204,1913.983,1916.688,80888
2023-08-10,1916.688,1929.514,1910.694,1912.358,90708
2023-08-11,1912.358,1920.882,1911.858,1913.786,72542
2023-08-13,1913.666,1915.181,1912.395,1913.62,3311
2023-08-14,1913.62,1916.156,1902.465,1907.557,77664
2023-08-15,1907.567,1911.563,1896.208,1901.419,89207
2023-08-16,1901.412,1907.146,1891.652,1893.295,78591
2023-08-17,1893.298,1903.413,1884.996,1891.227,81652
2023-08-18,1891.231,1896.549,1886.724,1889.529,71926
2023-08-20,1889.357,1890.823,1888.8,1889.919,3175
2023-08-21,1889.934,1898.47,1884.547,1894.664,79698
2023-08-22,1894.674,1904.41,1888.824,1898.478,73976
2023-08-23,1898.476,1920.292,1898.432,1917.849,82470
2023-08-24,1917.849,1923.056,1911.554,1915.847,75281
2023-08-25,1915.845,1922.118,1903.45,1914.321,80408
2023-08-27,1915.974,1916.068,1914.322,1915.028,3310
2023-08-28,1915.029,1925.991,1912.694,1921.186,63467
2023-08-29,1921.199,1938.12,1914.357,1936.168,74859
2023-08-30,1936.176,1949.006,1934.94,1944.185,75675
2023-08-31,1944.195,1947.66,1939.033,1939.824,70635
2023-09-01,1939.828,1952.331,1934.334,1939.704,77934
2023-09-03,1939.987,1941.0,1939.406,1940.558,2143
2023-09-04,1940.557,1946.232,1936.688,1937.659,46362
2023-09-05,1937.551,1938.927,1925.272,1926.559,72879
2023-09-06,1926.559,1929.079,1915.153,1917.091,72856
2023-09-07,1917.086,1923.414,1915.987,1920.247,65696
2023-09-08,1920.255,1929.558,1917.153,1918.973,64958
2023-09-10,1919.621,1919.653,1916.576,1918.801,4003
2023-09-11,1918.795,1930.44,1918.316,1921.624,71007
2023-09-12,1921.59,1924.447,1907.232,1912.858,69301
2023-09-13,1912.857,1915.545,1905.105,1909.176,79606
2023-09-14,1909.169,1912.856,1900.918,1909.735,82527
2023-09-15,1909.766,1930.372,1909.766,1923.831,75295
2023-09-17,1924.077,1924.53,1922.547,1923.227,2713
2023-09-18,1923.227,1934.453,1922.723,1934.04,67196
2023-09-19,1934.061,1937.345,1929.723,1931.319,61555
2023-09-20,1931.317,1947.361,1927.837,1929.424,82827
2023-09-21,1929.428,1930.451,1913.641,1921.353,82595
2023-09-22,1921.361,1928.846,1921.19,1925.231,66567
2023-09-24,1926.116,1926.294,1924.402,1924.717,3126
2023-09-25,1924.73,1927.147,1914.981,1916.207,68740
2023-09-26,1916.209,1916.447,1899.103,1901.529,71470
2023-09-27,1901.524,1903.712,1872.491,1877.562,79490
2023-09-28,1877.583,1879.49,1857.494,1866.7,87844
2023-09-29,1866.695,1879.601,1846.282,1848.796,88176
2023-10-01,1847.284,1848.678,1845.687,1848.314,4065
2023-10-02,1848.314,1848.885,1820.404,1824.944,91703
2023-10-03,1824.919,1833.344,1815.218,1823.303,112739
2023-10-04,1823.303,1830.542,1816.556,1822.524,101114
2023-10-05,1822.472,1829.173,1812.994,1821.272,86951
2023-10-06,1821.272,1834.832,1810.402,1831.9,96662
2023-10-08,1853.39,1854.643,1845.525,1847.965,10973
2023-10-09,1847.992,1863.416,1844.161,1862.536,84497
2023-10-10,1862.582,1865.278,1852.97,1859.647,88390
2023-10-11,1859.633,1877.152,1858.59,1875.25,85908
2023-10-12,1875.251,1884.918,1867.883,1870.555,86445
2023-10-13,1870.546,1932.593,1870.055,1932.217,101879
2023-10-15,1927.521,1927.521,1921.177,1925.836,7670
2023-10-16,1925.842,1925.927,1908.144,1919.386,92286
2023-10-17,1919.382,1931.323,1912.343,1924.715,93202
2023-10-18,1924.711,1962.597,1923.763,1950.867,107467
2023-10-19,1950.8,1982.381,1945.172,1977.103,114853
2023-10-20,1977.137,1997.135,1971.961,1980.769,111704
2023-10-22,1972.732,1978.541,1970.037,1971.554,6283
2023-10-23,1971.516,1982.768,1964.273,1973.522,102758
2023-10-24,1973.52,1980.832,1953.409,1972.844,101747
2023-10-25,1972.848,1987.236,1963.001,1982.92,108694
2023-10-26,1982.941,1993.424,1971.77,1984.345,101729
2023-10-27,1984.343,2009.356,1976.84,2006.083,100356
2023-10-29,2002.989,2004.741,1996.833,2002.621,9375
2023-10-30,2002.649,2006.767,1990.941,1995.513,95379
2023-10-31,1995.531,2007.849,1978.806,1983.667,101913
2023-11-01,1983.67,1992.618,1969.823,1985.01,107154
2023-11-02,1984.989,1990.926,1978.798,1984.961,85339
2023-11-03,1984.956,2004.002,1983.218,1992.516,95233
2023-11-05,1991.419,1991.579,1987.149,1988.47,2473
2023-11-06,1988.473,1993.042,1975.736,1976.677,82630
2023-11-07,1976.653,1977.001,1956.624,1968.902,89594
2023-11-08,1968.908,1970.989,1947.335,1950.812,88849
2023-11-09,1950.815,1965.718,1944.514,1959.058,97692
2023-11-10,1959.06,1960.715,1932.898,1938.353,85417
2023-11-12,1941.002,1941.299,1921.384,1940.344,2187
2023-11-13,1940.374,1949.187,1931.604,1946.4,79791
2023-11-14,1946.414,1970.954,1937.47,1962.493,90777
2023-11-15,1962.487,1975.28,1955.412,1960.331,90297
2023-11-16,1960.333,1987.943,1956.436,1982.599,86806
2023-11-17,1982.577,1993.409,1978.514,1980.635,84992
2023-11-19,1977.456,1978.695,1974.12,1974.471,2471
2023-11-20,1974.532,1985.122,1965.416,1981.169,95902
2023-11-21,1981.155,2007.488,1980.709,1999.339,102340
2023-11-22,1999.338,2006.394,1986.851,1990.506,92532
2023-11-23,1990.515,1998.562,1989.762,1993.983,58355
2023-11-24,1994.072,2003.621,1991.467,2002.19,69438
2023-11-26,2000.897,2002.978,2000.484,2002.25,2311
2023-11-27,2002.364,2018.187,2001.79,2015.215,99708
2023-11-28,2015.217,2044.573,2011.389,2044.406,94608
2023-11-29,2044.426,2052.03,2035.228,2044.643,109456
2023-11-30,2044.64,2047.26,2031.274,2039.918,101387
2023-12-01,2040.075,2075.271,2033.825,2071.554,107664
2023-12-03,2074.106,2144.465,2071.634,2117.509,17125
2023-12-04,2117.935,2120.648,2019.986,2034.087,189490
2023-12-05,2033.931,2041.17,2009.744,2018.903,134342
2023-12-06,2018.904,2035.915,2018.683,2027.006,110315
2023-12-07,2026.977,2039.889,2020.091,2027.916,109390
2023-12-08,2028.061,2034.004,1994.518,2004.34,127462
2023-12-10,2005.584,2007.648,2004.547,2007.054,3143
2023-12-11,2006.993,2007.808,1975.841,1982.96,106030
2023-12-12,1982.954,1996.662,1977.115,1982.453,104515
2023-12-13,1982.452,2033.128,1973.033,2032.813,123529
2023-12-14,2032.858,2047.909,2027.353,2035.552,144916
2023-12-15,2035.52,2044.909,2015.546,2019.491,116109
2023-12-17,2019.802,2020.102,2015.895,2017.415,3338
2023-12-18,2017.414,2033.69,2016.067,2027.604,96959
2023-12-19,2027.568,2046.965,2021.696,2040.932,98161
2023-12-20,2040.862,2043.445,2027.387,2032.128,95462
2023-12-21,2032.103,2055.012,2031.906,2052.778,98487
2023-12-22,2052.788,2070.611,2046.753,2053.095,106445
2023-12-25,2057.746,2057.746,2052.916,2054.497,1477
2023-12-26,2054.489,2069.045,2053.318,2065.502,59324
2023-12-27,2065.846,2084.425,2061.469,2079.169,89047
2023-12-28,2079.268,2088.485,2064.456,2066.564,100103
2023-12-29,2066.602,2074.729,2058.095,2062.838,93911
2024-01-01,2064.593,2066.095,2062.645,2063.543,1996
2024-01-02,2063.347,2078.877,2056.097,2059.476,101297
2024-01-03,2059.448,2065.982,2030.522,2042.666,120881
2024-01-04,2042.657,2050.958,2036.174,2043.865,98743
2024-01-05,2043.917,2063.986,2024.317,2045.479,136497
2024-01-07,2044.595,2045.575,2042.902,2044.208,2759
2024-01-08,2044.212,2046.59,2016.674,2030.439,118277
2024-01-09,2030.411,2042.004,2026.021,2030.401,108999
2024-01-10,2030.403,2040.263,2020.353,2026.358,102580
2024-01-11,2026.413,2047.852,2013.209,2034.954,134638
2024-01-12,2035.011,2062.267,2030.01,2049.032,119436
2024-01-14,2048.13,2048.705,2046.293,2047.612,2659
2024-01-15,2047.652,2058.626,2045.764,2053.841,73428
2024-01-16,2053.997,2054.508,2024.188,2027.826,127362
2024-01-17,2027.858,2032.935,2001.739,2009.243,121508
2024-01-18,2009.261,2024.232,2005.717,2023.423,100416
2024-01-19,2023.523,2039.232,2020.31,2029.452,91505
2024-01-21,2028.529,2028.563,2026.882,2027.504,2792
2024-01-22,2027.49,2032.074,2016.399,2020.552,95510
2024-01-23,2020.554,2037.908,2019.559,2029.137,96061
2024-01-24,2029.003,2036.63,2011.138,2016.101,105223
2024-01-25,2015.977,2025.241,2009.497,2020.248,98769
2024-01-26,2020.356,2026.819,2015.854,2018.469,84386
2024-01-28,2023.424,2028.599,2021.187,2021.831,5024
2024-01-29,2021.832,2037.561,2019.282,2030.73,90006
2024-01-30,2030.692,2048.556,2029.024,2036.231,98561
2024-01-31,2036.4,2055.969,2030.821,2039.784,126209
2024-02-01,2039.897,2065.458,2029.913,2054.627,120393
2024-02-02,2054.638,2057.623,2027.741,2039.607,109074
2024-02-04,2041.781,2042.217,2039.07,2039.716,3243
2024-02-05,2039.298,2039.822,2014.811,2024.859,98311
2024-02-06,2024.81,2038.88,2022.831,2035.069,89956
2024-02-07,2035.115,2044.527,2030.508,2036.227,83874
2024-02-08,2036.221,2038.726,2020.115,2034.123,89631
2024-02-09,2033.939,2037.174,2020.193,2024.24,82302
2024-02-11,2026.346,2026.705,2024.402,2025.266,2169
2024-02-12,2025.417,2027.553,2011.873,2018.65,77644
2024-02-13,2018.601,2032.196,1989.965,1991.193,98952
2024-02-14,1991.332,1996.068,1984.158,1993.452,91690
2024-02-15,1993.441,2008.221,1990.172,2003.157,87912
2024-02-16,2003.094,2015.126,1995.07,2013.269,89561
2024-02-18,2012.706,2019.066,1997.784,2010.603,4243
2024-02-19,2012.792,2022.956,2009.184,2016.203,63451
2024-02-20,2015.981,2030.875,2014.957,2024.128,80367
2024-02-21,2024.048,2032.25,2020.001,2025.568,82601
2024-02-22,2025.483,2034.833,2019.547,2024.677,88912
2024-02-23,2024.524,2041.344,2015.981,2035.524,84868
2024-02-25,2033.24,2034.94,2033.179,2034.224,2093
2024-02-26,2033.996,2037.02,2025.015,2031.073,79981
2024-02-27,2030.986,2039.471,2028.677,2030.09,76574
2024-02-28,2029.968,2037.922,2024.476,2034.303,77437
2024-02-29,2034.378,2050.671,2028.064,2043.981,88660
2024-03-01,2044.053,2088.31,2039.039,2083.315,98743
2024-03-03,2082.522,2086.145,2082.522,2083.44,2901
2024-03-04,2083.591,2119.885,2079.411,2114.48,99739
2024-03-05,2114.34,2141.881,2110.41,2128.162,124544
2024-03-06,2127.777,2152.234,2123.603,2147.192,119470
2024-03-07,2146.851,2164.753,2144.185,2161.467,123539
2024-03-08,2161.643,2195.146,2153.952,2178.502,136803
2024-03-10,2179.559,2183.825,2177.113,2181.567,5759
2024-03-11,2181.593,2189.012,2174.633,2183.552,102788
2024-03-12,2183.551,2184.483,2150.467,2156.915,130704
2024-03-13,2156.907,2179.797,2156.531,2175.361,101986
2024-03-14,2175.448,2176.971,2152.649,2161.62,105627
2024-03-15,2161.698,2172.712,2155.092,2155.697,95303
2024-03-17,2153.279,2156.533,2153.081,2156.516,5016
2024-03-18,2156.473,2163.613,2146.028,2161.65,93284
2024-03-19,2162.053,2162.836,2147.156,2157.009,96937
2024-03-20,2157.054,2211.005,2149.55,2203.501,130180
2024-03-21,2203.971,2212.563,2166.296,2181.491,141858
2024-03-22,2181.676,2186.043,2156.981,2165.338,111852
2024-03-24,2166.313,2168.894,2165.06,2168.337,5628
2024-03-25,2168.318,2181.26,2163.415,2172.878,102886
2024-03-26,2172.883,2200.05,2167.54,2179.466,109276
2024-03-27,2179.463,2197.586,2173.105,2190.969,107746
2024-03-28,2190.723,2236.293,2187.305,2232.587,123652
2024-03-31,2239.644,2247.34,2235.573,2244.928,10518
2024-04-01,2245.959,2265.678,2228.473,2248.935,129050
2024-04-02,2248.963,2288.148,2246.656,2280.206,151315
2024-04-03,2279.886,2302.445,2265.347,2297.448,153594
2024-04-04,2297.5,2305.537,2279.817,2288.891,143518
2024-04-05,2288.702,2330.526,2267.751,2329.355,173372
2024-04-07,2327.315,2328.564,2303.998,2311.647,19545
2024-04-08,2311.297,2354.147,2302.862,2338.788,231306
2024-04-09,2338.784,2365.34,2337.771,2354.776,184312
2024-04-10,2354.899,2360.079,2319.215,2335.429,228316
2024-04-11,2335.489,2379.358,2325.593,2377.0,178661
2024-04-12,2376.787,2431.528,2333.794,2344.382,305463
2024-04-14,2369.105,2371.92,2346.754,2364.486,11695
2024-04-15,2364.446,2391.957,2324.099,2381.833,250462
2024-04-16,2381.896,2398.263,2362.963,2382.843,237484
2024-04-17,2382.703,2395.581,2354.56,2367.839,195073
2024-04-18,2367.836,2392.804,2364.009,2380.003,168116
2024-04-19,2379.867,2417.894,2372.761,2390.677,255499
2024-04-21,2384.011,2388.595,2381.882,2386.483,9785
2024-04-22,2386.506,2386.506,2324.55,2333.738,189192
2024-04-23,2333.715,2334.376,2291.332,2323.21,218340
2024-04-24,2323.225,2337.354,2311.706,2316.219,155167
2024-04-25,2316.223,2344.872,2304.834,2330.621,174066
2024-04-26,2330.617,2352.555,2326.218,2337.792,141793
2024-04-28,2333.884,2336.829,2332.473,2335.985,6405
2024-04-29,2335.937,2346.709,2319.802,2333.173,153508
2024-04-30,2333.178,2336.113,2284.999,2291.244,156493
2024-05-01,2291.256,2328.294,2281.544,2323.809,178219
2024-05-02,2323.848,2326.493,2285.392,2304.247,147784
2024-05-03,2304.243,2320.712,2277.074,2301.627,171329
2024-05-05,2302.321,2303.288,2293.261,2293.968,7234
2024-05-06,2293.929,2332.091,2291.767,2325.943,148842
2024-05-07,2325.953,2329.926,2309.915,2315.118,117092
2024-05-08,2315.167,2321.336,2303.584,2308.74,124539
2024-05-09,2308.733,2348.325,2306.468,2346.516,132270
2024-05-10,2346.56,2378.476,2345.925,2360.449,146667
2024-05-12,2361.401,2363.093,2359.738,2360.41,5288
2024-05-13,2360.448,2364.489,2332.029,2338.408,129009
2024-05-14,2338.39,2359.592,2334.734,2355.772,131674
2024-05-15,2355.77,2391.911,2351.748,2391.769,158937
2024-05-16,2391.764,2397.341,2370.885,2377.726,139611
2024-05-17,2377.72,2422.733,2373.908,2413.933,137757
2024-05-19,2425.201,2425.201,2416.732,2420.194,10238
2024-05-20,2420.205,2450.026,2407.273,2426.133,208142
2024-05-21,2426.136,2433.928,2406.037,2421.654,171622
2024-05-22,2421.659,2426.542,2374.935,2382.124,169781
2024-05-23,2382.155,2383.687,2326.867,2332.012,191720
2024-05-24,2332.015,2347.385,2325.351,2333.781,122340
2024-05-26,2335.785,2340.685,2332.183,2337.175,6786
2024-05-27,2337.186,2358.486,2334.36,2352.372,95245
2024-05-28,2352.412,2364.109,2340.229,2359.685,145889
2024-05-29,2359.648,2361.361,2334.487,2338.364,130877
2024-05-30,2338.378,2351.847,2322.52,2343.907,155574
2024-05-31,2343.921,2359.692,2320.526,2327.191,154225
2024-06-02,2328.496,2328.76,2323.34,2325.937,6616
2024-06-03,2325.967,2354.746,2314.676,2350.629,144179
2024-06-04,2350.641,2352.79,2315.547,2328.786,147508
2024-06-05,2328.79,2357.389,2325.827,2355.012,136529
2024-06-06,2355.008,2378.522,2353.336,2376.73,137963
2024-06-07,2376.735,2387.697,2286.723,2293.799,196751
2024-06-09,2290.431,2300.041,2290.38,2298.478,7159
2024-06-10,2298.477,2313.758,2287.71,2309.931,120046
2024-06-11,2309.926,2319.95,2297.625,2315.071,132242
2024-06-12,2315.056,2341.627,2310.654,2320.549,172657
2024-06-13,2320.569,2326.755,2295.463,2302.335,146146
2024-06-14,2302.38,2336.562,2301.504,2332.824,127461
2024-06-16,2331.087,2331.483,2327.411,2328.874,4385
2024-06-17,2328.918,2328.947,2309.951,2320.645,110328
2024-06-18,2320.634,2333.079,2306.502,2328.255,120039
2024-06-19,2328.272,2334.96,2323.666,2329.342,73445
2024-06-20,2329.358,2365.508,2327.736,2360.747,127603
2024-06-21,2360.765,2368.732,2316.65,2321.503,135609
2024-06-23,2321.11,2322.193,2317.682,2319.187,5099
2024-06-24,2319.169,2334.629,2317.86,2330.877,110104
2024-06-25,2330.869,2337.087,2315.436,2320.027,117227
2024-06-26,2319.977,2323.89,2293.524,2298.401,129635
2024-06-27,2298.412,2330.936,2296.429,2327.72,116307
2024-06-28,2327.663,2339.809,2318.984,2326.638,115832
2024-06-30,2322.849,2326.157,2322.837,2324.933,4751
2024-07-01,2324.951,2338.478,2318.446,2332.222,114515
2024-07-02,2332.216,2336.779,2319.004,2330.18,111962
2024-07-03,2330.177,2364.926,2326.799,2358.699,118618
2024-07-04,2358.721,2362.54,2350.33,2356.721,72106
2024-07-05,2356.753,2392.927,2347.375,2391.557,127446
2024-07-07,2389.586,2390.178,2384.767,2386.117,5361
2024-07-08,2386.065,2391.088,2350.975,2361.711,122056
2024-07-09,2361.738,2371.583,2349.327,2364.966,122084
2024-07-10,2364.944,2386.657,2363.304,2372.852,101977
2024-07-11,2372.832,2424.538,2371.418,2415.854,157046
2024-07-12,2415.851,2418.241,2391.352,2411.399,121851
2024-07-14,2411.619,2412.243,2405.677,2408.657,6541
2024-07-15,2408.659,2439.76,2401.298,2422.496,131763
2024-07-16,2422.482,2469.967,2419.914,2468.278,147760
2024-07-17,2468.268,2483.757,2451.407,2461.296,180291
2024-07-18,2461.334,2474.966,2440.226,2441.25,145206
2024-07-19,2441.292,2441.343,2393.727,2400.451,172612
2024-07-21,2403.68,2411.931,2402.487,2411.528,7271
2024-07-22,2411.496,2412.188,2383.797,2395.783,141433
2024-07-23,2395.75,2411.984,2388.225,2408.513,129769
2024-07-24,2408.558,2431.954,2393.033,2398.669,151481
2024-07-25,2398.72,2399.985,2353.086,2363.801,219827
2024-07-26,2363.849,2390.799,2355.842,2387.114,141499
2024-07-28,2387.944,2403.181,2387.839,2397.091,11158
2024-07-29,2397.055,2402.46,2369.495,2381.143,146898
2024-07-30,2381.186,2412.878,2376.471,2409.807,149625
2024-07-31,2409.81,2450.951,2403.877,2445.743,174440
2024-08-01,2445.725,2462.302,2430.165,2445.844,204297
2024-08-02,2445.886,2477.704,2410.794,2441.892,265455
2024-08-04,2441.02,2446.337,2437.89,2440.952,13274
2024-08-05,2440.984,2458.836,2364.245,2404.837,361654
2024-08-06,2404.865,2418.333,2381.404,2383.787,233528
2024-08-07,2383.723,2407.059,2378.931,2384.791,182207
2024-08-08,2384.835,2427.818,2383.283,2424.595,181402
2024-08-09,2424.519,2437.068,2416.829,2430.805,149099
2024-08-11,2428.332,2433.242,2427.241,2427.927,6505
2024-08-12,2427.928,2476.033,2423.825,2475.536,134686
2024-08-13,2475.58,2476.963,2458.493,2464.06,144295
2024-08-14,2464.104,2480.064,2437.995,2449.408,210028
2024-08-15,2449.396,2470.095,2432.094,2457.298,203020
2024-08-16,2457.313,2509.766,2450.695,2507.82,159264
2024-08-18,2506.461,2506.778,2502.271,2506.414,7383
2024-08-19,2506.42,2507.482,2485.602,2503.544,149194
2024-08-20,2503.554,2531.668,2497.283,2512.964,163278
2024-08-21,2512.976,2519.942,2493.644,2512.783,157321
2024-08-22,2512.732,2514.701,2470.8,2487.564,159985
2024-08-23,2487.574,2518.35,2486.442,2512.357,157940
2024-08-25,2512.067,2516.683,2511.074,2515.917,7412
2024-08-26,2515.903,2527.009,2508.646,2515.511,146720
2024-08-27,2515.512,2529.041,2503.436,2525.269,154861
2024-08-28,2525.223,2525.813,2493.498,2508.11,154025
2024-08-29,2508.08,2528.669,2503.558,2519.615,155132
2024-08-30,2519.6,2526.914,2494.086,2503.342,168280
2024-09-01,2502.485,2504.76,2501.942,2502.98,5446
2024-09-02,2502.983,2507.31,2489.977,2497.242,100428
2024-09-03,2497.247,2506.247,2473.282,2493.223,190253
2024-09-04,2493.2,2500.286,2471.86,2495.829,165804
2024-09-05,2495.827,2523.574,2493.759,2517.282,168570
2024-09-06,2517.277,2529.225,2485.055,2497.54,235033
2024-09-08,2497.037,2498.279,2495.487,2496.869,6142
2024-09-09,2496.871,2507.701,2485.503,2506.813,160987
2024-09-10,2506.815,2518.849,2500.052,2518.678,149010
2024-09-11,2518.638,2529.06,2500.844,2511.901,193481
2024-09-12,2511.803,2560.091,2510.973,2558.422,193095
2024-09-13,2558.419,2586.12,2556.78,2579.067,173013
2024-09-15,2578.456,2580.454,2577.561,2579.163,7258
2024-09-16,2579.17,2589.651,2575.285,2583.659,139440
2024-09-17,2583.697,2586.956,2560.661,2574.05,164917
2024-09-18,2574.019,2600.138,2546.828,2559.239,254206
2024-09-19,2559.239,2594.963,2550.894,2587.282,209080
2024-09-20,2587.254,2625.754,2584.714,2622.098,185256
2024-09-22,2620.944,2622.12,2619.618,2620.234,5600
2024-09-23,2620.202,2634.881,2613.799,2626.3,162041
2024-09-24,2626.295,2664.366,2622.524,2658.204,201463
2024-09-25,2658.163,2670.602,2649.646,2656.256,188080
2024-09-26,2656.359,2685.611,2654.717,2672.601,223959
2024-09-27,2672.61,2674.266,2642.994,2657.983,209521
2024-09-29,2661.714,2665.106,2659.762,2663.543,9838
2024-09-30,2663.58,2666.069,2624.679,2635.634,202784
2024-10-01,2635.661,2673.222,2633.926,2660.361,202317
2024-10-02,2660.39,2663.362,2641.038,2660.328,170864
2024-10-03,2660.299,2662.968,2638.058,2655.804,184363
2024-10-04,2655.8,2670.167,2632.021,2653.519,203706
2024-10-06,2651.575,2652.397,2649.675,2650.128,6826
2024-10-07,2650.103,2659.613,2637.728,2642.944,173838
2024-10-08,2642.962,2652.964,2604.686,2621.868,241998
2024-10-09,2621.868,2624.321,2605.116,2608.476,175142
2024-10-10,2608.438,2636.005,2602.164,2633.149,198167
2024-10-11,2633.161,2661.462,2631.937,2656.864,151611
2024-10-13,2650.086,2652.472,2646.866,2648.091,9810
2024-10-14,2648.131,2666.838,2643.075,2649.357,155997
2024-10-15,2649.419,2668.93,2637.975,2660.5,162946
2024-10-16,2660.498,2685.394,2658.722,2674.087,175421
2024-10-17,2674.122,2696.788,2673.132,2693.706,191669
2024-10-18,2693.669,2722.633,2692.768,2721.778,182491
2024-10-20,2723.092,2725.145,2720.179,2723.416,7439
2024-10-21,2723.457,2740.552,2714.204,2721.483,211140
2024-10-22,2721.483,2748.908,2720.633,2746.553,170417
2024-10-23,2746.557,2758.508,2708.63,2721.258,211359
2024-10-24,2721.219,2743.208,2717.752,2733.844,178418
2024-10-25,2733.885,2747.774,2716.958,2747.023,160219
2024-10-27,2733.443,2740.176,2730.34,2735.815,12801
2024-10-28,2735.783,2745.917,2724.631,2744.427,158773
2024-10-29,2744.379,2775.399,2743.203,2774.915,180513
2024-10-30,2774.943,2790.075,2770.83,2785.49,176108
2024-10-31,2785.489,2790.067,2731.515,2746.691,197577
2024-11-01,2746.672,2762.275,2733.128,2736.69,186453
2024-11-03,2732.846,2740.334,2732.568,2738.352,5441
2024-11-04,2738.379,2748.215,2731.742,2736.003,162091
2024-11-05,2736.057,2749.96,2724.694,2745.707,157396
2024-11-06,2745.681,2749.681,2652.335,2664.048,373346
2024-11-07,2664.035,2710.36,2643.208,2706.866,239602
2024-11-08,2706.87,2710.418,2680.286,2684.758,201005
2024-11-10,2683.161,2685.65,2681.526,2685.605,3705
2024-11-11,2685.638,2686.141,2610.53,2624.038,210718
2024-11-12,2624.025,2627.16,2589.596,2598.955,233995
2024-11-13,2599.011,2618.841,2569.222,2570.989,226962
2024-11-14,2571.012,2577.44,2536.747,2566.899,243347
2024-11-15,2566.888,2576.067,2554.392,2562.969,203014
2024-11-17,2568.027,2575.523,2568.027,2571.477,5706
2024-11-18,2571.415,2615.113,2569.866,2612.704,190751
2024-11-19,2612.731,2639.473,2611.056,2635.166,199557
2024-11-20,2635.153,2655.433,2618.833,2652.124,172891
2024-11-21,2652.153,2673.522,2650.319,2669.159,179753
2024-11-22,2669.127,2715.658,2668.844,2715.573,214337
2024-11-24,2711.186,2721.437,2710.748,2719.756,8448
2024-11-25,2719.73,2720.143,2605.112,2610.46,324815
2024-11-26,2610.524,2641.993,2608.477,2632.254,231878
2024-11-27,2632.252,2658.19,2627.017,2637.168,182405
2024-11-28,2637.063,2649.674,2620.844,2638.769,122278
2024-11-29,2638.726,2666.383,2633.969,2655.23,154319
2024-12-01,2649.036,2650.324,2643.053,2645.659,5611
2024-12-02,2645.756,2651.794,2621.818,2642.211,226540
2024-12-03,2642.223,2655.665,2634.033,2642.721,183287
2024-12-04,2642.725,2657.147,2632.33,2650.397,188295
2024-12-05,2650.404,2655.518,2623.444,2633.713,173676
2024-12-06,2633.721,2645.733,2612.931,2632.88,205014
2024-12-08,2642.961,2648.547,2636.316,2640.064,8037
2024-12-09,2640.064,2676.431,2627.461,2660.449,196972
2024-12-10,2660.489,2698.332,2657.958,2695.991,180796
2024-12-11,2695.91,2721.058,2675.566,2719.922,185263
2024-12-12,2719.984,2726.206,2675.078,2680.623,73771
2024-12-13,2680.617,2692.778,2646.046,2648.392,70311
2024-12-15,2649.414,2653.127,2648.793,2651.479,1927
2024-12-16,2651.484,2664.447,2643.506,2651.744,118388
2024-12-17,2651.762,2658.625,2632.966,2647.378,161481
2024-12-18,2647.365,2651.737,2583.393,2588.225,184673
2024-12-19,2588.256,2626.43,2586.951,2593.519,208917
2024-12-20,2593.496,2631.875,2589.593,2622.643,178746
2024-12-22,2623.329,2624.915,2621.733,2624.293,1850
2024-12-23,2624.399,2633.25,2608.079,2615.492,123970
2024-12-24,2615.546,2621.472,2610.007,2616.713,100946
2024-12-25,2615.621,2620.115,2615.371,2618.656,2412
2024-12-26,2618.647,2639.177,2618.613,2632.684,118102
2024-12-27,2632.689,2638.314,2611.579,2621.623,135591
2024-12-29,2621.977,2626.159,2621.632,2624.035,4007
2024-12-30,2624.08,2628.138,2596.074,2606.677,141342
2024-12-31,2606.717,2627.541,2602.591,2624.381,122322
2025-01-01,2625.179,2625.839,2621.647,2623.766,3108
2025-01-02,2623.798,2660.463,2622.72,2658.327,161291
2025-01-03,2658.328,2665.253,2636.618,2640.37,133568
2025-01-05,2639.644,2642.379,2639.644,2641.063,3244
2025-01-06,2641.098,2649.473,2614.436,2634.681,194653
2025-01-07,2634.636,2664.264,2632.927,2649.807,170932
2025-01-08,2649.817,2670.053,2645.202,2662.507,162452
2025-01-09,2662.526,2678.351,2655.437,2669.952,136010
2025-01-10,2669.972,2698.026,2663.99,2689.551,273968
2025-01-12,2689.769,2691.375,2687.575,2691.105,5107
2025-01-13,2691.128,2693.356,2656.768,2668.058,263732
2025-01-14,2667.97,2678.294,2659.773,2675.589,201689
2025-01-15,2675.58,2697.97,2669.382,2694.965,219198
2025-01-16,2694.983,2724.714,2689.907,2714.578,245243
2025-01-17,2714.623,2717.34,2699.242,2702.879,165297
2025-01-19,2702.629,2703.083,2691.55,2696.424,4775
2025-01-20,2696.424,2713.77,2689.367,2710.445,143590
2025-01-21,2710.433,2745.963,2702.805,2744.259,169542
2025-01-22,2744.309,2763.43,2742.713,2755.583,221097
2025-01-23,2755.564,2758.962,2735.77,2754.543,235033
2025-01-24,2754.546,2786.013,2754.338,2771.079,222215
2025-01-26,2765.65,2769.721,2765.185,2767.553,8224
2025-01-27,2767.554,2772.571,2730.452,2741.71,279601
2025-01-28,2741.743,2765.052,2734.762,2762.702,205288
2025-01-29,2762.7,2766.271,2744.729,2760.303,226731
2025-01-30,2760.243,2798.476,2758.633,2796.146,234687
2025-01-31,2796.183,2817.244,2791.0,2799.348,294552
2025-02-02,2801.018,2804.653,2784.367,2793.709,36959
2025-02-03,2793.726,2830.604,2772.115,2814.023,393245
2025-02-04,2813.985,2845.504,2807.172,2841.206,313091
2025-02-05,2841.26,2882.425,2839.698,2869.279,291143
2025-02-06,2869.272,2873.32,2834.056,2858.0,291048
2025-02-07,2857.994,2886.747,2852.393,2861.006,274179
2025-02-09,2861.269,2870.59,2860.092,2867.495,7930
2025-02-10,2867.539,2921.675,2865.83,2917.847,259382
2025-02-11,2917.894,2942.682,2881.733,2898.536,361172
2025-02-12,2898.562,2909.267,2864.107,2905.781,269825
2025-02-13,2905.756,2932.484,2901.454,2931.217,228155
2025-02-14,2931.192,2940.005,2876.991,2882.772,290324
2025-02-16,2893.643,2894.031,2878.43,2879.221,16153
2025-02-17,2879.254,2906.488,2879.254,2899.373,177587
2025-02-18,2899.325,2936.994,2892.003,2934.061,170603
2025-02-19,2934.059,2947.041,2918.591,2935.384,200762
2025-02-20,2935.386,2954.975,2924.123,2941.53,198892
2025-02-21,2941.57,2949.759,2916.682,2936.453,205628
2025-02-23,2939.411,2940.553,2936.426,2936.867,6023
2025-02-24,2936.863,2956.199,2921.316,2949.996,210105
2025-02-25,2949.957,2952.552,2888.229,2918.604,244900
2025-02-26,2918.637,2930.141,2890.669,2919.118,192458
2025-02-27,2919.176,2919.176,2867.74,2876.063,266046
2025-02-28,2876.069,2885.034,2832.578,2858.314,244465
2025-03-02,2873.556,2876.984,2864.016,2870.799,14057
2025-03-03,2870.866,2895.267,2858.83,2890.886,205576
2025-03-04,2890.863,2927.891,2881.944,2914.363,223089
2025-03-05,2914.36,2930.042,2894.294,2918.236,264830
2025-03-06,2918.237,2926.584,2891.159,2910.359,233061
2025-03-07,2910.292,2930.525,2896.597,2911.256,272893
2025-03-09,2912.347,2917.051,2909.626,2916.187,10308
2025-03-10,2916.19,2918.312,2880.192,2884.685,259750
2025-03-11,2884.724,2922.232,2880.093,2915.551,191215
2025-03-12,2915.589,2940.574,2905.97,2938.039,202073
2025-03-13,2938.025,2989.943,2932.895,2986.435,208033
2025-03-14,2986.473,3004.92,2978.396,2986.37,200413
2025-03-16,2987.601,2994.118,2986.054,2990.061,7875
2025-03-17,2989.965,3002.8,2982.158,2999.831,149674
2025-03-18,2999.803,3038.334,2999.49,3031.774,178353
2025-03-19,3031.801,3051.945,3022.738,3050.026,176825
2025-03-20,3050.023,3057.484,3025.619,3046.409,193361
2025-03-21,3046.335,3047.435,2999.411,3023.493,193662
2025-03-23,3023.441,3026.293,3022.143,3024.721,6799
2025-03-24,3024.709,3033.208,3002.438,3009.91,176546
2025-03-25,3009.945,3035.942,3007.492,3021.041,148196
2025-03-26,3021.037,3032.042,3012.325,3021.623,154217
2025-03-27,3021.563,3059.819,3021.522,3055.71,209041
2025-03-28,3055.726,3086.803,3054.998,3085.002,213920
2025-03-30,3092.531,3097.884,3087.793,3089.213,13269
2025-03-31,3089.159,3128.165,3076.834,3120.581,276709
2025-04-01,3120.576,3149.03,3100.761,3115.168,272539
2025-04-02,3115.16,3167.792,3104.723,3162.709,319630
2025-04-03,3162.602,3164.812,3054.052,3112.884,498345
2025-04-04,3112.908,3136.756,3015.556,3038.506,516410
2025-04-06,3028.686,3032.445,2977.024,2999.944,46332
2025-04-07,2999.954,3055.804,2956.37,2981.328,684922
2025-04-08,2981.363,3022.746,2969.978,2978.321,332998
2025-04-09,2978.367,3099.689,2972.477,3086.784,457935
2025-04-10,3086.745,3191.324,3078.417,3188.972,358882
2025-04-11,3188.993,3245.436,3184.855,3237.519,383617
2025-04-13,3220.46,3224.786,3213.589,3223.733,19689
2025-04-14,3223.699,3245.757,3193.552,3212.626,264800
2025-04-15,3212.601,3251.788,3209.977,3251.78,184876
2025-04-16,3251.804,3357.779,3251.59,3350.133,295474
2025-04-17,3350.168,3356.281,3283.822,3327.671,308973
2025-04-20,3331.849,3353.102,3331.315,3348.078,23727
2025-04-21,3348.119,3444.267,3347.487,3434.548,296474
2025-04-22,3434.524,3500.094,3315.828,3336.561,547421
2025-04-23,3336.535,3386.661,3260.042,3316.383,494875
2025-04-24,3316.351,3370.789,3306.739,3348.976,350510
2025-04-25,3348.951,3363.157,3265.063,3318.798,321226
2025-04-27,3325.64,3330.215,3298.606,3302.739,25711
2025-04-28,3302.791,3352.993,3268.077,3337.682,306656
2025-04-29,3337.643,3340.035,3299.649,3317.122,257400
2025-04-30,3317.122,3327.982,3266.901,3272.887,297867
2025-05-01,3272.922,3276.326,3201.862,3237.253,318777
2025-05-02,3237.291,3269.242,3222.721,3240.947,280535
2025-05-04,3238.49,3252.3,3237.494,3247.931,17244
2025-05-05,3247.986,3338.019,3241.18,3334.031,263317
2025-05-06,3334.038,3435.016,3323.211,3400.68,375909
2025-05-07,3400.723,3401.666,3360.068,3376.488,356943
2025-05-08,3376.515,3414.851,3288.697,3316.412,386953
2025-05-09,3316.448,3347.556,3274.676,3326.805,270093
2025-05-11,3282.255,3292.619,3265.847,3287.534,32363
2025-05-12,3287.506,3289.998,3207.693,3236.88,398350
2025-05-13,3236.906,3265.659,3215.87,3254.414,262850
2025-05-14,3254.388,3254.646,3167.97,3186.128,312086
2025-05-15,3186.011,3252.105,3120.681,3237.15,310831
2025-05-16,3237.175,3244.615,3154.289,3202.214,313131
2025-05-18,3214.226,3245.227,3211.674,3234.91,28665
2025-05-19,3234.947,3249.812,3206.584,3222.532,266959
2025-05-20,3222.561,3304.112,3204.521,3290.695,274689
2025-05-21,3290.734,3324.897,3285.42,3320.085,284285
2025-05-22,3320.121,3345.472,3279.252,3300.146,302849
2025-05-23,3300.172,3365.925,3286.972,3356.306,303458
2025-05-25,3352.095,3352.48,3341.363,3342.713,22939
2025-05-26,3342.691,3356.859,3323.511,3346.139,165193
2025-05-27,3346.182,3350.029,3285.089,3309.411,249370
2025-05-28,3309.431,3325.507,3250.232,3259.895,245300
2025-05-29,3259.921,3331.225,3245.432,3315.503,268437
2025-05-30,3315.498,3322.745,3271.526,3289.665,264400
2025-06-01,3303.113,3316.742,3299.873,3310.255,16999
2025-06-02,3310.213,3392.238,3301.452,3387.456,234603
2025-06-03,3387.407,3388.671,3333.053,3359.996,224937
2025-06-04,3359.943,3384.637,3343.732,3378.042,217983
2025-06-05,3378.099,3403.592,3339.37,3361.81,319027
2025-06-06,3361.867,3375.685,3307.053,3311.702,266604
2025-06-08,3317.818,3321.217,3309.24,3318.038,14520
2025-06-09,3318.082,3338.24,3293.428,3326.766,200114
2025-06-10,3326.809,3349.153,3301.917,3327.862,228346
2025-06-11,3327.936,3373.534,3319.245,3365.376,271148
2025-06-12,3365.4,3399.02,3338.57,3395.882,279821
2025-06-13,3395.837,3446.819,3391.759,3433.449,340949
2025-06-15,3440.955,3451.252,3438.591,3444.141,24939
2025-06-16,3444.166,3451.237,3382.735,3402.769,275599
2025-06-17,3402.815,3403.269,3366.079,3387.369,267257
2025-06-18,3387.295,3400.011,3362.474,3375.023,245285
2025-06-19,3375.042,3387.941,3347.503,3368.739,184534
2025-06-20,3368.763,3374.477,3340.345,3368.546,185599
2025-06-22,3384.117,3388.96,3371.197,3372.755,26325
2025-06-23,3372.776,3393.565,3341.446,3344.235,254925
2025-06-24,3344.27,3357.912,3295.397,3324.142,255984
2025-06-25,3324.139,3340.194,3311.894,3339.028,159654
2025-06-26,3338.987,3350.37,3309.947,3318.758,197675
2025-06-27,3318.788,3322.068,3255.836,3274.598,241661
2025-06-29,3272.488,3274.234,3247.921,3263.806,27906
2025-06-30,3263.775,3314.602,3259.456,3312.441,184948
2025-07-01,3312.493,3358.015,3309.899,3338.152,187548
2025-07-02,3338.186,3365.748,3327.563,3349.395,176169
2025-07-03,3349.42,3363.677,3311.535,3330.871,180193
2025-07-04,3330.875,3345.098,3325.869,3335.07,96936
2025-07-06,3341.408,3341.924,3326.187,3328.853,12001
2025-07-07,3328.83,3345.827,3296.296,3334.653,206382
2025-07-08,3334.697,3339.5,3287.069,3302.277,195816
2025-07-09,3302.365,3321.176,3282.626,3317.639,179020
2025-07-10,3317.559,3330.337,3310.064,3323.808,159172
2025-07-11,3323.764,3368.749,3323.637,3355.105,187015
2025-07-13,3361.295,3374.044,3359.658,3367.772,17898
2025-07-14,3367.731,3375.078,3340.954,3345.337,170087
2025-07-15,3345.299,3366.356,3320.218,3331.056,176961
2025-07-16,3331.092,3377.55,3319.529,3346.526,240482
2025-07-17,3346.556,3347.405,3309.883,3340.139,165114
2025-07-18,3340.176,3361.273,3331.762,3350.395,137686
2025-07-20,3348.695,3350.115,3345.01,3349.122,7808
2025-07-21,3349.168,3369.701,3347.624,3367.205,35504
