score,low,conf_bos_or_choch,dow,conf_liquidity,datetime,conf_volume,conf_spread,volume,is_win,conf_psych_level,high,conf_sr_zone,close,open,secondary_score,atr,total_confluence,conf_fib_zone,primary_score,hour,pattern_code,regime_trend,num_confs,bias_bull,setup_score,setup_grade
1.0,1781.507,0.0,4.0,0.0,2021-07-02 16:00:00,0.0,0.0,14047.0,0,0.0,1791.777,0.0,1787.755,1782.785,0.0,9.701999999999998,1.0,1.0,1.0,16.0,1.0,1.0,1.0,1.0,1.0,A+
1.0,1786.023,0.0,4.0,0.0,2021-07-02 20:00:00,0.0,0.0,1238.0,0,0.0,1788.455,0.0,1787.446,1787.708,0.0,7.278666666666671,1.0,1.0,1.0,20.0,5.0,1.0,1.0,1.0,1.0,A+
0.0,1784.426,0.0,0.0,1.0,2021-07-05 00:00:00,1.0,1.0,11237.0,1,0.0,1789.843,0.0,1785.447,1786.187,3.0,5.87460000000001,3.0,1.0,0.0,0.0,0.0,1.0,3.0,1.0,1.0,A+
0.0,1789.15,0.0,0.0,1.0,2021-07-05 08:00:00,1.0,1.0,11566.0,1,0.0,1794.547,0.0,1789.559,1792.65,3.0,6.158571428571414,3.0,1.0,0.0,8.0,0.0,1.0,3.0,1.0,1.0,A+
0.0,1789.852,0.0,1.0,1.0,2021-07-06 16:00:00,1.0,1.0,16749.0,0,0.0,1797.59,0.0,1796.54,1796.594,3.0,6.961857142857119,3.0,1.0,0.0,16.0,0.0,1.0,3.0,1.0,1.0,A+
1.0,1802.353,0.0,2.0,0.0,2021-07-07 20:00:00,0.0,0.0,4353.0,1,0.0,1805.502,0.0,1803.285,1803.404,0.0,7.797428571428587,1.0,1.0,1.0,20.0,5.0,1.0,1.0,1.0,1.0,A+
0.0,1796.178,0.0,3.0,0.0,2021-07-08 16:00:00,1.0,1.0,13817.0,1,0.0,1802.798,0.0,1802.17,1796.722,3.0,10.20135714285714,3.0,1.0,0.0,16.0,0.0,1.0,3.0,1.0,1.0,A+
0.0,1796.594,0.0,4.0,1.0,2021-07-09 04:00:00,1.0,1.0,15225.0,1,0.0,1805.931,0.0,1804.546,1805.192,4.0,9.583428571428565,4.0,1.0,0.0,4.0,0.0,1.0,4.0,1.0,1.3333333333333333,A+
0.0,1798.182,0.0,4.0,1.0,2021-07-09 08:00:00,1.0,1.0,15562.0,1,1.0,1805.644,0.0,1800.192,1804.591,5.0,9.477428571428552,5.0,1.0,0.0,8.0,0.0,1.0,5.0,1.0,1.6666666666666667,A+
0.0,1798.882,0.0,0.0,1.0,2021-07-12 04:00:00,0.0,1.0,11780.0,1,0.0,1806.121,0.0,1803.965,1802.915,3.0,8.815785714285685,3.0,1.0,0.0,4.0,0.0,1.0,3.0,1.0,1.0,A+
0.0,1822.592,0.0,3.0,1.0,2021-07-15 08:00:00,1.0,1.0,14514.0,1,0.0,1832.854,0.0,1825.715,1830.689,4.0,7.794071428571442,4.0,1.0,0.0,8.0,0.0,1.0,4.0,1.0,1.3333333333333333,A+
1.0,1825.645,0.0,4.0,0.0,2021-07-16 00:00:00,0.0,0.0,10282.0,0,0.0,1831.446,0.0,1827.383,1829.45,0.0,6.780642857142864,1.0,1.0,1.0,0.0,8.0,1.0,1.0,1.0,1.0,A+
0.0,1802.481,0.0,0.0,1.0,2021-07-19 04:00:00,1.0,1.0,13173.0,1,0.0,1815.282,0.0,1805.847,1813.007,3.0,7.880142857142865,3.0,1.0,0.0,4.0,0.0,1.0,3.0,1.0,1.0,A+
0.0,1805.607,0.0,0.0,1.0,2021-07-19 16:00:00,1.0,1.0,14147.0,1,0.0,1812.06,0.0,1812.047,1808.325,4.0,8.416214285714286,4.0,1.0,0.0,16.0,0.0,1.0,4.0,1.0,1.3333333333333333,A+
0.0,1799.921,0.0,2.0,1.0,2021-07-21 08:00:00,1.0,1.0,15230.0,1,1.0,1808.939,0.0,1800.568,1807.272,5.0,8.444785714285754,5.0,1.0,0.0,8.0,0.0,1.0,5.0,1.0,1.6666666666666667,A+
0.0,1801.802,0.0,2.0,1.0,2021-07-21 16:00:00,0.0,1.0,11394.0,0,0.0,1805.277,0.0,1803.536,1804.036,3.0,8.044571428571478,3.0,1.0,0.0,16.0,0.0,1.0,3.0,1.0,1.0,A+
0.0,1797.243,0.0,3.0,0.0,2021-07-22 00:00:00,0.0,1.0,9114.0,1,1.0,1802.989,0.0,1798.398,1802.492,3.0,6.678785714285774,3.0,1.0,0.0,0.0,0.0,1.0,3.0,1.0,1.0,A+
0.0,1797.179,0.0,3.0,0.0,2021-07-22 04:00:00,0.0,1.0,10986.0,1,1.0,1803.294,0.0,1800.441,1798.398,3.0,6.927428571428631,3.0,1.0,0.0,4.0,0.0,1.0,3.0,1.0,1.0,A+
0.0,1820.793,0.0,4.0,1.0,2021-07-30 12:00:00,1.0,0.0,17311.0,0,0.0,1829.809,0.0,1822.571,1827.545,3.0,7.226357142857166,3.0,1.0,0.0,12.0,0.0,1.0,3.0,1.0,1.0,A+
0.0,1808.346,0.0,0.0,1.0,2021-08-02 00:00:00,1.0,0.0,11851.0,1,0.0,1816.823,0.0,1812.016,1813.796,3.0,6.4620714285714325,3.0,1.0,0.0,0.0,0.0,1.0,3.0,1.0,1.0,A+
0.0,1806.595,0.0,0.0,1.0,2021-08-02 04:00:00,1.0,1.0,11434.0,1,0.0,1813.172,0.0,1808.019,1812.013,4.0,6.298785714285714,4.0,1.0,0.0,4.0,0.0,1.0,4.0,1.0,1.3333333333333333,A+
0.0,1808.258,0.0,3.0,1.0,2021-08-05 08:00:00,1.0,0.0,11062.0,0,0.0,1814.766,0.0,1813.068,1813.609,3.0,5.906357142857116,3.0,1.0,0.0,8.0,0.0,1.0,3.0,1.0,1.0,A+
0.0,1797.515,0.0,3.0,1.0,2021-08-05 12:00:00,1.0,0.0,21106.0,1,0.0,1813.684,0.0,1804.164,1813.022,3.0,6.75507142857139,3.0,1.0,0.0,12.0,0.0,1.0,3.0,1.0,1.0,A+
0.0,1796.816,0.0,4.0,1.0,2021-08-06 04:00:00,0.0,1.0,8948.0,0,1.0,1801.93,0.0,1800.003,1800.981,3.0,6.778428571428533,3.0,1.0,0.0,4.0,0.0,1.0,3.0,1.0,1.0,A+
0.0,1794.509,0.0,4.0,1.0,2021-08-06 08:00:00,0.0,1.0,9824.0,1,1.0,1800.644,0.0,1799.592,1799.999,3.0,6.794785714285679,3.0,1.0,0.0,8.0,0.0,1.0,3.0,1.0,1.0,A+
0.0,1758.355,0.0,4.0,1.0,2021-08-06 12:00:00,1.0,1.0,44015.0,0,0.0,1801.357,0.0,1761.934,1799.612,3.0,9.638714285714254,3.0,0.0,0.0,12.0,0.0,1.0,3.0,1.0,1.0,A+
0.0,1793.427,0.0,2.0,1.0,2021-08-25 00:00:00,1.0,0.0,10282.0,1,0.0,1802.593,0.0,1794.795,1801.715,3.0,6.371428571428591,3.0,0.0,0.0,0.0,0.0,0.0,3.0,0.0,1.0,A+
0.0,1782.356,0.0,2.0,1.0,2021-08-25 12:00:00,1.0,1.0,23529.0,1,0.0,1797.666,0.0,1789.045,1794.157,4.0,6.776285714285693,4.0,0.0,0.0,12.0,0.0,0.0,4.0,0.0,1.3333333333333333,A+
0.0,1788.268,0.0,2.0,1.0,2021-08-25 16:00:00,0.0,1.0,9660.0,0,0.0,1792.875,0.0,1790.779,1789.105,3.0,6.507428571428542,3.0,0.0,0.0,16.0,0.0,0.0,3.0,0.0,1.0,A+
0.0,1783.624,0.0,3.0,1.0,2021-08-26 04:00:00,1.0,1.0,10223.0,1,0.0,1788.234,0.0,1786.927,1787.839,4.0,5.732785714285667,4.0,1.0,0.0,4.0,0.0,0.0,4.0,0.0,1.3333333333333333,A+
0.0,1797.611,0.0,4.0,1.0,2021-08-27 04:00:00,0.0,0.0,10181.0,0,1.0,1805.006,0.0,1801.521,1798.067,3.0,6.934214285714282,3.0,0.0,0.0,4.0,0.0,1.0,3.0,1.0,1.0,A+
1.0,1816.76,0.0,4.0,0.0,2021-08-27 20:00:00,0.0,0.0,1310.0,1,0.0,1819.008,1.0,1816.778,1818.976,0.0,7.691642857142873,1.0,0.0,1.0,20.0,0.0,1.0,1.0,1.0,1.0,A+
1.0,1817.133,0.0,6.0,0.0,2021-08-29 20:00:00,0.0,0.0,2766.0,0,0.0,1819.111,1.0,1818.39,1817.936,0.0,7.52921428571431,1.0,0.0,1.0,20.0,0.0,1.0,1.0,1.0,1.0,A+
0.0,1811.878,0.0,1.0,1.0,2021-08-31 08:00:00,1.0,0.0,10567.0,1,0.0,1816.907,0.0,1812.636,1815.273,3.0,7.006000000000037,3.0,0.0,0.0,8.0,0.0,1.0,3.0,1.0,1.0,A+
0.0,1807.443,0.0,1.0,1.0,2021-08-31 16:00:00,1.0,0.0,10957.0,1,0.0,1816.327,0.0,1814.71,1807.827,3.0,5.936000000000036,3.0,0.0,0.0,16.0,0.0,1.0,3.0,1.0,1.0,A+
0.0,1815.514,0.0,1.0,1.0,2021-09-07 04:00:00,1.0,0.0,10700.0,0,0.0,1823.204,0.0,1817.571,1823.069,3.0,4.789714285714273,3.0,1.0,0.0,4.0,0.0,1.0,3.0,1.0,1.0,A+
0.0,1808.264,0.0,1.0,1.0,2021-09-07 08:00:00,1.0,0.0,12341.0,1,0.0,1817.596,0.0,1810.888,1817.545,3.0,5.188285714285712,3.0,1.0,0.0,8.0,0.0,1.0,3.0,1.0,1.0,A+
0.0,1792.28,0.0,1.0,1.0,2021-09-07 12:00:00,1.0,1.0,21967.0,0,0.0,1814.943,0.0,1797.234,1810.841,3.0,6.501714285714294,3.0,1.0,0.0,12.0,0.0,1.0,3.0,1.0,1.0,A+
0.0,1795.36,0.0,2.0,0.0,2021-09-08 00:00:00,1.0,1.0,9155.0,0,1.0,1800.927,0.0,1798.031,1795.589,3.0,5.552428571428583,3.0,1.0,0.0,0.0,0.0,1.0,3.0,1.0,1.0,A+
0.0,1754.953,0.0,1.0,1.0,2021-10-05 04:00:00,1.0,0.0,15543.0,0,0.0,1760.917,0.0,1759.215,1759.943,3.0,7.801428571428589,3.0,1.0,0.0,4.0,0.0,0.0,3.0,0.0,1.0,A+
0.0,1750.71,0.0,1.0,1.0,2021-10-12 00:00:00,1.0,0.0,13289.0,1,0.0,1758.959,0.0,1758.278,1753.334,3.0,7.140642857142877,3.0,1.0,0.0,0.0,0.0,0.0,3.0,0.0,1.0,A+
1.0,1764.565,0.0,6.0,0.0,2021-10-17 20:00:00,0.0,0.0,4852.0,1,0.0,1772.013,0.0,1770.952,1766.961,0.0,6.101428571428577,1.0,1.0,1.0,20.0,1.0,0.0,1.0,0.0,1.0,A+
0.0,1761.518,0.0,0.0,1.0,2021-10-18 12:00:00,1.0,0.0,33351.0,0,0.0,1771.125,0.0,1767.78,1763.097,3.0,6.546,3.0,1.0,0.0,12.0,0.0,0.0,3.0,0.0,1.0,A+
0.0,1773.696,0.0,1.0,1.0,2021-10-19 04:00:00,1.0,0.0,13570.0,1,0.0,1782.768,0.0,1781.418,1774.746,3.0,7.447857142857158,3.0,1.0,0.0,4.0,0.0,0.0,3.0,0.0,1.0,A+
0.0,1775.872,0.0,1.0,1.0,2021-10-19 08:00:00,1.0,0.0,13936.0,1,0.0,1782.893,0.0,1780.484,1781.388,3.0,7.244214285714293,3.0,1.0,0.0,8.0,0.0,0.0,3.0,0.0,1.0,A+
0.0,1769.339,0.0,1.0,1.0,2021-10-19 12:00:00,1.0,0.0,31162.0,0,0.0,1785.062,0.0,1771.089,1780.454,3.0,7.463357142857149,3.0,1.0,0.0,12.0,0.0,0.0,3.0,0.0,1.0,A+
1.0,1778.357,0.0,3.0,0.0,2021-10-21 16:00:00,0.0,0.0,11531.0,1,0.0,1784.748,0.0,1783.911,1782.514,0.0,7.457499999999982,1.0,1.0,1.0,16.0,3.0,1.0,1.0,1.0,1.0,A+
1.0,1783.51,0.0,4.0,0.0,2021-10-22 00:00:00,0.0,0.0,12445.0,1,0.0,1788.048,1.0,1787.058,1784.561,0.0,6.642285714285712,1.0,1.0,1.0,0.0,0.0,1.0,1.0,1.0,1.0,A+
1.0,1790.413,0.0,4.0,0.0,2021-10-22 08:00:00,0.0,0.0,10893.0,1,0.0,1794.96,1.0,1792.337,1793.079,0.0,6.869857142857151,1.0,1.0,1.0,8.0,0.0,1.0,1.0,1.0,1.0,A+
0.0,1792.182,0.0,0.0,1.0,2021-10-25 00:00:00,1.0,1.0,13262.0,1,1.0,1799.011,0.0,1798.394,1794.347,4.0,8.509428571428575,4.0,1.0,0.0,0.0,0.0,1.0,4.0,1.0,1.3333333333333333,A+
0.0,1799.797,0.0,1.0,1.0,2021-10-26 04:00:00,0.0,1.0,10197.0,1,1.0,1806.463,0.0,1800.338,1803.147,3.0,7.572214285714267,3.0,1.0,0.0,4.0,0.0,1.0,3.0,1.0,1.0,A+
0.0,1789.82,0.0,1.0,1.0,2021-10-26 16:00:00,0.0,1.0,11057.0,0,0.0,1795.029,0.0,1793.388,1789.827,3.0,6.740928571428559,3.0,1.0,0.0,16.0,0.0,1.0,3.0,1.0,1.0,A+
0.0,1785.4,0.0,2.0,1.0,2021-10-27 04:00:00,1.0,1.0,12624.0,1,0.0,1791.575,0.0,1787.508,1789.086,4.0,6.5576428571428425,4.0,1.0,0.0,4.0,0.0,1.0,4.0,1.0,1.3333333333333333,A+
0.0,1784.712,0.0,2.0,1.0,2021-10-27 12:00:00,1.0,0.0,33666.0,1,0.0,1797.929,0.0,1794.46,1791.188,3.0,7.261642857142858,3.0,1.0,0.0,12.0,0.0,1.0,3.0,1.0,1.0,A+
0.0,1793.87,0.0,2.0,1.0,2021-10-27 16:00:00,1.0,0.0,14499.0,0,1.0,1799.027,0.0,1798.269,1794.429,4.0,7.259071428571441,4.0,1.0,0.0,16.0,0.0,1.0,4.0,1.0,1.3333333333333333,A+
0.0,1798.477,0.0,3.0,1.0,2021-10-28 04:00:00,1.0,0.0,13733.0,1,1.0,1803.898,0.0,1801.943,1798.763,3.0,7.400571428571425,3.0,1.0,0.0,4.0,0.0,1.0,3.0,1.0,1.0,A+
0.0,1795.714,0.0,3.0,1.0,2021-10-28 08:00:00,1.0,0.0,14199.0,1,1.0,1803.503,0.0,1801.896,1801.948,3.0,7.584285714285719,3.0,1.0,0.0,8.0,0.0,1.0,3.0,1.0,1.0,A+
1.0,1859.703,0.0,3.0,0.0,2021-11-11 16:00:00,0.0,0.0,10157.0,1,0.0,1863.675,0.0,1862.035,1861.634,0.0,10.908071428571445,1.0,0.0,1.0,16.0,5.0,1.0,1.0,1.0,1.0,A+
1.0,1861.205,0.0,3.0,0.0,2021-11-11 20:00:00,0.0,0.0,4810.0,0,0.0,1863.057,0.0,1862.286,1862.066,0.0,10.318214285714296,1.0,0.0,1.0,20.0,5.0,1.0,1.0,1.0,1.0,A+
1.0,1855.123,0.0,4.0,0.0,2021-11-12 04:00:00,0.0,0.0,11035.0,1,0.0,1859.979,0.0,1856.396,1855.13,0.0,10.33364285714286,1.0,0.0,1.0,4.0,4.0,1.0,1.0,1.0,1.0,A+
0.0,1858.094,0.0,0.0,1.0,2021-11-15 12:00:00,1.0,0.0,23948.0,1,0.0,1870.267,0.0,1861.997,1864.423,3.0,7.79971428571428,3.0,0.0,0.0,12.0,0.0,1.0,3.0,1.0,1.0,A+
0.0,1849.645,0.0,1.0,1.0,2021-11-16 16:00:00,1.0,0.0,18103.0,0,0.0,1861.371,0.0,1851.52,1861.133,3.0,8.508857142857144,3.0,0.0,0.0,16.0,0.0,1.0,3.0,1.0,1.0,A+
0.0,1859.979,0.0,2.0,1.0,2021-11-17 12:00:00,1.0,0.0,21878.0,1,0.0,1868.063,0.0,1862.854,1861.639,3.0,8.327142857142869,3.0,0.0,0.0,12.0,0.0,1.0,3.0,1.0,1.0,A+
0.0,1855.023,0.0,3.0,1.0,2021-11-18 12:00:00,1.0,0.0,29824.0,0,0.0,1866.843,0.0,1860.054,1862.716,3.0,8.516714285714329,3.0,0.0,0.0,12.0,0.0,1.0,3.0,1.0,1.0,A+
0.0,1851.393,0.0,4.0,1.0,2021-11-19 08:00:00,1.0,0.0,21686.0,0,0.0,1864.788,0.0,1861.659,1857.462,3.0,7.306000000000073,3.0,0.0,0.0,8.0,0.0,1.0,3.0,1.0,1.0,A+
0.0,1842.815,0.0,4.0,1.0,2021-11-19 16:00:00,1.0,0.0,24421.0,0,1.0,1860.69,0.0,1849.651,1860.371,4.0,8.69550000000007,4.0,1.0,0.0,16.0,0.0,1.0,4.0,1.0,1.3333333333333333,A+
1.0,1806.435,0.0,1.0,0.0,2021-11-23 00:00:00,0.0,0.0,12716.0,0,0.0,1812.37,0.0,1808.339,1809.027,0.0,11.117928571428576,1.0,0.0,1.0,0.0,5.0,1.0,1.0,1.0,1.0,A+
1.0,1791.851,0.0,2.0,0.0,2021-11-24 04:00:00,0.0,0.0,11729.0,0,0.0,1796.354,0.0,1794.078,1793.625,0.0,10.587785714285683,1.0,0.0,1.0,4.0,5.0,1.0,1.0,1.0,1.0,A+
0.0,1779.53,0.0,2.0,1.0,2021-12-08 12:00:00,1.0,0.0,24378.0,1,0.0,1787.009,0.0,1782.426,1786.636,3.0,6.554357142857157,3.0,0.0,0.0,12.0,0.0,0.0,3.0,0.0,1.0,A+
0.0,1773.417,0.0,3.0,1.0,2021-12-09 16:00:00,1.0,0.0,13741.0,1,0.0,1780.826,0.0,1776.055,1779.527,3.0,6.581357142857184,3.0,0.0,0.0,16.0,0.0,0.0,3.0,0.0,1.0,A+
0.0,1799.884,0.0,4.0,1.0,2021-12-17 16:00:00,0.0,0.0,13425.0,0,1.0,1806.469,0.0,1801.542,1804.538,3.0,8.303714285714266,3.0,1.0,0.0,16.0,0.0,0.0,3.0,0.0,1.0,A+
0.0,1791.64,0.0,0.0,1.0,2021-12-20 12:00:00,1.0,0.0,20326.0,1,0.0,1799.917,0.0,1793.641,1795.442,3.0,6.65921428571424,3.0,1.0,0.0,12.0,0.0,0.0,3.0,0.0,1.0,A+
1.0,1788.702,0.0,1.0,0.0,2021-12-21 04:00:00,0.0,0.0,9749.0,1,0.0,1793.932,0.0,1793.173,1791.821,0.0,5.802571428571404,1.0,1.0,1.0,4.0,3.0,0.0,1.0,0.0,1.0,A+
0.0,1785.234,0.0,1.0,1.0,2021-12-21 16:00:00,1.0,0.0,11881.0,1,0.0,1789.191,0.0,1788.133,1785.955,3.0,6.060071428571421,3.0,1.0,0.0,16.0,0.0,0.0,3.0,0.0,1.0,A+
0.0,1788.862,0.0,2.0,1.0,2021-12-22 12:00:00,1.0,0.0,16433.0,1,0.0,1795.817,0.0,1795.713,1790.985,3.0,5.763071428571412,3.0,1.0,0.0,12.0,0.0,0.0,3.0,0.0,1.0,A+
0.0,1795.69,0.0,2.0,1.0,2021-12-22 16:00:00,1.0,0.0,12618.0,1,0.0,1803.83,0.0,1803.611,1795.69,3.0,5.801571428571411,3.0,1.0,0.0,16.0,0.0,0.0,3.0,0.0,1.0,A+
1.0,1803.073,0.0,2.0,0.0,2021-12-22 20:00:00,0.0,0.0,5223.0,1,0.0,1804.962,0.0,1803.662,1803.621,0.0,5.345285714285702,1.0,1.0,1.0,20.0,5.0,0.0,1.0,0.0,1.0,A+
1.0,1807.417,0.0,3.0,0.0,2021-12-23 20:00:00,0.0,0.0,2612.0,0,0.0,1809.456,1.0,1808.451,1809.263,0.0,4.745571428571387,1.0,1.0,1.0,20.0,0.0,0.0,1.0,0.0,1.0,A+
1.0,1808.697,0.0,0.0,0.0,2021-12-27 20:00:00,0.0,0.0,3786.0,0,0.0,1812.627,1.0,1812.348,1809.221,0.0,4.95535714285711,1.0,1.0,1.0,20.0,0.0,1.0,1.0,1.0,1.0,A+
1.0,1813.535,0.0,1.0,0.0,2021-12-28 08:00:00,0.0,0.0,7708.0,0,0.0,1818.274,1.0,1817.751,1813.789,0.0,5.296285714285692,1.0,0.0,1.0,8.0,0.0,1.0,1.0,1.0,1.0,A+
1.0,1804.13,0.0,2.0,0.0,2021-12-29 04:00:00,0.0,0.0,6947.0,0,0.0,1807.427,0.0,1804.347,1806.627,0.0,5.42728571428568,1.0,1.0,1.0,4.0,2.0,1.0,1.0,1.0,1.0,A+
0.0,1799.892,0.0,2.0,1.0,2021-12-29 16:00:00,1.0,0.0,12428.0,0,0.0,1805.623,0.0,1805.073,1799.892,3.0,6.626999999999969,3.0,1.0,0.0,16.0,0.0,1.0,3.0,1.0,1.0,A+
0.0,1801.125,0.0,3.0,1.0,2021-12-30 00:00:00,0.0,0.0,8676.0,0,1.0,1805.498,0.0,1801.516,1804.533,3.0,5.862857142857122,3.0,1.0,0.0,0.0,0.0,1.0,3.0,1.0,1.0,A+
0.0,1798.75,0.0,3.0,1.0,2021-12-30 12:00:00,1.0,0.0,18986.0,1,0.0,1808.584,0.0,1807.129,1802.564,3.0,6.308785714285705,3.0,1.0,0.0,12.0,0.0,1.0,3.0,1.0,1.0,A+
0.0,1806.799,0.0,3.0,1.0,2021-12-30 16:00:00,1.0,0.0,11727.0,1,0.0,1815.291,0.0,1815.122,1807.137,3.0,6.576857142857144,3.0,1.0,0.0,16.0,0.0,1.0,3.0,1.0,1.0,A+
0.0,1799.762,0.0,0.0,1.0,2022-01-03 12:00:00,1.0,0.0,30498.0,1,1.0,1823.183,0.0,1801.848,1822.849,4.0,7.235857142857169,4.0,1.0,0.0,12.0,0.0,1.0,4.0,1.0,1.3333333333333333,A+
0.0,1793.554,0.0,3.0,1.0,2022-01-06 08:00:00,1.0,0.0,18501.0,1,0.0,1806.892,0.0,1797.385,1800.903,3.0,7.971785714285732,3.0,1.0,0.0,8.0,0.0,1.0,3.0,1.0,1.0,A+
1.0,1787.381,0.0,3.0,0.0,2022-01-06 20:00:00,0.0,0.0,5887.0,1,0.0,1791.605,0.0,1791.365,1787.945,0.0,7.67314285714284,1.0,1.0,1.0,20.0,1.0,1.0,1.0,1.0,1.0,A+
1.0,1787.996,0.0,4.0,0.0,2022-01-07 04:00:00,0.0,0.0,8622.0,1,0.0,1792.921,0.0,1789.785,1792.777,0.0,7.819857142857115,1.0,1.0,1.0,4.0,2.0,1.0,1.0,1.0,1.0,A+
0.0,1838.18,0.0,3.0,1.0,2022-01-20 16:00:00,1.0,0.0,14289.0,0,0.0,1846.802,0.0,1840.081,1846.786,3.0,7.952571428571413,3.0,1.0,0.0,16.0,0.0,1.0,3.0,1.0,1.0,A+
0.0,1837.068,0.0,0.0,1.0,2022-01-24 08:00:00,1.0,0.0,14791.0,1,0.0,1844.01,0.0,1838.151,1837.92,3.0,6.766999999999988,3.0,1.0,0.0,8.0,0.0,1.0,3.0,1.0,1.0,A+
0.0,1829.487,0.0,0.0,1.0,2022-01-24 12:00:00,1.0,0.0,29415.0,1,0.0,1842.971,0.0,1834.421,1838.136,3.0,7.336214285714277,3.0,1.0,0.0,12.0,0.0,1.0,3.0,1.0,1.0,A+
0.0,1834.517,0.0,1.0,1.0,2022-01-25 08:00:00,1.0,0.0,13815.0,1,0.0,1842.976,0.0,1837.609,1840.713,3.0,7.108571428571428,3.0,1.0,0.0,8.0,0.0,1.0,3.0,1.0,1.0,A+
0.0,1830.91,0.0,2.0,1.0,2022-01-26 12:00:00,1.0,0.0,24444.0,0,0.0,1847.804,0.0,1834.087,1843.035,3.0,7.988857142857147,3.0,1.0,0.0,12.0,0.0,1.0,3.0,1.0,1.0,A+
1.0,1792.14,0.0,3.0,0.0,2022-01-27 20:00:00,0.0,0.0,8652.0,1,0.0,1798.257,0.0,1797.205,1792.922,0.0,9.044214285714329,1.0,1.0,1.0,20.0,7.0,1.0,1.0,1.0,1.0,A+
1.0,1795.59,0.0,4.0,0.0,2022-01-28 04:00:00,0.0,0.0,11218.0,0,0.0,1799.322,0.0,1795.879,1799.065,0.0,8.643357142857196,1.0,1.0,1.0,4.0,8.0,1.0,1.0,1.0,1.0,A+
0.0,1849.747,0.0,1.0,1.0,2022-02-15 08:00:00,1.0,0.0,25278.0,1,0.0,1877.137,0.0,1852.446,1875.646,3.0,11.145785714285742,3.0,1.0,0.0,8.0,0.0,1.0,3.0,1.0,1.0,A+
0.0,1851.302,0.0,2.0,1.0,2022-02-16 12:00:00,1.0,0.0,22856.0,1,0.0,1864.625,0.0,1862.667,1856.368,3.0,9.98457142857142,3.0,0.0,0.0,12.0,0.0,1.0,3.0,1.0,1.0,A+
0.0,1861.418,0.0,2.0,1.0,2022-02-16 16:00:00,1.0,0.0,22115.0,1,0.0,1872.221,0.0,1870.382,1862.636,3.0,10.305500000000004,3.0,0.0,0.0,16.0,0.0,1.0,3.0,1.0,1.0,A+
0.0,1875.31,0.0,3.0,1.0,2022-02-17 08:00:00,1.0,0.0,24717.0,1,0.0,1892.973,0.0,1883.598,1876.062,3.0,9.530714285714271,3.0,0.0,0.0,8.0,0.0,1.0,3.0,1.0,1.0,A+
1.0,1888.323,0.0,4.0,0.0,2022-02-18 00:00:00,0.0,0.0,14530.0,1,0.0,1902.395,0.0,1891.021,1899.977,0.0,8.434571428571433,1.0,0.0,1.0,0.0,2.0,1.0,1.0,1.0,1.0,A+
1.0,1900.349,0.0,6.0,0.0,2022-02-20 20:00:00,0.0,0.0,3825.0,0,0.0,1906.406,1.0,1904.863,1903.076,0.0,8.662642857142812,1.0,0.0,1.0,20.0,0.0,1.0,1.0,1.0,1.0,A+
1.0,1905.196,0.0,1.0,0.0,2022-02-22 00:00:00,0.0,0.0,13243.0,1,0.0,1913.754,0.0,1908.418,1909.376,0.0,9.06457142857138,1.0,0.0,1.0,0.0,5.0,1.0,1.0,1.0,1.0,A+
1.0,1907.138,0.0,1.0,0.0,2022-02-22 04:00:00,0.0,0.0,11648.0,1,0.0,1913.224,0.0,1908.568,1908.423,0.0,8.494142857142817,1.0,0.0,1.0,4.0,5.0,1.0,1.0,1.0,1.0,A+
0.0,1891.161,0.0,1.0,1.0,2022-02-22 08:00:00,1.0,1.0,21706.0,1,0.0,1911.69,0.0,1893.764,1908.551,3.0,9.686428571428532,3.0,0.0,0.0,8.0,0.0,1.0,3.0,1.0,1.0,A+
0.0,1896.839,0.0,1.0,1.0,2022-02-22 16:00:00,1.0,1.0,18936.0,0,1.0,1905.64,0.0,1901.54,1897.875,4.0,9.834071428571406,4.0,0.0,0.0,16.0,0.0,1.0,4.0,1.0,1.3333333333333333,A+
1.0,1924.627,0.0,2.0,0.0,2022-03-02 20:00:00,0.0,0.0,11074.0,1,0.0,1933.286,0.0,1928.805,1927.876,0.0,14.374357142857177,1.0,0.0,1.0,20.0,5.0,1.0,1.0,1.0,1.0,A+
1.0,1926.162,0.0,3.0,0.0,2022-03-03 00:00:00,0.0,0.0,13600.0,1,0.0,1930.783,0.0,1927.406,1928.837,0.0,13.453214285714305,1.0,0.0,1.0,0.0,2.0,1.0,1.0,1.0,1.0,A+
1.0,1921.974,0.0,3.0,0.0,2022-03-03 04:00:00,0.0,0.0,16022.0,1,0.0,1932.313,0.0,1932.067,1927.401,0.0,13.566928571428596,1.0,0.0,1.0,4.0,1.0,1.0,1.0,1.0,1.0,A+
1.0,1965.22,0.0,4.0,0.0,2022-03-04 20:00:00,0.0,0.0,10687.0,1,0.0,1970.844,1.0,1970.317,1967.069,0.0,11.831428571428594,1.0,0.0,1.0,20.0,0.0,1.0,1.0,1.0,1.0,A+
1.0,1981.233,0.0,6.0,0.0,2022-03-06 20:00:00,0.0,0.0,11608.0,1,0.0,1991.499,1.0,1988.583,1981.416,0.0,12.371357142857164,1.0,0.0,1.0,20.0,0.0,1.0,1.0,1.0,1.0,A+
1.0,1980.906,0.0,1.0,0.0,2022-03-08 00:00:00,0.0,0.0,12461.0,1,0.0,2000.034,0.0,1985.959,1998.753,0.0,16.51449999999998,1.0,0.0,1.0,0.0,2.0,1.0,1.0,1.0,1.0,A+
1.0,1986.905,0.0,2.0,0.0,2022-03-09 20:00:00,0.0,0.0,17746.0,0,0.0,1999.081,0.0,1989.867,1989.594,0.0,29.671142857142872,1.0,1.0,1.0,20.0,5.0,1.0,1.0,1.0,1.0,A+
0.0,1974.662,0.0,3.0,1.0,2022-03-10 08:00:00,1.0,0.0,44744.0,1,0.0,2007.742,0.0,2005.137,1975.197,3.0,30.965714285714267,3.0,1.0,0.0,8.0,0.0,1.0,3.0,1.0,1.0,A+
0.0,1981.353,0.0,3.0,1.0,2022-03-10 12:00:00,1.0,0.0,65553.0,1,0.0,2009.102,0.0,1995.158,2005.17,3.0,30.41685714285713,3.0,1.0,0.0,12.0,0.0,1.0,3.0,1.0,1.0,A+
1.0,1971.047,0.0,0.0,0.0,2022-03-14 04:00:00,0.0,0.0,15607.0,0,0.0,1978.412,0.0,1972.738,1975.654,0.0,15.90399999999998,1.0,1.0,1.0,4.0,2.0,1.0,1.0,1.0,1.0,A+
0.0,1949.887,0.0,4.0,1.0,2022-03-25 08:00:00,1.0,0.0,17692.0,1,0.0,1960.614,0.0,1953.195,1954.774,3.0,10.915428571428574,3.0,1.0,0.0,8.0,0.0,1.0,3.0,1.0,1.0,A+
0.0,1982.55,0.0,0.0,1.0,2022-04-18 00:00:00,0.0,1.0,16230.0,1,0.0,1988.503,0.0,1984.823,1986.493,3.0,8.880071428571373,3.0,0.0,0.0,0.0,0.0,1.0,3.0,1.0,1.0,A+
0.0,1976.042,0.0,0.0,1.0,2022-04-18 16:00:00,1.0,1.0,18654.0,0,0.0,1990.508,0.0,1978.167,1988.934,4.0,9.437357142857111,4.0,1.0,0.0,16.0,0.0,1.0,4.0,1.0,1.3333333333333333,A+
0.0,1974.708,0.0,1.0,1.0,2022-04-19 08:00:00,1.0,0.0,16786.0,0,0.0,1981.15,0.0,1980.054,1977.924,3.0,9.286214285714255,3.0,1.0,0.0,8.0,0.0,1.0,3.0,1.0,1.0,A+
1.0,1954.622,0.0,2.0,0.0,2022-04-20 20:00:00,0.0,0.0,6205.0,0,0.0,1958.332,0.0,1956.797,1957.839,0.0,10.005285714285703,1.0,1.0,1.0,20.0,0.0,1.0,1.0,1.0,1.0,A+
0.0,1938.183,0.0,3.0,1.0,2022-04-21 16:00:00,1.0,0.0,22062.0,1,1.0,1954.006,0.0,1951.072,1939.991,3.0,11.218214285714271,3.0,1.0,0.0,16.0,0.0,1.0,3.0,1.0,1.0,A+
1.0,1930.924,0.0,4.0,0.0,2022-04-22 20:00:00,0.0,0.0,2622.0,1,0.0,1934.619,0.0,1931.5,1932.626,0.0,9.660857142857123,1.0,1.0,1.0,20.0,6.0,1.0,1.0,1.0,1.0,A+
1.0,1929.527,0.0,6.0,0.0,2022-04-24 20:00:00,0.0,0.0,4920.0,0,0.0,1934.435,0.0,1932.663,1932.305,0.0,9.384785714285696,1.0,1.0,1.0,20.0,5.0,1.0,1.0,1.0,1.0,A+
1.0,1859.557,0.0,2.0,0.0,2022-05-25 00:00:00,0.0,0.0,11434.0,0,0.0,1867.995,0.0,1862.575,1867.361,0.0,8.193571428571415,1.0,1.0,1.0,0.0,2.0,0.0,1.0,0.0,1.0,A+
0.0,1847.933,0.0,4.0,1.0,2022-05-27 00:00:00,1.0,0.0,13178.0,1,0.0,1856.398,0.0,1854.508,1852.779,3.0,8.125357142857117,3.0,1.0,0.0,0.0,0.0,0.0,3.0,0.0,1.0,A+
0.0,1850.393,0.0,4.0,1.0,2022-05-27 12:00:00,1.0,0.0,27560.0,0,0.0,1862.113,0.0,1854.659,1858.272,3.0,8.367999999999986,3.0,1.0,0.0,12.0,0.0,0.0,3.0,0.0,1.0,A+
0.0,1845.914,0.0,1.0,1.0,2022-05-31 00:00:00,1.0,0.0,14337.0,1,0.0,1853.364,0.0,1852.198,1852.416,3.0,6.134571428571429,3.0,1.0,0.0,0.0,0.0,0.0,3.0,0.0,1.0,A+
0.0,1839.843,0.0,1.0,1.0,2022-05-31 12:00:00,1.0,0.0,29912.0,1,0.0,1855.23,0.0,1843.613,1848.616,3.0,7.162071428571429,3.0,1.0,0.0,12.0,0.0,0.0,3.0,0.0,1.0,A+
0.0,1851.596,0.0,4.0,1.0,2022-06-03 12:00:00,1.0,0.0,30579.0,0,0.0,1866.884,0.0,1851.884,1863.78,3.0,8.079714285714285,3.0,1.0,0.0,12.0,0.0,0.0,3.0,0.0,1.0,A+
0.0,1847.249,0.0,4.0,1.0,2022-06-03 16:00:00,0.0,0.0,12660.0,1,1.0,1851.851,0.0,1850.659,1851.851,3.0,7.789928571428569,3.0,1.0,0.0,16.0,0.0,0.0,3.0,0.0,1.0,A+
1.0,1837.957,0.0,0.0,0.0,2022-06-06 20:00:00,0.0,0.0,4647.0,1,0.0,1842.463,1.0,1839.385,1842.092,0.0,5.89607142857145,1.0,1.0,1.0,20.0,0.0,0.0,1.0,0.0,1.0,A+
0.0,1842.05,0.0,1.0,1.0,2022-06-07 08:00:00,1.0,0.0,13907.0,1,0.0,1851.875,0.0,1847.238,1842.05,3.0,6.573357142857162,3.0,1.0,0.0,8.0,0.0,0.0,3.0,0.0,1.0,A+
0.0,1842.341,0.0,1.0,1.0,2022-06-07 12:00:00,1.0,0.0,22980.0,1,1.0,1853.522,0.0,1851.346,1847.236,4.0,7.048285714285726,4.0,1.0,0.0,12.0,0.0,0.0,4.0,0.0,1.3333333333333333,A+
0.0,1844.603,0.0,3.0,1.0,2022-06-09 08:00:00,1.0,0.0,14656.0,1,0.0,1850.889,0.0,1846.164,1850.077,3.0,7.213214285714279,3.0,1.0,0.0,8.0,0.0,0.0,3.0,0.0,1.0,A+
1.0,1819.243,0.0,1.0,0.0,2022-06-14 00:00:00,0.0,0.0,17463.0,1,0.0,1827.986,0.0,1825.389,1820.98,0.0,13.591142857142897,1.0,1.0,1.0,0.0,1.0,0.0,1.0,0.0,1.0,A+
1.0,1715.767,0.0,2.0,0.0,2022-07-27 00:00:00,0.0,0.0,10376.0,1,0.0,1720.1,0.0,1716.733,1717.929,0.0,6.629285714285727,1.0,1.0,1.0,0.0,2.0,0.0,1.0,0.0,1.0,A+
1.0,1713.648,0.0,2.0,0.0,2022-07-27 04:00:00,0.0,0.0,11440.0,1,0.0,1721.673,0.0,1719.734,1716.731,0.0,6.974857142857153,1.0,1.0,1.0,4.0,1.0,0.0,1.0,0.0,1.0,A+
1.0,1733.138,0.0,2.0,0.0,2022-07-27 20:00:00,0.0,0.0,7267.0,1,0.0,1739.875,1.0,1738.769,1734.461,0.0,7.500857142857155,1.0,1.0,1.0,20.0,0.0,0.0,1.0,0.0,1.0,A+
1.0,1750.267,0.0,3.0,0.0,2022-07-28 16:00:00,0.0,0.0,14849.0,1,0.0,1755.575,1.0,1755.299,1752.952,0.0,8.935499999999982,1.0,0.0,1.0,16.0,0.0,0.0,1.0,0.0,1.0,A+
1.0,1754.209,0.0,3.0,0.0,2022-07-28 20:00:00,0.0,0.0,5507.0,1,0.0,1757.039,1.0,1754.908,1755.329,0.0,8.546785714285695,1.0,0.0,1.0,20.0,0.0,0.0,1.0,0.0,1.0,A+
0.0,1756.269,0.0,4.0,1.0,2022-07-29 08:00:00,1.0,0.0,16790.0,1,0.0,1766.408,0.0,1761.197,1766.408,3.0,9.86299999999999,3.0,0.0,0.0,8.0,0.0,0.0,3.0,0.0,1.0,A+
1.0,1761.407,0.0,4.0,0.0,2022-07-29 20:00:00,0.0,0.0,2090.0,0,0.0,1766.289,1.0,1766.178,1761.41,0.0,9.90414285714285,1.0,0.0,1.0,20.0,0.0,0.0,1.0,0.0,1.0,A+
1.0,1758.22,0.0,0.0,0.0,2022-08-01 04:00:00,0.0,0.0,12599.0,1,0.0,1767.374,0.0,1764.438,1761.987,0.0,8.76549999999999,1.0,0.0,1.0,4.0,1.0,0.0,1.0,0.0,1.0,A+
1.0,1755.493,0.0,2.0,0.0,2022-08-03 00:00:00,0.0,0.0,14931.0,1,0.0,1769.327,0.0,1768.895,1756.669,0.0,9.468000000000009,1.0,0.0,1.0,0.0,1.0,0.0,1.0,0.0,1.0,A+
1.0,1760.182,0.0,2.0,0.0,2022-08-03 08:00:00,0.0,0.0,14327.0,0,0.0,1768.31,0.0,1765.529,1766.162,0.0,9.703285714285714,1.0,0.0,1.0,8.0,5.0,0.0,1.0,0.0,1.0,A+
0.0,1780.612,0.0,0.0,1.0,2022-08-08 12:00:00,1.0,0.0,22748.0,1,0.0,1789.96,0.0,1787.158,1782.833,3.0,7.9719285714285695,3.0,0.0,0.0,12.0,0.0,1.0,3.0,1.0,1.0,A+
0.0,1787.961,0.0,1.0,1.0,2022-08-09 12:00:00,1.0,0.0,25039.0,1,0.0,1800.41,0.0,1796.146,1789.435,3.0,7.61000000000003,3.0,0.0,0.0,12.0,0.0,1.0,3.0,1.0,1.0,A+
1.0,1790.954,0.0,2.0,0.0,2022-08-10 00:00:00,0.0,0.0,8999.0,0,0.0,1794.569,0.0,1791.208,1794.086,0.0,6.09471428571432,1.0,0.0,1.0,0.0,2.0,1.0,1.0,1.0,1.0,A+
0.0,1785.622,0.0,3.0,1.0,2022-08-11 08:00:00,1.0,0.0,13332.0,1,0.0,1795.166,0.0,1794.841,1788.0,3.0,7.495928571428586,3.0,0.0,0.0,8.0,0.0,1.0,3.0,1.0,1.0,A+
0.0,1786.324,0.0,3.0,1.0,2022-08-11 12:00:00,1.0,0.0,28932.0,1,0.0,1799.215,0.0,1790.343,1794.848,3.0,8.007785714285708,3.0,0.0,0.0,12.0,0.0,1.0,3.0,1.0,1.0,A+
0.0,1794.874,0.0,4.0,1.0,2022-08-12 16:00:00,0.0,0.0,11583.0,0,1.0,1802.068,0.0,1801.406,1794.874,3.0,8.556857142857146,3.0,0.0,0.0,16.0,0.0,1.0,3.0,1.0,1.0,A+
0.0,1772.992,0.0,0.0,1.0,2022-08-15 12:00:00,1.0,0.0,28238.0,0,0.0,1786.218,0.0,1780.759,1775.112,3.0,8.06692857142858,3.0,1.0,0.0,12.0,0.0,1.0,3.0,1.0,1.0,A+
1.0,1773.813,0.0,2.0,0.0,2022-08-17 00:00:00,0.0,0.0,9329.0,0,0.0,1776.945,0.0,1775.779,1775.564,0.0,6.489499999999956,1.0,1.0,1.0,0.0,5.0,1.0,1.0,1.0,1.0,A+
1.0,1761.72,0.0,2.0,0.0,2022-08-17 20:00:00,0.0,0.0,4824.0,0,0.0,1765.285,0.0,1764.909,1764.443,0.0,6.246428571428543,1.0,1.0,1.0,20.0,3.0,1.0,1.0,1.0,1.0,A+
1.0,1760.838,0.0,3.0,0.0,2022-08-18 04:00:00,0.0,0.0,11780.0,1,0.0,1765.378,0.0,1762.726,1762.288,0.0,6.311214285714251,1.0,1.0,1.0,4.0,5.0,1.0,1.0,1.0,1.0,A+
0.0,1745.646,0.0,4.0,1.0,2022-08-19 12:00:00,1.0,0.0,25339.0,1,1.0,1758.047,0.0,1749.076,1752.968,3.0,7.653142857142841,3.0,0.0,0.0,12.0,0.0,1.0,3.0,1.0,1.0,A+
1.0,1745.49,0.0,4.0,0.0,2022-08-19 16:00:00,0.0,0.0,11675.0,1,0.0,1750.885,1.0,1746.5,1749.045,0.0,7.316142857142836,1.0,0.0,1.0,16.0,0.0,0.0,1.0,0.0,1.0,A+
1.0,1746.254,0.0,4.0,0.0,2022-08-19 20:00:00,0.0,0.0,1337.0,0,0.0,1747.485,1.0,1747.376,1746.469,0.0,6.525714285714263,1.0,0.0,1.0,20.0,0.0,0.0,1.0,0.0,1.0,A+
1.0,1744.969,0.0,6.0,0.0,2022-08-21 20:00:00,0.0,0.0,3670.0,0,0.0,1748.094,1.0,1745.664,1745.586,0.0,5.997928571428555,1.0,0.0,1.0,20.0,0.0,0.0,1.0,0.0,1.0,A+
0.0,1713.467,0.0,1.0,1.0,2022-09-06 04:00:00,1.0,0.0,14198.0,0,0.0,1720.74,0.0,1715.743,1717.78,3.0,6.241999999999978,3.0,1.0,0.0,4.0,0.0,0.0,3.0,0.0,1.0,A+
0.0,1710.649,0.0,1.0,1.0,2022-09-06 08:00:00,1.0,0.0,15296.0,0,0.0,1716.021,0.0,1714.551,1715.721,3.0,6.204999999999992,3.0,1.0,0.0,8.0,0.0,0.0,3.0,0.0,1.0,A+
0.0,1701.116,0.0,1.0,1.0,2022-09-06 12:00:00,1.0,0.0,31965.0,1,0.0,1714.97,0.0,1703.015,1714.553,3.0,6.820642857142859,3.0,0.0,0.0,12.0,0.0,0.0,3.0,0.0,1.0,A+
0.0,1699.751,0.0,1.0,1.0,2022-09-06 16:00:00,1.0,0.0,15315.0,1,1.0,1704.338,0.0,1700.08,1703.011,4.0,6.161785714285721,4.0,0.0,0.0,16.0,0.0,0.0,4.0,0.0,1.3333333333333333,A+
1.0,1699.924,0.0,1.0,0.0,2022-09-06 20:00:00,0.0,0.0,4977.0,1,0.0,1703.837,0.0,1703.478,1700.05,0.0,5.896500000000011,1.0,0.0,1.0,20.0,1.0,0.0,1.0,0.0,1.0,A+
0.0,1716.151,0.0,3.0,1.0,2022-09-08 08:00:00,1.0,0.0,18185.0,0,0.0,1727.938,0.0,1723.762,1717.611,3.0,8.680571428571463,3.0,1.0,0.0,8.0,0.0,0.0,3.0,0.0,1.0,A+
0.0,1719.697,0.0,4.0,1.0,2022-09-09 08:00:00,1.0,0.0,19355.0,1,0.0,1729.336,0.0,1720.759,1727.208,3.0,10.02971428571433,3.0,1.0,0.0,8.0,0.0,0.0,3.0,0.0,1.0,A+
1.0,1714.539,0.0,4.0,0.0,2022-09-09 16:00:00,0.0,0.0,11172.0,1,0.0,1720.27,0.0,1715.661,1716.801,0.0,9.86407142857146,1.0,1.0,1.0,16.0,6.0,0.0,1.0,0.0,1.0,A+
1.0,1715.371,0.0,4.0,0.0,2022-09-09 20:00:00,0.0,0.0,1380.0,1,0.0,1718.016,0.0,1717.186,1715.626,0.0,8.88242857142859,1.0,1.0,1.0,20.0,1.0,0.0,1.0,0.0,1.0,A+
1.0,1716.742,0.0,6.0,0.0,2022-09-11 20:00:00,0.0,0.0,3416.0,0,0.0,1720.155,0.0,1718.396,1718.402,0.0,8.433000000000025,1.0,1.0,1.0,20.0,5.0,0.0,1.0,0.0,1.0,A+
0.0,1696.943,0.0,1.0,1.0,2022-09-13 12:00:00,1.0,0.0,51031.0,1,1.0,1731.772,0.0,1700.93,1729.676,3.0,9.536071428571436,3.0,0.0,0.0,12.0,0.0,0.0,3.0,0.0,1.0,A+
1.0,1661.286,0.0,3.0,0.0,2022-09-15 20:00:00,0.0,0.0,5686.0,1,0.0,1665.375,1.0,1662.357,1663.9,0.0,8.086499999999953,1.0,0.0,1.0,20.0,0.0,0.0,1.0,0.0,1.0,A+
1.0,1661.231,0.0,4.0,0.0,2022-09-16 00:00:00,0.0,0.0,12552.0,1,0.0,1667.659,0.0,1664.318,1662.336,0.0,8.068071428571395,1.0,0.0,1.0,0.0,1.0,0.0,1.0,0.0,1.0,A+
0.0,1703.12,0.0,2.0,1.0,2022-10-05 08:00:00,1.0,0.0,21909.0,1,0.0,1716.435,0.0,1706.154,1716.326,3.0,11.734857142857177,3.0,0.0,0.0,8.0,0.0,0.0,3.0,0.0,1.0,A+
0.0,1700.445,0.0,2.0,1.0,2022-10-05 12:00:00,1.0,0.0,39713.0,1,0.0,1714.136,0.0,1709.047,1706.12,3.0,12.242642857142885,3.0,0.0,0.0,12.0,0.0,0.0,3.0,0.0,1.0,A+
0.0,1708.167,0.0,3.0,1.0,2022-10-06 12:00:00,1.0,0.0,34799.0,1,0.0,1719.422,0.0,1708.184,1714.881,3.0,10.61028571428572,3.0,0.0,0.0,12.0,0.0,0.0,3.0,0.0,1.0,A+
0.0,1667.663,0.0,2.0,1.0,2022-10-12 16:00:00,1.0,0.0,21553.0,0,0.0,1678.298,0.0,1675.141,1669.452,3.0,9.538857142857166,3.0,1.0,0.0,16.0,0.0,0.0,3.0,0.0,1.0,A+
0.0,1650.189,0.0,4.0,1.0,2022-10-14 08:00:00,1.0,0.0,25308.0,0,0.0,1667.117,0.0,1654.891,1667.023,3.0,10.557785714285712,3.0,1.0,0.0,8.0,0.0,0.0,3.0,0.0,1.0,A+
0.0,1648.863,0.0,0.0,1.0,2022-10-24 04:00:00,0.0,0.0,20311.0,1,1.0,1658.65,0.0,1649.232,1654.012,3.0,11.640285714285726,3.0,1.0,0.0,4.0,0.0,0.0,3.0,0.0,1.0,A+
0.0,1643.853,0.0,0.0,1.0,2022-10-24 12:00:00,1.0,0.0,39524.0,0,0.0,1654.25,0.0,1651.793,1650.003,3.0,11.507642857142873,3.0,1.0,0.0,12.0,0.0,0.0,3.0,0.0,1.0,A+
0.0,1639.014,0.0,1.0,1.0,2022-10-25 12:00:00,1.0,0.0,35138.0,1,0.0,1662.281,0.0,1656.011,1643.793,3.0,11.19450000000003,3.0,1.0,0.0,12.0,0.0,0.0,3.0,0.0,1.0,A+
0.0,1646.282,0.0,4.0,1.0,2022-10-28 08:00:00,1.0,0.0,20150.0,0,1.0,1653.797,0.0,1650.372,1652.695,4.0,8.528928571428603,4.0,1.0,0.0,8.0,0.0,0.0,4.0,0.0,1.3333333333333333,A+
1.0,1640.63,0.0,0.0,0.0,2022-10-31 00:00:00,0.0,0.0,11280.0,0,0.0,1645.054,0.0,1644.333,1643.413,0.0,7.382071428571488,1.0,1.0,1.0,0.0,1.0,0.0,1.0,0.0,1.0,A+
0.0,1772.927,0.0,2.0,1.0,2022-11-16 12:00:00,1.0,0.0,34866.0,0,0.0,1783.486,0.0,1779.604,1783.452,3.0,10.954285714285724,3.0,0.0,0.0,12.0,0.0,1.0,3.0,1.0,1.0,A+
0.0,1761.455,0.0,3.0,1.0,2022-11-17 08:00:00,1.0,0.0,22166.0,1,0.0,1770.99,0.0,1765.534,1766.964,3.0,10.299071428571422,3.0,0.0,0.0,8.0,0.0,1.0,3.0,1.0,1.0,A+
0.0,1754.443,0.0,3.0,1.0,2022-11-17 12:00:00,1.0,0.0,35717.0,1,0.0,1767.519,0.0,1760.195,1765.565,3.0,10.12342857142856,3.0,0.0,0.0,12.0,0.0,1.0,3.0,1.0,1.0,A+
1.0,1759.935,0.0,4.0,0.0,2022-11-18 00:00:00,0.0,0.0,12283.0,1,0.0,1765.676,0.0,1764.81,1760.026,0.0,7.875571428571431,1.0,0.0,1.0,0.0,1.0,1.0,1.0,1.0,1.0,A+
0.0,1739.607,0.0,0.0,1.0,2022-11-28 16:00:00,1.0,0.0,18176.0,1,0.0,1746.762,0.0,1740.238,1745.408,3.0,7.206999999999978,3.0,1.0,0.0,16.0,0.0,1.0,3.0,1.0,1.0,A+
0.0,1740.23,0.0,1.0,0.0,2022-11-29 00:00:00,1.0,0.0,14459.0,1,1.0,1750.498,0.0,1750.434,1741.252,3.0,7.602571428571407,3.0,1.0,0.0,0.0,0.0,1.0,3.0,1.0,1.0,A+
0.0,1750.022,0.0,1.0,1.0,2022-11-29 04:00:00,1.0,0.0,15229.0,1,0.0,1755.029,0.0,1753.903,1750.409,3.0,7.852571428571423,3.0,1.0,0.0,4.0,0.0,1.0,3.0,1.0,1.0,A+
0.0,1752.169,0.0,1.0,1.0,2022-11-29 08:00:00,1.0,0.0,18230.0,0,0.0,1758.749,0.0,1757.304,1753.896,3.0,7.801714285714281,3.0,1.0,0.0,8.0,0.0,1.0,3.0,1.0,1.0,A+
0.0,1746.897,0.0,1.0,1.0,2022-11-29 12:00:00,1.0,0.0,25505.0,0,0.0,1757.979,0.0,1755.147,1757.273,3.0,7.898571428571439,3.0,1.0,0.0,12.0,0.0,1.0,3.0,1.0,1.0,A+
0.0,1748.827,0.0,1.0,1.0,2022-11-29 16:00:00,1.0,0.0,17118.0,0,1.0,1755.494,0.0,1750.227,1755.136,4.0,8.007785714285708,4.0,1.0,0.0,16.0,0.0,1.0,4.0,1.0,1.3333333333333333,A+
1.0,1766.279,0.0,2.0,0.0,2022-11-30 20:00:00,0.0,0.0,12391.0,1,0.0,1773.44,1.0,1773.332,1767.77,0.0,8.416499999999994,1.0,1.0,1.0,20.0,0.0,1.0,1.0,1.0,1.0,A+
0.0,1797.914,0.0,4.0,1.0,2022-12-02 08:00:00,0.0,0.0,17978.0,1,1.0,1802.96,0.0,1798.449,1801.665,3.0,9.685785714285725,3.0,0.0,0.0,8.0,0.0,1.0,3.0,1.0,1.0,A+
0.0,1778.425,0.0,4.0,1.0,2022-12-02 12:00:00,1.0,0.0,45526.0,1,0.0,1800.937,0.0,1785.69,1798.455,3.0,11.015999999999996,3.0,1.0,0.0,12.0,0.0,1.0,3.0,1.0,1.0,A+
0.0,1784.546,0.0,4.0,1.0,2022-12-02 16:00:00,1.0,0.0,20928.0,0,1.0,1798.59,0.0,1798.516,1785.722,4.0,11.429071428571415,4.0,0.0,0.0,16.0,0.0,1.0,4.0,1.0,1.3333333333333333,A+
0.0,1773.007,0.0,0.0,1.0,2022-12-05 12:00:00,1.0,0.0,33478.0,0,0.0,1798.361,0.0,1777.89,1793.856,3.0,10.8555714285714,3.0,1.0,0.0,12.0,0.0,1.0,3.0,1.0,1.0,A+
0.0,1770.751,0.0,1.0,1.0,2022-12-06 12:00:00,1.0,0.0,23764.0,1,0.0,1780.835,0.0,1772.522,1778.858,3.0,10.83535714285709,3.0,1.0,0.0,12.0,0.0,1.0,3.0,1.0,1.0,A+
0.0,1776.284,0.0,2.0,1.0,2022-12-07 16:00:00,1.0,0.0,19541.0,0,0.0,1790.489,0.0,1789.797,1780.516,3.0,9.809714285714238,3.0,1.0,0.0,16.0,0.0,1.0,3.0,1.0,1.0,A+
1.0,1787.644,0.0,3.0,0.0,2022-12-08 20:00:00,0.0,0.0,5287.0,1,0.0,1790.221,0.0,1789.207,1789.499,0.0,7.123714285714267,1.0,1.0,1.0,20.0,5.0,1.0,1.0,1.0,1.0,A+
1.0,1788.466,0.0,4.0,0.0,2022-12-09 00:00:00,0.0,0.0,12859.0,1,0.0,1795.654,1.0,1795.186,1789.21,0.0,6.989142857142854,1.0,1.0,1.0,0.0,0.0,1.0,1.0,1.0,1.0,A+
0.0,1782.555,0.0,1.0,1.0,2022-12-13 08:00:00,1.0,0.0,15171.0,1,0.0,1788.336,0.0,1787.493,1787.963,3.0,7.628642857142852,3.0,1.0,0.0,8.0,0.0,1.0,3.0,1.0,1.0,A+
0.0,1805.3,0.0,1.0,1.0,2022-12-13 16:00:00,1.0,0.0,28150.0,1,0.0,1815.123,0.0,1811.366,1809.725,3.0,9.063428571428563,3.0,0.0,0.0,16.0,0.0,1.0,3.0,1.0,1.0,A+
0.0,1804.27,0.0,2.0,1.0,2022-12-14 12:00:00,1.0,0.0,21630.0,0,0.0,1812.976,0.0,1811.898,1806.676,3.0,8.633999999999999,3.0,0.0,0.0,12.0,0.0,1.0,3.0,1.0,1.0,A+
0.0,1810.391,0.0,1.0,1.0,2022-12-27 16:00:00,1.0,1.0,21547.0,1,0.0,1826.289,0.0,1812.975,1824.619,4.0,8.82650000000001,4.0,1.0,0.0,16.0,0.0,1.0,4.0,1.0,1.3333333333333333,A+
0.0,1809.548,0.0,2.0,1.0,2022-12-28 00:00:00,0.0,1.0,12247.0,0,0.0,1814.566,0.0,1810.109,1812.377,3.0,7.990357142857143,3.0,1.0,0.0,0.0,0.0,1.0,3.0,1.0,1.0,A+
0.0,1797.98,0.0,2.0,1.0,2022-12-28 12:00:00,1.0,0.0,24082.0,1,0.0,1809.412,0.0,1797.98,1803.216,3.0,8.984999999999998,3.0,1.0,0.0,12.0,0.0,1.0,3.0,1.0,1.0,A+
0.0,1805.193,0.0,3.0,1.0,2022-12-29 12:00:00,1.0,0.0,24588.0,1,0.0,1818.04,0.0,1813.519,1806.683,3.0,9.498785714285711,3.0,1.0,0.0,12.0,0.0,1.0,3.0,1.0,1.0,A+
0.0,1811.876,0.0,3.0,1.0,2022-12-29 16:00:00,1.0,0.0,15713.0,0,0.0,1820.145,0.0,1817.264,1813.549,3.0,9.738285714285714,3.0,1.0,0.0,16.0,0.0,1.0,3.0,1.0,1.0,A+
0.0,1813.189,0.0,4.0,1.0,2022-12-30 08:00:00,1.0,0.0,15087.0,1,0.0,1820.202,0.0,1818.917,1816.728,3.0,7.437785714285708,3.0,1.0,0.0,8.0,0.0,1.0,3.0,1.0,1.0,A+
1.0,1823.998,0.0,0.0,0.0,2023-01-02 20:00:00,0.0,0.0,2383.0,1,0.0,1830.46,1.0,1829.131,1825.968,0.0,6.863642857142834,1.0,0.0,1.0,20.0,0.0,1.0,1.0,1.0,1.0,A+
0.0,1828.196,0.0,1.0,1.0,2023-01-03 16:00:00,1.0,1.0,22381.0,0,0.0,1840.181,0.0,1839.036,1833.171,3.0,10.185285714285715,3.0,0.0,0.0,16.0,0.0,1.0,3.0,1.0,1.0,A+
1.0,1853.295,0.0,3.0,0.0,2023-01-05 00:00:00,0.0,0.0,14433.0,1,0.0,1858.971,0.0,1853.296,1854.794,0.0,11.548000000000034,1.0,0.0,1.0,0.0,6.0,1.0,1.0,1.0,1.0,A+
0.0,1825.666,0.0,3.0,1.0,2023-01-05 16:00:00,1.0,0.0,20422.0,0,0.0,1837.435,0.0,1834.276,1826.824,3.0,11.451928571428589,3.0,1.0,0.0,16.0,0.0,1.0,3.0,1.0,1.0,A+
1.0,1873.728,0.0,0.0,0.0,2023-01-09 04:00:00,0.0,0.0,14377.0,1,0.0,1880.917,0.0,1875.028,1877.144,0.0,10.080999999999936,1.0,0.0,1.0,4.0,6.0,1.0,1.0,1.0,1.0,A+
0.0,1873.231,0.0,3.0,1.0,2023-01-12 12:00:00,1.0,0.0,60684.0,1,0.0,1901.404,0.0,1888.811,1885.138,3.0,8.639428571428637,3.0,0.0,0.0,12.0,0.0,1.0,3.0,1.0,1.0,A+
0.0,1897.951,0.0,4.0,1.0,2023-01-13 08:00:00,1.0,0.0,21315.0,1,1.0,1909.644,0.0,1899.542,1899.557,3.0,9.311357142857188,3.0,0.0,0.0,8.0,0.0,1.0,3.0,1.0,1.0,A+
1.0,1906.949,0.0,1.0,0.0,2023-01-17 04:00:00,0.0,0.0,13884.0,1,0.0,1913.205,0.0,1910.003,1910.229,0.0,8.832499999999998,1.0,0.0,1.0,4.0,5.0,1.0,1.0,1.0,1.0,A+
1.0,1907.482,0.0,1.0,0.0,2023-01-17 20:00:00,0.0,0.0,7569.0,1,0.0,1910.752,0.0,1908.691,1907.851,0.0,7.156285714285706,1.0,0.0,1.0,20.0,4.0,1.0,1.0,1.0,1.0,A+
0.0,1899.183,0.0,2.0,1.0,2023-01-18 00:00:00,1.0,0.0,20332.0,1,1.0,1910.319,0.0,1900.092,1908.674,3.0,7.738571428571423,3.0,0.0,0.0,0.0,0.0,1.0,3.0,1.0,1.0,A+
0.0,1901.547,0.0,2.0,1.0,2023-01-18 16:00:00,1.0,0.0,24057.0,1,0.0,1912.739,0.0,1905.061,1912.234,3.0,8.395500000000002,3.0,0.0,0.0,16.0,0.0,1.0,3.0,1.0,1.0,A+
1.0,1927.466,0.0,4.0,0.0,2023-01-20 00:00:00,0.0,0.0,13219.0,1,0.0,1934.797,0.0,1927.535,1931.683,0.0,9.738357142857126,1.0,0.0,1.0,0.0,2.0,1.0,1.0,1.0,1.0,A+
1.0,1923.156,0.0,4.0,0.0,2023-01-20 04:00:00,0.0,0.0,13999.0,0,0.0,1933.047,1.0,1933.026,1927.539,0.0,10.211285714285705,1.0,0.0,1.0,4.0,0.0,1.0,1.0,1.0,1.0,A+
0.0,1918.778,0.0,0.0,1.0,2023-01-23 08:00:00,1.0,0.0,17985.0,1,0.0,1929.315,0.0,1925.518,1920.258,3.0,9.300357142857122,3.0,0.0,0.0,8.0,0.0,1.0,3.0,1.0,1.0,A+
0.0,1916.962,0.0,1.0,1.0,2023-01-24 12:00:00,1.0,0.0,35929.0,1,0.0,1939.386,0.0,1934.973,1937.201,3.0,9.715499999999988,3.0,0.0,0.0,12.0,0.0,1.0,3.0,1.0,1.0,A+
0.0,1930.122,0.0,1.0,1.0,2023-01-24 16:00:00,1.0,0.0,18950.0,0,0.0,1938.202,0.0,1938.056,1935.005,3.0,9.554499999999978,3.0,0.0,0.0,16.0,0.0,1.0,3.0,1.0,1.0,A+
0.0,1922.687,0.0,2.0,1.0,2023-01-25 08:00:00,1.0,0.0,18117.0,1,0.0,1932.348,0.0,1925.905,1928.733,3.0,10.046214285714314,3.0,0.0,0.0,8.0,0.0,1.0,3.0,1.0,1.0,A+
0.0,1933.068,0.0,3.0,1.0,2023-01-26 08:00:00,1.0,0.0,17593.0,1,0.0,1945.04,0.0,1936.961,1942.876,3.0,10.55535714285718,3.0,0.0,0.0,8.0,0.0,1.0,3.0,1.0,1.0,A+
0.0,1923.156,0.0,3.0,1.0,2023-01-26 12:00:00,1.0,0.0,39304.0,1,0.0,1942.332,0.0,1924.812,1936.991,3.0,11.240714285714327,3.0,0.0,0.0,12.0,0.0,1.0,3.0,1.0,1.0,A+
0.0,1918.36,0.0,3.0,1.0,2023-01-26 16:00:00,1.0,0.0,23975.0,0,0.0,1933.09,0.0,1931.185,1924.782,3.0,11.7131428571429,3.0,0.0,0.0,16.0,0.0,1.0,3.0,1.0,1.0,A+
0.0,1920.627,0.0,0.0,1.0,2023-01-30 08:00:00,1.0,0.0,19180.0,1,0.0,1930.707,0.0,1923.154,1924.478,3.0,9.703071428571434,3.0,1.0,0.0,8.0,0.0,1.0,3.0,1.0,1.0,A+
0.0,1920.748,0.0,0.0,1.0,2023-01-30 16:00:00,1.0,0.0,16511.0,0,0.0,1925.776,0.0,1923.276,1925.57,3.0,8.399071428571428,3.0,1.0,0.0,16.0,0.0,1.0,3.0,1.0,1.0,A+
0.0,1916.967,0.0,3.0,1.0,2023-02-02 12:00:00,1.0,0.0,52843.0,0,0.0,1955.928,0.0,1926.115,1954.714,3.0,12.731357142857096,3.0,1.0,0.0,12.0,0.0,1.0,3.0,1.0,1.0,A+
0.0,1911.751,0.0,3.0,1.0,2023-02-02 16:00:00,1.0,0.0,27933.0,1,0.0,1926.273,0.0,1913.204,1926.078,3.0,12.788214285714243,3.0,1.0,0.0,16.0,0.0,1.0,3.0,1.0,1.0,A+
0.0,1833.525,0.0,1.0,1.0,2023-02-21 04:00:00,0.0,1.0,12951.0,1,0.0,1839.693,0.0,1834.777,1838.387,3.0,6.4304285714285765,3.0,0.0,0.0,4.0,0.0,0.0,3.0,0.0,1.0,A+
0.0,1831.05,0.0,1.0,1.0,2023-02-21 08:00:00,1.0,1.0,19505.0,1,0.0,1836.748,0.0,1833.791,1834.747,4.0,6.357785714285716,4.0,0.0,0.0,8.0,0.0,0.0,4.0,0.0,1.3333333333333333,A+
0.0,1830.204,0.0,1.0,1.0,2023-02-21 12:00:00,1.0,1.0,30503.0,0,0.0,1843.801,0.0,1838.71,1833.798,4.0,6.67507142857143,4.0,0.0,0.0,12.0,0.0,0.0,4.0,0.0,1.3333333333333333,A+
0.0,1831.687,0.0,1.0,1.0,2023-02-21 16:00:00,1.0,1.0,19023.0,1,0.0,1839.461,0.0,1834.017,1838.742,4.0,5.935785714285722,4.0,0.0,0.0,16.0,0.0,0.0,4.0,0.0,1.3333333333333333,A+
0.0,1832.02,0.0,2.0,1.0,2023-02-22 08:00:00,1.0,0.0,17723.0,0,0.0,1841.137,0.0,1838.851,1839.85,3.0,5.826857142857144,3.0,1.0,0.0,8.0,0.0,0.0,3.0,0.0,1.0,A+
1.0,1827.472,0.0,3.0,0.0,2023-02-23 04:00:00,0.0,0.0,12265.0,0,0.0,1833.723,0.0,1829.709,1827.835,0.0,7.429214285714271,1.0,1.0,1.0,4.0,4.0,0.0,1.0,0.0,1.0,A+
1.0,1822.135,0.0,3.0,0.0,2023-02-23 20:00:00,0.0,0.0,5922.0,1,0.0,1824.086,0.0,1823.166,1822.938,0.0,7.012571428571424,1.0,0.0,1.0,20.0,5.0,0.0,1.0,0.0,1.0,A+
1.0,1821.721,0.0,4.0,0.0,2023-02-24 04:00:00,0.0,0.0,11475.0,0,0.0,1826.364,0.0,1822.036,1825.713,0.0,6.956357142857152,1.0,0.0,1.0,4.0,2.0,0.0,1.0,0.0,1.0,A+
1.0,1810.511,0.0,4.0,0.0,2023-02-24 20:00:00,0.0,0.0,5315.0,1,0.0,1813.395,1.0,1810.778,1810.898,0.0,6.57507142857144,1.0,0.0,1.0,20.0,0.0,0.0,1.0,0.0,1.0,A+
1.0,1811.239,0.0,6.0,0.0,2023-02-26 20:00:00,0.0,0.0,2182.0,0,0.0,1813.078,0.0,1811.74,1811.891,0.0,5.856071428571438,1.0,0.0,1.0,20.0,5.0,0.0,1.0,0.0,1.0,A+
0.0,1848.038,0.0,0.0,1.0,2023-03-06 12:00:00,1.0,0.0,21452.0,1,1.0,1853.923,0.0,1850.982,1848.454,3.0,6.291142857142826,3.0,1.0,0.0,12.0,0.0,0.0,3.0,0.0,1.0,A+
0.0,1812.159,0.0,2.0,1.0,2023-03-08 12:00:00,1.0,0.0,33363.0,1,0.0,1824.235,0.0,1820.599,1815.017,3.0,8.037714285714287,3.0,1.0,0.0,12.0,0.0,0.0,3.0,0.0,1.0,A+
0.0,1813.278,0.0,2.0,1.0,2023-03-08 16:00:00,1.0,0.0,19170.0,0,0.0,1821.851,0.0,1816.233,1820.635,3.0,7.944000000000009,3.0,1.0,0.0,16.0,0.0,0.0,3.0,0.0,1.0,A+
0.0,1815.424,0.0,3.0,1.0,2023-03-09 12:00:00,1.0,0.0,27118.0,1,0.0,1835.398,0.0,1828.576,1818.698,3.0,8.673571428571417,3.0,1.0,0.0,12.0,0.0,0.0,3.0,0.0,1.0,A+
1.0,1871.496,0.0,0.0,0.0,2023-03-13 04:00:00,0.0,0.0,18706.0,1,0.0,1883.653,0.0,1876.235,1882.572,0.0,12.29578571428572,1.0,1.0,1.0,4.0,2.0,0.0,1.0,0.0,1.0,A+
1.0,1909.909,0.0,0.0,0.0,2023-03-13 20:00:00,0.0,0.0,5421.0,1,0.0,1914.07,1.0,1912.025,1913.263,0.0,13.73321428571426,1.0,0.0,1.0,20.0,0.0,0.0,1.0,0.0,1.0,A+
1.0,1902.453,0.0,1.0,0.0,2023-03-14 20:00:00,0.0,0.0,4393.0,1,0.0,1904.65,0.0,1903.064,1902.453,0.0,13.225142857142844,1.0,0.0,1.0,20.0,4.0,1.0,1.0,1.0,1.0,A+
1.0,1899.925,0.0,2.0,0.0,2023-03-15 00:00:00,0.0,0.0,14463.0,0,0.0,1905.638,0.0,1902.849,1903.055,0.0,13.167714285714268,1.0,0.0,1.0,0.0,5.0,1.0,1.0,1.0,1.0,A+
0.0,1913.335,0.0,3.0,1.0,2023-03-16 12:00:00,1.0,0.0,64088.0,1,0.0,1933.437,0.0,1918.692,1926.908,3.0,13.626642857142851,3.0,0.0,0.0,12.0,0.0,1.0,3.0,1.0,1.0,A+
1.0,1975.236,0.0,4.0,0.0,2023-03-17 20:00:00,0.0,0.0,5883.0,0,0.0,1988.311,1.0,1988.129,1976.27,0.0,14.711000000000013,1.0,0.0,1.0,20.0,0.0,1.0,1.0,1.0,1.0,A+
0.0,1965.507,0.0,0.0,1.0,2023-03-20 12:00:00,1.0,0.0,55577.0,1,0.0,1986.561,0.0,1973.763,1983.812,3.0,17.693785714285696,3.0,0.0,0.0,12.0,0.0,1.0,3.0,1.0,1.0,A+
1.0,1976.241,0.0,0.0,0.0,2023-03-20 20:00:00,0.0,0.0,6160.0,1,0.0,1980.021,0.0,1976.585,1977.17,0.0,16.858214285714276,1.0,0.0,1.0,20.0,6.0,1.0,1.0,1.0,1.0,A+
1.0,1975.242,0.0,1.0,0.0,2023-03-21 00:00:00,0.0,0.0,15508.0,0,0.0,1985.121,0.0,1983.76,1976.581,0.0,17.307142857142853,1.0,0.0,1.0,0.0,1.0,1.0,1.0,1.0,1.0,A+
1.0,1970.255,0.0,1.0,0.0,2023-03-21 04:00:00,0.0,0.0,19004.0,0,0.0,1983.756,0.0,1970.316,1983.756,0.0,17.4532857142857,1.0,0.0,1.0,4.0,8.0,1.0,1.0,1.0,1.0,A+
0.0,1937.051,0.0,2.0,1.0,2023-03-22 12:00:00,1.0,0.0,31892.0,1,0.0,1951.888,0.0,1947.214,1942.414,3.0,12.905428571428567,3.0,1.0,0.0,12.0,0.0,1.0,3.0,1.0,1.0,A+
0.0,1945.048,0.0,2.0,1.0,2023-03-22 16:00:00,1.0,0.0,65201.0,1,0.0,1978.802,0.0,1972.71,1947.228,3.0,12.999785714285704,3.0,0.0,0.0,16.0,0.0,1.0,3.0,1.0,1.0,A+
0.0,1981.221,0.0,4.0,1.0,2023-03-24 08:00:00,1.0,0.0,31793.0,0,0.0,2000.245,0.0,1995.789,1989.437,3.0,13.071857142857132,3.0,0.0,0.0,8.0,0.0,1.0,3.0,1.0,1.0,A+
0.0,1975.239,0.0,4.0,1.0,2023-03-24 16:00:00,1.0,0.0,30598.0,1,0.0,1990.57,0.0,1975.967,1987.276,3.0,14.287857142857124,3.0,0.0,0.0,16.0,0.0,1.0,3.0,1.0,1.0,A+
0.0,1956.944,0.0,1.0,1.0,2023-03-28 12:00:00,1.0,0.0,30569.0,1,0.0,1969.897,0.0,1966.619,1956.989,3.0,10.695142857142825,3.0,1.0,0.0,12.0,0.0,1.0,3.0,1.0,1.0,A+
0.0,1960.571,0.0,2.0,1.0,2023-03-29 12:00:00,1.0,0.0,27869.0,1,0.0,1971.684,0.0,1961.812,1966.693,3.0,9.760214285714271,3.0,1.0,0.0,12.0,0.0,1.0,3.0,1.0,1.0,A+
0.0,1973.172,0.0,4.0,1.0,2023-03-31 08:00:00,1.0,0.0,16521.0,0,0.0,1981.907,0.0,1980.192,1975.266,3.0,8.330642857142818,3.0,1.0,0.0,8.0,0.0,1.0,3.0,1.0,1.0,A+
0.0,1966.806,0.0,4.0,1.0,2023-03-31 16:00:00,1.0,0.0,20334.0,0,0.0,1979.747,0.0,1970.931,1979.65,3.0,8.848571428571404,3.0,1.0,0.0,16.0,0.0,1.0,3.0,1.0,1.0,A+
0.0,1988.773,0.0,1.0,1.0,2023-04-11 00:00:00,0.0,0.0,14085.0,1,1.0,1998.128,0.0,1997.518,1992.356,3.0,9.971571428571435,3.0,1.0,0.0,0.0,0.0,1.0,3.0,1.0,1.0,A+
0.0,1997.339,0.0,1.0,1.0,2023-04-11 04:00:00,0.0,0.0,14895.0,1,1.0,2003.621,0.0,2002.035,1997.509,3.0,9.508142857142875,3.0,1.0,0.0,4.0,0.0,1.0,3.0,1.0,1.0,A+
1.0,2002.832,0.0,1.0,0.0,2023-04-11 20:00:00,0.0,0.0,3531.0,1,0.0,2005.02,0.0,2004.659,2004.082,0.0,8.39114285714285,1.0,1.0,1.0,20.0,3.0,1.0,1.0,1.0,1.0,A+
1.0,2015.276,0.0,3.0,0.0,2023-04-13 04:00:00,0.0,0.0,14786.0,1,0.0,2025.619,0.0,2024.477,2017.415,0.0,9.526071428571395,1.0,0.0,1.0,4.0,1.0,1.0,1.0,1.0,1.0,A+
1.0,2031.123,0.0,3.0,0.0,2023-05-04 08:00:00,0.0,0.0,19829.0,1,0.0,2044.829,0.0,2041.984,2034.507,0.0,14.98671428571429,1.0,1.0,1.0,8.0,1.0,1.0,1.0,1.0,1.0,A+
0.0,2032.038,0.0,3.0,1.0,2023-05-04 12:00:00,1.0,0.0,65463.0,1,1.0,2059.537,0.0,2050.938,2041.953,3.0,16.572357142857136,3.0,0.0,0.0,12.0,0.0,1.0,3.0,1.0,1.0,A+
0.0,2044.437,0.0,3.0,1.0,2023-05-04 16:00:00,1.0,0.0,28828.0,1,1.0,2054.057,0.0,2049.555,2050.971,3.0,16.424142857142833,3.0,0.0,0.0,16.0,0.0,1.0,3.0,1.0,1.0,A+
0.0,2017.835,0.0,0.0,1.0,2023-05-08 12:00:00,1.0,0.0,27516.0,1,0.0,2029.185,0.0,2027.098,2022.251,3.0,10.562428571428573,3.0,1.0,0.0,12.0,0.0,1.0,3.0,1.0,1.0,A+
1.0,2030.44,0.0,2.0,0.0,2023-05-10 00:00:00,0.0,0.0,12227.0,1,0.0,2038.182,0.0,2031.675,2036.31,0.0,7.096357142857122,1.0,1.0,1.0,0.0,2.0,1.0,1.0,1.0,1.0,A+
1.0,2027.414,0.0,2.0,0.0,2023-05-10 04:00:00,0.0,0.0,13403.0,0,0.0,2032.937,0.0,2031.661,2031.643,0.0,7.268928571428546,1.0,1.0,1.0,4.0,5.0,1.0,1.0,1.0,1.0,A+
1.0,2008.487,0.0,4.0,0.0,2023-05-12 00:00:00,0.0,0.0,16409.0,0,0.0,2017.486,0.0,2011.596,2016.367,0.0,10.172428571428489,1.0,1.0,1.0,0.0,2.0,1.0,1.0,1.0,1.0,A+
0.0,2011.454,0.0,0.0,1.0,2023-05-15 12:00:00,1.0,0.0,26025.0,1,0.0,2022.083,0.0,2017.678,2013.033,3.0,9.327071428571458,3.0,1.0,0.0,12.0,0.0,1.0,3.0,1.0,1.0,A+
1.0,1988.054,0.0,1.0,0.0,2023-05-16 20:00:00,0.0,0.0,5184.0,1,0.0,1991.142,0.0,1989.63,1989.907,0.0,7.876785714285721,1.0,1.0,1.0,20.0,5.0,1.0,1.0,1.0,1.0,A+
1.0,1980.909,0.0,2.0,0.0,2023-05-17 20:00:00,0.0,0.0,3757.0,1,0.0,1983.552,0.0,1982.714,1982.955,0.0,7.412214285714266,1.0,0.0,1.0,20.0,5.0,1.0,1.0,1.0,1.0,A+
1.0,1981.332,0.0,3.0,0.0,2023-05-18 00:00:00,0.0,0.0,12170.0,0,0.0,1985.973,0.0,1982.274,1982.717,0.0,7.243214285714267,1.0,0.0,1.0,0.0,5.0,1.0,1.0,1.0,1.0,A+
0.0,1956.683,0.0,2.0,1.0,2023-05-24 16:00:00,1.0,0.0,23035.0,1,0.0,1965.236,0.0,1958.972,1963.027,3.0,9.578000000000008,3.0,0.0,0.0,16.0,0.0,0.0,3.0,0.0,1.0,A+
0.0,1926.355,0.0,1.0,1.0,2023-07-11 04:00:00,1.0,0.0,16321.0,1,0.0,1937.902,0.0,1932.222,1926.621,3.0,6.472642857142887,3.0,1.0,0.0,4.0,0.0,0.0,3.0,0.0,1.0,A+
0.0,1929.37,0.0,1.0,1.0,2023-07-11 12:00:00,1.0,0.0,22224.0,1,0.0,1936.442,0.0,1931.048,1936.235,3.0,6.638357142857184,3.0,1.0,0.0,12.0,0.0,0.0,3.0,0.0,1.0,A+
1.0,1956.886,0.0,2.0,0.0,2023-07-12 20:00:00,0.0,0.0,4622.0,1,0.0,1958.686,1.0,1957.713,1958.662,0.0,6.34335714285716,1.0,0.0,1.0,20.0,0.0,0.0,1.0,0.0,1.0,A+
1.0,1957.916,0.0,3.0,0.0,2023-07-13 08:00:00,0.0,0.0,13208.0,1,0.0,1962.689,0.0,1959.868,1961.766,0.0,6.914500000000024,1.0,0.0,1.0,8.0,2.0,0.0,1.0,0.0,1.0,A+
1.0,1951.354,0.0,6.0,0.0,2023-07-16 20:00:00,0.0,0.0,4160.0,1,0.0,1954.975,0.0,1953.281,1954.975,0.0,5.8145000000000175,1.0,1.0,1.0,20.0,8.0,0.0,1.0,0.0,1.0,A+
1.0,1950.881,0.0,0.0,0.0,2023-07-17 00:00:00,0.0,0.0,12597.0,1,0.0,1955.909,0.0,1952.055,1953.281,0.0,6.045071428571451,1.0,1.0,1.0,0.0,6.0,0.0,1.0,0.0,1.0,A+
0.0,1972.971,0.0,2.0,1.0,2023-07-19 04:00:00,1.0,0.0,15023.0,1,0.0,1980.859,0.0,1977.929,1975.444,3.0,7.619999999999989,3.0,0.0,0.0,4.0,0.0,1.0,3.0,1.0,1.0,A+
0.0,1959.318,0.0,0.0,1.0,2023-07-24 08:00:00,1.0,0.0,14865.0,0,0.0,1967.805,0.0,1964.957,1963.218,3.0,6.391571428571443,3.0,1.0,0.0,8.0,0.0,1.0,3.0,1.0,1.0,A+
1.0,1944.106,0.0,3.0,0.0,2023-08-31 00:00:00,0.0,0.0,9722.0,1,0.0,1947.66,0.0,1945.136,1944.195,0.0,5.444857142857164,1.0,0.0,1.0,0.0,4.0,0.0,1.0,0.0,1.0,A+
1.0,1943.195,0.0,3.0,0.0,2023-08-31 04:00:00,0.0,0.0,10294.0,0,0.0,1946.253,0.0,1945.035,1945.105,0.0,5.521500000000011,1.0,0.0,1.0,4.0,5.0,0.0,1.0,0.0,1.0,A+
1.0,1938.191,0.0,4.0,0.0,2023-09-01 04:00:00,0.0,0.0,10518.0,1,0.0,1943.458,0.0,1943.072,1938.899,0.0,4.111285714285779,1.0,1.0,1.0,4.0,1.0,0.0,1.0,0.0,1.0,A+
0.0,1922.338,0.0,2.0,1.0,2023-09-06 08:00:00,1.0,0.0,11589.0,0,0.0,1927.551,0.0,1925.371,1922.775,3.0,3.907142857142828,3.0,1.0,0.0,8.0,0.0,1.0,3.0,1.0,1.0,A+
0.0,1923.371,0.0,4.0,1.0,2023-09-22 04:00:00,1.0,0.0,12930.0,0,0.0,1928.63,0.0,1927.963,1923.776,3.0,6.381999999999981,3.0,1.0,0.0,4.0,0.0,0.0,3.0,0.0,1.0,A+
1.0,1874.549,0.0,2.0,0.0,2023-09-27 20:00:00,0.0,0.0,4778.0,0,0.0,1877.65,0.0,1877.562,1876.701,0.0,5.503928571428527,1.0,0.0,1.0,20.0,3.0,0.0,1.0,0.0,1.0,A+
1.0,1863.072,0.0,4.0,0.0,2023-09-29 04:00:00,0.0,0.0,12503.0,0,0.0,1873.947,0.0,1873.502,1863.301,0.0,7.07492857142857,1.0,0.0,1.0,4.0,1.0,0.0,1.0,0.0,1.0,A+
1.0,1845.687,0.0,6.0,0.0,2023-10-01 20:00:00,0.0,0.0,4065.0,0,0.0,1848.678,1.0,1848.314,1847.284,0.0,7.959642857142886,1.0,0.0,1.0,20.0,0.0,0.0,1.0,0.0,1.0,A+
1.0,1921.177,0.0,6.0,0.0,2023-10-15 20:00:00,0.0,0.0,7670.0,0,0.0,1927.521,0.0,1925.836,1927.521,0.0,8.7917857142857,1.0,0.0,1.0,20.0,8.0,0.0,1.0,0.0,1.0,A+
1.0,1918.768,0.0,0.0,0.0,2023-10-16 20:00:00,0.0,0.0,4756.0,0,0.0,1921.736,0.0,1919.386,1918.987,0.0,9.38114285714286,1.0,0.0,1.0,20.0,4.0,0.0,1.0,0.0,1.0,A+
1.0,1972.394,0.0,3.0,0.0,2023-10-19 20:00:00,0.0,0.0,9992.0,1,0.0,1982.381,0.0,1977.103,1974.348,0.0,11.033142857142868,1.0,0.0,1.0,20.0,4.0,1.0,1.0,1.0,1.0,A+
0.0,1970.11,0.0,0.0,1.0,2023-10-23 12:00:00,1.0,0.0,29536.0,1,0.0,1981.921,0.0,1975.293,1979.294,3.0,11.806500000000012,3.0,0.0,0.0,12.0,0.0,1.0,3.0,1.0,1.0,A+
1.0,1996.833,0.0,6.0,0.0,2023-10-29 20:00:00,0.0,0.0,9375.0,1,0.0,2004.741,0.0,2002.621,2002.989,0.0,8.996642857142872,1.0,0.0,1.0,20.0,5.0,1.0,1.0,1.0,1.0,A+
0.0,1991.975,0.0,0.0,1.0,2023-10-30 12:00:00,1.0,0.0,30532.0,1,1.0,2002.446,0.0,1999.059,1995.718,3.0,9.20564285714285,3.0,0.0,0.0,12.0,0.0,1.0,3.0,1.0,1.0,A+
1.0,1990.538,0.0,1.0,0.0,2023-10-31 04:00:00,0.0,0.0,12729.0,1,0.0,1997.603,0.0,1996.248,1992.157,0.0,8.3112142857143,1.0,0.0,1.0,4.0,1.0,1.0,1.0,1.0,1.0,A+
1.0,1976.836,0.0,2.0,0.0,2023-11-01 00:00:00,0.0,0.0,13071.0,1,0.0,1983.947,1.0,1977.08,1983.67,0.0,7.759214285714263,1.0,1.0,1.0,0.0,0.0,1.0,1.0,1.0,1.0,A+
1.0,1972.228,0.0,1.0,0.0,2023-11-07 00:00:00,0.0,0.0,12103.0,1,0.0,1977.001,1.0,1972.562,1976.653,0.0,6.117500000000015,1.0,1.0,1.0,0.0,0.0,1.0,1.0,1.0,1.0,A+
1.0,1967.19,0.0,1.0,0.0,2023-11-07 04:00:00,0.0,0.0,11764.0,0,0.0,1974.137,1.0,1969.283,1972.563,0.0,6.285500000000005,1.0,1.0,1.0,4.0,0.0,1.0,1.0,1.0,1.0,A+
1.0,1967.323,0.0,2.0,0.0,2023-11-08 00:00:00,0.0,0.0,12010.0,1,0.0,1970.989,0.0,1967.75,1968.908,0.0,6.204499999999988,1.0,1.0,1.0,0.0,6.0,1.0,1.0,1.0,1.0,A+
1.0,1964.95,0.0,2.0,0.0,2023-11-08 04:00:00,0.0,0.0,11759.0,1,0.0,1969.101,0.0,1967.593,1967.746,0.0,6.117642857142836,1.0,1.0,1.0,4.0,5.0,1.0,1.0,1.0,1.0,A+
1.0,1956.427,0.0,4.0,0.0,2023-11-10 00:00:00,0.0,0.0,12625.0,0,0.0,1960.715,0.0,1959.386,1959.06,0.0,7.26557142857145,1.0,1.0,1.0,0.0,5.0,1.0,1.0,1.0,1.0,A+
1.0,1953.715,0.0,4.0,0.0,2023-11-10 04:00:00,0.0,0.0,11928.0,1,0.0,1959.467,0.0,1955.35,1959.383,0.0,7.503214285714323,1.0,1.0,1.0,4.0,8.0,1.0,1.0,1.0,1.0,A+
0.0,1996.131,0.0,1.0,1.0,2023-11-21 16:00:00,1.0,0.0,18869.0,0,1.0,2005.353,0.0,2000.021,2004.172,4.0,8.510785714285703,4.0,0.0,0.0,16.0,0.0,1.0,4.0,1.0,1.3333333333333333,A+
0.0,1998.97,0.0,2.0,1.0,2023-11-22 08:00:00,1.0,0.0,16561.0,1,1.0,2006.394,0.0,2000.6,2003.629,4.0,8.11049999999997,4.0,0.0,0.0,8.0,0.0,1.0,4.0,1.0,1.3333333333333333,A+
0.0,1989.885,0.0,2.0,1.0,2023-11-22 12:00:00,1.0,0.0,24437.0,0,0.0,2003.21,0.0,1994.901,2000.604,3.0,8.683928571428542,3.0,1.0,0.0,12.0,0.0,1.0,3.0,1.0,1.0,A+
0.0,1986.851,0.0,2.0,1.0,2023-11-22 16:00:00,1.0,0.0,16037.0,1,0.0,1995.478,0.0,1990.647,1994.896,3.0,8.706785714285681,3.0,1.0,0.0,16.0,0.0,1.0,3.0,1.0,1.0,A+
1.0,2039.617,0.0,1.0,0.0,2023-11-28 20:00:00,0.0,0.0,8403.0,0,0.0,2044.573,1.0,2044.406,2041.769,0.0,7.4611428571429155,1.0,0.0,1.0,20.0,0.0,1.0,1.0,1.0,1.0,A+
1.0,2041.329,0.0,3.0,0.0,2023-11-30 04:00:00,0.0,0.0,14395.0,1,0.0,2046.877,0.0,2044.574,2046.065,0.0,7.924071428571486,1.0,0.0,1.0,4.0,2.0,1.0,1.0,1.0,1.0,A+
0.0,2044.606,0.0,4.0,1.0,2023-12-01 16:00:00,1.0,1.0,27553.0,1,0.0,2075.271,0.0,2066.985,2049.336,3.0,10.165214285714326,3.0,0.0,0.0,16.0,0.0,1.0,3.0,1.0,1.0,A+
0.0,2083.149,0.0,0.0,1.0,2023-12-04 00:00:00,1.0,1.0,38652.0,1,0.0,2120.648,0.0,2085.774,2117.935,4.0,16.751285714285764,4.0,0.0,0.0,0.0,0.0,1.0,4.0,1.0,1.3333333333333333,A+
0.0,2061.459,0.0,0.0,1.0,2023-12-04 04:00:00,1.0,1.0,26238.0,1,0.0,2090.49,0.0,2063.518,2085.799,4.0,18.490571428571474,4.0,1.0,0.0,4.0,0.0,1.0,4.0,1.0,1.3333333333333333,A+
0.0,2057.705,0.0,0.0,1.0,2023-12-04 08:00:00,1.0,1.0,27668.0,0,0.0,2076.37,0.0,2070.835,2063.551,4.0,19.42750000000004,4.0,0.0,0.0,8.0,0.0,1.0,4.0,1.0,1.3333333333333333,A+
0.0,2020.66,0.0,0.0,1.0,2023-12-04 16:00:00,1.0,1.0,30174.0,1,0.0,2031.505,0.0,2030.877,2022.515,3.0,22.25657142857147,3.0,1.0,0.0,16.0,0.0,1.0,3.0,1.0,1.0,A+
0.0,2028.944,0.0,3.0,1.0,2023-12-14 16:00:00,1.0,0.0,24403.0,1,0.0,2041.462,0.0,2033.195,2040.18,3.0,12.13028571428572,3.0,1.0,0.0,16.0,0.0,1.0,3.0,1.0,1.0,A+
0.0,2026.167,0.0,1.0,1.0,2023-12-19 12:00:00,1.0,0.0,26080.0,0,0.0,2045.462,0.0,2041.741,2026.543,3.0,8.872357142857172,3.0,1.0,0.0,12.0,0.0,1.0,3.0,1.0,1.0,A+
0.0,2046.753,0.0,4.0,1.0,2023-12-22 00:00:00,1.0,0.0,17219.0,1,0.0,2053.914,0.0,2048.258,2052.788,3.0,7.217928571428599,3.0,1.0,0.0,0.0,0.0,1.0,3.0,1.0,1.0,A+
0.0,2054.445,0.0,1.0,1.0,2023-12-26 12:00:00,0.0,1.0,13802.0,1,0.0,2063.85,0.0,2056.756,2063.4,3.0,8.422499999999932,3.0,1.0,0.0,12.0,0.0,1.0,3.0,1.0,1.0,A+
0.0,2056.471,0.0,1.0,1.0,2023-12-26 16:00:00,0.0,1.0,11342.0,1,0.0,2062.077,0.0,2061.624,2056.777,3.0,7.822357142857088,3.0,0.0,0.0,16.0,0.0,1.0,3.0,1.0,1.0,A+
0.0,2063.897,0.0,2.0,1.0,2023-12-27 00:00:00,0.0,1.0,13750.0,1,0.0,2067.802,0.0,2064.533,2065.846,3.0,7.239428571428529,3.0,0.0,0.0,0.0,0.0,1.0,3.0,1.0,1.0,A+
0.0,2075.86,0.0,2.0,1.0,2023-12-27 16:00:00,1.0,1.0,18602.0,1,0.0,2084.425,0.0,2077.449,2078.786,3.0,7.228714285714269,3.0,0.0,0.0,16.0,0.0,1.0,3.0,1.0,1.0,A+
0.0,2072.639,0.0,3.0,1.0,2023-12-28 08:00:00,1.0,1.0,18728.0,1,0.0,2086.408,0.0,2075.486,2086.146,3.0,7.250428571428594,3.0,0.0,0.0,8.0,0.0,1.0,3.0,1.0,1.0,A+
0.0,2071.261,0.0,3.0,1.0,2023-12-28 12:00:00,1.0,1.0,23070.0,0,0.0,2081.134,0.0,2077.235,2075.51,3.0,7.690500000000027,3.0,0.0,0.0,12.0,0.0,1.0,3.0,1.0,1.0,A+
1.0,2062.424,0.0,4.0,0.0,2023-12-29 20:00:00,0.0,0.0,5915.0,1,0.0,2067.363,0.0,2062.838,2067.228,0.0,7.8534285714285295,1.0,1.0,1.0,20.0,8.0,1.0,1.0,1.0,1.0,A+
0.0,2056.097,0.0,1.0,1.0,2024-01-02 12:00:00,1.0,1.0,32915.0,1,0.0,2071.008,0.0,2059.305,2069.179,3.0,8.314714285714217,3.0,1.0,0.0,12.0,0.0,1.0,3.0,1.0,1.0,A+
0.0,2044.83,0.0,3.0,1.0,2024-01-04 08:00:00,1.0,0.0,17474.0,1,0.0,2050.958,0.0,2045.136,2047.654,3.0,9.371785714285725,3.0,1.0,0.0,8.0,0.0,1.0,3.0,1.0,1.0,A+
0.0,2040.825,0.0,3.0,1.0,2024-01-04 16:00:00,1.0,0.0,17644.0,0,0.0,2046.685,0.0,2044.3,2045.084,3.0,9.29735714285716,3.0,1.0,0.0,16.0,0.0,1.0,3.0,1.0,1.0,A+
0.0,2040.37,0.0,4.0,1.0,2024-01-05 16:00:00,1.0,0.0,26944.0,0,0.0,2056.205,0.0,2045.682,2054.829,3.0,10.724714285714333,3.0,1.0,0.0,16.0,0.0,1.0,3.0,1.0,1.0,A+
0.0,2026.943,0.0,0.0,1.0,2024-01-08 04:00:00,1.0,0.0,19370.0,1,0.0,2037.543,0.0,2031.393,2036.117,3.0,9.668785714285734,3.0,1.0,0.0,4.0,0.0,1.0,3.0,1.0,1.0,A+
0.0,2041.397,0.0,4.0,1.0,2024-01-12 16:00:00,1.0,0.0,24670.0,1,0.0,2055.521,0.0,2047.283,2053.646,3.0,10.418357142857158,3.0,1.0,0.0,16.0,0.0,1.0,3.0,1.0,1.0,A+
0.0,2045.764,0.0,0.0,1.0,2024-01-15 00:00:00,0.0,1.0,16756.0,0,0.0,2058.033,0.0,2057.376,2047.652,3.0,9.936142857142888,3.0,1.0,0.0,0.0,0.0,1.0,3.0,1.0,1.0,A+
0.0,2051.451,0.0,0.0,1.0,2024-01-15 08:00:00,0.0,1.0,16001.0,1,0.0,2058.626,0.0,2053.257,2054.167,3.0,10.035357142857167,3.0,1.0,0.0,8.0,0.0,1.0,3.0,1.0,1.0,A+
0.0,2048.344,0.0,1.0,1.0,2024-01-16 00:00:00,0.0,1.0,16096.0,0,1.0,2054.508,0.0,2049.436,2053.997,4.0,7.259642857142841,4.0,1.0,0.0,0.0,0.0,1.0,4.0,1.0,1.3333333333333333,A+
0.0,2038.139,0.0,1.0,1.0,2024-01-16 08:00:00,1.0,1.0,22357.0,0,0.0,2050.024,0.0,2039.874,2049.345,4.0,7.489785714285729,4.0,1.0,0.0,8.0,0.0,1.0,4.0,1.0,1.3333333333333333,A+
1.0,2053.414,0.0,3.0,0.0,2024-02-01 20:00:00,0.0,0.0,7952.0,1,0.0,2056.102,0.0,2054.627,2054.73,0.0,10.077928571428597,1.0,1.0,1.0,20.0,5.0,1.0,1.0,1.0,1.0,A+
1.0,2051.894,0.0,4.0,0.0,2024-02-02 00:00:00,0.0,0.0,12880.0,1,0.0,2056.91,0.0,2054.559,2054.638,0.0,10.033000000000031,1.0,1.0,1.0,0.0,5.0,1.0,1.0,1.0,1.0,A+
1.0,2054.06,0.0,4.0,0.0,2024-02-02 04:00:00,0.0,0.0,13223.0,0,0.0,2056.931,0.0,2055.042,2054.564,0.0,10.106214285714325,1.0,1.0,1.0,4.0,7.0,1.0,1.0,1.0,1.0,A+
0.0,2024.462,0.0,1.0,1.0,2024-02-06 12:00:00,1.0,0.0,24360.0,0,0.0,2038.108,0.0,2036.285,2026.648,3.0,8.716785714285736,3.0,1.0,0.0,12.0,0.0,1.0,3.0,1.0,1.0,A+
1.0,2032.409,0.0,2.0,0.0,2024-02-07 04:00:00,0.0,0.0,10927.0,1,0.0,2036.172,0.0,2035.124,2034.43,0.0,6.772571428571447,1.0,1.0,1.0,4.0,1.0,1.0,1.0,1.0,1.0,A+
0.0,2033.951,0.0,2.0,1.0,2024-02-07 16:00:00,1.0,0.0,16965.0,1,0.0,2040.882,0.0,2035.511,2038.303,3.0,6.882428571428607,3.0,1.0,0.0,16.0,0.0,1.0,3.0,1.0,1.0,A+
0.0,2030.49,0.0,4.0,1.0,2024-02-09 08:00:00,1.0,0.0,14501.0,0,0.0,2034.076,0.0,2031.516,2033.521,3.0,6.199357142857171,3.0,1.0,0.0,8.0,0.0,1.0,3.0,1.0,1.0,A+
0.0,2020.193,0.0,4.0,1.0,2024-02-09 16:00:00,1.0,0.0,15458.0,1,0.0,2026.298,0.0,2024.749,2022.461,3.0,7.142071428571447,3.0,1.0,0.0,16.0,0.0,1.0,3.0,1.0,1.0,A+
0.0,2011.873,0.0,0.0,1.0,2024-02-12 16:00:00,1.0,1.0,16669.0,1,0.0,2021.562,0.0,2019.158,2013.201,4.0,6.211071428571439,4.0,1.0,0.0,16.0,0.0,0.0,4.0,0.0,1.3333333333333333,A+
0.0,2024.415,0.0,1.0,1.0,2024-02-13 08:00:00,1.0,1.0,13595.0,0,0.0,2029.293,0.0,2027.666,2025.203,3.0,6.429642857142848,3.0,1.0,0.0,8.0,0.0,0.0,3.0,0.0,1.0,A+
1.0,1990.459,0.0,1.0,0.0,2024-02-13 20:00:00,0.0,0.0,7179.0,1,0.0,1993.611,1.0,1991.193,1991.715,0.0,8.350428571428584,1.0,0.0,1.0,20.0,0.0,0.0,1.0,0.0,1.0,A+
1.0,1989.276,0.0,2.0,0.0,2024-02-14 04:00:00,0.0,0.0,11231.0,1,0.0,1993.297,1.0,1989.439,1992.459,0.0,8.631571428571435,1.0,0.0,1.0,4.0,0.0,0.0,1.0,0.0,1.0,A+
1.0,2022.503,0.0,3.0,0.0,2024-02-22 20:00:00,0.0,0.0,6774.0,1,0.0,2025.786,0.0,2024.677,2023.009,0.0,5.3186428571429065,1.0,1.0,1.0,20.0,7.0,0.0,1.0,0.0,1.0,A+
0.0,2023.014,0.0,4.0,1.0,2024-02-23 12:00:00,1.0,0.0,22638.0,1,0.0,2031.128,0.0,2030.038,2023.808,3.0,6.1262142857143385,3.0,1.0,0.0,12.0,0.0,0.0,3.0,0.0,1.0,A+
0.0,2029.876,0.0,0.0,1.0,2024-02-26 00:00:00,0.0,1.0,11864.0,1,0.0,2034.105,0.0,2032.442,2033.996,3.0,6.069571428571456,3.0,1.0,0.0,0.0,0.0,0.0,3.0,0.0,1.0,A+
0.0,2025.015,0.0,0.0,1.0,2024-02-26 12:00:00,1.0,1.0,19630.0,1,0.0,2034.416,0.0,2029.104,2030.94,4.0,6.178714285714299,4.0,1.0,0.0,12.0,0.0,0.0,4.0,0.0,1.3333333333333333,A+
0.0,2029.341,0.0,1.0,1.0,2024-02-27 16:00:00,1.0,0.0,15714.0,1,0.0,2036.025,0.0,2030.214,2033.794,3.0,5.130857142857118,3.0,1.0,0.0,16.0,0.0,1.0,3.0,1.0,1.0,A+
0.0,2030.834,0.0,2.0,1.0,2024-02-28 16:00:00,1.0,0.0,14577.0,1,0.0,2035.522,0.0,2032.089,2031.757,3.0,5.2230714285714,3.0,1.0,0.0,16.0,0.0,1.0,3.0,1.0,1.0,A+
0.0,2028.799,0.0,3.0,1.0,2024-02-29 08:00:00,1.0,0.0,15256.0,1,0.0,2037.454,0.0,2030.236,2037.173,3.0,5.0759285714285625,3.0,1.0,0.0,8.0,0.0,1.0,3.0,1.0,1.0,A+
0.0,2043.272,0.0,3.0,1.0,2024-02-29 16:00:00,1.0,0.0,17007.0,0,0.0,2048.352,0.0,2044.477,2048.098,3.0,6.460357142857106,3.0,1.0,0.0,16.0,0.0,1.0,3.0,1.0,1.0,A+
1.0,2082.522,0.0,6.0,0.0,2024-03-03 20:00:00,0.0,0.0,2901.0,1,0.0,2086.145,0.0,2083.44,2082.522,0.0,9.097285714285704,1.0,0.0,1.0,20.0,4.0,1.0,1.0,1.0,1.0,A+
1.0,2080.244,0.0,0.0,0.0,2024-03-04 04:00:00,0.0,0.0,11072.0,0,0.0,2088.248,1.0,2087.334,2081.367,0.0,9.559857142857124,1.0,0.0,1.0,4.0,0.0,1.0,1.0,1.0,1.0,A+
1.0,2124.715,0.0,2.0,0.0,2024-03-06 04:00:00,0.0,0.0,11848.0,1,0.0,2131.465,0.0,2128.478,2124.715,0.0,9.864285714285772,1.0,0.0,1.0,4.0,7.0,1.0,1.0,1.0,1.0,A+
1.0,2153.952,0.0,4.0,0.0,2024-03-08 00:00:00,0.0,0.0,13417.0,1,0.0,2163.567,0.0,2157.578,2161.643,0.0,9.255785714285755,1.0,0.0,1.0,0.0,2.0,1.0,1.0,1.0,1.0,A+
1.0,2175.648,0.0,4.0,0.0,2024-03-08 20:00:00,0.0,0.0,6054.0,1,0.0,2179.047,0.0,2178.502,2176.465,0.0,11.608857142857168,1.0,0.0,1.0,20.0,7.0,1.0,1.0,1.0,1.0,A+
1.0,2176.751,0.0,1.0,0.0,2024-03-12 00:00:00,0.0,0.0,13149.0,1,0.0,2184.483,0.0,2177.469,2183.551,0.0,10.51735714285717,1.0,0.0,1.0,0.0,8.0,1.0,1.0,1.0,1.0,A+
0.0,2161.367,0.0,2.0,1.0,2024-03-13 12:00:00,1.0,0.0,32163.0,1,0.0,2174.523,0.0,2171.759,2163.923,3.0,9.41250000000004,3.0,0.0,0.0,12.0,0.0,1.0,3.0,1.0,1.0,A+
1.0,2171.097,0.0,3.0,0.0,2024-03-14 00:00:00,0.0,0.0,13028.0,0,0.0,2176.971,0.0,2172.264,2175.448,0.0,8.996928571428564,1.0,0.0,1.0,0.0,2.0,1.0,1.0,1.0,1.0,A+
1.0,2160.588,0.0,4.0,0.0,2024-03-15 00:00:00,0.0,0.0,12417.0,1,0.0,2165.901,0.0,2164.53,2161.698,0.0,7.0672142857143045,1.0,0.0,1.0,0.0,7.0,1.0,1.0,1.0,1.0,A+
0.0,2156.437,0.0,4.0,1.0,2024-03-15 12:00:00,1.0,0.0,31705.0,1,0.0,2167.293,0.0,2159.99,2166.896,3.0,7.802857142857159,3.0,0.0,0.0,12.0,0.0,1.0,3.0,1.0,1.0,A+
1.0,2180.381,0.0,3.0,0.0,2024-03-21 20:00:00,0.0,0.0,5359.0,0,0.0,2182.42,0.0,2181.491,2181.479,0.0,14.146214285714256,1.0,1.0,1.0,20.0,5.0,1.0,1.0,1.0,1.0,A+
0.0,2163.904,0.0,0.0,1.0,2024-03-25 00:00:00,1.0,0.0,22247.0,1,0.0,2178.321,0.0,2170.602,2168.318,3.0,12.799928571428577,3.0,1.0,0.0,0.0,0.0,1.0,3.0,1.0,1.0,A+
0.0,2170.261,0.0,0.0,1.0,2024-03-25 12:00:00,1.0,0.0,25183.0,1,0.0,2181.26,0.0,2175.412,2170.436,3.0,11.634785714285726,3.0,1.0,0.0,12.0,0.0,1.0,3.0,1.0,1.0,A+
0.0,2171.679,0.0,1.0,1.0,2024-03-26 12:00:00,1.0,0.0,33991.0,1,0.0,2197.326,0.0,2174.245,2196.458,3.0,10.6790714285714,3.0,1.0,0.0,12.0,0.0,1.0,3.0,1.0,1.0,A+
0.0,2176.434,0.0,2.0,1.0,2024-03-27 08:00:00,1.0,0.0,24323.0,1,0.0,2197.586,0.0,2188.403,2180.526,3.0,10.548642857142829,3.0,1.0,0.0,8.0,0.0,1.0,3.0,1.0,1.0,A+
0.0,2183.412,0.0,2.0,1.0,2024-03-27 12:00:00,1.0,0.0,30223.0,1,0.0,2195.223,0.0,2190.495,2188.439,3.0,10.807285714285692,3.0,1.0,0.0,12.0,0.0,1.0,3.0,1.0,1.0,A+
1.0,2187.305,0.0,3.0,0.0,2024-03-28 00:00:00,0.0,0.0,16034.0,1,0.0,2196.438,0.0,2194.774,2190.723,0.0,10.355928571428583,1.0,1.0,1.0,0.0,1.0,1.0,1.0,1.0,1.0,A+
1.0,2235.573,0.0,6.0,0.0,2024-03-31 20:00:00,0.0,0.0,10518.0,1,0.0,2247.34,1.0,2244.928,2239.644,0.0,11.521000000000056,1.0,0.0,1.0,20.0,0.0,1.0,1.0,1.0,1.0,A+
0.0,2228.473,0.0,0.0,1.0,2024-04-01 12:00:00,1.0,1.0,45404.0,1,0.0,2257.903,0.0,2239.638,2246.819,3.0,13.94692857142864,3.0,1.0,0.0,12.0,0.0,1.0,3.0,1.0,1.0,A+
0.0,2246.656,0.0,1.0,1.0,2024-04-02 00:00:00,1.0,1.0,19720.0,1,1.0,2255.262,0.0,2251.531,2248.963,4.0,14.580642857142916,4.0,0.0,0.0,0.0,0.0,1.0,4.0,1.0,1.3333333333333333,A+
0.0,2255.04,0.0,1.0,1.0,2024-04-02 08:00:00,1.0,1.0,24677.0,1,0.0,2266.782,0.0,2260.526,2256.325,3.0,14.869428571428603,3.0,0.0,0.0,8.0,0.0,1.0,3.0,1.0,1.0,A+
1.0,2275.647,0.0,1.0,0.0,2024-04-02 20:00:00,0.0,0.0,11188.0,1,0.0,2288.148,0.0,2280.206,2277.395,0.0,15.864071428571476,1.0,0.0,1.0,20.0,4.0,1.0,1.0,1.0,1.0,A+
1.0,2270.337,0.0,2.0,0.0,2024-04-03 04:00:00,0.0,0.0,20301.0,1,0.0,2287.046,0.0,2271.188,2285.023,0.0,15.612071428571458,1.0,0.0,1.0,4.0,2.0,1.0,1.0,1.0,1.0,A+
1.0,2291.837,0.0,3.0,0.0,2024-04-04 04:00:00,0.0,0.0,16782.0,1,0.0,2300.666,0.0,2292.952,2299.125,0.0,13.85250000000006,1.0,0.0,1.0,4.0,8.0,1.0,1.0,1.0,1.0,A+
1.0,2322.812,0.0,4.0,0.0,2024-04-05 20:00:00,0.0,0.0,3498.0,0,0.0,2329.994,1.0,2329.355,2323.159,0.0,15.092428571428496,1.0,0.0,1.0,20.0,0.0,1.0,1.0,1.0,1.0,A+
0.0,2331.76,0.0,0.0,1.0,2024-04-08 04:00:00,1.0,1.0,35350.0,0,0.0,2345.574,0.0,2337.761,2345.535,3.0,19.26721428571416,3.0,0.0,0.0,4.0,0.0,1.0,3.0,1.0,1.0,A+
0.0,2318.646,0.0,0.0,1.0,2024-04-08 12:00:00,1.0,1.0,70111.0,1,0.0,2338.004,0.0,2327.835,2337.286,3.0,20.293857142856982,3.0,0.0,0.0,12.0,0.0,1.0,3.0,1.0,1.0,A+
0.0,2338.236,0.0,1.0,1.0,2024-04-09 12:00:00,1.0,0.0,70999.0,1,0.0,2364.281,0.0,2340.29,2354.414,3.0,19.41278571428565,3.0,0.0,0.0,12.0,0.0,1.0,3.0,1.0,1.0,A+
0.0,2340.014,0.0,1.0,1.0,2024-04-09 16:00:00,0.0,0.0,26748.0,1,1.0,2351.52,0.0,2351.118,2340.328,3.0,16.78778571428565,3.0,0.0,0.0,16.0,0.0,1.0,3.0,1.0,1.0,A+
1.0,2350.831,0.0,2.0,0.0,2024-04-10 04:00:00,0.0,0.0,21332.0,0,0.0,2360.079,0.0,2353.072,2351.202,0.0,15.5491428571428,1.0,0.0,1.0,4.0,4.0,1.0,1.0,1.0,1.0,A+
0.0,2325.717,0.0,2.0,1.0,2024-04-10 16:00:00,1.0,0.0,44803.0,1,0.0,2345.243,0.0,2329.635,2337.054,3.0,14.722999999999988,3.0,0.0,0.0,16.0,0.0,1.0,3.0,1.0,1.0,A+
0.0,2331.604,0.0,3.0,1.0,2024-04-11 12:00:00,1.0,0.0,59509.0,1,0.0,2347.431,0.0,2344.618,2337.269,3.0,14.688500000000042,3.0,0.0,0.0,12.0,0.0,1.0,3.0,1.0,1.0,A+
1.0,2371.268,0.0,3.0,0.0,2024-04-11 20:00:00,0.0,0.0,12299.0,1,0.0,2379.358,1.0,2377.0,2372.824,0.0,14.56235714285718,1.0,0.0,1.0,20.0,0.0,1.0,1.0,1.0,1.0,A+
0.0,2333.794,0.0,4.0,1.0,2024-04-12 16:00:00,1.0,0.0,89507.0,1,0.0,2395.508,0.0,2343.263,2395.508,3.0,22.578071428571416,3.0,0.0,0.0,16.0,0.0,1.0,3.0,1.0,1.0,A+
0.0,2348.403,0.0,0.0,1.0,2024-04-15 00:00:00,1.0,0.0,46673.0,1,0.0,2365.946,0.0,2358.508,2364.446,3.0,21.735428571428592,3.0,0.0,0.0,0.0,0.0,1.0,3.0,1.0,1.0,A+
0.0,2346.114,0.0,0.0,1.0,2024-04-15 16:00:00,1.0,0.0,47209.0,1,0.0,2387.637,0.0,2386.284,2351.69,3.0,25.43778571428568,3.0,0.0,0.0,16.0,0.0,1.0,3.0,1.0,1.0,A+
0.0,2363.466,0.0,1.0,1.0,2024-04-16 12:00:00,1.0,0.0,78351.0,0,0.0,2393.017,0.0,2385.939,2373.956,3.0,25.37021428571422,3.0,0.0,0.0,12.0,0.0,1.0,3.0,1.0,1.0,A+
0.0,2360.979,0.0,2.0,1.0,2024-04-17 16:00:00,1.0,0.0,52686.0,1,0.0,2384.453,0.0,2372.657,2382.219,3.0,18.97978571428565,3.0,0.0,0.0,16.0,0.0,1.0,3.0,1.0,1.0,A+
0.0,2369.478,0.0,3.0,1.0,2024-04-18 12:00:00,1.0,0.0,67248.0,1,0.0,2392.804,0.0,2384.106,2380.968,3.0,14.894357142857125,3.0,0.0,0.0,12.0,0.0,1.0,3.0,1.0,1.0,A+
0.0,2378.6,0.0,4.0,1.0,2024-04-19 04:00:00,1.0,0.0,41608.0,0,0.0,2393.889,0.0,2385.425,2391.344,3.0,15.256857142857111,3.0,0.0,0.0,4.0,0.0,1.0,3.0,1.0,1.0,A+
0.0,2373.074,0.0,4.0,1.0,2024-04-19 12:00:00,1.0,0.0,55124.0,1,0.0,2396.018,0.0,2394.756,2376.855,3.0,16.704499999999957,3.0,0.0,0.0,12.0,0.0,1.0,3.0,1.0,1.0,A+
0.0,2351.294,0.0,0.0,1.0,2024-04-22 04:00:00,1.0,0.0,34858.0,1,0.0,2372.898,0.0,2360.983,2369.385,3.0,16.175714285714257,3.0,1.0,0.0,4.0,0.0,1.0,3.0,1.0,1.0,A+
1.0,2339.396,0.0,0.0,0.0,2024-04-22 08:00:00,0.0,0.0,29488.0,1,0.0,2363.642,1.0,2342.059,2360.959,0.0,17.344357142857103,1.0,1.0,1.0,8.0,0.0,1.0,1.0,1.0,1.0,A+
0.0,2309.915,0.0,1.0,1.0,2024-05-07 12:00:00,1.0,0.0,34361.0,1,0.0,2323.722,0.0,2314.703,2312.343,3.0,13.402071428571457,3.0,1.0,0.0,12.0,0.0,1.0,3.0,1.0,1.0,A+
0.0,2306.721,0.0,2.0,1.0,2024-05-08 12:00:00,1.0,0.0,39237.0,0,0.0,2320.391,0.0,2320.391,2314.646,3.0,10.512928571428606,3.0,1.0,0.0,12.0,0.0,1.0,3.0,1.0,1.0,A+
0.0,2312.06,0.0,3.0,1.0,2024-05-09 12:00:00,1.0,0.0,50164.0,1,0.0,2338.93,0.0,2330.397,2315.915,3.0,11.33471428571436,3.0,1.0,0.0,12.0,0.0,1.0,3.0,1.0,1.0,A+
1.0,2343.115,0.0,3.0,0.0,2024-05-09 20:00:00,0.0,0.0,8849.0,1,0.0,2348.325,1.0,2346.516,2343.697,0.0,11.199214285714366,1.0,1.0,1.0,20.0,0.0,1.0,1.0,1.0,1.0,A+
0.0,2338.364,0.0,0.0,1.0,2024-05-13 08:00:00,1.0,0.0,23238.0,0,0.0,2350.337,0.0,2344.544,2348.523,3.0,12.032785714285705,3.0,1.0,0.0,8.0,0.0,1.0,3.0,1.0,1.0,A+
0.0,2336.553,0.0,1.0,1.0,2024-05-14 12:00:00,1.0,0.0,49318.0,1,0.0,2357.068,0.0,2347.925,2343.614,3.0,10.426785714285709,3.0,1.0,0.0,12.0,0.0,1.0,3.0,1.0,1.0,A+
0.0,2361.98,0.0,2.0,1.0,2024-05-15 08:00:00,1.0,0.0,21503.0,1,0.0,2374.313,0.0,2362.742,2362.437,3.0,10.26557142857145,3.0,1.0,0.0,8.0,0.0,1.0,3.0,1.0,1.0,A+
0.0,2351.748,0.0,2.0,1.0,2024-05-15 12:00:00,1.0,0.0,67916.0,1,0.0,2385.724,0.0,2377.551,2362.743,3.0,11.932357142857168,3.0,0.0,0.0,12.0,0.0,1.0,3.0,1.0,1.0,A+
1.0,2385.281,0.0,2.0,0.0,2024-05-15 20:00:00,0.0,0.0,9334.0,0,0.0,2391.911,1.0,2391.769,2386.283,0.0,11.22785714285718,1.0,0.0,1.0,20.0,0.0,1.0,1.0,1.0,1.0,A+
0.0,2370.885,0.0,3.0,1.0,2024-05-16 12:00:00,1.0,0.0,47018.0,1,0.0,2386.349,0.0,2381.506,2384.67,3.0,12.587714285714323,3.0,0.0,0.0,12.0,0.0,1.0,3.0,1.0,1.0,A+
1.0,2373.908,0.0,4.0,0.0,2024-05-17 00:00:00,0.0,0.0,17284.0,1,0.0,2381.233,0.0,2377.803,2377.72,0.0,10.651500000000071,1.0,0.0,1.0,0.0,5.0,1.0,1.0,1.0,1.0,A+
1.0,2413.419,0.0,4.0,0.0,2024-05-17 20:00:00,0.0,0.0,5391.0,1,0.0,2422.733,0.0,2413.933,2416.451,0.0,11.351071428571524,1.0,0.0,1.0,20.0,6.0,1.0,1.0,1.0,1.0,A+
1.0,2423.277,0.0,0.0,0.0,2024-05-20 20:00:00,0.0,0.0,9921.0,0,0.0,2430.346,0.0,2426.133,2426.762,0.0,14.65842857142869,1.0,0.0,1.0,20.0,5.0,1.0,1.0,1.0,1.0,A+
1.0,2330.91,0.0,3.0,0.0,2024-05-23 16:00:00,0.0,0.0,29969.0,1,0.0,2350.143,1.0,2331.58,2346.044,0.0,15.57742857142856,1.0,1.0,1.0,16.0,0.0,1.0,1.0,1.0,1.0,A+
1.0,2326.867,0.0,3.0,0.0,2024-05-23 20:00:00,0.0,0.0,8448.0,1,0.0,2333.62,0.0,2332.012,2331.622,0.0,15.062785714285676,1.0,1.0,1.0,20.0,5.0,1.0,1.0,1.0,1.0,A+
0.0,2330.875,0.0,4.0,1.0,2024-06-07 08:00:00,1.0,0.0,43101.0,0,0.0,2373.933,0.0,2336.496,2373.536,3.0,14.243857142857223,3.0,0.0,0.0,8.0,0.0,1.0,3.0,1.0,1.0,A+
0.0,2320.767,0.0,0.0,1.0,2024-06-24 08:00:00,1.0,0.0,20913.0,1,0.0,2332.768,0.0,2326.191,2330.724,3.0,12.298000000000002,3.0,1.0,0.0,8.0,0.0,0.0,3.0,0.0,1.0,A+
0.0,2323.281,0.0,0.0,1.0,2024-06-24 12:00:00,1.0,0.0,29215.0,1,0.0,2333.833,0.0,2327.626,2326.249,3.0,12.350357142857124,3.0,1.0,0.0,12.0,0.0,0.0,3.0,0.0,1.0,A+
0.0,2319.173,0.0,0.0,1.0,2024-07-01 12:00:00,1.0,0.0,36266.0,1,0.0,2338.478,0.0,2327.713,2338.161,3.0,10.013642857142909,3.0,1.0,0.0,12.0,0.0,0.0,3.0,0.0,1.0,A+
1.0,2388.194,0.0,4.0,0.0,2024-07-05 20:00:00,0.0,0.0,2646.0,0,0.0,2391.636,1.0,2391.557,2388.783,0.0,8.556857142857163,1.0,0.0,1.0,20.0,0.0,1.0,1.0,1.0,1.0,A+
0.0,2380.666,0.0,0.0,1.0,2024-07-08 00:00:00,1.0,0.0,19317.0,1,0.0,2391.088,0.0,2382.88,2386.065,3.0,8.722785714285724,3.0,0.0,0.0,0.0,0.0,1.0,3.0,1.0,1.0,A+
0.0,2376.597,0.0,0.0,1.0,2024-07-08 04:00:00,1.0,0.0,18518.0,0,0.0,2386.761,0.0,2377.828,2382.933,3.0,9.013285714285724,3.0,1.0,0.0,4.0,0.0,1.0,3.0,1.0,1.0,A+
0.0,2368.253,0.0,0.0,1.0,2024-07-08 08:00:00,1.0,0.0,19446.0,1,0.0,2378.823,0.0,2375.284,2377.824,3.0,9.108142857142834,3.0,1.0,0.0,8.0,0.0,1.0,3.0,1.0,1.0,A+
0.0,2350.975,0.0,0.0,1.0,2024-07-08 12:00:00,1.0,0.0,38218.0,1,0.0,2379.516,0.0,2355.459,2375.236,3.0,10.822214285714283,3.0,1.0,0.0,12.0,0.0,1.0,3.0,1.0,1.0,A+
0.0,2350.991,0.0,0.0,1.0,2024-07-08 16:00:00,1.0,0.0,20913.0,1,0.0,2359.838,0.0,2359.132,2355.409,3.0,10.99807142857146,3.0,1.0,0.0,16.0,0.0,1.0,3.0,1.0,1.0,A+
0.0,2356.507,0.0,1.0,1.0,2024-07-09 16:00:00,1.0,0.0,20404.0,1,0.0,2365.588,0.0,2363.496,2361.976,3.0,10.665785714285708,3.0,1.0,0.0,16.0,0.0,1.0,3.0,1.0,1.0,A+
0.0,2409.988,0.0,3.0,1.0,2024-07-11 16:00:00,1.0,0.0,23903.0,0,0.0,2419.238,0.0,2414.082,2417.303,3.0,11.24885714285704,3.0,0.0,0.0,16.0,0.0,1.0,3.0,1.0,1.0,A+
0.0,2398.288,0.0,4.0,1.0,2024-07-12 08:00:00,0.0,0.0,19038.0,1,1.0,2408.312,0.0,2401.715,2404.1,3.0,10.768142857142752,3.0,0.0,0.0,8.0,0.0,1.0,3.0,1.0,1.0,A+
0.0,2411.509,0.0,0.0,1.0,2024-07-15 12:00:00,1.0,1.0,38213.0,1,0.0,2437.493,0.0,2433.281,2418.241,3.0,13.30299999999995,3.0,0.0,0.0,12.0,0.0,1.0,3.0,1.0,1.0,A+
0.0,2419.715,0.0,0.0,1.0,2024-07-15 16:00:00,1.0,1.0,30850.0,1,0.0,2439.76,0.0,2421.091,2433.261,3.0,11.417214285714246,3.0,0.0,0.0,16.0,0.0,1.0,3.0,1.0,1.0,A+
1.0,2461.488,0.0,3.0,0.0,2024-07-18 08:00:00,0.0,0.0,23040.0,1,0.0,2473.694,0.0,2464.468,2471.959,0.0,14.01485714285715,1.0,0.0,1.0,8.0,2.0,1.0,1.0,1.0,1.0,A+
1.0,2408.411,0.0,4.0,0.0,2024-07-19 08:00:00,0.0,0.0,26982.0,0,0.0,2421.641,1.0,2410.053,2418.139,0.0,13.735928571428596,1.0,1.0,1.0,8.0,0.0,1.0,1.0,1.0,1.0,A+
1.0,2409.78,0.0,2.0,0.0,2024-07-24 08:00:00,0.0,0.0,20636.0,0,0.0,2417.809,0.0,2417.432,2414.532,0.0,9.965000000000048,1.0,1.0,1.0,8.0,1.0,1.0,1.0,1.0,1.0,A+
1.0,2437.89,0.0,6.0,0.0,2024-08-04 20:00:00,0.0,0.0,13274.0,0,0.0,2446.337,0.0,2440.952,2441.02,0.0,16.89978571428573,1.0,1.0,1.0,20.0,5.0,1.0,1.0,1.0,1.0,A+
1.0,2502.271,0.0,6.0,0.0,2024-08-18 20:00:00,0.0,0.0,7383.0,0,0.0,2506.778,1.0,2506.414,2506.461,0.0,12.2036428571428,1.0,0.0,1.0,20.0,0.0,1.0,1.0,1.0,1.0,A+
0.0,2494.933,0.0,0.0,1.0,2024-08-19 00:00:00,1.0,0.0,31699.0,1,0.0,2506.771,0.0,2503.22,2506.42,3.0,12.83142857142853,3.0,0.0,0.0,0.0,0.0,1.0,3.0,1.0,1.0,A+
0.0,2500.829,0.0,1.0,1.0,2024-08-20 16:00:00,1.0,0.0,26011.0,1,0.0,2515.521,0.0,2514.951,2508.549,3.0,12.714214285714304,3.0,0.0,0.0,16.0,0.0,1.0,3.0,1.0,1.0,A+
1.0,2508.059,0.0,2.0,0.0,2024-08-21 04:00:00,0.0,0.0,22375.0,1,0.0,2519.627,0.0,2509.751,2517.433,0.0,12.557071428571394,1.0,0.0,1.0,4.0,2.0,1.0,1.0,1.0,1.0,A+
1.0,2504.418,0.0,2.0,0.0,2024-08-21 08:00:00,0.0,0.0,21806.0,1,0.0,2513.321,0.0,2511.823,2509.723,0.0,12.347428571428509,1.0,0.0,1.0,8.0,3.0,1.0,1.0,1.0,1.0,A+
0.0,2494.453,0.0,4.0,1.0,2024-08-23 12:00:00,1.0,0.0,63385.0,1,0.0,2518.35,0.0,2509.845,2501.557,3.0,12.79442857142856,3.0,0.0,0.0,12.0,0.0,1.0,3.0,1.0,1.0,A+
1.0,2513.168,0.0,2.0,0.0,2024-08-28 00:00:00,0.0,0.0,21506.0,0,0.0,2525.813,0.0,2515.854,2525.223,0.0,10.551357142857146,1.0,0.0,1.0,0.0,8.0,1.0,1.0,1.0,1.0,A+
0.0,2503.558,0.0,3.0,1.0,2024-08-29 12:00:00,1.0,0.0,54539.0,0,0.0,2525.692,0.0,2522.535,2519.874,3.0,12.062499999999934,3.0,0.0,0.0,12.0,0.0,1.0,3.0,1.0,1.0,A+
0.0,2497.672,0.0,0.0,1.0,2024-09-02 12:00:00,0.0,0.0,22594.0,0,1.0,2503.231,0.0,2501.485,2499.774,3.0,10.47335714285727,3.0,1.0,0.0,12.0,0.0,1.0,3.0,1.0,1.0,A+
0.0,2489.66,0.0,1.0,1.0,2024-09-03 00:00:00,1.0,1.0,24470.0,1,0.0,2497.701,0.0,2494.717,2497.247,3.0,8.909000000000137,3.0,1.0,0.0,0.0,0.0,1.0,3.0,1.0,1.0,A+
0.0,2492.733,0.0,1.0,1.0,2024-09-03 04:00:00,1.0,1.0,23124.0,0,1.0,2502.051,0.0,2500.843,2494.789,4.0,9.016285714285816,4.0,1.0,0.0,4.0,0.0,1.0,4.0,1.0,1.3333333333333333,A+
0.0,2494.711,0.0,0.0,1.0,2024-09-09 00:00:00,0.0,1.0,25666.0,0,1.0,2500.54,0.0,2499.28,2496.871,4.0,10.216571428571472,4.0,1.0,0.0,0.0,0.0,1.0,4.0,1.0,1.3333333333333333,A+
0.0,2485.503,0.0,0.0,1.0,2024-09-09 04:00:00,1.0,1.0,33595.0,1,0.0,2499.542,0.0,2494.286,2499.25,4.0,10.87135714285718,4.0,1.0,0.0,4.0,0.0,1.0,4.0,1.0,1.3333333333333333,A+
0.0,2489.94,0.0,0.0,1.0,2024-09-09 08:00:00,0.0,1.0,27686.0,1,0.0,2499.137,0.0,2497.242,2494.311,3.0,10.538000000000045,3.0,1.0,0.0,8.0,0.0,1.0,3.0,1.0,1.0,A+
0.0,2493.231,0.0,0.0,1.0,2024-09-09 12:00:00,1.0,1.0,44391.0,1,1.0,2505.292,0.0,2499.081,2497.296,5.0,10.508928571428603,5.0,1.0,0.0,12.0,0.0,1.0,5.0,1.0,1.6666666666666667,A+
0.0,2500.854,0.0,1.0,1.0,2024-09-10 12:00:00,1.0,0.0,51667.0,1,0.0,2518.416,0.0,2512.597,2504.575,3.0,10.495071428571496,3.0,1.0,0.0,12.0,0.0,1.0,3.0,1.0,1.0,A+
1.0,2510.973,0.0,3.0,0.0,2024-09-12 00:00:00,0.0,0.0,19225.0,1,0.0,2516.156,0.0,2515.844,2511.803,0.0,8.531928571428548,1.0,1.0,1.0,0.0,1.0,1.0,1.0,1.0,1.0,A+
1.0,2556.742,0.0,3.0,0.0,2024-09-12 20:00:00,0.0,0.0,9508.0,1,0.0,2560.091,1.0,2558.422,2557.87,0.0,10.46357142857138,1.0,0.0,1.0,20.0,0.0,1.0,1.0,1.0,1.0,A+
1.0,2578.887,0.0,0.0,0.0,2024-09-16 00:00:00,0.0,0.0,17162.0,1,0.0,2589.027,1.0,2586.294,2579.17,0.0,10.639857142857084,1.0,0.0,1.0,0.0,0.0,1.0,1.0,1.0,1.0,A+
1.0,2576.771,0.0,1.0,0.0,2024-09-17 00:00:00,0.0,0.0,18553.0,1,0.0,2586.338,0.0,2577.184,2583.697,0.0,9.063928571428471,1.0,0.0,1.0,0.0,2.0,1.0,1.0,1.0,1.0,A+
1.0,2565.681,0.0,2.0,0.0,2024-09-18 04:00:00,0.0,0.0,23045.0,1,0.0,2576.511,0.0,2571.566,2575.923,0.0,10.34628571428568,1.0,1.0,1.0,4.0,2.0,1.0,1.0,1.0,1.0,A+
0.0,2559.564,0.0,3.0,1.0,2024-09-19 04:00:00,1.0,0.0,35052.0,1,0.0,2584.633,0.0,2584.344,2564.002,3.0,15.896071428571434,3.0,0.0,0.0,4.0,0.0,1.0,3.0,1.0,1.0,A+
0.0,2581.329,0.0,3.0,1.0,2024-09-19 08:00:00,1.0,0.0,35241.0,1,0.0,2594.963,0.0,2589.435,2584.361,3.0,16.186571428571433,3.0,0.0,0.0,8.0,0.0,1.0,3.0,1.0,1.0,A+
0.0,2569.753,0.0,3.0,1.0,2024-09-19 12:00:00,1.0,0.0,71183.0,0,0.0,2591.203,0.0,2589.022,2589.399,3.0,16.83071428571426,3.0,0.0,0.0,12.0,0.0,1.0,3.0,1.0,1.0,A+
1.0,2656.174,0.0,2.0,0.0,2024-09-25 20:00:00,0.0,0.0,9008.0,1,0.0,2660.298,0.0,2656.256,2659.802,0.0,11.966142857142811,1.0,0.0,1.0,20.0,2.0,1.0,1.0,1.0,1.0,A+
1.0,2655.281,0.0,3.0,0.0,2024-09-26 00:00:00,0.0,0.0,24575.0,1,0.0,2662.537,0.0,2662.516,2656.359,0.0,12.108999999999956,1.0,0.0,1.0,0.0,7.0,1.0,1.0,1.0,1.0,A+
0.0,2644.705,0.0,4.0,1.0,2024-09-27 12:00:00,1.0,0.0,77182.0,1,1.0,2674.266,0.0,2649.799,2666.125,3.0,13.072785714285764,3.0,0.0,0.0,12.0,0.0,1.0,3.0,1.0,1.0,A+
0.0,2642.437,0.0,1.0,1.0,2024-10-01 08:00:00,0.0,0.0,25516.0,1,1.0,2652.051,0.0,2650.229,2645.593,3.0,13.19564285714286,3.0,0.0,0.0,8.0,0.0,1.0,3.0,1.0,1.0,A+
0.0,2648.01,0.0,1.0,1.0,2024-10-01 12:00:00,1.0,0.0,82121.0,0,0.0,2671.894,0.0,2663.338,2650.268,3.0,14.123571428571395,3.0,0.0,0.0,12.0,0.0,1.0,3.0,1.0,1.0,A+
1.0,2658.703,0.0,4.0,0.0,2024-10-04 04:00:00,0.0,0.0,22719.0,1,0.0,2667.861,0.0,2661.08,2661.128,0.0,10.514142857142817,1.0,0.0,1.0,4.0,5.0,1.0,1.0,1.0,1.0,A+
1.0,2656.783,0.0,4.0,0.0,2024-10-04 08:00:00,0.0,0.0,21862.0,0,0.0,2662.561,0.0,2661.342,2661.05,0.0,10.426714285714263,1.0,0.0,1.0,8.0,1.0,1.0,1.0,1.0,1.0,A+
0.0,2628.487,0.0,1.0,1.0,2024-10-08 08:00:00,1.0,0.0,34331.0,0,1.0,2651.897,0.0,2650.745,2633.963,4.0,13.260142857142748,4.0,1.0,0.0,8.0,0.0,1.0,4.0,1.0,1.3333333333333333,A+
0.0,2711.933,0.0,2.0,1.0,2024-10-23 16:00:00,1.0,0.0,33661.0,1,0.0,2723.25,0.0,2716.202,2721.692,3.0,12.811071428571363,3.0,1.0,0.0,16.0,0.0,1.0,3.0,1.0,1.0,A+
0.0,2722.364,0.0,3.0,1.0,2024-10-24 12:00:00,1.0,0.0,60876.0,1,0.0,2743.208,0.0,2731.099,2738.464,3.0,12.765999999999948,3.0,0.0,0.0,12.0,0.0,1.0,3.0,1.0,1.0,A+
0.0,2724.631,0.0,0.0,1.0,2024-10-28 00:00:00,1.0,0.0,31059.0,1,0.0,2736.296,0.0,2729.702,2735.783,3.0,11.599071428571376,3.0,0.0,0.0,0.0,0.0,1.0,3.0,1.0,1.0,A+
0.0,2743.203,0.0,1.0,1.0,2024-10-29 00:00:00,1.0,0.0,29312.0,1,1.0,2757.762,0.0,2751.687,2744.379,4.0,11.6484285714286,4.0,0.0,0.0,0.0,0.0,1.0,4.0,1.0,1.3333333333333333,A+
1.0,2771.819,0.0,1.0,0.0,2024-10-29 20:00:00,0.0,0.0,7999.0,1,0.0,2775.399,1.0,2774.915,2772.165,0.0,11.24107142857146,1.0,0.0,1.0,20.0,0.0,1.0,1.0,1.0,1.0,A+
1.0,2777.406,0.0,2.0,0.0,2024-10-30 04:00:00,0.0,0.0,24522.0,1,0.0,2789.821,0.0,2782.222,2778.93,0.0,11.083857142857209,1.0,0.0,1.0,4.0,4.0,1.0,1.0,1.0,1.0,A+
1.0,2778.213,0.0,2.0,0.0,2024-10-30 08:00:00,0.0,0.0,24867.0,1,0.0,2786.498,0.0,2778.58,2782.257,0.0,10.842428571428629,1.0,0.0,1.0,8.0,2.0,1.0,1.0,1.0,1.0,A+
0.0,2738.004,0.0,3.0,1.0,2024-10-31 16:00:00,1.0,0.0,32874.0,1,0.0,2749.747,0.0,2746.442,2740.617,3.0,12.868785714285682,3.0,1.0,0.0,16.0,0.0,1.0,3.0,1.0,1.0,A+
0.0,2744.815,0.0,4.0,1.0,2024-11-01 00:00:00,0.0,0.0,27213.0,1,1.0,2751.878,0.0,2751.77,2746.672,3.0,11.277214285714276,3.0,0.0,0.0,0.0,0.0,1.0,3.0,1.0,1.0,A+
1.0,2731.651,0.0,1.0,0.0,2024-11-05 04:00:00,0.0,0.0,23059.0,1,0.0,2741.384,0.0,2736.532,2735.24,0.0,10.100285714285716,1.0,1.0,1.0,4.0,1.0,1.0,1.0,1.0,1.0,A+
1.0,2605.112,0.0,0.0,0.0,2024-11-25 20:00:00,0.0,0.0,21755.0,1,0.0,2628.739,0.0,2610.46,2625.83,0.0,22.91199999999997,1.0,1.0,1.0,20.0,0.0,0.0,1.0,0.0,1.0,A+
0.0,2608.477,0.0,1.0,1.0,2024-11-26 00:00:00,1.0,0.0,48596.0,1,0.0,2632.216,0.0,2630.375,2610.524,3.0,24.332785714285688,3.0,1.0,0.0,0.0,0.0,0.0,3.0,0.0,1.0,A+
0.0,2616.664,0.0,1.0,1.0,2024-11-26 12:00:00,1.0,0.0,66533.0,1,0.0,2641.993,0.0,2629.512,2633.24,3.0,25.227,3.0,1.0,0.0,12.0,0.0,0.0,3.0,0.0,1.0,A+
0.0,2643.187,0.0,2.0,1.0,2024-11-27 08:00:00,0.0,0.0,29729.0,0,1.0,2653.92,0.0,2651.103,2646.54,3.0,21.021071428571467,3.0,1.0,0.0,8.0,0.0,0.0,3.0,0.0,1.0,A+
0.0,2622.897,0.0,0.0,1.0,2024-12-02 00:00:00,1.0,0.0,52683.0,1,0.0,2647.672,0.0,2629.272,2645.756,3.0,12.403142857142871,3.0,1.0,0.0,0.0,0.0,0.0,3.0,0.0,1.0,A+
0.0,2626.514,0.0,0.0,1.0,2024-12-02 08:00:00,1.0,0.0,38275.0,1,0.0,2646.37,0.0,2641.885,2629.859,3.0,13.065214285714289,3.0,1.0,0.0,8.0,0.0,0.0,3.0,0.0,1.0,A+
0.0,2635.166,0.0,1.0,1.0,2024-12-03 12:00:00,1.0,0.0,52981.0,1,0.0,2655.665,0.0,2640.435,2643.671,3.0,13.551071428571406,3.0,1.0,0.0,12.0,0.0,0.0,3.0,0.0,1.0,A+
0.0,2638.837,0.0,1.0,1.0,2024-12-03 16:00:00,1.0,0.0,31768.0,1,0.0,2649.164,0.0,2640.998,2640.444,3.0,13.471142857142857,3.0,1.0,0.0,16.0,0.0,0.0,3.0,0.0,1.0,A+
0.0,2646.83,0.0,2.0,1.0,2024-12-04 16:00:00,1.0,0.0,34318.0,0,0.0,2655.581,0.0,2651.7,2654.984,3.0,12.02349999999998,3.0,1.0,0.0,16.0,0.0,0.0,3.0,0.0,1.0,A+
1.0,2652.134,0.0,4.0,0.0,2024-12-13 16:00:00,0.0,0.0,12331.0,0,0.0,2664.566,1.0,2653.041,2659.826,0.0,15.28342857142856,1.0,1.0,1.0,16.0,0.0,1.0,1.0,1.0,1.0,A+
1.0,2646.046,0.0,4.0,0.0,2024-12-13 20:00:00,0.0,0.0,5305.0,1,0.0,2653.53,1.0,2648.392,2652.973,0.0,14.011500000000035,1.0,1.0,1.0,20.0,0.0,1.0,1.0,1.0,1.0,A+
0.0,2650.833,0.0,0.0,1.0,2024-12-16 12:00:00,1.0,0.0,40305.0,1,0.0,2664.447,0.0,2654.472,2663.579,3.0,12.983357142857196,3.0,1.0,0.0,12.0,0.0,1.0,3.0,1.0,1.0,A+
0.0,2648.505,0.0,0.0,1.0,2024-12-16 16:00:00,1.0,0.0,22773.0,0,0.0,2655.791,0.0,2653.299,2654.438,3.0,10.838500000000067,3.0,1.0,0.0,16.0,0.0,1.0,3.0,1.0,1.0,A+
0.0,2627.885,0.0,3.0,1.0,2024-12-26 16:00:00,1.0,1.0,24422.0,1,0.0,2636.838,0.0,2634.95,2636.527,4.0,8.125642857142793,4.0,1.0,0.0,16.0,0.0,0.0,4.0,0.0,1.3333333333333333,A+
0.0,2628.886,0.0,4.0,1.0,2024-12-27 00:00:00,1.0,1.0,19881.0,0,0.0,2635.512,0.0,2633.698,2632.689,4.0,8.048642857142795,4.0,1.0,0.0,0.0,0.0,0.0,4.0,0.0,1.3333333333333333,A+
0.0,2623.452,0.0,4.0,1.0,2024-12-27 08:00:00,1.0,1.0,21121.0,1,0.0,2633.599,0.0,2628.642,2633.599,4.0,8.256714285714224,4.0,1.0,0.0,8.0,0.0,0.0,4.0,0.0,1.3333333333333333,A+
0.0,2611.579,0.0,4.0,1.0,2024-12-27 12:00:00,1.0,0.0,40795.0,1,0.0,2631.55,0.0,2618.134,2628.638,3.0,9.322499999999923,3.0,1.0,0.0,12.0,0.0,0.0,3.0,0.0,1.0,A+
0.0,2614.089,0.0,4.0,1.0,2024-12-27 16:00:00,1.0,0.0,25157.0,1,0.0,2621.394,0.0,2620.685,2618.174,3.0,9.315142857142778,3.0,1.0,0.0,16.0,0.0,0.0,3.0,0.0,1.0,A+
0.0,2638.954,0.0,4.0,1.0,2025-01-03 16:00:00,1.0,0.0,25214.0,1,0.0,2647.264,0.0,2639.433,2643.812,3.0,10.01514285714292,3.0,1.0,0.0,16.0,0.0,0.0,3.0,0.0,1.0,A+
0.0,2638.575,0.0,0.0,1.0,2025-01-06 00:00:00,1.0,1.0,23592.0,0,0.0,2647.434,0.0,2640.19,2641.098,3.0,10.252857142857206,3.0,1.0,0.0,0.0,0.0,0.0,3.0,0.0,1.0,A+
0.0,2625.058,0.0,0.0,1.0,2025-01-06 04:00:00,1.0,1.0,25061.0,1,0.0,2640.824,0.0,2626.937,2640.203,3.0,10.3918571428572,3.0,1.0,0.0,4.0,0.0,0.0,3.0,0.0,1.0,A+
0.0,2640.031,0.0,1.0,1.0,2025-01-07 08:00:00,0.0,1.0,20925.0,1,0.0,2648.689,0.0,2648.389,2640.444,3.0,11.724999999999977,3.0,1.0,0.0,8.0,0.0,0.0,3.0,0.0,1.0,A+
1.0,2668.492,0.0,3.0,0.0,2025-01-09 20:00:00,0.0,0.0,8305.0,1,0.0,2671.337,0.0,2669.952,2670.154,0.0,9.999214285714386,1.0,0.0,1.0,20.0,5.0,1.0,1.0,1.0,1.0,A+
1.0,2668.953,0.0,4.0,0.0,2025-01-10 00:00:00,0.0,0.0,18532.0,1,0.0,2674.771,0.0,2673.658,2669.972,0.0,9.72414285714295,1.0,0.0,1.0,0.0,7.0,1.0,1.0,1.0,1.0,A+
0.0,2659.773,0.0,1.0,1.0,2025-01-14 12:00:00,1.0,0.0,63732.0,1,0.0,2674.462,0.0,2671.779,2669.287,3.0,12.41114285714288,3.0,1.0,0.0,12.0,0.0,1.0,3.0,1.0,1.0,A+
0.0,2676.64,0.0,2.0,1.0,2025-01-15 12:00:00,1.0,0.0,89128.0,1,0.0,2696.056,0.0,2678.475,2686.748,3.0,10.808857142857116,3.0,1.0,0.0,12.0,0.0,1.0,3.0,1.0,1.0,A+
1.0,2693.239,0.0,2.0,0.0,2025-01-15 20:00:00,0.0,0.0,13135.0,1,0.0,2697.97,1.0,2694.965,2694.142,0.0,10.27135714285711,1.0,0.0,1.0,20.0,0.0,1.0,1.0,1.0,1.0,A+
1.0,2702.88,0.0,4.0,0.0,2025-01-17 16:00:00,0.0,0.0,22181.0,0,0.0,2717.264,0.0,2703.175,2714.256,0.0,11.617285714285702,1.0,1.0,1.0,16.0,2.0,1.0,1.0,1.0,1.0,A+
0.0,2701.915,0.0,0.0,1.0,2025-01-20 12:00:00,1.0,0.0,55344.0,1,0.0,2711.944,0.0,2707.065,2708.299,3.0,10.6285,3.0,0.0,0.0,12.0,0.0,1.0,3.0,1.0,1.0,A+
0.0,2716.499,0.0,1.0,1.0,2025-01-21 08:00:00,1.0,0.0,34571.0,1,0.0,2730.056,0.0,2723.998,2729.701,3.0,11.368714285714336,3.0,0.0,0.0,8.0,0.0,1.0,3.0,1.0,1.0,A+
1.0,2737.837,0.0,1.0,0.0,2025-01-21 16:00:00,0.0,0.0,23483.0,1,0.0,2745.963,1.0,2742.838,2738.792,0.0,11.64692857142862,1.0,0.0,1.0,16.0,0.0,1.0,1.0,1.0,1.0,A+
1.0,2740.084,0.0,1.0,0.0,2025-01-21 20:00:00,0.0,0.0,12478.0,1,0.0,2745.863,1.0,2744.259,2742.819,0.0,11.032285714285765,1.0,0.0,1.0,20.0,0.0,1.0,1.0,1.0,1.0,A+
0.0,2749.474,0.0,3.0,0.0,2025-01-23 00:00:00,1.0,0.0,30297.0,1,1.0,2756.3,0.0,2749.972,2755.564,3.0,10.67928571428573,3.0,0.0,0.0,0.0,0.0,1.0,3.0,1.0,1.0,A+
0.0,2740.871,0.0,3.0,1.0,2025-01-23 08:00:00,1.0,0.0,38787.0,1,1.0,2754.789,0.0,2751.924,2752.735,4.0,10.048999999999978,4.0,0.0,0.0,8.0,0.0,1.0,4.0,1.0,1.3333333333333333,A+
0.0,2754.338,0.0,4.0,1.0,2025-01-24 00:00:00,1.0,0.0,43067.0,1,0.0,2777.446,0.0,2772.308,2754.546,3.0,10.74057142857136,3.0,0.0,0.0,0.0,0.0,1.0,3.0,1.0,1.0,A+
0.0,2747.189,0.0,0.0,1.0,2025-01-27 04:00:00,1.0,0.0,39635.0,0,1.0,2761.075,0.0,2749.478,2761.066,4.0,11.456071428571445,4.0,0.0,0.0,4.0,0.0,1.0,4.0,1.0,1.3333333333333333,A+
0.0,2848.904,0.0,3.0,1.0,2025-02-06 08:00:00,1.0,0.0,54670.0,0,0.0,2867.342,0.0,2865.972,2855.798,3.0,15.255642857142805,3.0,0.0,0.0,8.0,0.0,1.0,3.0,1.0,1.0,A+
0.0,2852.393,0.0,4.0,1.0,2025-02-07 12:00:00,1.0,0.0,93640.0,0,0.0,2886.747,0.0,2880.315,2867.673,3.0,16.145571428571397,3.0,0.0,0.0,12.0,0.0,1.0,3.0,1.0,1.0,A+
1.0,2874.327,0.0,0.0,0.0,2025-02-10 04:00:00,0.0,0.0,37828.0,1,0.0,2896.593,1.0,2895.506,2875.54,0.0,16.1062857142857,1.0,0.0,1.0,4.0,0.0,1.0,1.0,1.0,1.0,A+
0.0,2901.864,0.0,1.0,1.0,2025-02-11 08:00:00,1.0,0.0,61705.0,1,0.0,2915.322,0.0,2903.981,2913.279,3.0,18.08849999999997,3.0,0.0,0.0,8.0,0.0,1.0,3.0,1.0,1.0,A+
0.0,2881.733,0.0,1.0,1.0,2025-02-11 12:00:00,1.0,0.0,103946.0,0,0.0,2906.574,0.0,2904.794,2904.016,3.0,19.331142857142822,3.0,0.0,0.0,12.0,0.0,1.0,3.0,1.0,1.0,A+
1.0,2879.317,0.0,2.0,0.0,2025-02-12 08:00:00,0.0,0.0,37653.0,1,0.0,2894.144,0.0,2879.802,2892.813,0.0,17.1809285714285,1.0,0.0,1.0,8.0,2.0,1.0,1.0,1.0,1.0,A+
0.0,2892.899,0.0,4.0,1.0,2025-02-14 12:00:00,1.0,0.0,105497.0,1,1.0,2933.366,0.0,2901.939,2931.136,4.0,16.186785714285634,4.0,0.0,0.0,12.0,0.0,1.0,4.0,1.0,1.3333333333333333,A+
0.0,2878.691,0.0,4.0,1.0,2025-02-14 16:00:00,1.0,0.0,61604.0,1,0.0,2903.915,0.0,2880.499,2901.827,3.0,16.92942857142852,3.0,1.0,0.0,16.0,0.0,1.0,3.0,1.0,1.0,A+
0.0,2895.044,0.0,0.0,1.0,2025-02-17 08:00:00,0.0,0.0,39916.0,1,1.0,2906.488,0.0,2900.992,2902.51,3.0,16.208214285714316,3.0,0.0,0.0,8.0,0.0,1.0,3.0,1.0,1.0,A+
0.0,2895.45,0.0,0.0,1.0,2025-02-17 12:00:00,1.0,0.0,44377.0,1,1.0,2904.162,0.0,2899.232,2900.962,4.0,16.113500000000027,4.0,0.0,0.0,12.0,0.0,1.0,4.0,1.0,1.3333333333333333,A+
0.0,2912.054,0.0,1.0,1.0,2025-02-18 12:00:00,1.0,0.0,47599.0,1,0.0,2929.609,0.0,2927.02,2914.21,3.0,15.223000000000022,3.0,0.0,0.0,12.0,0.0,1.0,3.0,1.0,1.0,A+
0.0,2925.498,0.0,2.0,1.0,2025-02-19 12:00:00,1.0,0.0,57311.0,1,0.0,2941.657,0.0,2925.721,2935.059,3.0,10.834785714285706,3.0,0.0,0.0,12.0,0.0,1.0,3.0,1.0,1.0,A+
0.0,2901.86,0.0,4.0,1.0,2025-03-07 16:00:00,1.0,0.0,57852.0,1,0.0,2919.423,0.0,2905.229,2915.783,3.0,15.610999999999974,3.0,1.0,0.0,16.0,0.0,1.0,3.0,1.0,1.0,A+
0.0,2895.606,0.0,0.0,1.0,2025-03-10 08:00:00,1.0,0.0,51408.0,0,0.0,2915.472,0.0,2904.027,2908.371,3.0,14.019928571428506,3.0,1.0,0.0,8.0,0.0,1.0,3.0,1.0,1.0,A+
1.0,2982.165,0.0,4.0,0.0,2025-03-14 16:00:00,0.0,0.0,27433.0,1,0.0,2990.43,0.0,2984.006,2984.569,0.0,15.263428571428578,1.0,0.0,1.0,16.0,5.0,1.0,1.0,1.0,1.0,A+
1.0,2981.705,0.0,4.0,0.0,2025-03-14 20:00:00,0.0,0.0,3476.0,1,0.0,2988.812,0.0,2986.37,2983.985,0.0,14.094357142857136,1.0,0.0,1.0,20.0,1.0,1.0,1.0,1.0,1.0,A+
1.0,2985.22,0.0,0.0,0.0,2025-03-17 00:00:00,0.0,0.0,24454.0,1,0.0,2993.091,0.0,2986.917,2989.965,0.0,13.717857142857124,1.0,0.0,1.0,0.0,8.0,1.0,1.0,1.0,1.0,A+
1.0,3029.777,0.0,1.0,0.0,2025-03-18 16:00:00,0.0,0.0,26593.0,0,0.0,3037.935,1.0,3035.615,3031.719,0.0,10.594071428571494,1.0,0.0,1.0,16.0,0.0,1.0,1.0,1.0,1.0,A+
1.0,3027.32,0.0,2.0,0.0,2025-03-19 00:00:00,0.0,0.0,20243.0,1,0.0,3039.029,1.0,3036.325,3031.801,0.0,10.650928571428624,1.0,0.0,1.0,0.0,0.0,1.0,1.0,1.0,1.0,A+
1.0,3033.884,0.0,3.0,0.0,2025-03-20 16:00:00,0.0,0.0,28158.0,1,0.0,3046.094,0.0,3044.602,3040.802,0.0,13.101357142857166,1.0,0.0,1.0,16.0,3.0,1.0,1.0,1.0,1.0,A+
0.0,3013.646,0.0,0.0,1.0,2025-03-24 00:00:00,1.0,1.0,31914.0,1,0.0,3025.648,0.0,3016.959,3024.709,4.0,13.299642857142835,4.0,1.0,0.0,0.0,0.0,1.0,4.0,1.0,1.3333333333333333,A+
0.0,3012.325,0.0,2.0,1.0,2025-03-26 12:00:00,1.0,0.0,41814.0,1,0.0,3029.958,0.0,3015.878,3027.54,3.0,13.274071428571396,3.0,1.0,0.0,12.0,0.0,1.0,3.0,1.0,1.0,A+
0.0,3033.403,0.0,3.0,1.0,2025-03-27 12:00:00,1.0,0.0,72124.0,1,0.0,3059.819,0.0,3052.206,3054.548,3.0,13.83792857142862,3.0,0.0,0.0,12.0,0.0,1.0,3.0,1.0,1.0,A+
1.0,3054.163,0.0,3.0,0.0,2025-03-27 20:00:00,0.0,0.0,8357.0,1,0.0,3057.637,1.0,3055.71,3057.438,0.0,12.121642857142888,1.0,0.0,1.0,20.0,0.0,1.0,1.0,1.0,1.0,A+
1.0,3080.762,0.0,4.0,0.0,2025-03-28 20:00:00,0.0,0.0,4573.0,1,0.0,3085.955,1.0,3085.002,3080.762,0.0,13.315142857142876,1.0,0.0,1.0,20.0,0.0,1.0,1.0,1.0,1.0,A+
1.0,3111.637,0.0,0.0,0.0,2025-03-31 16:00:00,0.0,0.0,32508.0,1,0.0,3124.613,1.0,3124.36,3113.847,0.0,16.32478571428565,1.0,0.0,1.0,16.0,0.0,1.0,1.0,1.0,1.0,A+
1.0,3126.392,0.0,1.0,0.0,2025-04-01 08:00:00,0.0,0.0,35904.0,0,0.0,3138.997,0.0,3130.319,3127.594,0.0,17.857000000000003,1.0,0.0,1.0,8.0,4.0,1.0,1.0,1.0,1.0,A+
1.0,3118.666,0.0,2.0,0.0,2025-04-02 16:00:00,0.0,0.0,35017.0,1,0.0,3134.369,0.0,3124.383,3125.871,0.0,18.75821428571427,1.0,0.0,1.0,16.0,5.0,1.0,1.0,1.0,1.0,A+
1.0,3107.2,0.0,3.0,0.0,2025-04-03 20:00:00,0.0,0.0,17522.0,0,0.0,3119.962,0.0,3112.884,3107.567,0.0,28.812,1.0,1.0,1.0,20.0,1.0,1.0,1.0,1.0,1.0,A+
1.0,3091.993,0.0,4.0,0.0,2025-04-04 04:00:00,0.0,0.0,50031.0,1,0.0,3109.96,0.0,3092.85,3098.435,0.0,29.91385714285713,1.0,1.0,1.0,4.0,6.0,1.0,1.0,1.0,1.0,A+
0.0,3314.279,0.0,3.0,1.0,2025-04-17 04:00:00,1.0,0.0,51776.0,1,0.0,3345.398,0.0,3323.323,3344.49,3.0,23.97278571428569,3.0,0.0,0.0,4.0,0.0,1.0,3.0,1.0,1.0,A+
0.0,3408.591,0.0,1.0,1.0,2025-04-22 12:00:00,1.0,0.0,127180.0,1,0.0,3464.803,0.0,3417.721,3456.706,3.0,35.57378571428564,3.0,0.0,0.0,12.0,0.0,1.0,3.0,1.0,1.0,A+
0.0,3366.727,0.0,1.0,1.0,2025-04-22 16:00:00,1.0,0.0,110338.0,1,0.0,3421.075,0.0,3374.789,3417.678,3.0,35.27442857142852,3.0,0.0,0.0,16.0,0.0,1.0,3.0,1.0,1.0,A+
0.0,3329.203,0.0,2.0,1.0,2025-04-23 00:00:00,1.0,0.0,114747.0,1,0.0,3386.661,0.0,3338.878,3336.535,3.0,41.40628571428569,3.0,0.0,0.0,0.0,0.0,1.0,3.0,1.0,1.0,A+
1.0,3369.161,0.0,2.0,0.0,2025-05-07 08:00:00,0.0,0.0,45574.0,1,0.0,3393.375,0.0,3387.083,3387.971,0.0,31.791714285714303,1.0,1.0,1.0,8.0,5.0,1.0,1.0,1.0,1.0,A+
1.0,3363.733,0.0,2.0,0.0,2025-05-07 20:00:00,0.0,0.0,21268.0,1,0.0,3377.185,0.0,3376.488,3371.968,0.0,30.383857142857128,1.0,1.0,1.0,20.0,3.0,1.0,1.0,1.0,1.0,A+
1.0,3308.099,0.0,4.0,0.0,2025-05-09 04:00:00,0.0,0.0,49737.0,1,0.0,3332.264,0.0,3327.101,3308.099,0.0,33.744785714285726,1.0,1.0,1.0,4.0,1.0,1.0,1.0,1.0,1.0,A+
1.0,3325.441,0.0,4.0,0.0,2025-05-09 16:00:00,0.0,0.0,32116.0,1,0.0,3347.556,0.0,3328.802,3345.096,0.0,32.14892857142858,1.0,1.0,1.0,16.0,2.0,1.0,1.0,1.0,1.0,A+
1.0,3265.847,0.0,6.0,0.0,2025-05-11 20:00:00,0.0,0.0,32363.0,1,0.0,3292.619,0.0,3287.534,3282.255,0.0,32.81921428571426,1.0,1.0,1.0,20.0,3.0,1.0,1.0,1.0,1.0,A+
1.0,3234.925,0.0,1.0,0.0,2025-05-13 04:00:00,0.0,0.0,44371.0,1,0.0,3265.659,0.0,3259.098,3236.719,0.0,28.58314285714277,1.0,1.0,1.0,4.0,1.0,1.0,1.0,1.0,1.0,A+
0.0,3282.977,0.0,3.0,1.0,2025-05-22 08:00:00,1.0,0.0,64832.0,1,0.0,3329.903,0.0,3314.466,3327.636,3.0,24.50292857142855,3.0,1.0,0.0,8.0,0.0,1.0,3.0,1.0,1.0,A+
0.0,3331.39,0.0,0.0,1.0,2025-05-26 00:00:00,1.0,0.0,50733.0,0,0.0,3356.859,0.0,3347.636,3342.691,3.0,22.867142857142944,3.0,1.0,0.0,0.0,0.0,1.0,3.0,1.0,1.0,A+
0.0,3292.561,0.0,1.0,1.0,2025-05-27 04:00:00,1.0,0.0,62068.0,1,0.0,3341.485,0.0,3296.244,3341.188,3.0,19.66671428571437,3.0,1.0,0.0,4.0,0.0,1.0,3.0,1.0,1.0,A+
0.0,3292.571,0.0,2.0,1.0,2025-05-28 12:00:00,1.0,0.0,55556.0,0,0.0,3316.438,0.0,3296.094,3311.171,3.0,19.783071428571443,3.0,1.0,0.0,12.0,0.0,1.0,3.0,1.0,1.0,A+
0.0,3339.835,0.0,3.0,1.0,2025-06-05 16:00:00,1.0,0.0,46629.0,1,0.0,3361.404,0.0,3356.909,3344.7,3.0,22.91214285714292,3.0,0.0,0.0,16.0,0.0,1.0,3.0,1.0,1.0,A+
0.0,3316.269,0.0,4.0,1.0,2025-06-06 12:00:00,1.0,0.0,120945.0,0,0.0,3364.421,0.0,3332.228,3358.308,3.0,24.326714285714388,3.0,0.0,0.0,12.0,0.0,1.0,3.0,1.0,1.0,A+
1.0,3307.053,0.0,4.0,0.0,2025-06-06 20:00:00,0.0,0.0,5570.0,1,0.0,3312.896,1.0,3311.702,3312.382,0.0,21.87514285714295,1.0,1.0,1.0,20.0,0.0,1.0,1.0,1.0,1.0,A+
1.0,3309.24,0.0,6.0,0.0,2025-06-08 20:00:00,0.0,0.0,14520.0,1,0.0,3321.217,0.0,3318.038,3317.818,0.0,21.91742857142868,1.0,1.0,1.0,20.0,5.0,1.0,1.0,1.0,1.0,A+
1.0,3370.655,0.0,2.0,0.0,2025-06-18 00:00:00,0.0,0.0,35186.0,0,0.0,3391.524,0.0,3390.96,3387.295,0.0,21.71578571428563,1.0,1.0,1.0,0.0,3.0,1.0,1.0,1.0,1.0,A+
1.0,3366.108,0.0,3.0,0.0,2025-06-19 16:00:00,0.0,0.0,7493.0,0,0.0,3374.14,0.0,3373.455,3369.223,0.0,19.463928571428465,1.0,1.0,1.0,16.0,1.0,1.0,1.0,1.0,1.0,A+
0.0,3333.143,0.0,1.0,1.0,2025-06-24 00:00:00,1.0,0.0,49922.0,0,0.0,3357.912,0.0,3352.476,3344.27,3.0,21.341499999999964,3.0,1.0,0.0,0.0,0.0,1.0,3.0,1.0,1.0,A+
0.0,3287.069,0.0,1.0,1.0,2025-07-08 12:00:00,1.0,0.0,59237.0,1,1.0,3329.864,0.0,3298.241,3325.014,4.0,16.114142857142888,4.0,1.0,0.0,12.0,0.0,1.0,4.0,1.0,1.3333333333333333,A+
0.0,3295.938,0.0,1.0,1.0,2025-07-08 16:00:00,1.0,0.0,36182.0,1,0.0,3310.426,0.0,3302.992,3298.249,3.0,16.23607142857145,3.0,1.0,0.0,16.0,0.0,1.0,3.0,1.0,1.0,A+
0.0,3340.954,0.0,0.0,1.0,2025-07-14 12:00:00,1.0,0.0,47790.0,1,0.0,3366.607,0.0,3345.105,3364.192,3.0,15.628714285714263,3.0,1.0,0.0,12.0,0.0,1.0,3.0,1.0,1.0,A+
1.0,3341.217,0.0,0.0,0.0,2025-07-14 20:00:00,0.0,0.0,9795.0,1,0.0,3346.556,0.0,3345.337,3344.103,0.0,14.25192857142854,1.0,1.0,1.0,20.0,1.0,1.0,1.0,1.0,1.0,A+
1.0,3325.061,0.0,2.0,0.0,2025-07-16 00:00:00,0.0,0.0,23132.0,1,0.0,3335.084,0.0,3334.338,3331.092,0.0,14.838428571428592,1.0,1.0,1.0,0.0,3.0,1.0,1.0,1.0,1.0,A+
