datetime,open,high,low,close,volume,spread,swing_high,swing_low,bos,choch,bias,bias_label,pattern_code,candle_pattern,conf_structure,conf_bos_or_choch,conf_candle,conf_sr_zone,conf_psych_level,conf_fib_zone,conf_volume,conf_liquidity,conf_spread,primary_score,secondary_score,total_confluence,score,num_confs,atr,hour,dow,bias_bull,regime_trend,setup_grade,returns,range,atr_rolling,is_win,ml_prob_win,ml_signal
2021-07-23 03:30:00,1803.594,1803.676,1802.516,1802.549,443.0,300.0,0.0,0.0,0,0,1,bullish,2,bearish_engulfing,0,0,1,1,0,1,0,0,0,2,0,2,2,2,1.284428571428553,3,4,1,1,A+,-0.0005672077410826,1.1599999999998545,0.9627551020407946,1,0.6880839017458149,1
2021-08-09 03:30:00,1738.516,1740.303,1736.292,1738.456,1115.0,200.0,0.0,1736.292,0,0,1,bullish,5,doji,1,0,1,0,0,1,0,0,0,2,0,2,2,2,5.847928571428627,3,0,0,0,A+,0.0018637384726565,4.011000000000195,7.438770408163266,1,0.6863420823470496,1
2021-09-14 10:30:00,1787.529,1787.529,1786.333,1786.432,494.0,200.0,0.0,0.0,0,0,1,bullish,2,bearish_engulfing,0,0,1,1,0,1,0,0,0,2,0,2,2,2,1.689785714285774,10,1,0,0,A+,-0.0006120190699324,1.195999999999913,1.585576530612277,1,0.5930495555752192,1
2021-11-05 17:45:00,1813.607,1814.645,1813.253,1813.708,931.0,200.0,0.0,0.0,0,0,1,bullish,5,doji,0,0,1,1,0,1,0,0,0,2,0,2,2,2,3.157071428571417,17,4,1,1,A+,6.285861113353164e-05,1.3920000000000528,4.02015306122448,1,0.7394543368131047,1
2021-11-12 03:00:00,1856.832,1856.832,1855.778,1855.832,579.0,200.0,0.0,0.0,0,0,1,bullish,8,evening_star,0,0,1,1,0,1,0,0,0,2,0,2,2,2,1.4924999999999824,3,4,0,0,A+,-0.0005466255431921,1.054000000000087,1.1374234693877583,1,0.6154597955364576,1
2021-11-12 03:30:00,1855.732,1856.119,1855.432,1855.763,500.0,200.0,0.0,0.0,0,0,1,bullish,5,doji,0,0,1,1,0,1,0,0,0,2,0,2,2,2,1.4352142857142585,3,4,0,0,A+,-3.718008957720453e-05,0.6869999999998981,1.1567500000000044,1,0.6500277317535333,1
2021-11-12 17:30:00,1862.602,1863.32,1862.223,1863.273,836.0,200.0,0.0,0.0,0,0,1,bullish,7,morning_star,0,0,1,1,0,1,0,0,0,2,0,2,2,2,2.672357142857144,17,4,1,1,A+,-0.0001336179556774,1.09699999999998,2.660790816326544,1,0.6771881211220053,1
2021-11-12 18:00:00,1864.675,1865.956,1864.012,1864.933,939.0,200.0,0.0,0.0,0,0,1,bullish,5,doji,0,0,1,1,0,1,0,0,0,2,0,2,2,2,2.6280714285714373,18,4,1,1,A+,0.0001201259821237,1.94399999999996,2.713525510204094,1,0.6194690751675023,1
2021-11-12 18:30:00,1865.684,1866.32,1864.638,1865.852,881.0,200.0,0.0,0.0,0,0,1,bullish,5,doji,0,0,1,1,0,1,0,0,0,2,0,2,2,2,2.4334285714285864,18,4,1,1,A+,7.182221536150557e-05,1.6820000000000164,2.707938775510215,1,0.6046381340213095,1
2021-11-25 02:00:00,1791.804,1792.192,1791.414,1791.818,595.0,200.0,0.0,0.0,0,0,1,bullish,5,doji,0,0,1,1,0,1,0,0,0,2,0,2,2,2,1.6364999999999716,2,3,1,1,A+,-0.0002784105713442,0.77800000000002,1.5189387755101704,1,0.7204891390333964,1
2021-11-25 10:30:00,1790.586,1791.256,1790.303,1790.732,525.0,200.0,0.0,0.0,0,0,1,bullish,5,doji,0,0,1,1,0,1,0,0,0,2,0,2,2,2,1.2457857142857651,10,3,1,1,A+,9.382518580736132e-05,0.9529999999999744,1.1508826530612388,1,0.7213302067140883,1
2021-11-25 10:45:00,1790.736,1791.728,1790.639,1791.089,566.0,200.0,0.0,0.0,0,0,1,bullish,4,inverted_hammer,0,0,1,1,0,1,0,0,0,2,0,2,2,2,1.2301428571429207,10,3,1,1,A+,0.000199359814869,1.0890000000001692,1.1176734693877752,0,0.6607465461056407,1
2021-11-25 11:00:00,1791.098,1791.522,1790.865,1790.94,426.0,200.0,0.0,0.0,0,0,1,bullish,6,shooting_star,0,0,1,1,0,1,0,0,0,2,0,2,2,2,1.2015714285714856,11,3,1,1,A+,-8.318961257647306e-05,0.6569999999999254,1.1042704081632917,1,0.7855106479003697,1
2021-12-22 21:30:00,1803.662,1803.913,1803.489,1803.611,269.0,200.0,0.0,0.0,0,0,1,bullish,5,doji,0,0,1,1,0,1,0,0,0,2,0,2,2,2,1.1109999999999738,21,2,1,1,A+,-0.0002211739402774,0.4239999999999781,1.782433673469355,1,0.5766117142303188,1
2021-12-22 21:45:00,1803.593,1803.729,1803.277,1803.537,317.0,200.0,0.0,0.0,0,0,1,bullish,5,doji,0,0,1,1,0,1,0,0,0,2,0,2,2,2,0.9732142857142532,21,2,1,1,A+,-4.102880277401244e-05,0.4519999999999982,1.7002704081632338,1,0.5556865391020505,1
2022-01-11 04:30:00,1805.938,1806.078,1805.657,1805.98,278.0,200.0,0.0,0.0,0,0,1,bullish,5,doji,0,0,1,1,0,1,0,0,0,2,0,2,2,2,0.99857142857143,4,1,1,1,A+,0.0002315068660063,0.4210000000000491,1.2270867346938832,1,0.6365034245817356,1
2022-01-12 23:00:00,1825.875,1826.223,1825.643,1825.859,384.0,200.0,0.0,0.0,0,0,1,bullish,5,doji,0,0,1,1,0,1,0,0,0,2,0,2,2,2,0.953857142857162,23,2,1,1,A+,-0.0005867764026118,0.5799999999999272,1.8219846938775504,0,0.5238912143908916,1
2022-01-13 00:45:00,1824.6,1824.906,1824.166,1824.283,420.0,200.0,0.0,0.0,0,0,1,bullish,2,bearish_engulfing,0,0,1,1,0,1,0,0,0,2,0,2,2,2,0.7914285714285987,0,3,1,1,A+,-0.0001013994216396,0.7400000000000091,1.5475561224489838,1,0.9100786338411666,1
2022-01-19 17:30:00,1842.465,1842.614,1840.506,1840.68,1105.0,200.0,0.0,0.0,0,0,1,bullish,8,evening_star,0,0,1,1,0,1,0,0,0,2,0,2,2,2,2.761785714285712,17,2,1,1,A+,-0.0005462386096217,2.1079999999999472,2.493499999999987,1,0.5176306373002949,1
2022-01-19 23:15:00,1839.57,1840.013,1838.984,1839.636,500.0,200.0,0.0,0.0,0,0,1,bullish,5,doji,0,0,1,1,0,1,0,0,0,2,0,2,2,2,1.0390714285714466,23,2,1,1,A+,-0.0005742402453858,1.0289999999999964,2.107561224489795,1,0.5278490855180471,1
2022-02-04 05:45:00,1806.453,1806.678,1806.339,1806.507,378.0,200.0,0.0,0.0,0,0,1,bullish,5,doji,0,0,1,1,0,1,0,0,0,2,0,2,2,2,0.7856428571428263,5,4,1,1,A+,2.878566031272456e-05,0.3390000000001691,0.9123775510203757,1,0.8569954178745879,1
2022-02-07 18:45:00,1820.54,1821.131,1820.031,1821.124,620.0,200.0,0.0,0.0,0,0,1,bullish,7,morning_star,0,0,1,1,0,1,0,0,0,2,0,2,2,2,1.4589285714286169,18,0,1,1,A+,6.589380554311575e-06,1.1000000000001364,1.715719387755102,1,0.5767740188282646,1
2022-02-08 17:30:00,1826.979,1827.51,1826.979,1827.133,553.0,200.0,0.0,0.0,0,0,1,bullish,4,inverted_hammer,0,0,1,1,0,1,0,0,0,2,0,2,2,2,1.959214285714308,17,1,1,1,A+,-0.0002943637011256,0.5309999999999491,1.8464183673469603,1,0.5302949393309165,1
2022-02-17 17:15:00,1897.784,1898.977,1897.122,1897.686,1263.0,200.0,0.0,0.0,0,0,1,bullish,5,doji,0,0,1,1,0,1,0,0,0,2,0,2,2,2,4.048642857142844,17,3,1,1,A+,-5.848886893600192e-05,1.8550000000000184,3.8178877551020536,1,0.7140705490296184,1
2022-02-17 17:45:00,1898.985,1900.103,1897.39,1897.602,1078.0,200.0,0.0,0.0,0,0,1,bullish,2,bearish_engulfing,0,0,1,1,0,1,0,0,0,2,0,2,2,2,3.062285714285703,17,3,1,1,A+,-4.4264435739016506e-05,2.712999999999965,3.755892857142873,1,0.5239689354594073,1
2022-03-01 16:15:00,1925.444,1928.918,1924.928,1928.637,1705.0,200.0,0.0,0.0,0,0,1,bullish,7,morning_star,0,0,1,1,0,1,0,0,0,2,0,2,2,2,4.986428571428519,16,1,1,1,A+,0.0010895191270559,3.9899999999997817,3.9689336734693614,1,0.7890217616160687,1
2022-03-01 17:30:00,1932.672,1935.133,1932.672,1934.148,2067.0,200.0,0.0,0.0,0,0,1,bullish,1,bullish_engulfing,0,0,1,1,0,1,0,0,0,2,0,2,2,2,4.379142857142824,17,1,1,1,A+,0.0014368016949599,2.4610000000000127,4.367964285714256,1,0.5282716134493631,1
2022-03-04 21:30:00,1968.596,1969.98,1967.605,1968.669,627.0,200.0,0.0,0.0,0,0,1,bullish,5,doji,0,0,1,1,0,1,0,0,0,2,0,2,2,2,2.8384999999999536,21,4,1,1,A+,0.0006200923124308,2.375,3.9568061224489655,1,0.7058105623270038,1
2022-03-07 00:30:00,1987.465,1990.238,1987.303,1989.2,1516.0,200.0,0.0,0.0,0,0,1,bullish,1,bullish_engulfing,0,0,1,1,0,1,0,0,0,2,0,2,2,2,4.56942857142857,0,0,1,1,A+,0.0008558494872199,2.934999999999945,3.952974489795904,1,0.5101146469059722,1
2022-05-05 15:15:00,1880.937,1882.976,1878.274,1880.283,2470.0,200.0,0.0,0.0,0,0,1,bullish,5,doji,0,0,1,1,0,1,0,0,0,2,0,2,2,2,5.549214285714307,15,3,0,0,A+,-0.0031391090253228,4.7020000000002256,3.000158163265322,1,0.6555730927605614,1
2022-05-05 15:45:00,1882.143,1882.143,1874.307,1875.037,2470.0,200.0,0.0,0.0,0,0,1,bullish,2,bearish_engulfing,0,0,1,1,0,1,0,0,0,2,0,2,2,2,5.8075000000000205,15,3,0,0,A+,-0.0027900055470372,7.836000000000013,3.286795918367363,1,0.7007622748711198,1
2022-05-05 16:30:00,1876.774,1876.899,1873.897,1874.459,1707.0,200.0,0.0,0.0,0,0,1,bullish,2,bearish_engulfing,0,0,1,1,0,1,0,0,0,2,0,2,2,2,5.38785714285718,16,3,0,0,A+,-0.0003082605836578,3.0019999999999527,3.5502448979592005,1,0.5959582690424943,1
2022-06-15 14:30:00,1823.301,1823.519,1819.652,1820.284,1950.0,200.0,0.0,0.0,0,0,1,bullish,8,evening_star,0,0,1,1,0,1,0,0,0,2,0,2,2,2,4.197499999999991,14,2,1,1,A+,-0.0005737568555708,3.866999999999962,2.9573724489795827,1,0.5819199872844496,1
2022-06-17 02:15:00,1844.367,1845.163,1844.179,1844.183,604.0,200.0,0.0,0.0,0,0,1,bullish,6,shooting_star,0,0,1,1,0,1,0,0,0,2,0,2,2,2,1.7241428571428514,2,4,1,1,A+,-0.0001116901044193,0.9839999999999236,1.894107142857162,1,0.5559614089163757,1
2022-08-04 04:45:00,1770.942,1771.468,1770.734,1770.976,423.0,200.0,0.0,0.0,0,0,1,bullish,5,doji,0,0,1,1,0,1,0,0,0,2,0,2,2,2,1.2522857142857415,4,3,1,1,A+,0.0001383609368108,0.734000000000151,1.282474489795917,1,0.7706966167644036,1
2022-08-04 18:15:00,1793.682,1794.524,1792.736,1793.465,861.0,200.0,0.0,0.0,0,0,1,bullish,5,doji,0,0,1,1,0,1,0,0,0,2,0,2,2,2,2.139642857142836,18,3,1,1,A+,0.0014367142183893,1.7879999999997835,2.601209183673474,1,0.543857347681015,1
2022-08-04 18:30:00,1793.46,1794.209,1792.593,1793.264,703.0,200.0,0.0,0.0,0,0,1,bullish,5,doji,0,0,1,1,0,1,0,0,0,2,0,2,2,2,2.1074999999999915,18,3,1,1,A+,-0.0001120735559377,1.6159999999999854,2.625928571428574,1,0.5715814161313518,1
2022-08-04 19:00:00,1794.654,1794.826,1792.866,1793.282,736.0,200.0,0.0,0.0,0,0,1,bullish,2,bearish_engulfing,0,0,1,1,0,1,0,0,0,2,0,2,2,2,1.886714285714285,19,3,1,1,A+,1.0037562790499166e-05,1.9600000000000364,2.6336632653061254,1,0.5716558144505582,1
2022-08-04 19:15:00,1793.271,1793.875,1792.447,1792.781,582.0,200.0,0.0,0.0,0,0,1,bullish,6,shooting_star,0,0,1,1,0,1,0,0,0,2,0,2,2,2,1.895071428571425,19,3,1,1,A+,-0.0002793760267486,1.428000000000111,2.635729591836737,1,0.6607160696891449,1
2022-08-18 16:45:00,1757.519,1758.268,1757.077,1757.156,908.0,200.0,0.0,0.0,0,0,1,bullish,2,bearish_engulfing,0,0,1,1,0,1,0,0,0,2,0,2,2,2,2.3782142857142747,16,3,0,0,A+,-0.0001820793000872,1.191000000000031,2.3341122448979585,1,0.57402058043802,1
2022-09-02 09:00:00,1704.518,1704.858,1704.194,1704.702,690.0,200.0,0.0,0.0,0,0,1,bullish,3,hammer,0,0,1,1,0,1,0,0,0,2,0,2,2,2,1.4718571428571423,9,4,1,1,A+,8.741294638525687e-05,0.6639999999999873,1.1955765306122408,1,0.6571518656214957,1
2022-09-02 10:30:00,1705.297,1706.399,1704.931,1705.794,741.0,200.0,0.0,0.0,0,0,1,bullish,4,inverted_hammer,0,0,1,1,0,1,0,0,0,2,0,2,2,2,1.4096428571428337,10,4,1,1,A+,0.0002926179927813,1.4679999999998472,1.259387755102038,0,0.5198227043827122,1
2022-09-02 10:45:00,1705.825,1706.508,1705.29,1705.477,765.0,200.0,0.0,0.0,0,0,1,bullish,6,shooting_star,0,0,1,1,0,1,0,0,0,2,0,2,2,2,1.34007142857141,10,4,1,1,A+,-0.0001858372112928,1.2180000000000746,1.263229591836733,1,0.9044987200489512,1
2022-09-09 03:45:00,1720.143,1720.143,1718.806,1719.224,671.0,200.0,0.0,0.0,0,0,1,bullish,2,bearish_engulfing,0,0,1,1,0,1,0,0,0,2,0,2,2,2,1.3782142857142747,3,4,1,1,A+,-0.0004837051816918,1.336999999999989,1.1904438775510182,1,0.5660888112764849,1
2022-09-12 22:00:00,1724.821,1725.104,1724.397,1725.082,391.0,200.0,0.0,0.0,0,0,1,bullish,3,hammer,0,0,1,1,0,1,0,0,0,2,0,2,2,2,1.5104285714285683,22,0,1,1,A+,8.695314442919155e-06,0.7070000000001073,2.318964285714269,1,0.7151677473608007,1
2022-09-19 20:45:00,1675.589,1675.869,1675.305,1675.58,297.0,200.0,0.0,0.0,0,0,1,bullish,5,doji,0,0,1,1,0,1,0,0,0,2,0,2,2,2,1.1279999999999777,20,0,1,1,A+,2.685709340588538e-05,0.5639999999998508,1.826015306122456,1,0.7763493569786217,1
2022-09-28 15:15:00,1652.156,1655.899,1651.968,1653.574,2399.0,200.0,0.0,0.0,0,0,1,bullish,4,inverted_hammer,0,0,1,1,0,1,0,0,0,2,0,2,2,2,5.103928571428534,15,2,1,1,A+,0.0008788697202748,3.9309999999998126,4.368392857142861,1,0.8659137518371537,1
2022-09-28 15:30:00,1653.568,1654.775,1651.748,1654.775,2089.0,200.0,0.0,0.0,0,0,1,bullish,3,hammer,0,0,1,1,0,1,0,0,0,2,0,2,2,2,4.925428571428532,15,2,1,1,A+,0.0007263055660042,3.027000000000044,4.502688775510204,1,0.7159401135473346,1
2022-09-30 11:30:00,1665.451,1665.88,1663.073,1664.7,1359.0,200.0,0.0,0.0,0,0,1,bullish,2,bearish_engulfing,0,0,1,1,0,1,0,0,0,2,0,2,2,2,2.7924285714285912,11,4,1,1,A+,-0.0003062676779505,2.8070000000000164,2.477964285714278,1,0.6907957056598422,1
2022-10-21 18:15:00,1651.901,1652.691,1651.097,1652.388,1217.0,200.0,0.0,0.0,0,0,1,bullish,3,hammer,0,0,1,1,0,1,0,0,0,2,0,2,2,2,3.934357142857136,18,4,1,1,A+,8.59436185651763e-05,1.594000000000051,5.25311734693875,1,0.759939504429018,1
2022-10-21 19:00:00,1653.777,1655.041,1653.058,1654.82,1399.0,200.0,0.0,0.0,0,0,1,bullish,7,morning_star,0,0,1,1,0,1,0,0,0,2,0,2,2,2,2.8737142857142675,19,4,1,1,A+,0.0006500397582456,1.9829999999999472,5.062249999999972,1,0.9024471792128432,1
2022-10-21 20:30:00,1654.524,1656.746,1654.293,1656.038,628.0,200.0,0.0,0.0,0,0,1,bullish,7,morning_star,0,0,1,1,0,1,0,0,0,2,0,2,2,2,1.97042857142854,20,4,1,1,A+,0.000736031713419,2.453000000000202,4.83922448979589,1,0.8326211018240025,1
2022-11-04 04:15:00,1640.579,1640.904,1640.213,1640.336,708.0,200.0,0.0,0.0,0,0,1,bullish,6,shooting_star,0,0,1,1,0,1,0,0,0,2,0,2,2,2,1.7131428571428842,4,4,1,1,A+,0.0003994679452894,0.6910000000000309,1.2500969387755263,1,0.7852411049758653,1
2022-12-27 11:00:00,1808.657,1809.492,1808.417,1808.987,669.0,200.0,0.0,0.0,0,0,1,bullish,4,inverted_hammer,0,0,1,1,0,1,0,0,0,2,0,2,2,2,1.2597857142857427,11,1,1,1,A+,0.0006018035299539,1.0750000000000457,1.3014081632653374,1,0.5302662815710333,1
2022-12-27 11:15:00,1808.993,1809.777,1808.993,1809.17,653.0,200.0,0.0,0.0,0,0,1,bullish,4,inverted_hammer,0,0,1,1,0,1,0,0,0,2,0,2,2,2,1.2146428571428811,11,1,1,1,A+,0.0001011615893313,0.7840000000001055,1.3011479591837052,1,0.5324352544512823,1
2023-01-12 04:15:00,1883.543,1883.942,1883.187,1883.303,492.0,200.0,0.0,0.0,0,0,1,bullish,6,shooting_star,0,0,1,1,0,1,0,0,0,2,0,2,2,2,1.4193571428571008,4,3,1,1,A+,-0.0001279502894543,0.7550000000001091,1.331719387755101,1,0.6722808891536252,1
2023-01-12 04:30:00,1883.304,1883.646,1883.068,1883.486,486.0,200.0,0.0,0.0,0,0,1,bullish,3,hammer,0,0,1,1,0,1,0,0,0,2,0,2,2,2,1.3537857142856635,4,3,1,1,A+,9.716970662720924e-05,0.5779999999999745,1.3002806122448936,1,0.5727993068490224,1
2023-01-24 23:00:00,1937.022,1937.572,1936.742,1936.925,519.0,200.0,0.0,0.0,0,0,1,bullish,5,doji,0,0,1,1,0,1,0,0,0,2,0,2,2,2,0.9843571428572042,23,1,1,1,A+,-2.1683384384019178e-05,0.8299999999999272,2.602647959183696,1,0.7181491066000849,1
2023-01-24 23:45:00,1936.819,1937.052,1936.474,1936.963,392.0,200.0,0.0,0.0,0,0,1,bullish,3,hammer,0,0,1,1,0,1,0,0,0,2,0,2,2,2,0.8447857142857791,23,1,1,1,A+,1.961872555722444e-05,0.5779999999999745,2.370454081632682,1,0.6735276438768822,1
2023-01-25 23:15:00,1947.768,1948.733,1947.192,1947.455,672.0,200.0,0.0,0.0,0,0,1,bullish,6,shooting_star,0,0,1,1,0,1,0,0,0,2,0,2,2,2,1.9122857142857097,23,2,1,1,A+,0.0010372990747067,1.54099999999994,2.7702602040816138,1,0.5189963076458196,1
2023-02-23 10:45:00,1825.848,1827.254,1825.71,1826.463,712.0,200.0,0.0,0.0,0,0,1,bullish,4,inverted_hammer,0,0,1,1,0,1,0,0,0,2,0,2,2,2,1.6492857142856925,10,3,0,0,A+,0.0004573768588125,1.543999999999869,1.5407040816326536,1,0.5827525751769747,1
2023-03-13 15:15:00,1909.609,1912.73,1907.746,1912.35,2825.0,200.0,0.0,0.0,0,0,1,bullish,1,bullish_engulfing,0,0,1,1,0,1,0,0,0,2,0,2,2,2,6.530357142857123,15,0,1,1,A+,0.0083256000337452,4.983999999999924,4.456076530612234,0,0.522526789537095,1
2023-03-14 04:15:00,1903.159,1903.233,1902.466,1902.658,644.0,200.0,0.0,0.0,0,0,1,bullish,2,bearish_engulfing,0,0,1,1,0,1,0,0,0,2,0,2,2,2,2.1428571428571104,4,1,1,1,A+,-0.0001150888890874,0.7670000000000528,2.275673469387743,1,0.5180608426939051,1
2023-03-14 04:30:00,1902.651,1903.085,1902.045,1902.487,759.0,200.0,0.0,0.0,0,0,1,bullish,5,doji,0,0,1,1,0,1,0,0,0,2,0,2,2,2,1.9692857142856768,4,1,1,1,A+,-8.98742706255673e-05,1.0399999999999636,2.2126020408163103,1,0.516295095592818,1
2023-04-26 16:45:00,1986.613,1987.388,1985.468,1986.583,1640.0,200.0,0.0,0.0,0,0,1,bullish,5,doji,0,0,1,1,0,1,0,0,0,2,0,2,2,2,4.317357142857126,16,2,0,0,A+,-3.171173928318005e-05,1.9199999999998447,3.7530204081632346,1,0.5221915278641257,1
2023-05-01 15:30:00,1982.651,1985.166,1981.482,1982.247,1788.0,200.0,0.0,0.0,0,0,1,bullish,5,doji,0,0,1,1,0,1,0,0,0,2,0,2,2,2,5.034357142857191,15,0,1,1,A+,-0.0005072474364087,3.683999999999969,3.284469387755128,1,0.7139777751452673,1
2023-05-01 15:45:00,1982.217,1983.611,1980.475,1982.917,1821.0,200.0,0.0,0.0,0,0,1,bullish,1,bullish_engulfing,0,0,1,1,0,1,0,0,0,2,0,2,2,2,4.608500000000049,15,0,1,1,A+,0.0003380002593016,3.136000000000194,3.4790255102041114,1,0.5516028118385029,1
2023-05-29 23:45:00,1942.293,1942.564,1941.44,1941.683,487.0,200.0,0.0,0.0,0,0,1,bullish,2,bearish_engulfing,0,0,1,1,0,1,0,0,0,2,0,2,2,2,1.0225714285714471,23,0,0,0,A+,-0.0001194696987252,1.1240000000000236,1.3407551020408233,1,0.6406801158180578,1
2023-06-14 04:00:00,1949.275,1949.275,1947.829,1948.015,587.0,200.0,0.0,0.0,0,0,1,bullish,2,bearish_engulfing,0,0,1,1,0,1,0,0,0,2,0,2,2,2,1.168571428571454,4,2,0,0,A+,-0.0006330643237472,1.44600000000014,1.185989795918352,1,0.6539677597823009,1
2023-06-21 20:30:00,1933.195,1933.243,1932.174,1932.248,461.0,200.0,0.0,0.0,0,0,1,bullish,2,bearish_engulfing,0,0,1,1,0,1,0,0,0,2,0,2,2,2,1.5172857142856953,20,2,0,0,A+,-0.0011971689745079,1.06899999999996,2.982336734693881,1,0.5526721296419885,1
2023-07-07 20:15:00,1924.97,1925.037,1924.216,1924.458,382.0,200.0,0.0,1924.216,0,0,1,bullish,0,none,1,0,0,1,0,1,0,0,0,2,0,2,2,2,1.1067142857142795,20,4,1,1,A+,-7.793794892252404e-05,0.8210000000001401,2.8960357142857087,1,0.5674138278392177,1
2023-07-07 20:30:00,1924.489,1925.064,1924.321,1925.064,330.0,200.0,0.0,0.0,0,0,1,bullish,7,morning_star,0,0,1,1,0,1,0,0,0,2,0,2,2,2,1.0862142857142931,20,4,1,1,A+,0.0003148938558283,0.7430000000001655,2.790959183673465,1,0.6283000786513121,1
2023-08-27 22:45:00,1914.873,1915.01,1914.555,1914.848,291.0,200.0,0.0,0.0,0,0,1,bullish,5,doji,0,0,1,1,0,1,0,0,0,2,0,2,2,2,0.9682142857142578,22,6,1,1,A+,-1.3577916876061911e-05,0.4549999999999272,2.183290816326525,1,0.6123442049406402,1
2023-09-18 19:15:00,1931.641,1932.027,1931.599,1931.727,440.0,200.0,0.0,0.0,0,0,1,bullish,4,inverted_hammer,0,0,1,1,0,1,0,0,0,2,0,2,2,2,1.0374285714285796,19,0,1,1,A+,2.588424462279804e-05,0.4280000000001109,1.6095051020408082,1,0.6707760584220701,1
2023-10-09 22:45:00,1861.535,1861.759,1861.366,1861.457,239.0,200.0,0.0,0.0,0,0,1,bullish,8,evening_star,0,0,1,1,0,1,0,0,0,2,0,2,2,2,1.3140000000000132,22,0,1,1,A+,8.595491342466843e-06,0.3930000000000291,2.054321428571427,1,0.5768840843218365,1
2023-10-11 22:30:00,1874.409,1874.856,1873.947,1874.786,309.0,200.0,0.0,0.0,0,0,1,bullish,3,hammer,0,0,1,1,0,1,0,0,0,2,0,2,2,2,1.0554285714285438,22,2,1,1,A+,0.0002000628464087,0.9090000000001056,1.693520408163238,1,0.5881607304957339,1
2023-10-11 23:00:00,1874.595,1875.149,1874.585,1875.149,233.0,200.0,0.0,0.0,0,0,1,bullish,1,bullish_engulfing,0,0,1,1,0,1,0,0,0,2,0,2,2,2,0.9219999999999768,23,2,1,1,A+,0.0001936220987355,0.5639999999998508,1.5966530612244618,1,0.7161705722711451,1
2023-10-11 23:45:00,1875.148,1875.522,1875.116,1875.25,285.0,200.0,0.0,0.0,0,0,1,bullish,4,inverted_hammer,0,0,1,1,0,1,0,0,0,2,0,2,2,2,0.712928571428571,23,2,1,1,A+,5.386238640237018e-05,0.405999999999949,1.4938571428571163,1,0.8267819744391188,1
2023-10-13 15:30:00,1921.632,1922.426,1920.548,1921.92,1571.0,200.0,0.0,0.0,0,0,1,bullish,5,doji,0,0,1,1,0,1,0,0,0,2,0,2,2,2,5.520928571428515,15,4,1,1,A+,0.0001665278934221,1.877999999999929,3.5733163265305814,1,0.633977165097037,1
2023-10-13 17:00:00,1927.127,1928.914,1926.808,1927.7,1416.0,200.0,0.0,0.0,0,0,1,bullish,4,inverted_hammer,0,0,1,1,0,1,0,0,0,2,0,2,2,2,3.634428571428544,17,4,1,1,A+,0.0030074092574092,2.1059999999999945,3.695112244897928,1,0.706625566633241,1
2023-10-13 17:15:00,1927.67,1928.866,1927.309,1927.867,1322.0,200.0,0.0,0.0,0,0,1,bullish,5,doji,0,0,1,1,0,1,0,0,0,2,0,2,2,2,3.2730714285714027,17,4,1,1,A+,8.663173730338869e-05,1.5570000000000164,3.7840816326530295,0,0.5891412108085925,1
2023-10-13 17:30:00,1927.834,1928.52,1926.804,1927.785,1158.0,200.0,0.0,0.0,0,0,1,bullish,5,doji,0,0,1,1,0,1,0,0,0,2,0,2,2,2,2.9490714285713984,17,4,1,1,A+,-4.253405447574021e-05,1.7159999999998945,3.8535612244897615,1,0.5475761904532106,1
2023-10-19 18:15:00,1974.427,1974.752,1970.62,1972.094,1559.0,200.0,0.0,0.0,0,0,1,bullish,2,bearish_engulfing,0,0,1,1,0,1,0,0,0,2,0,2,2,2,4.952071428571425,18,3,1,1,A+,-0.0003016187549076,4.132000000000062,3.24927040816324,1,0.6793924676333918,1
2023-10-19 18:30:00,1972.096,1973.602,1971.179,1972.297,1488.0,200.0,0.0,0.0,0,0,1,bullish,5,doji,0,0,1,1,0,1,0,0,0,2,0,2,2,2,4.802071428571431,18,3,1,1,A+,0.0001029362697722,2.423000000000002,3.426596938775487,1,0.6854824377210368,1
2023-10-19 18:45:00,1972.295,1974.342,1972.239,1973.102,1274.0,200.0,0.0,0.0,0,0,1,bullish,4,inverted_hammer,0,0,1,1,0,1,0,0,0,2,0,2,2,2,4.785000000000017,18,3,1,1,A+,0.0004081535387419,2.103000000000065,3.610933673469369,1,0.7031213653941207,1
2023-12-13 12:30:00,1981.422,1982.42,1981.105,1981.76,843.0,200.0,0.0,0.0,0,0,1,bullish,4,inverted_hammer,0,0,1,1,0,1,0,0,0,2,0,2,2,2,1.3519285714285971,12,2,1,1,A+,0.0001948143056282,1.3150000000000546,1.7737806122449284,1,0.5129224968308873,1
2023-12-27 18:15:00,2082.803,2083.917,2081.691,2081.768,1132.0,200.0,0.0,0.0,0,0,1,bullish,2,bearish_engulfing,0,0,1,1,0,1,0,0,0,2,0,2,2,2,2.9035714285714675,18,2,1,1,A+,0.0001287533029066,2.2260000000001128,2.40381632653065,0,0.5545569856016401,1
2024-01-11 09:15:00,2031.808,2032.229,2030.739,2030.796,907.0,200.0,0.0,0.0,0,0,1,bullish,2,bearish_engulfing,0,0,1,1,0,1,0,0,0,2,0,2,2,2,1.7718571428571457,9,3,1,1,A+,-0.0004961108453375,1.490000000000009,1.5749846938775516,1,0.6602805095849454,1
2024-01-18 20:00:00,2019.739,2020.783,2019.739,2020.48,929.0,200.0,0.0,0.0,0,0,1,bullish,1,bullish_engulfing,0,0,1,1,0,1,0,0,0,2,0,2,2,2,1.8668571428571568,20,3,1,1,A+,0.0003237902670825,1.043999999999869,2.531224489795917,1,0.5141873860782737,1
2024-01-18 21:15:00,2022.655,2022.964,2022.298,2022.698,474.0,200.0,0.0,0.0,0,0,1,bullish,5,doji,0,0,1,1,0,1,0,0,0,2,0,2,2,2,1.6408571428571577,21,3,1,1,A+,0.000240330885189,0.66599999999994,2.290367346938783,1,0.6559356191188405,1
2024-01-19 10:45:00,2029.854,2030.943,2029.55,2030.318,781.0,200.0,0.0,0.0,0,0,1,bullish,4,inverted_hammer,0,0,1,1,0,1,0,0,0,2,0,2,2,2,1.6833571428571272,10,4,1,1,A+,0.0003798877286409,1.393000000000029,1.4948826530612178,1,0.6004591567596183,1
2024-02-28 23:15:00,2034.683,2035.023,2034.508,2034.541,300.0,600.0,0.0,0.0,0,0,1,bullish,6,shooting_star,0,0,1,1,0,1,0,0,0,2,0,2,2,2,1.034142857142813,23,2,1,1,A+,0.0003422089687266,0.5149999999998727,1.402408163265303,1,0.6755283977095246,1
2024-02-28 23:45:00,2034.884,2035.024,2034.3,2034.303,366.0,599.0,0.0,0.0,0,0,1,bullish,2,bearish_engulfing,0,0,1,1,0,1,0,0,0,2,0,2,2,2,0.9815714285713772,23,2,1,1,A+,-0.0001169797020555,0.7239999999999327,1.3123163265306048,1,0.7340365575805362,1
2024-03-20 20:45:00,2185.778,2186.084,2185.345,2185.934,628.0,200.0,0.0,0.0,0,0,1,bullish,1,bullish_engulfing,0,0,1,1,0,1,0,0,0,2,0,2,2,2,6.071214285714242,20,2,1,1,A+,7.777056494129297e-06,0.7390000000000327,4.087204081632643,1,0.6654841590872569,1
2024-03-20 22:15:00,2192.77,2211.005,2192.477,2207.515,514.0,899.0,2211.005,0.0,↑,0,1,bullish,0,none,1,1,0,0,0,1,0,0,0,2,0,2,2,2,7.607857142857126,22,2,1,1,A+,0.0098726677017695,18.528000000000247,4.401096938775497,0,0.6225134488111068,1
2024-04-03 17:45:00,2291.76,2295.569,2291.51,2294.985,1301.0,200.0,0.0,0.0,0,0,1,bullish,1,bullish_engulfing,0,0,1,1,0,1,0,0,0,2,0,2,2,2,5.058214285714159,17,2,1,1,A+,0.0037995921791473,4.058999999999742,3.937571428571416,1,0.5876577761487651,1
2024-04-03 18:45:00,2297.071,2297.89,2295.793,2296.39,1075.0,200.0,0.0,0.0,0,0,1,bullish,6,shooting_star,0,0,1,1,0,1,0,0,0,2,0,2,2,2,4.069142857142749,18,2,1,1,A+,0.0006122044370659,2.0969999999997526,3.963193877551,1,0.6004716468759015,1
2024-04-05 15:30:00,2324.599,2328.448,2321.521,2325.637,3718.0,199.0,0.0,0.0,0,0,1,bullish,5,doji,0,0,1,1,0,1,0,0,0,2,0,2,2,2,8.705499999999931,15,4,1,1,A+,0.0014020094032807,6.92699999999968,4.788239795918362,1,0.6877261154587744,1
2024-04-05 16:30:00,2325.13,2326.833,2324.328,2326.79,1702.0,200.0,0.0,0.0,0,0,1,bullish,7,morning_star,0,0,1,1,0,1,0,0,0,2,0,2,2,2,7.338928571428531,16,4,1,1,A+,0.0004957781459444,2.505000000000109,5.054704081632647,1,0.908485926142575,1
2024-04-10 08:30:00,2354.281,2355.856,2353.837,2353.883,1273.0,200.0,0.0,0.0,0,0,1,bullish,6,shooting_star,0,0,1,1,0,1,0,0,0,2,0,2,2,2,2.85571428571432,8,2,1,1,A+,-0.0001724512156325,2.019000000000233,2.635698979591854,1,0.5768430989963911,1
2024-04-11 20:00:00,2372.824,2374.649,2372.232,2372.825,1511.0,200.0,0.0,0.0,0,0,1,bullish,5,doji,0,0,1,1,0,1,0,0,0,2,0,2,2,2,4.127357142857136,20,3,1,1,A+,3.413769037008407e-05,2.4169999999999163,4.629948979591829,1,0.6633667582903133,1
2024-04-11 22:00:00,2371.543,2377.038,2371.268,2376.433,743.0,600.0,0.0,2371.268,0,0,1,bullish,0,none,1,0,0,1,0,1,0,0,0,2,0,2,2,2,4.123857142857203,22,3,1,1,A+,0.0005999979789541,5.769999999999982,4.426709183673464,0,0.5537294685354615,1
2024-05-01 11:45:00,2294.638,2294.962,2293.408,2294.54,1049.0,200.0,0.0,0.0,0,0,1,bullish,5,doji,0,0,1,1,0,1,0,0,0,2,0,2,2,2,2.64050000000004,11,2,1,1,A+,-4.663026600604248e-05,1.554000000000087,2.364280612244916,1,0.5283255277932813,1
2024-05-09 22:00:00,2346.036,2347.32,2345.635,2346.032,442.0,600.0,0.0,0.0,0,0,1,bullish,5,doji,0,0,1,1,0,1,0,0,0,2,0,2,2,2,2.5862142857143096,22,3,1,1,A+,0.0007503392309684,1.6849999999999454,3.4073877551020595,1,0.6251122366744091,1
2024-05-09 22:45:00,2345.617,2346.683,2345.61,2346.032,395.0,600.0,0.0,0.0,0,0,1,bullish,4,inverted_hammer,0,0,1,1,0,1,0,0,0,2,0,2,2,2,2.457357142857193,22,3,1,1,A+,0.0,1.0729999999998654,3.132882653061241,1,0.5896198572118596,1
2024-05-10 08:15:00,2367.485,2369.242,2367.347,2367.994,1324.0,200.0,0.0,0.0,0,0,1,bullish,4,inverted_hammer,0,0,1,1,0,1,0,0,0,2,0,2,2,2,3.30649999999998,8,4,1,1,A+,0.0005467528626359,1.8949999999999816,2.787122448979608,1,0.6561093149247461,1
2024-06-06 09:15:00,2362.935,2363.382,2360.485,2360.533,988.0,200.0,0.0,0.0,0,0,1,bullish,8,evening_star,0,0,1,1,0,1,0,0,0,2,0,2,2,2,2.287285714285742,9,3,1,1,A+,-0.0004044060355166,2.8969999999999345,2.661372448979628,1,0.6153894470382959,1
2024-06-27 16:00:00,2327.401,2328.28,2326.737,2327.615,1603.0,200.0,0.0,0.0,0,0,1,bullish,5,doji,0,0,1,1,0,1,0,0,0,2,0,2,2,2,4.236142857142828,16,3,1,1,A+,7.690866687615205e-05,1.54300000000012,3.235760204081634,0,0.58410222570076,1
2024-07-22 22:00:00,2397.067,2397.987,2396.796,2397.051,454.0,180.0,0.0,0.0,0,0,1,bullish,5,doji,0,0,1,1,0,1,0,0,0,2,0,2,2,2,1.537214285714299,22,0,0,0,A+,-0.0002923571745535,1.1910000000002583,3.203877551020448,0,0.5177231932286231,1
2024-08-12 16:45:00,2463.195,2464.952,2462.646,2463.161,1481.0,169.0,0.0,0.0,0,0,1,bullish,5,doji,0,0,1,1,0,1,0,0,0,2,0,2,2,2,5.054071428571466,16,0,1,1,A+,-1.5021122946601295e-05,2.30600000000004,3.6102244897959386,1,0.6845033101560238,1
2024-08-12 17:00:00,2463.116,2465.118,2462.581,2464.057,1559.0,169.0,0.0,0.0,0,0,1,bullish,1,bullish_engulfing,0,0,1,1,0,1,0,0,0,2,0,2,2,2,4.588928571428596,17,0,1,1,A+,0.000363760225174,2.536999999999807,3.783362244897981,0,0.577639979110428,1
2024-08-12 17:15:00,2464.086,2464.962,2461.763,2464.255,1759.0,169.0,0.0,0.0,0,0,1,bullish,5,doji,0,0,1,1,0,1,0,0,0,2,0,2,2,2,4.402571428571458,17,0,1,1,A+,8.035528398919745e-05,3.199000000000069,3.951239795918389,1,0.6591264551242731,1
2024-08-12 18:00:00,2467.15,2469.995,2466.344,2468.971,1507.0,169.0,0.0,0.0,0,0,1,bullish,7,morning_star,0,0,1,1,0,1,0,0,0,2,0,2,2,2,3.961285714285688,18,0,1,1,A+,0.0019137629831327,3.65099999999984,4.07859693877553,1,0.811997216830859,1
2024-08-12 19:00:00,2470.297,2471.404,2469.751,2470.192,1073.0,169.0,0.0,0.0,0,0,1,bullish,5,doji,0,0,1,1,0,1,0,0,0,2,0,2,2,2,3.0054999999998864,19,0,1,1,A+,0.0004945380079393,1.6529999999997926,4.134933673469398,1,0.5975996126160187,1
2024-08-12 20:45:00,2471.638,2473.189,2470.938,2472.391,668.0,169.0,0.0,0.0,0,0,1,bullish,7,morning_star,0,0,1,1,0,1,0,0,0,2,0,2,2,2,2.0015714285712614,20,0,1,1,A+,0.0003439149906878,2.250999999999749,3.940551020408137,1,0.6229774500011857,1
2024-08-12 22:30:00,2472.386,2473.881,2472.386,2472.935,734.0,169.0,0.0,0.0,0,0,1,bullish,4,inverted_hammer,0,0,1,1,0,1,0,0,0,2,0,2,2,2,1.7098571428570202,22,0,1,1,A+,0.0002200299224515,1.4949999999998909,3.7856836734693537,1,0.6120495999608588,1
2024-08-12 23:15:00,2473.83,2475.083,2473.497,2474.06,726.0,169.0,0.0,0.0,0,0,1,bullish,5,doji,0,0,1,1,0,1,0,0,0,2,0,2,2,2,1.6111428571428277,23,0,1,1,A+,9.33775131586323e-05,1.58600000000024,3.4064489795917963,1,0.5694998625006485,1
2024-08-14 16:00:00,2443.972,2445.485,2443.466,2444.12,2234.0,169.0,0.0,0.0,0,0,1,bullish,5,doji,0,0,1,1,0,1,0,0,0,2,0,2,2,2,6.326285714285697,16,2,0,0,A+,-0.0025087061940596,2.019000000000233,3.878693877551023,0,0.6902364952610082,1
2024-08-16 19:30:00,2505.261,2505.796,2503.557,2504.935,1105.0,169.0,0.0,0.0,0,0,1,bullish,5,doji,0,0,1,1,0,1,0,0,0,2,0,2,2,2,3.481214285714292,19,4,1,1,A+,0.0006519386586443,2.2390000000000327,4.304387755102051,1,0.5775594824460285,1
2024-08-16 20:30:00,2507.298,2508.791,2505.539,2507.648,913.0,169.0,0.0,0.0,0,0,1,bullish,5,doji,0,0,1,1,0,1,0,0,0,2,0,2,2,2,3.44878571428574,20,4,1,1,A+,0.0010830620355419,3.2519999999999527,4.330250000000013,1,0.6876689073580563,1
2024-08-16 20:45:00,2507.649,2509.081,2506.287,2507.82,1025.0,169.0,0.0,0.0,0,0,1,bullish,5,doji,0,0,1,1,0,1,0,0,0,2,0,2,2,2,3.227285714285764,20,4,1,1,A+,6.859016895521819e-05,2.794000000000324,4.339239795918384,0,0.6439224055294767,1
2024-08-27 22:15:00,2525.38,2525.58,2524.823,2525.399,461.0,160.0,0.0,0.0,0,0,1,bullish,5,doji,0,0,1,1,0,1,0,0,0,2,0,2,2,2,1.6280714285714046,22,1,1,1,A+,0.0003255991003641,0.7570000000000618,3.3154387755102066,1,0.5177245229150488,1
2024-08-27 22:45:00,2525.672,2525.92,2525.114,2525.623,460.0,160.0,0.0,0.0,0,0,1,bullish,5,doji,0,0,1,1,0,1,0,0,0,2,0,2,2,2,1.3380714285714086,22,1,1,1,A+,8.869885511164632e-05,0.80600000000004,3.1024897959183684,1,0.513375190795404,1
2024-09-12 23:00:00,2557.452,2558.487,2557.202,2557.321,709.0,160.0,0.0,0.0,0,0,1,bullish,6,shooting_star,0,0,1,1,0,1,0,0,0,2,0,2,2,2,1.96664285714285,23,3,1,1,A+,-3.988389875275722e-05,1.2849999999998545,4.827076530612243,1,0.5385539220011658,1
2024-09-19 08:30:00,2582.224,2583.58,2582.057,2583.43,1559.0,160.0,0.0,0.0,0,0,1,bullish,1,bullish_engulfing,0,0,1,1,0,1,0,0,0,2,0,2,2,2,3.3933571428571474,8,3,1,1,A+,-0.0003536680875302,1.5230000000001382,2.999959183673461,1,0.5310384300269657,1
2024-09-19 08:45:00,2583.426,2586.611,2582.446,2584.868,1969.0,160.0,0.0,0.0,0,0,1,bullish,4,inverted_hammer,0,0,1,1,0,1,0,0,0,2,0,2,2,2,3.50564285714287,8,3,1,1,A+,0.000556624332767,4.164999999999964,3.0233826530612182,1,0.6778294226111341,1
2024-09-24 17:45:00,2651.324,2654.566,2651.13,2653.975,1482.0,160.0,0.0,0.0,0,0,1,bullish,1,bullish_engulfing,0,0,1,1,0,1,0,0,0,2,0,2,2,2,4.774428571428579,17,1,1,1,A+,0.0009810007943051,3.4359999999996944,4.686474489795957,1,0.5312016463367769,1
2024-09-26 19:15:00,2677.09,2677.378,2674.165,2674.77,1335.0,159.0,0.0,0.0,0,0,1,bullish,2,bearish_engulfing,0,0,1,1,0,1,0,0,0,2,0,2,2,2,3.50764285714292,19,3,1,1,A+,-0.0005350866638618,3.213000000000193,6.021403061224502,0,0.5135444173599137,1
2024-10-24 08:45:00,2736.948,2737.894,2735.252,2736.807,1590.0,160.0,0.0,0.0,0,0,1,bullish,5,doji,0,0,1,1,0,1,0,0,0,2,0,2,2,2,2.8024285714285986,8,3,1,1,A+,-4.969047583391895e-05,2.6419999999998254,2.448265306122445,1,0.5798575995713681,1
2024-11-18 15:45:00,2610.701,2613.346,2609.388,2612.936,2429.0,159.0,0.0,0.0,0,0,1,bullish,7,morning_star,0,0,1,1,0,1,0,0,0,2,0,2,2,2,4.41571428571433,15,0,1,1,A+,0.0008652927957,3.958000000000084,3.928428571428612,0,0.6491421637981604,1
2024-12-09 20:30:00,2657.726,2658.92,2657.357,2657.971,1252.0,160.0,0.0,0.0,0,0,1,bullish,5,doji,0,0,1,1,0,1,0,0,0,2,0,2,2,2,2.173928571428568,20,0,1,1,A+,-0.0004369845359369,1.563000000000102,3.834561224489764,1,0.5254750001210817,1
2025-01-16 16:45:00,2719.872,2722.386,2718.981,2720.339,3325.0,159.0,0.0,0.0,0,0,1,bullish,5,doji,0,0,1,1,0,1,0,0,0,2,0,2,2,2,4.406999999999958,16,3,1,1,A+,0.0006400355477214,3.4049999999997453,3.7526632653061127,0,0.5687286618639074,1
2025-01-23 18:45:00,2755.884,2756.36,2755.022,2755.792,1859.0,160.0,0.0,0.0,0,0,1,bullish,5,doji,0,0,1,1,0,1,0,0,0,2,0,2,2,2,3.351714285714284,18,3,1,1,A+,-0.0002412517227731,1.3380000000001928,4.06730102040813,1,0.6479764301636072,1
2025-01-27 16:15:00,2740.881,2741.834,2738.162,2741.036,3979.0,159.0,0.0,0.0,0,0,1,bullish,5,doji,0,0,1,1,0,1,0,0,0,2,0,2,2,2,5.658357142857085,16,0,0,0,A+,7.078116870662399e-05,3.6720000000000255,4.676127551020402,1,0.6186263876701971,1
2025-01-27 16:30:00,2741.093,2743.136,2739.229,2739.537,3650.0,159.0,0.0,0.0,0,0,1,bullish,2,bearish_engulfing,0,0,1,1,0,1,0,0,0,2,0,2,2,2,5.608857142857103,16,0,0,0,A+,-0.0005468735178962,3.907000000000153,4.783091836734684,0,0.5811942866223435,1
2025-01-28 15:45:00,2756.572,2757.204,2754.907,2755.33,2400.0,159.0,0.0,0.0,0,0,1,bullish,2,bearish_engulfing,0,0,1,1,0,1,0,0,0,2,0,2,2,2,2.7453571428571064,15,1,1,1,A+,-0.0004425822132739,2.297000000000025,2.4760255102040394,1,0.5324607788430658,1
2025-01-28 16:30:00,2757.428,2758.354,2755.222,2757.355,3209.0,159.0,0.0,0.0,0,0,1,bullish,5,doji,0,0,1,1,0,1,0,0,0,2,0,2,2,2,2.909428571428504,16,1,1,1,A+,0.000734939190587,3.131999999999607,2.4866632653060763,1,0.6282162453658112,1
2025-01-28 16:45:00,2757.356,2759.673,2757.314,2758.669,2868.0,159.0,0.0,0.0,0,0,1,bullish,7,morning_star,0,0,1,1,0,1,0,0,0,2,0,2,2,2,2.957428571428506,16,1,1,1,A+,0.0004765436441807,2.358999999999924,2.507382653061176,0,0.531640448613192,1
2025-01-28 17:00:00,2758.644,2759.311,2757.668,2758.716,2464.0,159.0,0.0,0.0,0,0,1,bullish,5,doji,0,0,1,1,0,1,0,0,0,2,0,2,2,2,2.855071428571364,17,1,1,1,A+,1.70372016359277e-05,1.643000000000029,2.517994897959132,1,0.6298795264513539,1
2025-01-28 18:30:00,2759.731,2763.118,2759.619,2762.608,2085.0,159.0,0.0,0.0,0,0,1,bullish,1,bullish_engulfing,0,0,1,1,0,1,0,0,0,2,0,2,2,2,2.2584999999999127,18,1,1,1,A+,0.0007726931053533,3.4989999999997963,2.531168367346885,1,0.5218088897277736,1
2025-01-28 18:45:00,2762.645,2763.525,2762.059,2762.194,1829.0,160.0,0.0,0.0,0,0,1,bullish,6,shooting_star,0,0,1,1,0,1,0,0,0,2,0,2,2,2,2.1813571428570606,18,1,1,1,A+,-0.0001498583946764,1.4659999999998945,2.540326530612187,1,0.5492907669350213,1
2025-01-28 21:45:00,2763.703,2763.853,2763.103,2763.601,562.0,160.0,0.0,0.0,0,0,1,bullish,5,doji,0,0,1,1,0,1,0,0,0,2,0,2,2,2,1.6976428571428122,21,1,1,1,A+,-0.0004437889083876,0.75,2.416566326530545,1,0.7588278631871249,1
2025-01-28 23:45:00,2763.694,2763.722,2762.633,2762.702,503.0,160.0,0.0,0.0,0,0,1,bullish,2,bearish_engulfing,0,0,1,1,0,1,0,0,0,2,0,2,2,2,1.3242857142856792,23,1,1,1,A+,-0.0003520674464254,1.0890000000003963,2.1389642857142164,1,0.6479765620192021,1
2025-02-07 00:00:00,2857.994,2859.505,2857.994,2859.041,650.0,160.0,0.0,0.0,0,0,1,bullish,1,bullish_engulfing,0,0,1,1,0,1,0,0,0,2,0,2,2,2,1.881500000000025,0,4,0,0,A+,0.0003642407277817,1.5109999999999673,3.0371989795918704,1,0.6119187676390223,1
2025-04-04 15:15:00,3043.961,3044.56,3023.788,3026.493,11403.0,159.0,0.0,0.0,0,0,1,bullish,2,bearish_engulfing,0,0,1,1,0,0,0,0,0,2,0,2,2,2,17.934714285714335,15,4,0,0,A+,-0.0053317496605006,20.77199999999993,13.494683673469403,1,0.6253371308915913,1
2025-04-07 16:00:00,2987.526,2987.863,2977.107,2979.941,7630.0,159.0,0.0,0.0,0,0,1,bullish,8,evening_star,0,0,1,1,0,1,0,0,0,2,0,2,2,2,15.615000000000109,16,0,0,0,A+,-0.0016663791096229,10.755999999999858,10.97005612244895,1,0.519914936621463,1
2025-04-07 16:30:00,2977.814,2984.784,2975.054,2975.274,5575.0,159.0,0.0,0.0,0,0,1,bullish,6,shooting_star,0,0,1,1,0,1,0,0,0,2,0,2,2,2,15.387214285714403,16,0,0,0,A+,-0.0015661383899882,9.730000000000018,11.327239795918356,0,0.5643541722247971,1
2025-04-28 17:30:00,3336.912,3340.193,3336.883,3337.45,2341.0,159.0,0.0,0.0,0,0,1,bullish,1,bullish_engulfing,0,0,1,1,0,1,0,0,0,2,0,2,2,2,8.35185714285717,17,0,1,1,A+,0.0002679409546848,3.3100000000004,7.146607142857111,1,0.8713679236542596,1
2025-04-28 18:00:00,3335.273,3339.457,3333.902,3338.096,1745.0,160.0,0.0,0.0,0,0,1,bullish,1,bullish_engulfing,0,0,1,1,0,1,0,0,0,2,0,2,2,2,6.439928571428579,18,0,1,1,A+,0.0001935609522241,5.554999999999836,7.231040816326503,1,0.7598036426960731,1
2025-04-30 10:30:00,3277.555,3280.844,3275.033,3276.679,1955.0,160.0,0.0,0.0,0,0,1,bullish,5,doji,0,0,1,1,0,1,0,0,0,2,0,2,2,2,7.558428571428586,10,2,0,0,A+,-0.000276728055343,5.811000000000149,5.829086734693878,1,0.9180689422611916,1
2025-05-19 11:30:00,3241.48,3246.667,3241.198,3245.903,1911.0,160.0,0.0,0.0,0,0,1,bullish,1,bullish_engulfing,0,0,1,1,0,1,0,0,0,2,0,2,2,2,5.511285714285642,11,0,1,1,A+,0.0013116772903682,5.469000000000051,6.238357142857104,0,0.5887449518929819,1
2025-05-26 17:45:00,3341.295,3341.842,3340.892,3341.184,618.0,160.0,0.0,0.0,0,0,1,bullish,5,doji,0,0,1,1,0,1,0,0,0,2,0,2,2,2,2.328214285714272,17,0,1,1,A+,-2.9330059539978137e-05,0.9500000000002728,3.621862244897888,1,0.6903473116037803,1
2025-07-01 09:00:00,3339.555,3340.268,3338.174,3340.268,1509.0,160.0,0.0,0.0,0,0,1,bullish,3,hammer,0,0,1,1,0,1,0,0,0,2,0,2,2,2,4.133428571428534,9,1,1,1,A+,0.0001769632212935,2.094000000000051,3.532270408163229,1,0.639710862701146,1
2025-07-01 10:00:00,3345.786,3348.323,3344.386,3347.444,1969.0,160.0,0.0,0.0,0,0,1,bullish,1,bullish_engulfing,0,0,1,1,0,1,0,0,0,2,0,2,2,2,4.06364285714283,10,1,1,1,A+,0.0004518920288876,3.936999999999898,3.684612244897937,1,0.5754533109300631,1
2025-07-01 10:15:00,3347.396,3348.656,3346.489,3346.779,1605.0,160.0,0.0,0.0,0,0,1,bullish,6,shooting_star,0,0,1,1,0,1,0,0,0,2,0,2,2,2,3.938857142857095,10,1,1,1,A+,-0.0001986590365663,2.1669999999999163,3.7250051020407935,0,0.5542386990299183,1
2025-07-01 10:30:00,3346.781,3347.763,3345.242,3347.658,1448.0,160.0,0.0,0.0,0,0,1,bullish,3,hammer,0,0,1,1,0,1,0,0,0,2,0,2,2,2,3.645714285714218,10,1,1,1,A+,0.0002626405866654,2.520999999999731,3.744637755102013,1,0.527670189413146,1
2025-07-07 17:45:00,3333.626,3333.978,3331.897,3332.018,1538.0,160.0,0.0,0.0,0,0,1,bullish,2,bearish_engulfing,0,0,1,1,0,1,0,0,0,2,0,2,2,2,3.607142857142825,17,0,1,1,A+,0.0002500611644205,2.081000000000131,4.821540816326542,1,0.5928029490054644,1
2025-07-11 04:15:00,3334.936,3335.084,3331.555,3331.664,1128.0,160.0,0.0,0.0,0,0,1,bullish,8,evening_star,0,0,1,1,0,1,0,0,0,2,0,2,2,2,3.13314285714286,4,4,1,1,A+,-0.0006302183867188,3.5289999999999964,2.9893418367346807,1,0.6758953818028542,1
2025-07-17 18:00:00,3337.445,3337.911,3335.782,3336.792,1216.0,160.0,0.0,0.0,0,0,1,bullish,2,bearish_engulfing,0,0,1,1,0,1,0,0,0,2,0,2,2,2,3.058999999999904,18,3,1,1,A+,-1.0489006472380602e-05,2.1289999999999054,4.476826530612262,1,0.6859619412829241,1
2025-07-18 11:15:00,3352.918,3353.791,3352.307,3353.016,1249.0,160.0,0.0,0.0,0,0,1,bullish,5,doji,0,0,1,1,0,1,0,0,0,2,0,2,2,2,3.0129285714286715,11,4,1,1,A+,0.000497411639313,1.4840000000003783,3.376061224489806,1,0.7015922759901063,1
