datetime,open,high,low,close,volume,swing_high,swing_low,bos,choch,bias,pattern_code,candle_pattern,num_confs,score,conf_structure,conf_bos_or_choch,conf_psych_level,conf_sr_zone,conf_fib_zone,conf_candle,bias_bull,hour,dow,atr_x,prob_win,rl_action,atr_y
2025-06-20 07:00:00+00:00,3345.261,3355.308,3343.382,3347.691,9578,,,,,bullish,4.0,inverted_hammer,1.0,1.0,0,0,0,0,0,1,0.0,7.0,4.0,11.92599999999993,0.999998137207024,BUY,11.92599999999993
2025-06-20 08:00:00+00:00,3347.657,3352.527,3346.681,3351.026,7672,,,,,bullish,0.0,none,0.0,0.0,0,0,0,0,0,0,0.0,8.0,4.0,8.885999999999967,1.6442248771458188e-06,HOLD,8.885999999999967
2025-06-20 09:00:00+00:00,3350.977,3359.236,3349.177,3355.228,7749,3359.236,,,,bullish,0.0,none,2.0,2.0,1,0,0,0,1,0,0.0,9.0,4.0,9.276999999999893,4.1911103123503e-07,HOLD,9.276999999999893
2025-06-20 10:00:00+00:00,3355.262,3357.932,3354.92,3355.43,5487,3357.932,,,,bullish,5.0,doji,3.0,3.0,1,0,0,0,1,1,0.0,10.0,4.0,7.710749999999848,7.061107777775255e-07,HOLD,7.710749999999848
2025-06-20 11:00:00+00:00,3355.429,3356.048,3346.537,3347.051,9671,,,,,bullish,0.0,none,0.0,0.0,0,0,0,0,0,0,0.0,11.0,4.0,8.070799999999872,1.6210325584729146e-06,HOLD,8.070799999999872
2025-06-20 12:00:00+00:00,3347.094,3350.723,3341.887,3344.444,13496,,3341.887,,,bullish,0.0,none,1.0,1.0,1,0,0,0,0,0,0.0,12.0,4.0,8.19833333333319,0.9999982687041833,BUY,8.19833333333319
2025-06-20 13:00:00+00:00,3344.563,3373.885,3342.988,3370.277,17644,3373.885,3342.988,bos ↑,,bullish,0.0,none,3.0,3.0,1,1,0,0,1,0,0.0,13.0,4.0,11.440999999999931,5.353969851032038e-07,HOLD,11.440999999999933
2025-06-20 14:00:00+00:00,3370.365,3374.477,3365.196,3369.235,14888,3374.477,,bos ↑,,bullish,0.0,none,4.0,4.0,1,1,0,1,1,0,0.0,14.0,4.0,11.170999999999935,5.867026888643621e-07,HOLD,11.170999999999935
2025-06-20 15:00:00+00:00,3369.278,3371.729,3365.835,3369.856,8376,,,,,bullish,5.0,doji,3.0,3.0,0,0,0,1,1,1,0.0,15.0,4.0,10.584666666666584,6.890451057711164e-07,HOLD,10.584666666666585
2025-06-20 16:00:00+00:00,3369.786,3373.365,3367.784,3371.518,6240,,,,,bullish,0.0,none,1.0,1.0,0,0,0,0,1,0,0.0,16.0,4.0,10.084299999999894,0.9999984372480942,BUY,10.084299999999894
2025-06-20 17:00:00+00:00,3371.461,3371.806,3366.605,3367.356,5530,3371.806,,,,bullish,0.0,none,3.0,3.0,1,0,0,1,1,0,0.0,17.0,4.0,9.640363636363542,5.353969830932952e-07,HOLD,9.640363636363542
2025-06-20 18:00:00+00:00,3367.4,3367.974,3364.606,3366.72,4875,,3364.606,,,bullish,0.0,none,2.0,2.0,1,0,0,0,1,0,0.0,18.0,4.0,9.117666666666574,4.195172957008792e-07,HOLD,9.117666666666574
2025-06-20 19:00:00+00:00,3366.748,3370.724,3364.853,3365.625,4825,,3364.853,,,bullish,0.0,none,2.0,2.0,1,0,0,0,1,0,0.0,19.0,4.0,8.867923076922999,4.195172957008628e-07,HOLD,8.867923076922999
2025-06-20 20:00:00+00:00,3365.578,3369.314,3364.69,3368.546,4112,,,,,bullish,1.0,bullish_engulfing,3.0,3.0,0,0,0,1,1,1,0.0,20.0,4.0,8.564785714285629,5.760095344535643e-07,HOLD,8.564785714285629
2025-06-22 22:00:00+00:00,3384.117,3388.96,3372.326,3379.137,16314,3388.96,,bos ↑,,bullish,0.0,none,3.0,3.0,1,1,0,0,1,0,0.0,22.0,6.0,9.171071428571365,5.353969830955987e-07,HOLD,9.171071428571363
2025-06-22 23:00:00+00:00,3379.143,3380.627,3371.197,3372.755,10011,3380.627,,,,bullish,0.0,none,3.0,3.0,1,0,0,1,1,0,0.0,23.0,6.0,9.42707142857135,5.353969830955778e-07,HOLD,9.42707142857135
2025-06-23 00:00:00+00:00,3372.776,3373.551,3358.349,3365.715,13785,,,,,bullish,0.0,none,2.0,2.0,0,0,0,1,1,0,0.0,0.0,0.0,9.794428571428496,3.8630462757935827e-07,HOLD,9.794428571428496
2025-06-23 01:00:00+00:00,3365.762,3368.135,3351.896,3355.307,16016,,3351.896,,choch ↓,bearish,0.0,none,3.0,3.0,1,1,0,0,1,0,0.0,1.0,0.0,10.739214285714231,4.5980299472294557e-07,HOLD,10.739214285714231
2025-06-23 02:00:00+00:00,3355.263,3364.935,3354.759,3361.564,8375,,3354.759,,,bearish,0.0,none,3.0,3.0,1,0,0,1,1,0,0.0,2.0,0.0,10.786714285714227,4.6909695282833887e-07,HOLD,10.786714285714229
2025-06-23 03:00:00+00:00,3361.511,3366.423,3360.365,3363.372,7276,,,,,bearish,0.0,none,2.0,2.0,0,0,0,1,1,0,0.0,3.0,0.0,10.588285714285671,3.863046275694926e-07,HOLD,10.588285714285673
2025-06-23 04:00:00+00:00,3363.385,3365.061,3356.759,3358.472,5295,3365.061,,,,bearish,2.0,bearish_engulfing,4.0,4.0,1,0,0,1,1,1,0.0,4.0,0.0,8.974357142857084,7.574599101474877e-07,HOLD,8.974357142857084
2025-06-23 05:00:00+00:00,3358.466,3360.673,3346.971,3356.776,9411,,3346.971,bos ↓,,bearish,0.0,none,4.0,4.0,1,1,0,1,1,0,0.0,5.0,0.0,9.290142857142785,6.908320465938696e-07,HOLD,9.290142857142785
2025-06-23 06:00:00+00:00,3356.887,3359.838,3352.644,3357.578,9173,,3352.644,,,bearish,5.0,doji,4.0,4.0,1,0,0,1,1,1,0.0,6.0,0.0,9.382999999999972,1.3915518436346645e-06,HOLD,9.382999999999972
2025-06-23 07:00:00+00:00,3357.6,3358.742,3351.609,3357.627,8206,,,,,bearish,5.0,doji,3.0,3.0,0,0,0,1,1,1,0.0,7.0,0.0,9.493857142857156,6.436810774631818e-07,HOLD,9.493857142857157
2025-06-23 08:00:00+00:00,3357.672,3362.371,3357.672,3361.845,7433,,,,,bearish,0.0,none,2.0,2.0,0,0,0,1,1,0,0.0,8.0,0.0,9.46121428571431,3.973417640662093e-07,HOLD,9.46121428571431
2025-06-23 09:00:00+00:00,3361.804,3368.98,3361.571,3366.542,8471,,,,,bearish,0.0,none,1.0,1.0,0,0,0,0,1,0,0.0,9.0,0.0,9.74985714285718,0.9999983772344737,BUY,9.749857142857179
2025-06-23 10:00:00+00:00,3366.614,3368.19,3363.979,3367.724,6319,,,,,bearish,3.0,hammer,2.0,2.0,0,0,0,0,1,1,0.0,10.0,0.0,9.63128571428576,4.882021749759093e-07,HOLD,9.631285714285761
2025-06-23 11:00:00+00:00,3367.83,3382.017,3367.83,3380.596,10413,,,,,bearish,0.0,none,1.0,1.0,0,0,0,0,1,0,0.0,11.0,0.0,10.321928571428607,0.9999983892038601,BUY,10.321928571428609
2025-06-23 12:00:00+00:00,3380.659,3381.012,3355.868,3360.462,13944,,3355.868,,,bearish,2.0,bearish_engulfing,4.0,4.0,1,0,0,1,1,1,0.0,12.0,0.0,10.659785714285752,1.0166455956525663e-06,HOLD,10.659785714285752
2025-06-23 13:00:00+00:00,3360.398,3387.813,3359.726,3380.59,19308,,3359.726,,,bearish,0.0,none,3.0,3.0,1,0,0,1,1,0,0.0,13.0,0.0,11.99242857142862,5.363796761333068e-07,HOLD,11.99242857142862
2025-06-23 14:00:00+00:00,3380.514,3386.728,3369.812,3386.366,20694,,,,,bearish,0.0,none,1.0,1.0,0,0,0,0,1,0,0.0,14.0,0.0,12.11485714285722,0.9999983931091612,BUY,12.11485714285722
2025-06-23 15:00:00+00:00,3386.402,3389.82,3384.496,3387.24,9761,,,,,bearish,4.0,inverted_hammer,2.0,2.0,0,0,0,0,1,1,0.0,15.0,0.0,11.335214285714368,4.844847934227012e-07,HOLD,11.335214285714367
2025-06-23 16:00:00+00:00,3387.238,3393.565,3380.473,3389.774,15019,3393.565,,,choch ↑,bullish,3.0,hammer,4.0,4.0,1,1,0,0,1,1,0.0,16.0,0.0,11.543500000000092,8.241484734285175e-07,HOLD,11.543500000000092
2025-06-23 17:00:00+00:00,3389.813,3391.543,3375.573,3382.526,16346,3391.543,3375.573,,,bullish,2.0,bearish_engulfing,4.0,4.0,1,0,0,1,1,1,0.0,17.0,0.0,12.25150000000011,8.108928802173319e-07,HOLD,12.25150000000011
2025-06-23 18:00:00+00:00,3382.553,3387.719,3376.81,3378.635,9793,,,,,bullish,0.0,none,1.0,1.0,0,0,0,0,1,0,0.0,18.0,0.0,12.437714285714394,0.9999983905506391,BUY,12.437714285714394
2025-06-23 19:00:00+00:00,3378.663,3382.142,3375.676,3376.362,7111,,,,,bullish,0.0,none,1.0,1.0,0,0,0,0,1,0,0.0,19.0,0.0,11.92085714285726,0.9999983905506391,BUY,11.92085714285726
2025-06-23 20:00:00+00:00,3376.32,3377.295,3367.24,3368.358,6078,,,,,bullish,0.0,none,1.0,1.0,0,0,0,0,1,0,0.0,20.0,0.0,12.125214285714394,0.9999983905506387,BUY,12.125214285714394
2025-06-23 22:00:00+00:00,3365.986,3366.026,3350.409,3355.464,12560,,,,,bullish,0.0,none,1.0,1.0,0,0,0,0,1,0,0.0,22.0,0.0,12.897785714285808,0.9999984360312346,BUY,12.897785714285808
2025-06-23 23:00:00+00:00,3355.435,3357.332,3341.446,3344.235,14138,,3341.446,,choch ↓,bearish,0.0,none,2.0,2.0,1,1,0,0,0,0,0.0,23.0,0.0,13.693642857142938,3.74693714430868e-07,HOLD,13.693642857142938
2025-06-24 00:00:00+00:00,3344.27,3355.22,3333.143,3351.064,16852,,3333.143,bos ↓,,bearish,0.0,none,3.0,3.0,1,1,0,1,0,0,0.0,0.0,1.0,14.7413571428572,4.830786762613981e-07,HOLD,14.7413571428572
2025-06-24 01:00:00+00:00,3351.054,3354.354,3342.201,3347.775,17530,,,,,bearish,0.0,none,1.0,1.0,0,0,0,1,0,0,0.0,1.0,1.0,15.308642857142884,0.9999979665424972,BUY,15.308642857142884
2025-06-24 02:00:00+00:00,3347.72,3352.948,3345.84,3351.894,9001,,,,,bearish,1.0,bullish_engulfing,3.0,3.0,0,0,0,1,1,1,0.0,2.0,1.0,14.795428571428602,4.954858420824185e-07,HOLD,14.795428571428602
2025-06-24 03:00:00+00:00,3351.901,3357.912,3351.509,3352.476,6539,3357.912,,,,bearish,5.0,doji,4.0,4.0,1,0,0,1,1,1,0.0,3.0,1.0,13.456785714285711,6.032226021766124e-07,HOLD,13.456785714285713
2025-06-24 04:00:00+00:00,3352.403,3353.443,3347.05,3348.605,6340,3353.443,,,,bearish,0.0,none,2.0,2.0,1,0,0,1,0,0,0.0,4.0,1.0,11.907214285714288,3.5776319097224197e-07,HOLD,11.907214285714288
2025-06-24 05:00:00+00:00,3348.534,3348.744,3326.581,3332.044,14215,,,,,bearish,0.0,none,0.0,0.0,0,0,0,0,0,0,0.0,5.0,1.0,12.281999999999991,1.0345557288913878e-06,HOLD,12.281999999999991
2025-06-24 06:00:00+00:00,3332.08,3333.123,3316.022,3322.736,18870,,3316.022,bos ↓,,bearish,0.0,none,2.0,2.0,1,1,0,0,0,0,0.0,6.0,1.0,13.12321428571428,3.6200007625097464e-07,HOLD,13.12321428571428
2025-06-24 07:00:00+00:00,3322.814,3331.762,3316.536,3329.645,17064,,3316.536,,,bearish,0.0,none,2.0,2.0,1,0,0,1,0,0,0.0,7.0,1.0,13.275642857142852,4.3414085816222135e-07,HOLD,13.275642857142852
2025-06-24 08:00:00+00:00,3329.658,3332.32,3324.631,3327.323,10474,,,,,bearish,0.0,none,1.0,1.0,0,0,0,1,0,0,0.0,8.0,1.0,12.684142857142856,0.9999980130081894,BUY,12.684142857142856
2025-06-24 09:00:00+00:00,3327.319,3328.795,3317.893,3318.526,9274,,,,,bearish,0.0,none,0.0,0.0,0,0,0,0,0,0,0.0,9.0,1.0,12.683642857142852,1.0733243288253162e-06,HOLD,12.683642857142852
2025-06-24 10:00:00+00:00,3318.575,3327.663,3318.537,3325.485,6769,,,,,bearish,0.0,none,1.0,1.0,0,0,0,1,0,0,0.0,10.0,1.0,12.874428571428584,0.9999980362676009,BUY,12.874428571428584
2025-06-24 11:00:00+00:00,3325.459,3328.955,3317.829,3321.214,9079,3328.955,,,,bearish,0.0,none,2.0,2.0,1,0,0,1,0,0,0.0,11.0,1.0,12.950928571428546,3.8204011977567196e-07,HOLD,12.950928571428546
2025-06-24 12:00:00+00:00,3321.181,3321.181,3304.515,3314.737,18962,,,,,bearish,0.0,none,0.0,0.0,0,0,0,0,0,0,0.0,12.0,1.0,12.861642857142831,1.1045269801422984e-06,HOLD,12.861642857142831
2025-06-24 13:00:00+00:00,3314.694,3317.953,3295.397,3301.966,26174,,3295.397,bos ↓,,bearish,0.0,none,2.0,2.0,1,1,0,0,0,0,0.0,13.0,1.0,13.338071428571409,4.4559188178099736e-07,HOLD,13.338071428571409
2025-06-24 14:00:00+00:00,3302.009,3310.281,3298.666,3304.591,18026,,3298.666,,,bearish,4.0,inverted_hammer,3.0,3.0,1,0,0,1,0,1,0.0,14.0,1.0,12.590785714285696,1.0548993746020692e-06,HOLD,12.590785714285696
2025-06-24 15:00:00+00:00,3304.573,3317.063,3299.787,3313.261,13503,,,,,bearish,0.0,none,1.0,1.0,0,0,0,1,0,0,0.0,15.0,1.0,12.956714285714302,0.9999982930931218,BUY,12.956714285714302
2025-06-24 16:00:00+00:00,3313.296,3320.489,3311.276,3318.424,7662,3320.489,,,,bearish,0.0,none,2.0,2.0,1,0,0,1,0,0,0.0,16.0,1.0,13.107071428571478,3.7913109794809636e-07,HOLD,13.107071428571478
2025-06-24 17:00:00+00:00,3318.449,3321.223,3317.835,3317.926,7295,,,,,bearish,0.0,none,1.0,1.0,0,0,0,1,0,0,0.0,17.0,1.0,12.891714285714343,0.9999979938768575,BUY,12.891714285714345
2025-06-24 18:00:00+00:00,3317.921,3319.03,3315.667,3317.118,5702,,,,,bearish,0.0,none,1.0,1.0,0,0,0,1,0,0,0.0,18.0,1.0,12.675285714285792,0.9999979938768575,BUY,12.675285714285792
2025-06-24 19:00:00+00:00,3317.155,3325.184,3316.056,3323.479,6514,3325.184,3316.056,,choch ↑,bullish,0.0,none,2.0,2.0,1,1,0,0,0,0,0.0,19.0,1.0,11.744214285714374,3.7913109794810107e-07,HOLD,11.744214285714374
2025-06-24 20:00:00+00:00,3323.526,3324.444,3321.597,3323.086,3773,,,,,bullish,0.0,none,1.0,1.0,0,0,0,1,0,0,0.0,20.0,1.0,10.72607142857149,0.9999979938768577,BUY,10.72607142857149
2025-06-24 22:00:00+00:00,3324.444,3324.444,3320.842,3321.641,3395,,,,,bullish,0.0,none,1.0,1.0,0,0,0,1,0,0,0.0,22.0,1.0,9.89578571428576,0.9999979938768577,BUY,9.89578571428576
2025-06-24 23:00:00+00:00,3321.679,3324.881,3321.602,3324.142,2971,,,,,bullish,0.0,none,0.0,0.0,0,0,0,0,0,0,0.0,23.0,1.0,9.580785714285737,1.065151576777122e-06,HOLD,9.580785714285737
2025-06-25 00:00:00+00:00,3324.139,3330.081,3323.627,3326.955,6705,,,,,bullish,0.0,none,0.0,0.0,0,0,0,0,0,0,0.0,0.0,2.0,9.26307142857146,1.0345557127948505e-06,HOLD,9.263071428571461
2025-06-25 01:00:00+00:00,3326.972,3334.86,3326.348,3334.572,8258,3334.86,,bos ↑,,bullish,0.0,none,2.0,2.0,1,1,0,0,0,0,0.0,1.0,2.0,9.218428571428603,4.0778572164485345e-07,HOLD,9.218428571428603
2025-06-25 02:00:00+00:00,3334.678,3335.209,3327.781,3329.444,6135,3335.209,,bos ↑,,bullish,0.0,none,3.0,3.0,1,1,0,1,0,0,0.0,2.0,2.0,8.954285714285756,5.553108981631075e-07,HOLD,8.954285714285756
2025-06-25 03:00:00+00:00,3329.445,3332.002,3327.162,3328.295,5295,,,,,bullish,0.0,none,1.0,1.0,0,0,0,1,0,0,0.0,3.0,2.0,8.107214285714333,0.9999979072127431,BUY,8.107214285714333
2025-06-25 04:00:00+00:00,3328.284,3329.235,3325.797,3327.509,3841,,3325.797,,,bullish,0.0,none,2.0,2.0,1,0,0,1,0,0,0.0,4.0,2.0,6.741642857142908,4.186040346670241e-07,HOLD,6.741642857142908
2025-06-25 05:00:00+00:00,3327.501,3333.742,3326.664,3331.625,5091,,3326.664,,,bullish,1.0,bullish_engulfing,3.0,3.0,1,0,0,1,0,1,0.0,5.0,2.0,6.4175714285714935,5.627730745621464e-07,HOLD,6.4175714285714935
2025-06-25 06:00:00+00:00,3331.609,3333.466,3329.047,3331.55,5974,3333.466,,,,bullish,5.0,doji,3.0,3.0,1,0,0,1,0,1,0.0,6.0,2.0,5.499214285714321,6.864647162671287e-07,HOLD,5.499214285714321
2025-06-25 07:00:00+00:00,3331.58,3337.096,3326.754,3330.631,8273,3337.096,,bos ↑,,bullish,5.0,doji,4.0,4.0,1,1,0,1,0,1,0.0,7.0,2.0,5.579857142857171,1.038330716055711e-06,HOLD,5.579857142857171
2025-06-25 08:00:00+00:00,3330.656,3332.414,3326.525,3327.223,7835,,,,,bullish,0.0,none,0.0,0.0,0,0,0,0,0,0,0.0,8.0,2.0,5.758500000000042,1.0387479897691214e-06,HOLD,5.758500000000042
2025-06-25 09:00:00+00:00,3327.251,3327.323,3321.397,3325.265,7266,,3321.397,,choch ↓,bearish,0.0,none,2.0,2.0,1,1,0,0,0,0,0.0,9.0,2.0,5.941571428571446,3.9999239996294627e-07,HOLD,5.941571428571446
2025-06-25 10:00:00+00:00,3325.292,3329.569,3324.127,3324.416,6366,,,,,bearish,0.0,none,0.0,0.0,0,0,0,0,0,0,0.0,10.0,2.0,5.678285714285721,1.0733243280796456e-06,HOLD,5.678285714285721
2025-06-25 11:00:00+00:00,3324.392,3329.523,3322.111,3322.682,7873,3329.523,,,,bearish,0.0,none,1.0,1.0,1,0,0,0,0,0,0.0,11.0,2.0,6.004357142857186,0.9999979739468048,BUY,6.004357142857186
2025-06-25 12:00:00+00:00,3322.66,3329.47,3318.164,3320.609,8662,,,,,bearish,0.0,none,0.0,0.0,0,0,0,0,0,0,0.0,12.0,2.0,6.5546428571428805,1.0651515671685432e-06,HOLD,6.5546428571428805
2025-06-25 13:00:00+00:00,3320.611,3321.621,3311.894,3314.539,12814,,3311.894,bos ↓,,bearish,0.0,none,2.0,2.0,1,1,0,0,0,0,0.0,13.0,2.0,7.015214285714332,3.931464215457189e-07,HOLD,7.015214285714332
2025-06-25 14:00:00+00:00,3314.44,3326.368,3312.238,3323.404,11155,,3312.238,,,bearish,1.0,bullish_engulfing,3.0,3.0,1,0,0,1,0,1,0.0,14.0,2.0,7.563500000000041,6.945728459590956e-07,HOLD,7.563500000000041
2025-06-25 15:00:00+00:00,3323.458,3327.215,3321.603,3325.627,7610,,,,,bearish,0.0,none,0.0,0.0,0,0,0,0,0,0,0.0,15.0,2.0,7.356357142857178,1.0578095894005407e-06,HOLD,7.356357142857178
2025-06-25 16:00:00+00:00,3325.665,3335.127,3324.154,3334.797,7722,3335.127,,,choch ↑,bullish,0.0,none,2.0,2.0,1,1,0,0,0,0,0.0,16.0,2.0,7.609571428571469,4.270834747429508e-07,HOLD,7.609571428571469
2025-06-25 17:00:00+00:00,3334.818,3335.418,3324.784,3328.017,8553,,,,,bullish,0.0,none,1.0,1.0,0,0,0,1,0,0,0.0,17.0,2.0,8.023428571428601,0.9999980728755024,BUY,8.023428571428601
2025-06-25 18:00:00+00:00,3328.015,3331.829,3326.18,3331.583,5450,,,,,bullish,0.0,none,1.0,1.0,0,0,0,1,0,0,0.0,18.0,2.0,8.181357142857191,0.9999980827475407,BUY,8.181357142857191
2025-06-25 19:00:00+00:00,3331.601,3336.068,3330.347,3333.706,5549,3336.068,,bos ↑,,bullish,0.0,none,3.0,3.0,1,1,0,1,0,0,0.0,19.0,2.0,8.08442857142862,6.862913751508198e-07,HOLD,8.08442857142862
2025-06-25 20:00:00+00:00,3333.745,3335.674,3331.379,3332.385,3864,,,,,bullish,0.0,none,1.0,1.0,0,0,0,1,0,0,0.0,20.0,2.0,8.075571428571493,0.9999980827475407,BUY,8.075571428571493
2025-06-25 22:00:00+00:00,3335.125,3335.589,3331.273,3333.211,4279,,,,,bullish,0.0,none,1.0,1.0,0,0,0,1,0,0,0.0,22.0,2.0,7.645142857142899,0.9999980741653338,BUY,7.6451428571429005
2025-06-25 23:00:00+00:00,3333.253,3340.194,3332.814,3339.028,5084,3340.194,,bos ↑,,bullish,0.0,none,2.0,2.0,1,1,0,0,0,0,0.0,23.0,2.0,7.751642857142899,4.333928130075875e-07,HOLD,7.751642857142899
2025-06-26 00:00:00+00:00,3338.987,3339.373,3332.103,3334.028,7385,,,,,bullish,0.0,none,1.0,1.0,0,0,0,1,0,0,0.0,0.0,3.0,7.847642857142903,0.9999981923480974,BUY,7.847642857142903
2025-06-26 01:00:00+00:00,3334.065,3336.775,3329.181,3330.222,9637,,3329.181,,,bullish,0.0,none,1.0,1.0,1,0,0,0,0,0,0.0,1.0,3.0,8.001357142857191,0.9999981778590203,BUY,8.001357142857191
2025-06-26 02:00:00+00:00,3330.183,3341.82,3329.249,3339.471,7034,3341.82,3329.249,bos ↑,,bullish,1.0,bullish_engulfing,3.0,3.0,1,1,0,0,0,1,0.0,2.0,3.0,8.3698571428572,5.584569786242222e-07,HOLD,8.3698571428572
2025-06-26 03:00:00+00:00,3339.481,3343.199,3336.399,3337.976,6016,3343.199,,bos ↑,,bullish,0.0,none,3.0,3.0,1,1,0,1,0,0,0.0,3.0,3.0,8.0480000000001,5.592447518882761e-07,HOLD,8.0480000000001
2025-06-26 04:00:00+00:00,3338.034,3338.155,3333.359,3333.983,4691,,,,,bullish,0.0,none,1.0,1.0,0,0,0,1,0,0,0.0,4.0,3.0,7.695785714285811,0.9999981923480974,BUY,7.695785714285811
2025-06-26 05:00:00+00:00,3333.965,3338.298,3332.421,3334.218,6317,,3332.421,,,bullish,5.0,doji,3.0,3.0,1,0,0,1,0,1,0.0,5.0,3.0,7.106285714285799,6.610461725037609e-07,HOLD,7.106285714285799
2025-06-26 06:00:00+00:00,3334.155,3340.367,3330.967,3339.785,8475,,3330.967,,choch ↓,bearish,0.0,none,2.0,2.0,1,1,0,0,0,0,0.0,6.0,3.0,7.3768571428572285,3.946934881555031e-07,HOLD,7.3768571428572285
2025-06-26 07:00:00+00:00,3339.755,3347.239,3339.662,3346.051,7458,,,,,bearish,0.0,none,0.0,0.0,0,0,0,0,0,0,0.0,7.0,3.0,7.134285714285819,1.585746612450954e-06,HOLD,7.134285714285819
2025-06-26 08:00:00+00:00,3346.066,3350.37,3344.471,3348.256,8149,3350.37,,,choch ↑,bullish,0.0,none,2.0,2.0,1,1,0,0,0,0,0.0,8.0,3.0,6.7960714285715245,3.815655723040578e-07,HOLD,6.7960714285715245
2025-06-26 09:00:00+00:00,3348.217,3348.792,3338.68,3340.533,9028,3348.792,,,,bullish,0.0,none,2.0,2.0,1,0,0,1,0,0,0.0,9.0,3.0,7.11485714285722,3.928738036011497e-07,HOLD,7.11485714285722
2025-06-26 10:00:00+00:00,3340.535,3343.481,3337.838,3343.253,5574,,,,,bullish,0.0,none,1.0,1.0,0,0,0,1,0,0,0.0,10.0,3.0,7.109285714285794,0.9999982687193314,BUY,7.109285714285794
2025-06-26 11:00:00+00:00,3343.258,3344.121,3331.499,3332.921,7908,,,,,bullish,2.0,bearish_engulfing,1.0,1.0,0,0,0,0,0,1,0.0,11.0,3.0,7.704071428571524,0.9999982374344425,BUY,7.704071428571524
2025-06-26 12:00:00+00:00,3332.88,3344.056,3321.614,3322.06,15643,3344.056,,,,bullish,0.0,none,1.0,1.0,1,0,0,0,0,0,0.0,12.0,3.0,8.998785714285825,0.9999981885250614,BUY,8.998785714285825
2025-06-26 13:00:00+00:00,3322.116,3328.7,3309.947,3319.925,28352,,3309.947,,choch ↓,bearish,0.0,none,2.0,2.0,1,1,0,0,0,0,0.0,13.0,3.0,9.811142857142938,3.9312315603332765e-07,HOLD,9.811142857142938
2025-06-26 14:00:00+00:00,3319.891,3323.898,3311.896,3318.411,16543,,3311.896,,,bearish,0.0,none,1.0,1.0,1,0,0,0,0,0,0.0,14.0,3.0,10.149142857142936,0.9999981885250612,BUY,10.149142857142936
2025-06-26 15:00:00+00:00,3318.453,3324.927,3318.453,3324.846,9300,,,,,bearish,0.0,none,1.0,1.0,0,0,0,1,0,0,0.0,15.0,3.0,10.072142857142936,0.999998186587965,BUY,10.072142857142937
2025-06-26 16:00:00+00:00,3324.808,3333.277,3323.729,3331.327,8092,,,,,bearish,0.0,none,1.0,1.0,0,0,0,1,0,0,0.0,16.0,3.0,9.856214285714357,0.9999982881007367,BUY,9.856214285714357
2025-06-26 17:00:00+00:00,3331.329,3336.45,3331.145,3332.718,7375,3336.45,,,,bearish,4.0,inverted_hammer,2.0,2.0,1,0,0,0,0,1,0.0,17.0,3.0,9.749428571428618,5.44842653281456e-07,HOLD,9.749428571428618
2025-06-26 18:00:00+00:00,3332.69,3334.914,3331.275,3334.127,5643,3334.914,,,,bearish,0.0,none,1.0,1.0,1,0,0,0,0,0,0.0,18.0,3.0,9.66678571428575,0.9999982594296217,BUY,9.66678571428575
2025-06-26 19:00:00+00:00,3334.155,3334.329,3328.265,3331.301,5616,,,,,bearish,2.0,bearish_engulfing,2.0,2.0,0,0,0,1,0,1,0.0,19.0,3.0,9.680142857142917,5.448426736906841e-07,HOLD,9.680142857142917
2025-06-26 20:00:00+00:00,3331.407,3332.327,3327.804,3328.248,3339,,,,,bearish,0.0,none,1.0,1.0,0,0,0,1,0,0,0.0,20.0,3.0,9.331785714285775,0.9999982792656268,BUY,9.331785714285777
2025-06-26 22:00:00+00:00,3325.601,3325.842,3318.774,3321.513,5047,,,,,bearish,0.0,none,0.0,0.0,0,0,0,0,0,0,0.0,22.0,3.0,9.467285714285774,1.1955883213592615e-06,HOLD,9.467285714285774
2025-06-26 23:00:00+00:00,3321.555,3323.729,3316.234,3318.758,5053,,,,,bearish,0.0,none,0.0,0.0,0,0,0,0,0,0,0.0,23.0,3.0,9.581285714285771,1.195588321359236e-06,HOLD,9.581285714285773
2025-06-27 00:00:00+00:00,3318.788,3319.983,3313.226,3318.862,7782,,,,,bearish,5.0,doji,2.0,2.0,0,0,0,1,0,1,0.0,0.0,4.0,9.341642857142917,4.4718373470592436e-07,HOLD,9.341642857142915
2025-06-27 01:00:00+00:00,3318.771,3322.068,3314.872,3316.427,9891,,,,,bearish,0.0,none,0.0,0.0,0,0,0,0,0,0,0.0,1.0,4.0,9.452571428571511,1.1955570550307403e-06,HOLD,9.452571428571511
2025-06-27 02:00:00+00:00,3316.498,3320.333,3308.511,3308.891,8921,3320.333,,,,bearish,0.0,none,1.0,1.0,1,0,0,0,0,0,0.0,2.0,4.0,9.39542857142864,0.9999983632693453,BUY,9.39542857142864
2025-06-27 03:00:00+00:00,3308.798,3310.923,3292.557,3294.318,11859,,,,,bearish,0.0,none,0.0,0.0,0,0,0,0,0,0,0.0,3.0,4.0,9.104285714285782,1.4051351727280382e-06,HOLD,9.104285714285782
2025-06-27 04:00:00+00:00,3294.364,3297.58,3291.048,3293.969,8580,,,,,bearish,5.0,doji,1.0,1.0,0,0,0,0,0,1,0.0,4.0,4.0,8.231357142857243,0.9999983015000552,BUY,8.231357142857243
2025-06-27 05:00:00+00:00,3294.008,3300.941,3289.262,3297.103,10500,,,,,bearish,0.0,none,1.0,1.0,0,0,0,1,0,0,0.0,5.0,4.0,8.208285714285791,0.9999983632693435,BUY,8.208285714285791
2025-06-27 06:00:00+00:00,3297.329,3299.92,3286.854,3294.888,13544,3299.92,,,,bearish,0.0,none,2.0,2.0,1,0,0,1,0,0,0.0,6.0,4.0,8.676142857142947,4.4115960454593154e-07,HOLD,8.676142857142947
2025-06-27 07:00:00+00:00,3294.934,3295.386,3283.394,3284.458,13135,,,,,bearish,0.0,none,0.0,0.0,0,0,0,0,0,0,0.0,7.0,4.0,8.850714285714373,1.3987374483062201e-06,HOLD,8.850714285714373
2025-06-27 08:00:00+00:00,3284.502,3291.132,3281.78,3289.427,11476,,,,,bearish,0.0,none,1.0,1.0,0,0,0,1,0,0,0.0,8.0,4.0,9.139785714285804,0.9999984131676063,BUY,9.139785714285804
2025-06-27 09:00:00+00:00,3289.327,3289.83,3282.072,3282.797,9837,,,,,bearish,0.0,none,0.0,0.0,0,0,0,0,0,0,0.0,9.0,4.0,9.434000000000069,1.419640827353428e-06,HOLD,9.434000000000067
2025-06-27 10:00:00+00:00,3282.819,3290.959,3279.692,3285.665,8381,,,,,bearish,0.0,none,1.0,1.0,0,0,0,1,0,0,0.0,10.0,4.0,9.805642857142889,0.9999984607670016,BUY,9.805642857142889
2025-06-27 11:00:00+00:00,3285.713,3287.964,3275.98,3281.389,10525,,,,,bearish,2.0,bearish_engulfing,1.0,1.0,0,0,0,0,0,1,0.0,11.0,4.0,10.338571428571443,0.9999984234394084,BUY,10.338571428571445
2025-06-27 12:00:00+00:00,3281.358,3282.357,3269.409,3270.028,19662,,,,,bearish,0.0,none,0.0,0.0,0,0,0,0,0,0,0.0,12.0,4.0,10.58671428571428,1.4051719214363103e-06,HOLD,10.586714285714281
2025-06-27 13:00:00+00:00,3270.06,3274.425,3255.836,3274.143,28440,,3255.836,bos ↓,,bearish,3.0,hammer,4.0,4.0,1,1,0,1,0,1,0.0,13.0,4.0,11.37914285714289,9.491564940210732e-07,HOLD,11.37914285714289
2025-06-27 14:00:00+00:00,3274.231,3278.134,3263.58,3272.407,19641,,3263.58,,,bearish,0.0,none,2.0,2.0,1,0,0,1,0,0,0.0,14.0,4.0,11.936071428571465,4.620367126218951e-07,HOLD,11.936071428571463
2025-06-27 15:00:00+00:00,3272.445,3277.493,3270.922,3274.655,12525,,,,,bearish,0.0,none,1.0,1.0,0,0,0,1,0,0,0.0,15.0,4.0,11.891428571428571,0.9999984570611223,BUY,11.891428571428573
2025-06-27 16:00:00+00:00,3274.574,3278.629,3273.36,3277.558,7634,3278.629,,,,bearish,0.0,none,2.0,2.0,1,0,0,1,0,0,0.0,16.0,4.0,11.42335714285712,4.6203671185210107e-07,HOLD,11.42335714285712
2025-06-27 17:00:00+00:00,3277.598,3282.802,3272.7,3277.353,9162,3282.802,,,choch ↑,bullish,5.0,doji,4.0,4.0,1,1,0,1,0,1,0.0,17.0,4.0,10.83307142857143,9.272933314207153e-07,HOLD,10.83307142857143
2025-06-27 18:00:00+00:00,3277.402,3278.39,3270.464,3275.751,8347,,,,,bullish,0.0,none,1.0,1.0,0,0,0,1,0,0,0.0,18.0,4.0,10.932642857142842,0.9999984570611223,BUY,10.932642857142842
2025-06-27 19:00:00+00:00,3275.766,3276.633,3268.34,3270.574,7060,,,,,bullish,0.0,none,0.0,0.0,0,0,0,0,0,0,0.0,19.0,4.0,10.6907857142857,1.405171919956813e-06,HOLD,10.6907857142857
2025-06-27 20:00:00+00:00,3270.616,3275.5,3270.253,3274.598,4759,,,,,bullish,0.0,none,1.0,1.0,0,0,0,1,0,0,0.0,20.0,4.0,10.132285714285672,0.9999984570611223,BUY,10.132285714285672
2025-06-29 22:00:00+00:00,3272.488,3274.234,3247.921,3263.811,18231,,3247.921,,choch ↓,bearish,0.0,none,2.0,2.0,1,1,0,0,0,0,0.0,22.0,6.0,11.18121428571424,4.6203671185211256e-07,HOLD,11.181214285714239
2025-06-29 23:00:00+00:00,3263.784,3270.95,3262.825,3263.806,9675,,,,,bearish,5.0,doji,1.0,1.0,0,0,0,0,0,1,0.0,23.0,6.0,11.093571428571392,0.9999983992172553,BUY,11.093571428571392
2025-06-30 00:00:00+00:00,3263.775,3269.786,3262.637,3264.626,9100,,,,,bearish,4.0,inverted_hammer,2.0,2.0,0,0,0,1,0,1,0.0,0.0,0.0,11.050071428571398,5.068677419517661e-07,HOLD,11.050071428571398
2025-06-30 01:00:00+00:00,3264.587,3275.962,3259.456,3273.862,14148,,3259.456,,,bearish,0.0,none,2.0,2.0,1,0,0,1,0,0,0.0,1.0,0.0,11.424285714285686,4.254578293855386e-07,HOLD,11.424285714285686
2025-06-30 02:00:00+00:00,3273.901,3283.272,3273.597,3280.186,10014,,,,,bearish,0.0,none,0.0,0.0,0,0,0,0,0,0,0.0,2.0,0.0,11.2593571428571,1.224350022895633e-06,HOLD,11.2593571428571
2025-06-30 03:00:00+00:00,3280.172,3282.798,3277.815,3278.981,6843,,,,,bearish,0.0,none,1.0,1.0,0,0,0,1,0,0,0.0,3.0,0.0,10.690428571428518,0.9999981511903515,BUY,10.690428571428518
2025-06-30 04:00:00+00:00,3278.996,3286.282,3276.964,3285.686,5610,,,,,bearish,0.0,none,0.0,0.0,0,0,0,0,0,0,0.0,4.0,0.0,10.02821428571422,1.224350022895633e-06,HOLD,10.028214285714219
2025-06-30 05:00:00+00:00,3285.573,3291.391,3284.682,3288.997,7225,,,,,bearish,0.0,none,0.0,0.0,0,0,0,0,0,0,0.0,5.0,0.0,9.46785714285709,1.2243500228956264e-06,HOLD,9.46785714285709
2025-06-30 06:00:00+00:00,3288.983,3295.551,3287.825,3292.123,8120,,,,,bearish,0.0,none,0.0,0.0,0,0,0,0,0,0,0.0,6.0,0.0,9.550357142857106,1.2243500301826886e-06,HOLD,9.550357142857106
2025-06-30 07:00:00+00:00,3292.153,3296.85,3290.74,3292.873,7654,3296.85,,,choch ↑,bullish,4.0,inverted_hammer,3.0,3.0,1,1,0,0,0,1,0.0,7.0,0.0,9.610428571428558,9.050695774741412e-07,HOLD,9.610428571428558
2025-06-30 08:00:00+00:00,3292.879,3296.594,3288.128,3289.186,7598,3296.594,,,,bullish,2.0,bearish_engulfing,3.0,3.0,1,0,0,1,0,1,0.0,8.0,0.0,9.493571428571386,9.231716150873946e-07,HOLD,9.493571428571386
2025-06-30 09:00:00+00:00,3289.188,3289.188,3277.435,3287.791,10479,,,,,bullish,0.0,none,1.0,1.0,0,0,0,1,0,0,0.0,9.0,0.0,9.766928571428544,0.9999982764964372,BUY,9.766928571428545
2025-06-30 10:00:00+00:00,3287.828,3288.794,3282.44,3283.455,5652,,,,,bullish,0.0,none,0.0,0.0,0,0,0,0,0,0,0.0,10.0,0.0,9.628428571428556,1.2614753994479673e-06,HOLD,9.628428571428556
2025-06-30 11:00:00+00:00,3283.509,3283.821,3274.488,3277.932,8534,,3274.488,,,bullish,0.0,none,1.0,1.0,1,0,0,0,0,0,0.0,11.0,0.0,9.920285714285717,0.9999982947698604,BUY,9.920285714285715
2025-06-30 12:00:00+00:00,3277.993,3288.981,3277.993,3282.089,8914,,3277.993,,,bullish,0.0,none,2.0,2.0,1,0,0,1,0,0,0.0,12.0,0.0,8.804000000000022,4.455918819316021e-07,HOLD,8.804000000000022
2025-06-30 13:00:00+00:00,3282.048,3287.062,3277.955,3284.791,12095,,,,,bullish,0.0,none,1.0,1.0,0,0,0,1,0,0,0.0,13.0,0.0,8.874142857142877,0.9999982952847887,BUY,8.874142857142877
2025-06-30 14:00:00+00:00,3284.709,3289.576,3279.178,3287.644,11694,,,,,bullish,0.0,none,1.0,1.0,0,0,0,1,0,0,0.0,14.0,0.0,9.106214285714325,0.9999982952847887,BUY,9.106214285714325
2025-06-30 15:00:00+00:00,3287.609,3290.76,3283.619,3289.625,8983,,,,,bullish,0.0,none,0.0,0.0,0,0,0,0,0,0,0.0,15.0,0.0,8.437285714285768,1.2518699739565163e-06,HOLD,8.437285714285768
2025-06-30 16:00:00+00:00,3289.669,3297.51,3289.073,3297.227,6944,,,,,bullish,0.0,none,0.0,0.0,0,0,0,0,0,0,0.0,16.0,0.0,8.348857142857241,1.2518699739565563e-06,HOLD,8.348857142857241
2025-06-30 17:00:00+00:00,3297.192,3298.564,3291.983,3294.048,6912,,,,,bullish,0.0,none,1.0,1.0,0,0,0,1,0,0,0.0,17.0,0.0,8.463000000000095,0.9999982934642265,BUY,8.463000000000095
2025-06-30 18:00:00+00:00,3294.061,3299.606,3292.639,3298.414,5431,,,,,bullish,0.0,none,0.0,0.0,0,0,0,0,0,0,0.0,18.0,0.0,8.295071428571516,1.2518699739565563e-06,HOLD,8.295071428571516
2025-06-30 19:00:00+00:00,3298.414,3309.446,3298.022,3308.534,7492,,,,,bullish,0.0,none,0.0,0.0,0,0,0,0,0,0,0.0,19.0,0.0,8.631857142857209,1.2518699739565918e-06,HOLD,8.631857142857209
2025-06-30 20:00:00+00:00,3308.502,3309.305,3302.315,3303.195,4344,,,,,bullish,0.0,none,1.0,1.0,0,0,0,1,0,0,0.0,20.0,0.0,8.579285714285756,0.9999982934642265,BUY,8.579285714285756
2025-06-30 22:00:00+00:00,3302.878,3314.602,3302.298,3311.444,5528,,,,,bullish,1.0,bullish_engulfing,1.0,1.0,0,0,0,0,0,1,0.0,22.0,0.0,9.021714285714324,0.9999983344341564,BUY,9.021714285714324
2025-06-30 23:00:00+00:00,3311.435,3312.582,3308.556,3312.441,5634,,,,,bullish,3.0,hammer,1.0,1.0,0,0,0,0,0,1,0.0,23.0,0.0,8.704571428571464,0.9999982517406336,BUY,8.704571428571464
2025-07-01 00:00:00+00:00,3312.493,3314.839,3309.899,3314.722,6463,,,,,bullish,0.0,none,0.0,0.0,0,0,0,0,0,0,0.0,0.0,1.0,8.2179285714286,1.0802460764446577e-06,HOLD,8.2179285714286
2025-07-01 01:00:00+00:00,3314.663,3320.968,3313.872,3317.842,9482,,,,,bullish,0.0,none,0.0,0.0,0,0,0,0,0,0,0.0,1.0,1.0,8.270928571428612,1.041736265854088e-06,HOLD,8.270928571428612
2025-07-01 02:00:00+00:00,3317.798,3319.385,3314.344,3316.124,7901,,,,,bullish,0.0,none,1.0,1.0,0,0,0,1,0,0,0.0,2.0,1.0,7.96435714285719,0.9999979040412798,BUY,7.96435714285719
2025-07-01 03:00:00+00:00,3316.098,3322.66,3315.696,3321.161,6305,,,,,bullish,1.0,bullish_engulfing,1.0,1.0,0,0,0,0,0,1,0.0,3.0,1.0,7.67257142857144,0.9999978485141919,BUY,7.67257142857144
2025-07-01 04:00:00+00:00,3321.173,3323.108,3318.893,3322.98,4590,,,,,bullish,0.0,none,0.0,0.0,0,0,0,0,0,0,0.0,4.0,1.0,7.323142857142882,1.0417362658541102e-06,HOLD,7.323142857142882
2025-07-01 05:00:00+00:00,3322.978,3332.368,3322.905,3328.779,7694,,,,,bullish,0.0,none,0.0,0.0,0,0,0,0,0,0,0.0,5.0,1.0,7.256357142857139,1.03455572644737e-06,HOLD,7.256357142857139
2025-07-01 06:00:00+00:00,3328.736,3334.567,3325.06,3331.279,7986,,,,,bullish,0.0,none,0.0,0.0,0,0,0,0,0,0,0.0,6.0,1.0,7.425357142857138,1.0345557350833521e-06,HOLD,7.425357142857138
2025-07-01 07:00:00+00:00,3331.384,3339.892,3330.678,3339.497,9790,,,,,bullish,0.0,none,0.0,0.0,0,0,0,0,0,0,0.0,7.0,1.0,7.480857142857109,1.591173536380982e-06,HOLD,7.480857142857109
2025-07-01 08:00:00+00:00,3339.501,3342.422,3336.753,3339.525,7769,,,,,bullish,5.0,doji,1.0,1.0,0,0,0,0,0,1,0.0,8.0,1.0,7.415714285714265,0.9999981799388746,BUY,7.415714285714265
2025-07-01 09:00:00+00:00,3339.555,3348.056,3338.174,3345.818,7936,,,,,bullish,0.0,none,0.0,0.0,0,0,0,0,0,0,0.0,9.0,1.0,7.623928571428548,1.4279078681519324e-06,HOLD,7.623928571428548
2025-07-01 10:00:00+00:00,3345.786,3349.724,3344.386,3348.643,6551,,,,,bullish,0.0,none,0.0,0.0,0,0,0,0,0,0,0.0,10.0,1.0,7.189214285714278,1.4798314372581301e-06,HOLD,7.189214285714278
2025-07-01 11:00:00+00:00,3348.67,3353.08,3346.971,3349.017,8508,,,,,bullish,5.0,doji,1.0,1.0,0,0,0,0,0,1,0.0,11.0,1.0,7.126285714285716,0.9999980609960876,BUY,7.126285714285716
2025-07-01 12:00:00+00:00,3348.99,3358.015,3348.313,3354.683,12957,3358.015,,bos ↑,,bullish,0.0,none,3.0,3.0,1,1,0,0,1,0,0.0,12.0,1.0,6.940428571428551,5.776742992895925e-07,HOLD,6.9404285714285505
2025-07-01 13:00:00+00:00,3354.643,3355.529,3344.518,3351.512,15386,3355.529,,,,bullish,0.0,none,2.0,2.0,1,0,0,1,0,0,0.0,13.0,1.0,7.439357142857132,3.713830134370038e-07,HOLD,7.439357142857132
2025-07-01 14:00:00+00:00,3351.595,3354.405,3343.583,3345.678,15060,,,,,bullish,0.0,none,0.0,0.0,0,0,0,0,0,0,0.0,14.0,1.0,7.859499999999993,1.4170351752050497e-06,HOLD,7.859499999999993
2025-07-01 15:00:00+00:00,3345.793,3346.684,3336.981,3340.228,13961,,,,,bullish,0.0,none,0.0,0.0,0,0,0,0,0,0,0.0,15.0,1.0,8.045714285714277,1.4258259887271227e-06,HOLD,8.045714285714277
2025-07-01 16:00:00+00:00,3340.215,3343.523,3337.533,3341.723,8075,,,,,bullish,0.0,none,1.0,1.0,0,0,0,1,0,0,0.0,16.0,1.0,8.113499999999997,0.9999980983724499,BUY,8.113499999999997
2025-07-01 17:00:00+00:00,3341.738,3342.197,3336.913,3339.695,7236,,,,,bullish,2.0,bearish_engulfing,1.0,1.0,0,0,0,0,0,1,0.0,17.0,1.0,7.993500000000007,0.9999981319891755,BUY,7.993500000000007
2025-07-01 18:00:00+00:00,3339.65,3339.921,3336.837,3337.933,4670,,,,,bullish,0.0,none,0.0,0.0,0,0,0,0,0,0,0.0,18.0,1.0,7.912714285714271,1.5214448833762944e-06,HOLD,7.912714285714271
2025-07-01 19:00:00+00:00,3337.994,3340.155,3336.835,3338.005,5451,,3336.835,,,bullish,5.0,doji,3.0,3.0,1,0,0,1,0,1,0.0,19.0,1.0,7.473928571428587,8.642276400879964e-07,HOLD,7.473928571428587
2025-07-01 20:00:00+00:00,3338.042,3340.363,3336.771,3338.959,3284,,3336.771,,choch ↓,bearish,0.0,none,3.0,3.0,1,1,0,1,0,0,0.0,20.0,1.0,7.051428571428557,6.814372712613475e-07,HOLD,7.051428571428557
2025-07-01 22:00:00+00:00,3337.692,3343.826,3336.88,3341.515,5333,,,,,bearish,0.0,none,1.0,1.0,0,0,0,1,0,0,0.0,22.0,1.0,6.889428571428555,0.9999980983724499,BUY,6.889428571428555
2025-07-01 23:00:00+00:00,3341.569,3341.874,3336.814,3338.152,5160,,,,,bearish,0.0,none,1.0,1.0,0,0,0,1,0,0,0.0,23.0,1.0,6.84592857142856,0.9999982344036658,BUY,6.84592857142856
2025-07-02 00:00:00+00:00,3338.186,3344.987,3334.557,3339.009,9483,3344.987,,,,bearish,5.0,doji,3.0,3.0,1,0,0,1,0,1,0.0,0.0,2.0,6.885071428571434,6.308396559003593e-07,HOLD,6.885071428571434
2025-07-02 01:00:00+00:00,3339.044,3342.877,3330.975,3332.194,10085,3342.877,3330.975,bos ↓,,bearish,2.0,bearish_engulfing,3.0,3.0,1,1,0,0,0,1,0.0,1.0,2.0,7.3539285714285665,6.661552384800252e-07,HOLD,7.3539285714285665
2025-07-02 02:00:00+00:00,3332.234,3338.175,3328.534,3336.704,8574,,3328.534,bos ↓,,bearish,0.0,none,3.0,3.0,1,1,0,1,0,0,0.0,2.0,2.0,7.606214285714292,5.336899605568239e-07,HOLD,7.606214285714292
2025-07-02 03:00:00+00:00,3336.718,3342.063,3334.946,3339.959,6387,,,,,bearish,0.0,none,1.0,1.0,0,0,0,1,0,0,0.0,3.0,2.0,7.421571428571464,0.9999979056471675,BUY,7.421571428571464
2025-07-02 04:00:00+00:00,3339.925,3342.033,3339.401,3340.084,4414,3342.033,,,,bearish,5.0,doji,2.0,2.0,1,0,0,0,0,1,0.0,4.0,2.0,6.823071428571471,4.320503394677963e-07,HOLD,6.823071428571471
2025-07-02 05:00:00+00:00,3340.09,3343.951,3336.561,3338.743,6491,3343.951,,,choch ↑,bullish,2.0,bearish_engulfing,4.0,4.0,1,1,0,1,0,1,0.0,5.0,2.0,6.577928571428596,6.0938501460174e-07,HOLD,6.577928571428596
2025-07-02 06:00:00+00:00,3338.756,3339.366,3329.884,3333.488,8144,,3329.884,,,bullish,0.0,none,2.0,2.0,1,0,0,1,0,0,0.0,6.0,2.0,6.562142857142882,4.2208153738546023e-07,HOLD,6.562142857142882
2025-07-02 07:00:00+00:00,3333.399,3336.836,3327.563,3334.571,9210,,3327.563,,choch ↓,bearish,3.0,hammer,4.0,4.0,1,1,0,1,0,1,0.0,7.0,2.0,6.796642857142842,6.922520159328062e-07,HOLD,6.796642857142842
2025-07-02 08:00:00+00:00,3334.605,3338.054,3332.853,3333.558,6484,,,,,bearish,0.0,none,1.0,1.0,0,0,0,1,0,0,0.0,8.0,2.0,6.790714285714265,0.9999979973679425,BUY,6.790714285714265
2025-07-02 09:00:00+00:00,3333.511,3342.272,3333.033,3341.636,6951,,,,,bearish,1.0,bullish_engulfing,1.0,1.0,0,0,0,0,0,1,0.0,9.0,2.0,7.230357142857136,0.9999980630040256,BUY,7.2303571428571365
2025-07-02 10:00:00+00:00,3341.686,3345.758,3340.585,3344.261,5144,,,,,bearish,0.0,none,0.0,0.0,0,0,0,0,0,0,0.0,10.0,2.0,7.362714285714252,1.4279078595448806e-06,HOLD,7.362714285714252
2025-07-02 11:00:00+00:00,3344.298,3347.711,3339.696,3342.199,6452,3347.711,,,choch ↑,bullish,0.0,none,3.0,3.0,1,1,0,1,0,0,0.0,11.0,2.0,7.678642857142839,5.457296811263583e-07,HOLD,7.678642857142839
2025-07-02 12:00:00+00:00,3342.214,3351.126,3337.733,3346.621,14163,3351.126,,bos ↑,,bullish,0.0,none,2.0,2.0,1,1,0,0,0,0,0.0,12.0,2.0,8.139142857142847,3.746937086993434e-07,HOLD,8.139142857142847
2025-07-02 13:00:00+00:00,3346.595,3346.62,3334.9,3337.44,14970,,3334.9,,,bullish,0.0,none,2.0,2.0,1,0,0,1,0,0,0.0,13.0,2.0,8.614928571428566,4.2708349761697606e-07,HOLD,8.614928571428566
2025-07-02 14:00:00+00:00,3337.479,3343.573,3333.842,3342.961,10017,,3333.842,,choch ↓,bearish,0.0,none,3.0,3.0,1,1,0,1,0,0,0.0,14.0,2.0,8.564999999999957,5.660587592595441e-07,HOLD,8.564999999999957
2025-07-02 15:00:00+00:00,3342.998,3343.839,3338.703,3341.021,9206,,,,,bearish,0.0,none,1.0,1.0,0,0,0,1,0,0,0.0,15.0,2.0,8.081714285714238,0.9999980753101066,BUY,8.081714285714238
2025-07-02 16:00:00+00:00,3340.943,3349.265,3340.943,3348.668,7174,,,,,bearish,1.0,bullish_engulfing,1.0,1.0,0,0,0,0,0,1,0.0,16.0,2.0,7.987499999999922,0.999998146662323,BUY,7.987499999999922
2025-07-02 17:00:00+00:00,3348.626,3350.572,3347.378,3349.616,5282,,,,,bearish,0.0,none,0.0,0.0,0,0,0,0,0,0,0.0,17.0,2.0,7.70728571428562,1.477725490317755e-06,HOLD,7.70728571428562
2025-07-02 18:00:00+00:00,3349.619,3355.215,3348.486,3354.906,4518,,,,,bearish,0.0,none,1.0,1.0,0,0,0,0,1,0,0.0,18.0,2.0,7.999928571428492,0.9999984050863739,BUY,7.999928571428492
2025-07-02 19:00:00+00:00,3354.913,3359.519,3354.63,3358.258,5183,,,,,bearish,0.0,none,1.0,1.0,0,0,0,0,1,0,0.0,19.0,2.0,7.82128571428562,0.9999983939659974,BUY,7.8212857142856205
2025-07-02 20:00:00+00:00,3358.302,3360.174,3355.54,3357.315,3537,,,,,bearish,0.0,none,2.0,2.0,0,0,0,1,1,0,0.0,20.0,2.0,7.474999999999909,4.045858534500552e-07,HOLD,7.474999999999909
2025-07-02 22:00:00+00:00,3358.427,3365.748,3358.411,3361.936,5353,3365.748,,,choch ↑,bullish,0.0,none,3.0,3.0,1,1,0,0,1,0,0.0,22.0,2.0,7.414999999999931,5.109319351706741e-07,HOLD,7.414999999999931
2025-07-02 23:00:00+00:00,3361.958,3362.315,3348.754,3349.395,8947,3362.315,,,,bullish,2.0,bearish_engulfing,2.0,2.0,1,0,0,0,0,1,0.0,23.0,2.0,8.012142857142797,4.481165034573975e-07,HOLD,8.012142857142797
2025-07-03 00:00:00+00:00,3349.42,3349.895,3343.471,3344.788,7623,,3343.471,,,bullish,0.0,none,1.0,1.0,1,0,0,0,0,0,0.0,0.0,3.0,7.811071428571365,0.9999981553244528,BUY,7.811071428571365
2025-07-03 01:00:00+00:00,3344.765,3348.183,3341.88,3345.975,7821,,3341.88,,choch ↓,bearish,3.0,hammer,4.0,4.0,1,1,0,1,0,1,0.0,1.0,3.0,7.891785714285659,5.67259662369975e-07,HOLD,7.891785714285659
2025-07-03 02:00:00+00:00,3345.994,3351.406,3345.724,3350.965,5915,,,,,bearish,0.0,none,1.0,1.0,0,0,0,1,0,0,0.0,2.0,3.0,7.725142857142795,0.9999982248278674,BUY,7.725142857142795
2025-07-03 03:00:00+00:00,3351.008,3351.476,3345.487,3347.509,5012,,,,,bearish,0.0,none,1.0,1.0,0,0,0,1,0,0,0.0,3.0,3.0,7.1962857142856524,0.999998190947017,BUY,7.1962857142856524
2025-07-03 04:00:00+00:00,3347.437,3351.858,3347.384,3350.834,4321,,,,,bearish,0.0,none,1.0,1.0,0,0,0,1,0,0,0.0,4.0,3.0,6.678642857142807,0.9999982248278674,BUY,6.6786428571428065
2025-07-03 05:00:00+00:00,3350.722,3360.466,3350.152,3359.279,6898,,,,,bearish,0.0,none,1.0,1.0,0,0,0,0,1,0,0.0,5.0,3.0,6.72028571428567,0.9999983563501549,BUY,6.72028571428567
2025-07-03 06:00:00+00:00,3359.345,3363.677,3356.488,3361.859,7560,3363.677,,,choch ↑,bullish,0.0,none,3.0,3.0,1,1,0,0,1,0,0.0,6.0,3.0,6.866928571428551,4.656720092689634e-07,HOLD,6.866928571428551
2025-07-03 07:00:00+00:00,3361.823,3363.116,3352.628,3353.077,7755,3363.116,,,,bullish,0.0,none,3.0,3.0,1,0,0,1,1,0,0.0,7.0,3.0,7.021642857142849,5.013301584982592e-07,HOLD,7.021642857142849
2025-07-03 08:00:00+00:00,3353.096,3358.378,3351.678,3356.225,6488,,,,,bullish,0.0,none,2.0,2.0,0,0,0,1,1,0,0.0,8.0,3.0,7.272071428571443,4.1200594480426366e-07,HOLD,7.272071428571443
2025-07-03 09:00:00+00:00,3356.183,3356.423,3343.798,3345.687,7806,,,,,bullish,0.0,none,0.0,0.0,0,0,0,0,0,0,0.0,9.0,3.0,7.693214285714281,1.6094447509243142e-06,HOLD,7.693214285714281
2025-07-03 10:00:00+00:00,3345.673,3355.368,3344.745,3353.04,6148,,,,,bullish,0.0,none,2.0,2.0,0,0,0,1,1,0,0.0,10.0,3.0,8.102785714285735,4.227362563132379e-07,HOLD,8.102785714285735
2025-07-03 11:00:00+00:00,3353.077,3353.717,3342.981,3346.073,6856,,,,,bullish,0.0,none,1.0,1.0,0,0,0,1,0,0,0.0,11.0,3.0,8.53864285714287,0.9999982655860614,BUY,8.53864285714287
2025-07-03 12:00:00+00:00,3346.041,3352.306,3311.535,3324.503,29330,,3311.535,,choch ↓,bearish,0.0,none,2.0,2.0,1,1,0,0,0,0,0.0,12.0,3.0,10.848500000000026,3.931231560333333e-07,HOLD,10.848500000000026
2025-07-03 13:00:00+00:00,3324.555,3338.551,3322.063,3332.223,21155,,3322.063,,,bearish,0.0,none,2.0,2.0,1,0,0,1,0,0,0.0,13.0,3.0,11.057571428571432,4.5837015078065104e-07,HOLD,11.057571428571432
2025-07-03 14:00:00+00:00,3332.257,3334.681,3323.441,3324.643,15385,,,,,bearish,0.0,none,1.0,1.0,0,0,0,1,0,0,0.0,14.0,3.0,11.40157142857145,0.9999981885250612,BUY,11.40157142857145
2025-07-03 15:00:00+00:00,3324.636,3331.481,3323.022,3328.045,8689,,,,,bearish,0.0,none,1.0,1.0,0,0,0,1,0,0,0.0,15.0,3.0,11.55557142857148,0.9999982792656268,BUY,11.55557142857148
2025-07-03 16:00:00+00:00,3328.106,3334.714,3325.676,3333.866,6379,3334.714,,,,bearish,0.0,none,2.0,2.0,1,0,0,1,0,0,0.0,16.0,3.0,11.79528571428578,4.6763660750963865e-07,HOLD,11.79528571428578
2025-07-03 17:00:00+00:00,3333.827,3334.862,3328.839,3329.141,4305,3334.862,,,choch ↑,bullish,0.0,none,3.0,3.0,1,1,0,1,0,0,0.0,17.0,3.0,11.79771428571436,7.086178756196318e-07,HOLD,11.79771428571436
2025-07-03 18:00:00+00:00,3329.069,3330.286,3327.843,3329.132,2503,,,,,bullish,5.0,doji,2.0,2.0,0,0,0,1,0,1,0.0,18.0,3.0,11.652642857142936,5.448426479676628e-07,HOLD,11.652642857142935
2025-07-03 19:00:00+00:00,3329.1,3329.551,3327.011,3328.749,2436,,,,,bullish,0.0,none,1.0,1.0,0,0,0,1,0,0,0.0,19.0,3.0,11.097357142857229,0.9999982843988725,BUY,11.097357142857229
2025-07-03 20:00:00+00:00,3328.713,3328.911,3325.321,3326.687,2053,,3325.321,,,bullish,0.0,none,1.0,1.0,1,0,0,0,0,0,0.0,20.0,3.0,10.840285714285788,0.9999982792656268,BUY,10.840285714285788
2025-07-03 22:00:00+00:00,3326.167,3329.607,3323.611,3329.07,3239,,3323.611,,choch ↓,bearish,1.0,bullish_engulfing,4.0,4.0,1,1,0,1,0,1,0.0,22.0,3.0,10.519428571428664,1.342065037307285e-06,HOLD,10.519428571428664
2025-07-03 23:00:00+00:00,3329.036,3332.025,3328.526,3330.871,4516,,,,,bearish,0.0,none,0.0,0.0,0,0,0,0,0,0,0.0,23.0,3.0,10.290785714285803,1.189197448942487e-06,HOLD,10.290785714285805
2025-07-04 00:00:00+00:00,3330.875,3331.12,3325.869,3328.996,5396,,,,,bearish,2.0,bearish_engulfing,2.0,2.0,0,0,0,1,0,1,0.0,0.0,4.0,9.7640714285715,5.21403184174075e-07,HOLD,9.764071428571501
2025-07-04 01:00:00+00:00,3328.948,3334.296,3326.429,3330.056,6945,,,,,bearish,4.0,inverted_hammer,2.0,2.0,0,0,0,1,0,1,0.0,1.0,4.0,9.567214285714336,5.214031694488536e-07,HOLD,9.567214285714337
2025-07-04 02:00:00+00:00,3330.088,3332.443,3327.079,3327.333,5872,,,,,bearish,2.0,bearish_engulfing,2.0,2.0,0,0,0,1,0,1,0.0,2.0,4.0,9.183500000000064,5.171073854690444e-07,HOLD,9.183500000000063
2025-07-04 03:00:00+00:00,3327.29,3338.948,3326.143,3338.35,5584,,3326.143,,,bearish,1.0,bullish_engulfing,2.0,2.0,1,0,0,0,0,1,0.0,3.0,4.0,7.185928571428609,5.037434488265873e-07,HOLD,7.185928571428609
2025-07-04 04:00:00+00:00,3338.307,3342.252,3337.973,3340.817,5143,,,,,bearish,0.0,none,0.0,0.0,0,0,0,0,0,0,0.0,4.0,4.0,6.313857142857192,1.602882126766394e-06,HOLD,6.313857142857192
2025-07-04 05:00:00+00:00,3340.81,3342.266,3338.371,3339.491,5092,,,,,bearish,0.0,none,1.0,1.0,0,0,0,1,0,0,0.0,5.0,4.0,5.7892142857143165,0.9999983977745656,BUY,5.7892142857143165
2025-07-04 06:00:00+00:00,3339.565,3345.098,3339.208,3342.606,6665,3345.098,,,choch ↑,bullish,0.0,none,2.0,2.0,1,1,0,0,0,0,0.0,6.0,4.0,5.605714285714287,3.709666550305291e-07,HOLD,5.605714285714287
2025-07-04 07:00:00+00:00,3342.64,3343.782,3336.384,3342.947,7367,3343.782,,,,bullish,5.0,doji,2.0,2.0,1,0,0,0,0,1,0.0,7.0,4.0,5.488571428571439,4.5795412668196193e-07,HOLD,5.488571428571439
2025-07-04 08:00:00+00:00,3342.95,3344.247,3340.829,3342.804,5379,,,,,bullish,5.0,doji,2.0,2.0,0,0,0,1,0,1,0.0,8.0,4.0,5.302499999999976,4.579541422705388e-07,HOLD,5.302499999999976
2025-07-04 09:00:00+00:00,3342.803,3343.06,3332.974,3334.403,6847,,3332.974,,,bullish,0.0,none,1.0,1.0,1,0,0,0,0,0,0.0,9.0,4.0,5.848428571428518,0.9999982491860318,BUY,5.848428571428518
2025-07-04 10:00:00+00:00,3334.373,3338.069,3331.466,3336.799,5771,,,,,bullish,0.0,none,1.0,1.0,0,0,0,1,0,0,0.0,10.0,4.0,6.138642857142811,0.9999983830471519,BUY,6.138642857142811
2025-07-04 11:00:00+00:00,3336.776,3337.832,3334.35,3334.795,4774,,,,,bullish,0.0,none,1.0,1.0,0,0,0,1,0,0,0.0,11.0,4.0,6.130928571428512,0.9999982921317492,BUY,6.130928571428512
2025-07-04 12:00:00+00:00,3334.791,3337.83,3331.351,3333.931,6681,,,,,bullish,0.0,none,0.0,0.0,0,0,0,0,0,0,0.0,12.0,4.0,6.165428571428492,1.1891974531466487e-06,HOLD,6.165428571428492
2025-07-04 13:00:00+00:00,3333.888,3338.059,3332.254,3333.856,7056,3338.059,,,,bullish,5.0,doji,2.0,2.0,1,0,0,0,0,1,0.0,13.0,4.0,6.330142857142781,5.448426476332312e-07,HOLD,6.330142857142781
2025-07-04 14:00:00+00:00,3333.866,3334.214,3330.866,3333.212,5919,,3330.866,,choch ↓,bearish,0.0,none,2.0,2.0,1,1,0,0,0,0,0.0,14.0,4.0,6.194214285714224,4.583701472988872e-07,HOLD,6.194214285714224
2025-07-04 15:00:00+00:00,3333.21,3333.982,3330.831,3332.393,3842,,3330.831,bos ↓,,bearish,0.0,none,2.0,2.0,1,1,0,0,0,0,0.0,15.0,4.0,5.857357142857089,4.583701498790028e-07,HOLD,5.857357142857089
2025-07-04 16:00:00+00:00,3332.357,3335.945,3332.222,3335.07,2603,3335.945,,,,bearish,1.0,bullish_engulfing,2.0,2.0,1,0,0,0,0,1,0.0,16.0,4.0,5.740142857142798,5.263890139428932e-07,HOLD,5.740142857142798
2025-07-06 22:00:00+00:00,3341.408,3341.924,3332.388,3333.457,5684,3341.924,,,choch ↑,bullish,0.0,none,3.0,3.0,1,1,0,1,0,0,0.0,22.0,6.0,5.506642857142814,7.191531844048119e-07,HOLD,5.506642857142814
2025-07-06 23:00:00+00:00,3333.505,3334.51,3326.187,3328.853,6317,,,,,bullish,0.0,none,0.0,0.0,0,0,0,0,0,0,0.0,23.0,6.0,5.79549999999998,1.189197446574882e-06,HOLD,5.79549999999998
2025-07-07 00:00:00+00:00,3328.83,3329.726,3321.677,3326.505,8268,,,,,bullish,0.0,none,0.0,0.0,0,0,0,0,0,0,0.0,0.0,0.0,6.092214285714265,1.0345556888934643e-06,HOLD,6.092214285714265
2025-07-07 01:00:00+00:00,3326.528,3327.691,3306.618,3316.554,15320,,3306.618,,choch ↓,bearish,0.0,none,2.0,2.0,1,1,0,0,0,0,0.0,1.0,0.0,7.176714285714264,3.620000730796523e-07,HOLD,7.176714285714264
2025-07-07 02:00:00+00:00,3316.587,3317.778,3305.982,3308.943,9521,,,,,bearish,0.0,none,0.0,0.0,0,0,0,0,0,0,0.0,2.0,0.0,7.4908571428571,1.22435002289572e-06,HOLD,7.4908571428571
2025-07-07 03:00:00+00:00,3308.903,3315.321,3307.097,3310.848,7830,,,,,bearish,4.0,inverted_hammer,2.0,2.0,0,0,0,1,0,1,0.0,3.0,0.0,7.834142857142816,5.068677419517525e-07,HOLD,7.834142857142816
2025-07-07 04:00:00+00:00,3310.892,3312.343,3305.219,3307.706,8087,,3305.219,bos ↓,,bearish,2.0,bearish_engulfing,3.0,3.0,1,1,0,0,0,1,0.0,4.0,0.0,7.622571428571389,8.464248659344043e-07,HOLD,7.622571428571389
2025-07-07 05:00:00+00:00,3307.719,3315.104,3307.009,3313.467,8305,,,,,bearish,0.0,none,1.0,1.0,0,0,0,1,0,0,0.0,5.0,0.0,7.729142857142798,0.9999981511903531,BUY,7.729142857142798
2025-07-07 06:00:00+00:00,3313.422,3315.245,3308.297,3309.878,9273,3315.245,,,,bearish,0.0,none,2.0,2.0,1,0,0,1,0,0,0.0,6.0,0.0,7.976714285714219,4.254578332798484e-07,HOLD,7.976714285714219
2025-07-07 07:00:00+00:00,3309.827,3313.243,3300.64,3302.217,9397,,3300.64,bos ↓,,bearish,0.0,none,2.0,2.0,1,1,0,0,0,0,0.0,7.0,0.0,8.414142857142808,4.376136110376547e-07,HOLD,8.414142857142808
2025-07-07 08:00:00+00:00,3302.247,3312.749,3301.231,3310.171,8244,,,,,bearish,0.0,none,1.0,1.0,0,0,0,1,0,0,0.0,8.0,0.0,8.822214285714185,0.999998222340461,BUY,8.822214285714185
2025-07-07 09:00:00+00:00,3310.112,3311.91,3306.103,3308.924,7610,,,,,bearish,0.0,none,1.0,1.0,0,0,0,1,0,0,0.0,9.0,0.0,8.99785714285703,0.9999982764964392,BUY,8.99785714285703
2025-07-07 10:00:00+00:00,3308.941,3310.697,3296.296,3302.079,11375,,3296.296,bos ↓,,bearish,0.0,none,2.0,2.0,1,1,0,0,0,0,0.0,10.0,0.0,9.801428571428492,4.490108469640322e-07,HOLD,9.801428571428492
2025-07-07 11:00:00+00:00,3302.114,3307.597,3299.774,3301.982,12450,,3299.774,,,bearish,5.0,doji,2.0,2.0,1,0,0,0,0,1,0.0,11.0,0.0,10.09428571428566,5.337177392010495e-07,HOLD,10.094285714285661
2025-07-07 12:00:00+00:00,3301.94,3312.723,3300.376,3309.551,15200,,,,,bearish,1.0,bullish_engulfing,2.0,2.0,0,0,0,1,0,1,0.0,12.0,0.0,10.295071428571353,5.296538317353278e-07,HOLD,10.295071428571353
2025-07-07 13:00:00+00:00,3309.661,3317.088,3306.199,3316.297,13795,,,,,bearish,0.0,none,0.0,0.0,0,0,0,0,0,0,0.0,13.0,0.0,10.478357142857051,1.1045269803746581e-06,HOLD,10.478357142857053
2025-07-07 14:00:00+00:00,3316.333,3321.326,3313.276,3318.094,10637,,,,,bearish,0.0,none,0.0,0.0,0,0,0,0,0,0,0.0,14.0,0.0,10.478428571428497,1.0651515781048168e-06,HOLD,10.478428571428497
2025-07-07 15:00:00+00:00,3318.049,3322.031,3316.089,3320.849,6447,,,,,bearish,0.0,none,0.0,0.0,0,0,0,0,0,0,0.0,15.0,0.0,9.397642857142792,1.0651515770011981e-06,HOLD,9.397642857142793
2025-07-07 16:00:00+00:00,3320.784,3328.091,3320.082,3327.367,9457,,,,,bearish,0.0,none,0.0,0.0,0,0,0,0,0,0,0.0,16.0,0.0,9.127142857142806,1.05780963571423e-06,HOLD,9.127142857142806
2025-07-07 17:00:00+00:00,3327.404,3335.792,3327.31,3332.018,8419,,,,,bearish,0.0,none,0.0,0.0,0,0,0,0,0,0,0.0,17.0,0.0,9.145571428571396,1.057809638948599e-06,HOLD,9.145571428571397
2025-07-07 18:00:00+00:00,3331.911,3335.706,3328.439,3334.291,6380,,,,,bearish,0.0,none,0.0,0.0,0,0,0,0,0,0,0.0,18.0,0.0,9.155785714285717,1.1617340898633133e-06,HOLD,9.155785714285717
2025-07-07 19:00:00+00:00,3334.302,3340.438,3334.302,3336.988,5680,,,,,bearish,0.0,none,0.0,0.0,0,0,0,0,0,0,0.0,19.0,0.0,9.01664285714287,1.5214448838448697e-06,HOLD,9.01664285714287
2025-07-07 20:00:00+00:00,3337.025,3338.067,3335.393,3336.54,3519,,,,,bearish,0.0,none,1.0,1.0,0,0,0,1,0,0,0.0,20.0,0.0,8.711357142857164,0.999998160169307,BUY,8.711357142857164
2025-07-07 22:00:00+00:00,3340.918,3345.827,3338.89,3339.804,5569,3345.827,,,choch ↑,bullish,0.0,none,2.0,2.0,1,1,0,0,0,0,0.0,22.0,0.0,8.474500000000035,3.9865892842592663e-07,HOLD,8.474500000000035
2025-07-07 23:00:00+00:00,3339.8,3340.135,3333.916,3334.653,5599,3340.135,,,,bullish,0.0,none,2.0,2.0,1,0,0,1,0,0,0.0,23.0,0.0,8.09600000000007,4.2708348314822205e-07,HOLD,8.09600000000007
2025-07-08 00:00:00+00:00,3334.697,3337.3,3331.148,3334.261,9177,,3331.148,,,bullish,5.0,doji,2.0,2.0,1,0,0,0,0,1,0.0,0.0,1.0,8.120642857142943,4.858140970144267e-07,HOLD,8.120642857142943
2025-07-08 01:00:00+00:00,3334.23,3336.971,3329.717,3334.844,10224,,,,,bullish,5.0,doji,2.0,2.0,0,0,0,1,0,1,0.0,1.0,1.0,7.610142857142916,4.858141150838416e-07,HOLD,7.610142857142916
2025-07-08 02:00:00+00:00,3334.734,3338.035,3332.838,3334.459,7184,3338.035,,,,bullish,5.0,doji,3.0,3.0,1,0,0,1,0,1,0.0,2.0,1.0,7.42257142857144,6.614434241298658e-07,HOLD,7.42257142857144
2025-07-08 03:00:00+00:00,3334.413,3335.477,3329.595,3331.469,5134,,,,,bullish,0.0,none,0.0,0.0,0,0,0,0,0,0,0.0,3.0,1.0,6.960785714285748,1.0345557288913878e-06,HOLD,6.960785714285748
2025-07-08 04:00:00+00:00,3331.416,3332.827,3327.305,3329.612,5294,,3327.305,,choch ↓,bearish,0.0,none,2.0,2.0,1,1,0,0,0,0,0.0,4.0,1.0,6.577428571428625,4.220815410746827e-07,HOLD,6.577428571428625
2025-07-08 05:00:00+00:00,3329.556,3336.596,3329.486,3334.061,5736,,3329.486,,,bearish,1.0,bullish_engulfing,3.0,3.0,1,0,0,1,0,1,0.0,5.0,1.0,6.510285714285764,5.58792523777194e-07,HOLD,6.5102857142857635
2025-07-08 06:00:00+00:00,3334.07,3335.993,3330.784,3335.704,6748,3335.993,,,,bearish,3.0,hammer,2.0,2.0,1,0,0,0,0,1,0.0,6.0,1.0,6.457928571428608,4.858141375302395e-07,HOLD,6.457928571428608
2025-07-08 07:00:00+00:00,3335.752,3339.5,3330.507,3333.915,7344,3339.5,,,choch ↑,bullish,2.0,bearish_engulfing,4.0,4.0,1,1,0,1,0,1,0.0,7.0,1.0,6.528214285714317,7.836314282692984e-07,HOLD,6.528214285714317
2025-07-08 08:00:00+00:00,3333.906,3333.906,3323.248,3323.687,9707,,,,,bullish,0.0,none,0.0,0.0,0,0,0,0,0,0,0.0,8.0,1.0,6.684285714285742,1.0459576410290109e-06,HOLD,6.684285714285742
2025-07-08 09:00:00+00:00,3323.612,3326.736,3321.088,3322.038,7548,,,,,bullish,0.0,none,0.0,0.0,0,0,0,0,0,0,0.0,9.0,1.0,6.568642857142842,1.073324328825339e-06,HOLD,6.568642857142842
2025-07-08 10:00:00+00:00,3322.045,3327.1,3320.406,3324.621,5623,,3320.406,,choch ↓,bearish,0.0,none,3.0,3.0,1,1,0,1,0,0,0.0,10.0,1.0,6.607714285714272,6.858215967961897e-07,HOLD,6.607714285714272
2025-07-08 11:00:00+00:00,3324.658,3327.509,3319.94,3324.971,6686,,,,,bearish,5.0,doji,2.0,2.0,0,0,0,1,0,1,0.0,11.0,1.0,6.957357142857128,4.541128328173959e-07,HOLD,6.957357142857128
2025-07-08 12:00:00+00:00,3325.014,3329.864,3324.701,3328.206,7739,3329.864,,,,bearish,0.0,none,2.0,2.0,1,0,0,1,0,0,0.0,12.0,1.0,6.662785714285682,4.3841375508717947e-07,HOLD,6.662785714285682
2025-07-08 13:00:00+00:00,3328.242,3328.627,3314.758,3315.27,15619,3328.627,,,,bearish,2.0,bearish_engulfing,2.0,2.0,1,0,0,0,0,1,0.0,13.0,1.0,7.20921428571426,4.673143872904805e-07,HOLD,7.20921428571426
2025-07-08 14:00:00+00:00,3315.236,3315.919,3294.284,3296.625,20634,,3294.284,bos ↓,,bearish,0.0,none,2.0,2.0,1,1,0,0,0,0,0.0,14.0,1.0,8.315142857142812,4.4559188178099736e-07,HOLD,8.315142857142812
2025-07-08 15:00:00+00:00,3296.662,3300.322,3287.069,3298.241,15245,,3287.069,bos ↓,,bearish,3.0,hammer,4.0,4.0,1,1,0,1,0,1,0.0,15.0,1.0,8.743642857142829,9.516411044669234e-07,HOLD,8.743642857142829
2025-07-08 16:00:00+00:00,3298.249,3301.641,3295.938,3300.481,9863,,,,,bearish,0.0,none,1.0,1.0,0,0,0,1,0,0,0.0,16.0,1.0,8.779785714285708,0.9999982930931203,BUY,8.779785714285708
2025-07-08 17:00:00+00:00,3300.446,3310.426,3299.302,3306.352,13682,3310.426,,,,bearish,0.0,none,2.0,2.0,1,0,0,1,0,0,0.0,17.0,1.0,9.15421428571426,4.455918810426719e-07,HOLD,9.15421428571426
2025-07-08 18:00:00+00:00,3306.304,3308.144,3300.601,3305.401,7239,3308.144,,,,bearish,0.0,none,2.0,2.0,1,0,0,1,0,0,0.0,18.0,1.0,9.298571428571352,4.455918810426719e-07,HOLD,9.298571428571352
2025-07-08 19:00:00+00:00,3305.438,3306.163,3302.379,3302.992,5398,,,,,bearish,0.0,none,1.0,1.0,0,0,0,1,0,0,0.0,19.0,1.0,9.060999999999922,0.9999982930931203,BUY,9.060999999999922
2025-07-08 20:00:00+00:00,3303.02,3303.776,3299.326,3301.488,3762,,,,,bearish,0.0,none,1.0,1.0,0,0,0,1,0,0,0.0,20.0,1.0,9.006785714285636,0.9999982930931203,BUY,9.006785714285636
2025-07-08 22:00:00+00:00,3303.13,3304.074,3300.335,3301.589,4012,,3300.335,,,bearish,0.0,none,2.0,2.0,1,0,0,1,0,0,0.0,22.0,1.0,8.631499999999928,4.4559188104269565e-07,HOLD,8.631499999999928
2025-07-08 23:00:00+00:00,3301.616,3303.916,3297.199,3302.277,6218,,3297.199,bos ↓,,bearish,5.0,doji,4.0,4.0,1,1,0,1,0,1,0.0,23.0,1.0,8.349357142857084,9.532828546779348e-07,HOLD,8.349357142857084
2025-07-09 00:00:00+00:00,3302.365,3308.003,3301.815,3307.156,7434,3308.003,,,,bearish,0.0,none,1.0,1.0,1,0,0,0,0,0,0.0,0.0,2.0,8.387928571428542,0.9999981292686919,BUY,8.387928571428542
2025-07-09 01:00:00+00:00,3307.109,3307.286,3299.262,3301.854,9244,3307.286,,,,bearish,0.0,none,2.0,2.0,1,0,0,1,0,0,0.0,1.0,2.0,8.482928571428536,4.2545782139687775e-07,HOLD,8.482928571428536
2025-07-09 02:00:00+00:00,3301.818,3303.02,3286.336,3288.57,10428,,3286.336,bos ↓,,bearish,0.0,none,2.0,2.0,1,1,0,0,0,0,0.0,2.0,2.0,9.133999999999984,4.2545782139687775e-07,HOLD,9.133999999999983
2025-07-09 03:00:00+00:00,3288.536,3294.76,3284.909,3293.276,8908,,3284.909,bos ↓,,bearish,0.0,none,3.0,3.0,1,1,0,1,0,0,0.0,3.0,2.0,9.468857142857132,6.571853878855409e-07,HOLD,9.468857142857132
2025-07-09 04:00:00+00:00,3293.244,3296.356,3291.192,3293.965,5120,,,,,bearish,4.0,inverted_hammer,2.0,2.0,0,0,0,1,0,1,0.0,4.0,2.0,8.847071428571423,5.068677168642071e-07,HOLD,8.847071428571423
2025-07-09 05:00:00+00:00,3293.898,3297.875,3288.964,3289.441,8184,3297.875,,,,bearish,0.0,none,2.0,2.0,1,0,0,1,0,0,0.0,5.0,2.0,7.938214285714301,4.2545782139687775e-07,HOLD,7.938214285714301
2025-07-09 06:00:00+00:00,3289.484,3292.758,3285.495,3292.194,9629,,,,,bearish,0.0,none,1.0,1.0,0,0,0,1,0,0,0.0,6.0,2.0,7.510357142857141,0.9999981401343353,BUY,7.510357142857141
2025-07-09 07:00:00+00:00,3292.266,3295.959,3288.279,3291.852,9923,,,,,bearish,5.0,doji,2.0,2.0,0,0,0,1,0,1,0.0,7.0,2.0,7.651571428571417,5.213494605416629e-07,HOLD,7.651571428571417
2025-07-09 08:00:00+00:00,3291.822,3292.677,3282.626,3285.04,9172,,3282.626,bos ↓,,bearish,0.0,none,2.0,2.0,1,1,0,0,0,0,0.0,8.0,2.0,7.57492857142857,4.376136106915112e-07,HOLD,7.57492857142857
2025-07-09 09:00:00+00:00,3285.082,3290.399,3284.331,3289.173,7033,,,,,bearish,0.0,none,1.0,1.0,0,0,0,1,0,0,0.0,9.0,2.0,7.469571428571434,0.9999982569608805,BUY,7.469571428571434
2025-07-09 10:00:00+00:00,3289.128,3295.987,3288.197,3295.552,6216,,,,,bearish,0.0,none,0.0,0.0,0,0,0,0,0,0,0.0,10.0,2.0,7.755714285714281,1.2614753859707881e-06,HOLD,7.755714285714281
2025-07-09 11:00:00+00:00,3295.516,3295.934,3283.24,3284.936,7804,,3283.24,,,bearish,0.0,none,1.0,1.0,1,0,0,0,0,0,0.0,11.0,2.0,8.344571428571466,0.9999982761356593,BUY,8.344571428571466
2025-07-09 12:00:00+00:00,3284.969,3297.487,3284.969,3296.365,10137,,3284.969,,,bearish,0.0,none,1.0,1.0,1,0,0,0,0,0,0.0,12.0,2.0,8.97400000000003,0.9999982771849267,BUY,8.97400000000003
2025-07-09 13:00:00+00:00,3296.329,3305.266,3291.888,3300.198,15108,,,,,bearish,0.0,none,0.0,0.0,0,0,0,0,0,0,0.0,13.0,2.0,9.449785714285747,1.251869962400266e-06,HOLD,9.449785714285749
2025-07-09 14:00:00+00:00,3300.167,3312.916,3299.562,3312.275,12314,,,,,bearish,0.0,none,0.0,0.0,0,0,0,0,0,0,0.0,14.0,2.0,9.961642857142904,1.2518699624002994e-06,HOLD,9.961642857142904
2025-07-09 15:00:00+00:00,3312.311,3312.889,3306.327,3309.606,8036,,,,,bearish,0.0,none,1.0,1.0,0,0,0,1,0,0,0.0,15.0,2.0,9.857214285714331,0.9999982753349201,BUY,9.857214285714333
2025-07-09 16:00:00+00:00,3309.555,3313.324,3307.91,3311.88,5886,,,,,bearish,0.0,none,1.0,1.0,0,0,0,1,0,0,0.0,16.0,2.0,9.052214285714332,0.9999982753349201,BUY,9.052214285714333
2025-07-09 17:00:00+00:00,3311.906,3314.616,3308.07,3309.498,6007,,,,,bearish,2.0,bearish_engulfing,2.0,2.0,0,0,0,1,0,1,0.0,17.0,2.0,8.816142857142884,5.296537739689937e-07,HOLD,8.816142857142884
2025-07-09 18:00:00+00:00,3309.574,3313.683,3308.081,3311.42,5544,,,,,bearish,0.0,none,1.0,1.0,0,0,0,1,0,0,0.0,18.0,2.0,8.847428571428575,0.9999982753349201,BUY,8.847428571428575
2025-07-09 19:00:00+00:00,3311.377,3316.874,3310.915,3315.605,5683,,,,,bearish,0.0,none,0.0,0.0,0,0,0,0,0,0,0.0,19.0,2.0,8.636571428571415,1.1045269678711307e-06,HOLD,8.636571428571415
2025-07-09 20:00:00+00:00,3315.645,3315.879,3311.59,3313.846,3360,,,,,bearish,0.0,none,1.0,1.0,0,0,0,1,0,0,0.0,20.0,2.0,8.424142857142831,0.9999982753349201,BUY,8.424142857142831
2025-07-09 22:00:00+00:00,3315.279,3321.176,3314.721,3319.464,3846,,,,,bearish,0.0,none,0.0,0.0,0,0,0,0,0,0,0.0,22.0,2.0,8.399142857142838,1.0651515660470474e-06,HOLD,8.399142857142838
2025-07-09 23:00:00+00:00,3319.471,3319.723,3315.675,3317.639,4004,,,,,bearish,0.0,none,1.0,1.0,0,0,0,1,0,0,0.0,23.0,2.0,7.970357142857113,0.999997973005696,BUY,7.970357142857113
2025-07-10 00:00:00+00:00,3317.559,3321.964,3316.617,3317.746,7122,,,,,bearish,5.0,doji,2.0,2.0,0,0,0,1,0,1,0.0,0.0,3.0,7.918857142857113,4.4718373470592436e-07,HOLD,7.918857142857113
2025-07-10 01:00:00+00:00,3317.708,3326.415,3316.401,3322.181,7824,3326.415,,,choch ↑,bullish,0.0,none,2.0,2.0,1,1,0,0,0,0,0.0,1.0,3.0,8.077714285714267,3.7535989928830037e-07,HOLD,8.077714285714267
2025-07-10 02:00:00+00:00,3322.073,3323.679,3318.141,3319.174,5557,3323.679,,,,bullish,0.0,none,2.0,2.0,1,0,0,1,0,0,0.0,2.0,3.0,7.566571428571381,3.75359899288295e-07,HOLD,7.566571428571381
2025-07-10 03:00:00+00:00,3319.216,3320.19,3315.362,3315.747,4903,,3315.362,,,bullish,0.0,none,1.0,1.0,1,0,0,0,0,0,0.0,3.0,3.0,7.014928571428527,0.9999981449309479,BUY,7.014928571428527
2025-07-10 04:00:00+00:00,3315.682,3322.56,3314.773,3322.139,4260,,3314.773,,choch ↓,bearish,1.0,bullish_engulfing,4.0,4.0,1,1,0,1,0,1,0.0,4.0,3.0,6.615571428571359,1.1406567433572555e-06,HOLD,6.615571428571359
2025-07-10 05:00:00+00:00,3322.212,3325.053,3320.676,3321.308,5514,,,,,bearish,0.0,none,1.0,1.0,0,0,0,1,0,0,0.0,5.0,3.0,5.974357142857051,0.999998076354764,BUY,5.974357142857051
2025-07-10 06:00:00+00:00,3321.149,3328.535,3320.902,3325.252,6515,,,,,bearish,1.0,bullish_engulfing,1.0,1.0,0,0,0,0,0,1,0.0,6.0,3.0,6.050857142857045,0.9999981319376463,BUY,6.050857142857045
2025-07-10 07:00:00+00:00,3325.211,3329.486,3319.867,3321.047,7106,,3319.867,,,bearish,0.0,none,2.0,2.0,1,0,0,1,0,0,0.0,7.0,3.0,6.35121428571415,3.860843305740313e-07,HOLD,6.35121428571415
2025-07-10 08:00:00+00:00,3321.071,3330.124,3319.862,3328.633,5892,3330.124,3319.862,,choch ↓,bearish,0.0,none,2.0,2.0,1,1,0,0,0,0,0.0,8.0,3.0,6.616642857142714,4.464542312853921e-07,HOLD,6.616642857142714
2025-07-10 09:00:00+00:00,3328.575,3330.289,3323.203,3326.474,6384,,,,,bearish,0.0,none,1.0,1.0,0,0,0,1,0,0,0.0,9.0,3.0,6.72264285714274,0.9999982007178385,BUY,6.72264285714274
2025-07-10 10:00:00+00:00,3326.507,3328.719,3322.246,3325.3,6613,,,,,bearish,0.0,none,1.0,1.0,0,0,0,1,0,0,0.0,10.0,3.0,6.759357142857035,0.9999982316053011,BUY,6.759357142857035
2025-07-10 11:00:00+00:00,3325.341,3330.337,3318.331,3320.411,8592,3330.337,,,choch ↑,bullish,0.0,none,2.0,2.0,1,1,0,0,0,0,0.0,11.0,3.0,7.310571428571328,3.96139536153931e-07,HOLD,7.310571428571328
2025-07-10 12:00:00+00:00,3320.424,3326.089,3317.922,3323.783,9896,,,,,bullish,0.0,none,1.0,1.0,0,0,0,1,0,0,0.0,12.0,3.0,7.370357142857041,0.9999981885250612,BUY,7.370357142857041
2025-07-10 13:00:00+00:00,3323.746,3329.472,3311.935,3312.836,18035,,3311.935,,choch ↓,bearish,0.0,none,2.0,2.0,1,1,0,0,0,0,0.0,13.0,3.0,8.333857142857076,4.620367126218836e-07,HOLD,8.333857142857076
2025-07-10 14:00:00+00:00,3312.786,3321.585,3310.064,3314.931,13320,,3310.064,bos ↓,,bearish,4.0,inverted_hammer,4.0,4.0,1,1,0,1,0,1,0.0,14.0,3.0,8.774857142857106,8.261868089723352e-07,HOLD,8.774857142857106
2025-07-10 15:00:00+00:00,3314.967,3321.52,3314.558,3319.743,7246,,,,,bearish,0.0,none,1.0,1.0,0,0,0,1,0,0,0.0,15.0,3.0,8.556857142857098,0.999998186587965,BUY,8.556857142857098
2025-07-10 16:00:00+00:00,3319.711,3320.003,3312.108,3315.138,6595,,,,,bearish,0.0,none,1.0,1.0,0,0,0,1,0,0,0.0,16.0,3.0,8.72521428571424,0.9999982512344436,BUY,8.72521428571424
2025-07-10 17:00:00+00:00,3315.016,3318.641,3314.649,3317.278,5637,,,,,bearish,0.0,none,1.0,1.0,0,0,0,1,0,0,0.0,17.0,3.0,8.665499999999968,0.999998186587965,BUY,8.665499999999968
2025-07-10 18:00:00+00:00,3317.291,3321.854,3316.431,3321.513,5295,,,,,bearish,0.0,none,0.0,0.0,0,0,0,0,0,0,0.0,18.0,3.0,8.496642857142822,1.1955883213592615e-06,HOLD,8.496642857142822
2025-07-10 19:00:00+00:00,3321.551,3325.91,3321.363,3324.826,5506,,,,,bearish,0.0,none,0.0,0.0,0,0,0,0,0,0,0.0,19.0,3.0,8.508785714285684,1.1955883213592361e-06,HOLD,8.508785714285684
2025-07-10 20:00:00+00:00,3324.851,3325.316,3323.348,3324.489,3069,,,,,bearish,0.0,none,1.0,1.0,0,0,0,1,0,0,0.0,20.0,3.0,8.104142857142831,0.999998186587965,BUY,8.104142857142831
2025-07-10 22:00:00+00:00,3325.207,3326.476,3321.84,3323.256,4774,,,,,bearish,0.0,none,1.0,1.0,0,0,0,1,0,0,0.0,22.0,3.0,7.748214285714279,0.9999981865879652,BUY,7.748214285714279
2025-07-10 23:00:00+00:00,3323.157,3326.401,3322.926,3323.808,3517,,3322.926,,,bearish,4.0,inverted_hammer,3.0,3.0,1,0,0,1,0,1,0.0,23.0,3.0,7.263428571428578,8.970203955510847e-07,HOLD,7.2634285714285785
2025-07-11 00:00:00+00:00,3323.764,3336.154,3323.637,3330.627,10624,3336.154,,,choch ↑,bullish,0.0,none,2.0,2.0,1,1,0,0,0,0,0.0,0.0,4.0,7.651357142857121,4.3765870984545576e-07,HOLD,7.651357142857121
2025-07-11 01:00:00+00:00,3330.58,3331.604,3325.25,3329.583,9516,,,,,bullish,0.0,none,1.0,1.0,0,0,0,1,0,0,0.0,1.0,4.0,7.64285714285711,0.9999981778590203,BUY,7.64285714285711
2025-07-11 02:00:00+00:00,3329.552,3334.992,3327.173,3332.62,6400,,,,,bullish,1.0,bullish_engulfing,1.0,1.0,0,0,0,0,0,1,0.0,2.0,4.0,7.343785714285722,0.9999981871826258,BUY,7.343785714285722
2025-07-11 03:00:00+00:00,3332.642,3336.006,3332.165,3333.765,4556,,,,,bullish,0.0,none,0.0,0.0,0,0,0,0,0,0,0.0,3.0,4.0,7.03478571428572,1.189166351221868e-06,HOLD,7.03478571428572
2025-07-11 04:00:00+00:00,3333.757,3335.389,3329.517,3331.999,4580,,,,,bullish,0.0,none,1.0,1.0,0,0,0,1,0,0,0.0,4.0,4.0,6.2015714285714365,0.999998182503507,BUY,6.2015714285714365
2025-07-11 05:00:00+00:00,3331.964,3341.65,3331.964,3334.02,9163,,,,,bullish,4.0,inverted_hammer,1.0,1.0,0,0,0,0,0,1,0.0,5.0,4.0,6.070500000000005,0.9999981059745453,BUY,6.070500000000005
2025-07-11 06:00:00+00:00,3334.051,3343.827,3332.12,3332.567,9296,3343.827,,bos ↑,,bullish,0.0,none,3.0,3.0,1,1,0,1,0,0,0.0,6.0,4.0,6.4094285714286015,5.909822250368125e-07,HOLD,6.4094285714286015
2025-07-11 07:00:00+00:00,3332.52,3342.264,3331.086,3341.833,8569,3342.264,3331.086,,,bullish,1.0,bullish_engulfing,2.0,2.0,1,0,0,0,0,1,0.0,7.0,4.0,6.643928571428627,4.6079517876072577e-07,HOLD,6.643928571428627
2025-07-11 08:00:00+00:00,3341.789,3343.804,3332.867,3333.087,9388,,,,,bullish,0.0,none,1.0,1.0,0,0,0,1,0,0,0.0,8.0,4.0,7.140000000000035,0.9999982361065107,BUY,7.140000000000035
2025-07-11 09:00:00+00:00,3333.119,3340.0,3332.669,3339.449,6914,,,,,bullish,0.0,none,1.0,1.0,0,0,0,1,0,0,0.0,9.0,4.0,7.276285714285775,0.9999984842104067,BUY,7.276285714285775
2025-07-11 10:00:00+00:00,3339.486,3348.248,3339.486,3345.011,7465,,,,,bullish,0.0,none,0.0,0.0,0,0,0,0,0,0,0.0,10.0,4.0,7.580000000000057,1.6094447671875332e-06,HOLD,7.580000000000057
2025-07-11 11:00:00+00:00,3345.053,3350.305,3342.034,3347.507,8060,,,,,bullish,0.0,none,0.0,0.0,0,0,0,0,0,0,0.0,11.0,4.0,8.030214285714335,1.6332896730514503e-06,HOLD,8.030214285714335
2025-07-11 12:00:00+00:00,3347.526,3357.107,3344.356,3355.081,12761,,,,,bullish,0.0,none,1.0,1.0,0,0,0,0,1,0,0.0,12.0,4.0,8.609857142857177,0.999998471544808,BUY,8.609857142857177
2025-07-11 13:00:00+00:00,3355.127,3359.228,3350.059,3351.916,19255,,,,,bullish,0.0,none,2.0,2.0,0,0,0,1,1,0,0.0,13.0,4.0,9.016571428571458,4.1423630346615147e-07,HOLD,9.016571428571458
2025-07-11 14:00:00+00:00,3351.889,3363.882,3350.231,3361.167,16719,3363.882,,bos ↑,,bullish,1.0,bullish_engulfing,4.0,4.0,1,1,0,0,1,1,0.0,14.0,4.0,9.09757142857146,8.319254750179697e-07,HOLD,9.09757142857146
2025-07-11 15:00:00+00:00,3361.124,3368.749,3356.854,3358.915,12115,3368.749,,bos ↑,,bullish,0.0,none,4.0,4.0,1,1,0,1,1,0,0.0,15.0,4.0,9.493357142857189,5.711782829884394e-07,HOLD,9.493357142857187
2025-07-11 16:00:00+00:00,3358.884,3359.717,3352.804,3353.809,8856,,,,,bullish,0.0,none,2.0,2.0,0,0,0,1,1,0,0.0,16.0,4.0,9.428642857142872,4.1951735936069256e-07,HOLD,9.428642857142872
2025-07-11 17:00:00+00:00,3353.779,3354.085,3349.185,3353.345,7225,,3349.185,,,bullish,5.0,doji,4.0,4.0,1,0,0,1,1,1,0.0,17.0,4.0,9.504285714285745,6.232331484280382e-07,HOLD,9.504285714285743
2025-07-11 18:00:00+00:00,3353.38,3358.482,3353.264,3356.101,5957,,,,,bullish,0.0,none,2.0,2.0,0,0,0,1,1,0,0.0,18.0,4.0,9.457571428571423,4.195173493176486e-07,HOLD,9.457571428571425
2025-07-11 19:00:00+00:00,3356.064,3359.802,3355.534,3356.411,5866,,,,,bullish,5.0,doji,3.0,3.0,0,0,0,1,1,1,0.0,19.0,4.0,9.070571428571416,7.350866475870178e-07,HOLD,9.070571428571416
2025-07-11 20:00:00+00:00,3356.459,3358.959,3353.594,3355.105,3730,,,,,bullish,2.0,bearish_engulfing,3.0,3.0,0,0,0,1,1,1,0.0,20.0,4.0,8.617571428571377,7.350866949875936e-07,HOLD,8.617571428571377
2025-07-13 22:00:00+00:00,3361.295,3371.157,3359.658,3369.181,9673,,,,,bullish,0.0,none,1.0,1.0,0,0,0,0,1,0,0.0,22.0,6.0,8.965714285714219,0.9999984372480942,BUY,8.965714285714219
2025-07-13 23:00:00+00:00,3369.222,3374.044,3366.326,3367.772,8225,3374.044,,bos ↑,,bullish,0.0,none,4.0,4.0,1,1,0,1,1,0,0.0,23.0,6.0,8.735785714285644,5.7220124356078e-07,HOLD,8.735785714285644
2025-07-14 00:00:00+00:00,3367.731,3373.318,3364.916,3367.628,9213,3373.318,,,,bullish,5.0,doji,4.0,4.0,1,0,0,1,1,1,0.0,0.0,0.0,8.812285714285638,7.68744074549064e-07,HOLD,8.812285714285638
2025-07-14 01:00:00+00:00,3367.582,3370.164,3356.993,3358.812,11599,,,,,bullish,0.0,none,2.0,2.0,0,0,0,1,1,0,0.0,1.0,0.0,9.124571428571372,3.8630463368153714e-07,HOLD,9.124571428571373
2025-07-14 02:00:00+00:00,3358.758,3359.583,3353.865,3357.393,7384,,,,,bullish,0.0,none,2.0,2.0,0,0,0,1,1,0,0.0,2.0,0.0,8.942214285714272,3.8630465979059977e-07,HOLD,8.942214285714272
2025-07-14 03:00:00+00:00,3357.435,3359.663,3355.41,3356.964,5637,,,,,bullish,0.0,none,1.0,1.0,0,0,0,0,1,0,0.0,3.0,0.0,8.3352142857143,0.999998375198221,BUY,8.3352142857143
2025-07-14 04:00:00+00:00,3356.952,3361.688,3353.735,3359.794,6410,,3353.735,,,bullish,1.0,bullish_engulfing,4.0,4.0,1,0,0,1,1,1,0.0,4.0,0.0,8.248357142857165,6.968259851108878e-07,HOLD,8.248357142857165
2025-07-14 05:00:00+00:00,3359.742,3360.446,3353.738,3357.649,7352,,3353.738,,,bullish,0.0,none,3.0,3.0,1,0,0,1,1,0,0.0,5.0,0.0,7.752428571428611,4.740690375721185e-07,HOLD,7.752428571428611
2025-07-14 06:00:00+00:00,3357.613,3369.697,3356.649,3368.882,8334,,,,,bullish,1.0,bullish_engulfing,2.0,2.0,0,0,0,0,1,1,0.0,6.0,0.0,7.834785714285772,4.6364199371910547e-07,HOLD,7.834785714285772
2025-07-14 07:00:00+00:00,3368.834,3375.078,3366.653,3371.948,9134,3375.078,,bos ↑,,bullish,0.0,none,3.0,3.0,1,1,0,0,1,0,0.0,7.0,0.0,7.942785714285784,4.665267380675096e-07,HOLD,7.942785714285784
2025-07-14 08:00:00+00:00,3371.956,3372.62,3365.324,3365.875,6985,,,,,bullish,2.0,bearish_engulfing,3.0,3.0,0,0,0,1,1,1,0.0,8.0,0.0,8.113928571428621,6.033647308681565e-07,HOLD,8.113928571428621
2025-07-14 09:00:00+00:00,3365.973,3370.357,3364.034,3370.233,5640,,,,,bullish,0.0,none,2.0,2.0,0,0,0,1,1,0,0.0,9.0,0.0,8.192857142857195,4.041939652141415e-07,HOLD,8.192857142857195
2025-07-14 10:00:00+00:00,3370.205,3374.647,3369.76,3372.015,6008,3374.647,,,,bullish,0.0,none,2.0,2.0,1,0,0,0,1,0,0.0,10.0,0.0,8.237071428571458,4.0769014982164857e-07,HOLD,8.237071428571458
2025-07-14 11:00:00+00:00,3372.02,3373.041,3363.917,3364.169,7047,3373.041,,,,bullish,2.0,bearish_engulfing,3.0,3.0,1,0,0,0,1,1,0.0,11.0,0.0,8.505571428571491,6.968468872347678e-07,HOLD,8.505571428571491
2025-07-14 12:00:00+00:00,3364.192,3366.607,3349.319,3350.065,13000,,,,,bullish,0.0,none,0.0,0.0,0,0,0,0,0,0,0.0,12.0,0.0,8.593857142857198,1.478052152042073e-06,HOLD,8.593857142857198
2025-07-14 13:00:00+00:00,3350.103,3359.073,3347.139,3355.266,13264,,,,,bullish,0.0,none,2.0,2.0,0,0,0,1,1,0,0.0,13.0,0.0,8.895000000000048,4.045858717896389e-07,HOLD,8.895000000000048
2025-07-14 14:00:00+00:00,3355.19,3356.311,3340.954,3343.045,12947,,3340.954,,choch ↓,bearish,0.0,none,2.0,2.0,1,1,0,0,0,0,0.0,14.0,0.0,9.391785714285756,3.74693715308921e-07,HOLD,9.391785714285756
2025-07-14 15:00:00+00:00,3343.097,3349.77,3342.394,3345.105,8579,,3342.394,,,bearish,4.0,inverted_hammer,3.0,3.0,1,0,0,1,0,1,0.0,15.0,0.0,8.977857142857179,7.891331282193484e-07,HOLD,8.977857142857179
2025-07-14 16:00:00+00:00,3345.044,3349.275,3343.082,3347.75,6334,,,,,bearish,0.0,none,1.0,1.0,0,0,0,1,0,0,0.0,16.0,0.0,9.011785714285743,0.9999981293602108,BUY,9.011785714285745
2025-07-14 17:00:00+00:00,3347.735,3351.678,3347.326,3351.044,5352,3351.678,,,,bearish,0.0,none,2.0,2.0,1,0,0,1,0,0,0.0,17.0,0.0,9.018857142857152,3.713830123991618e-07,HOLD,9.018857142857152
2025-07-14 18:00:00+00:00,3351.026,3351.192,3347.899,3348.886,4396,3351.192,,,,bearish,0.0,none,2.0,2.0,1,0,0,1,0,0,0.0,18.0,0.0,8.68600000000002,3.742152188832304e-07,HOLD,8.68600000000002
2025-07-14 19:00:00+00:00,3348.937,3350.486,3343.179,3344.125,5677,,,,,bearish,0.0,none,1.0,1.0,0,0,0,1,0,0,0.0,19.0,0.0,8.728785714285712,0.9999980826737112,BUY,8.728785714285712
2025-07-14 20:00:00+00:00,3344.103,3345.623,3341.217,3342.572,3566,,3341.217,bos ↓,,bearish,0.0,none,2.0,2.0,1,1,0,0,0,0,0.0,20.0,0.0,8.111499999999978,3.746937145281965e-07,HOLD,8.111499999999978
2025-07-14 22:00:00+00:00,3343.626,3345.72,3341.301,3345.72,2968,,3341.301,,,bearish,0.0,none,2.0,2.0,1,0,0,1,0,0,0.0,22.0,0.0,7.825357142857099,3.746937139741045e-07,HOLD,7.825357142857099
2025-07-14 23:00:00+00:00,3345.733,3346.556,3343.945,3345.337,3261,,,,,bearish,0.0,none,1.0,1.0,0,0,0,1,0,0,0.0,23.0,0.0,7.490714285714246,0.9999980826737118,BUY,7.490714285714246
2025-07-15 00:00:00+00:00,3345.299,3349.367,3344.758,3347.626,4606,,,,,bearish,1.0,bullish_engulfing,2.0,2.0,0,0,0,1,0,1,0.0,0.0,1.0,7.368285714285711,4.293866294722097e-07,HOLD,7.368285714285711
2025-07-15 01:00:00+00:00,3347.597,3350.72,3345.969,3346.585,5887,,,,,bearish,0.0,none,1.0,1.0,0,0,0,1,0,0,0.0,1.0,1.0,7.358571428571428,0.9999979407051983,BUY,7.358571428571428
2025-07-15 02:00:00+00:00,3346.568,3352.03,3345.809,3350.97,6027,,,,,bearish,1.0,bullish_engulfing,1.0,1.0,0,0,0,0,0,1,0.0,2.0,1.0,7.151214285714267,0.9999980502865145,BUY,7.151214285714267
2025-07-15 03:00:00+00:00,3350.856,3358.334,3350.732,3357.841,5693,,,,,bearish,0.0,none,1.0,1.0,0,0,0,0,1,0,0.0,3.0,1.0,6.4593571428571135,0.9999983648559491,BUY,6.4593571428571135
2025-07-15 04:00:00+00:00,3357.853,3361.426,3357.58,3360.241,4788,,,,,bearish,0.0,none,1.0,1.0,0,0,0,0,1,0,0.0,4.0,1.0,5.881642857142846,0.9999982963268025,BUY,5.881642857142846
2025-07-15 05:00:00+00:00,3360.232,3365.194,3360.232,3362.237,5253,,,,,bearish,0.0,none,1.0,1.0,0,0,0,0,1,0,0.0,5.0,1.0,5.139142857142848,0.999998294057698,BUY,5.139142857142848
2025-07-15 06:00:00+00:00,3362.202,3364.155,3357.637,3358.079,7013,,,,,bearish,0.0,none,2.0,2.0,0,0,0,1,1,0,0.0,6.0,1.0,5.077857142857121,3.863046404597574e-07,HOLD,5.077857142857121
2025-07-15 07:00:00+00:00,3358.189,3365.422,3357.47,3364.347,6611,3365.422,3357.47,,choch ↑,bullish,0.0,none,3.0,3.0,1,1,0,0,1,0,0.0,7.0,1.0,5.203499999999979,4.65951870122938e-07,HOLD,5.203499999999979
2025-07-15 08:00:00+00:00,3364.374,3365.629,3356.549,3361.025,8639,,3356.549,,choch ↓,bearish,0.0,none,4.0,4.0,1,1,0,1,1,0,0.0,8.0,1.0,5.541214285714269,6.325838463587571e-07,HOLD,5.541214285714269
2025-07-15 09:00:00+00:00,3361.06,3364.755,3358.623,3363.37,6907,,,,,bearish,0.0,none,2.0,2.0,0,0,0,1,1,0,0.0,9.0,1.0,5.743999999999979,4.0419396497857256e-07,HOLD,5.743999999999979
2025-07-15 10:00:00+00:00,3363.343,3366.356,3361.117,3361.266,5475,3366.356,,,choch ↑,bullish,0.0,none,4.0,4.0,1,1,0,1,1,0,0.0,10.0,1.0,5.596285714285711,5.965159851895844e-07,HOLD,5.596285714285711
2025-07-15 11:00:00+00:00,3361.295,3362.105,3353.954,3354.932,7193,,,,,bullish,0.0,none,1.0,1.0,0,0,0,0,1,0,0.0,11.0,1.0,5.863785714285704,0.9999984239527432,BUY,5.8637857142857035
2025-07-15 12:00:00+00:00,3354.892,3360.367,3346.382,3348.856,15375,,,,,bullish,0.0,none,0.0,0.0,0,0,0,0,0,0,0.0,12.0,1.0,6.547071428571436,1.4666879603043356e-06,HOLD,6.547071428571436
2025-07-15 13:00:00+00:00,3348.85,3352.402,3334.37,3346.489,20433,,,,,bullish,0.0,none,0.0,0.0,0,0,0,0,0,0,0.0,13.0,1.0,7.648571428571456,1.4170351791026123e-06,HOLD,7.648571428571456
2025-07-15 14:00:00+00:00,3346.46,3352.17,3342.406,3347.989,13852,,,,,bullish,4.0,inverted_hammer,2.0,2.0,0,0,0,1,0,1,0.0,14.0,1.0,8.016785714285723,4.4868949296688524e-07,HOLD,8.016785714285723
2025-07-15 15:00:00+00:00,3348.022,3349.908,3325.341,3328.996,15953,,3325.341,,choch ↓,bearish,2.0,bearish_engulfing,3.0,3.0,1,1,0,0,0,1,0.0,15.0,1.0,9.432214285714313,8.913728599502727e-07,HOLD,9.432214285714313
2025-07-15 16:00:00+00:00,3328.957,3330.279,3320.218,3329.274,11060,,3320.218,bos ↓,,bearish,5.0,doji,4.0,4.0,1,1,0,1,0,1,0.0,16.0,1.0,9.706500000000036,1.2099812751085873e-06,HOLD,9.706500000000037
2025-07-15 17:00:00+00:00,3329.298,3331.382,3325.852,3328.179,6476,,,,,bearish,2.0,bearish_engulfing,1.0,1.0,0,0,0,0,0,1,0.0,17.0,1.0,9.558500000000064,0.9999980406569083,BUY,9.558500000000063
2025-07-15 18:00:00+00:00,3328.186,3331.936,3325.84,3328.877,5604,3331.936,,,,bearish,4.0,inverted_hammer,3.0,3.0,1,0,0,1,0,1,0.0,18.0,1.0,9.719214285714347,8.913727976243127e-07,HOLD,9.719214285714347
2025-07-15 19:00:00+00:00,3328.842,3331.221,3326.421,3330.455,4817,,,,,bearish,0.0,none,1.0,1.0,0,0,0,1,0,0,0.0,19.0,1.0,9.707642857142933,0.9999980996019062,BUY,9.707642857142933
2025-07-15 20:00:00+00:00,3330.408,3331.019,3324.788,3325.267,3191,,3324.788,,,bearish,0.0,none,1.0,1.0,1,0,0,0,0,0,0.0,20.0,1.0,9.687142857142916,0.9999980364128663,BUY,9.687142857142915
2025-07-15 22:00:00+00:00,3325.035,3327.692,3325.035,3326.606,2738,,3325.035,,,bearish,0.0,none,2.0,2.0,1,0,0,1,0,0,0.0,22.0,1.0,9.308928571428623,3.9762040101580855e-07,HOLD,9.308928571428623
2025-07-15 23:00:00+00:00,3326.594,3331.776,3326.323,3331.056,3370,,,,,bearish,0.0,none,0.0,0.0,0,0,0,0,0,0,0.0,23.0,1.0,9.049857142857196,1.0578096387293255e-06,HOLD,9.049857142857197
2025-07-16 00:00:00+00:00,3331.092,3332.596,3328.868,3330.612,5135,3332.596,,,choch ↑,bullish,0.0,none,3.0,3.0,1,1,0,1,0,0,0.0,0.0,2.0,8.878142857142914,5.635669411679127e-07,HOLD,8.878142857142914
2025-07-16 01:00:00+00:00,3330.629,3334.977,3328.861,3330.966,7326,,,,,bullish,5.0,doji,2.0,2.0,0,0,0,1,0,1,0.0,1.0,2.0,8.940785714285767,5.028453596987837e-07,HOLD,8.940785714285767
2025-07-16 02:00:00+00:00,3330.987,3331.573,3325.061,3326.224,5232,,3325.061,,,bullish,2.0,bearish_engulfing,3.0,3.0,1,0,0,1,0,1,0.0,2.0,2.0,8.82371428571433,6.506541549655235e-07,HOLD,8.82371428571433
2025-07-16 03:00:00+00:00,3326.189,3335.084,3325.897,3334.338,5439,,3325.897,,,bullish,1.0,bullish_engulfing,2.0,2.0,1,0,0,0,0,1,0.0,3.0,2.0,8.481000000000027,4.858141342410607e-07,HOLD,8.481000000000027
2025-07-16 04:00:00+00:00,3334.281,3338.667,3332.818,3338.219,4694,,,,,bullish,0.0,none,0.0,0.0,0,0,0,0,0,0,0.0,4.0,2.0,7.61078571428571,1.509605037499527e-06,HOLD,7.61078571428571
2025-07-16 05:00:00+00:00,3338.198,3339.903,3335.601,3338.143,4889,,,,,bullish,5.0,doji,2.0,2.0,0,0,0,1,0,1,0.0,5.0,2.0,7.22064285714282,4.8581412711461e-07,HOLD,7.2206428571428205
2025-07-16 06:00:00+00:00,3338.118,3342.002,3337.74,3339.15,5986,,,,,bullish,4.0,inverted_hammer,1.0,1.0,0,0,0,0,0,1,0.0,6.0,2.0,5.77028571428569,0.9999980768301631,BUY,5.77028571428569
2025-07-16 07:00:00+00:00,3339.288,3340.177,3335.931,3337.808,5666,,,,,bullish,2.0,bearish_engulfing,2.0,2.0,0,0,0,1,0,1,0.0,7.0,2.0,5.354928571428543,4.996943690770806e-07,HOLD,5.354928571428543
2025-07-16 08:00:00+00:00,3337.824,3342.675,3337.695,3342.079,5062,3342.675,,bos ↑,,bullish,0.0,none,2.0,2.0,1,1,0,0,0,0,0.0,8.0,2.0,5.315642857142815,3.67984865844576e-07,HOLD,5.315642857142815
2025-07-16 09:00:00+00:00,3342.042,3343.072,3338.973,3340.049,5559,3343.072,,bos ↑,,bullish,0.0,none,3.0,3.0,1,1,0,1,0,0,0.0,9.0,2.0,5.172999999999969,5.147531509582659e-07,HOLD,5.172999999999969
2025-07-16 10:00:00+00:00,3340.022,3340.427,3334.039,3334.981,5553,,,,,bullish,0.0,none,0.0,0.0,0,0,0,0,0,0,0.0,10.0,2.0,5.286428571428522,1.2791833811976009e-06,HOLD,5.286428571428522
2025-07-16 11:00:00+00:00,3334.957,3340.338,3333.72,3339.259,6810,,,,,bullish,0.0,none,1.0,1.0,0,0,0,1,0,0,0.0,11.0,2.0,5.314071428571424,0.9999983132414901,BUY,5.314071428571424
2025-07-16 12:00:00+00:00,3339.219,3341.004,3330.951,3334.494,12414,,,,,bullish,0.0,none,0.0,0.0,0,0,0,0,0,0,0.0,12.0,2.0,5.842357142857119,1.1617340775516843e-06,HOLD,5.842357142857119
2025-07-16 13:00:00+00:00,3334.531,3339.428,3321.938,3326.819,14616,,3321.938,,choch ↓,bearish,0.0,none,2.0,2.0,1,1,0,0,0,0,0.0,13.0,2.0,6.702142857142819,4.384137468455969e-07,HOLD,6.702142857142819
2025-07-16 14:00:00+00:00,3326.855,3342.637,3319.529,3338.187,20210,,3319.529,bos ↓,,bearish,0.0,none,3.0,3.0,1,1,0,1,0,0,0.0,14.0,2.0,8.086428571428542,6.499083275209836e-07,HOLD,8.086428571428542
2025-07-16 15:00:00+00:00,3338.162,3377.55,3336.033,3343.739,68301,3377.55,,,choch ↑,bullish,4.0,inverted_hammer,3.0,3.0,1,1,0,0,0,1,0.0,15.0,2.0,10.61507142857142,7.178997685510832e-07,HOLD,10.61507142857142
2025-07-16 16:00:00+00:00,3343.708,3355.152,3338.886,3349.054,23790,,,,,bullish,0.0,none,0.0,0.0,0,0,0,0,0,0,0.0,16.0,2.0,11.311785714285731,1.466687936199471e-06,HOLD,11.311785714285731
2025-07-16 17:00:00+00:00,3349.076,3357.301,3348.744,3354.806,9476,,,,,bullish,0.0,none,1.0,1.0,0,0,0,0,1,0,0.0,17.0,2.0,11.266785714285724,0.9999984050863739,BUY,11.266785714285723
2025-07-16 18:00:00+00:00,3354.774,3357.41,3349.061,3350.346,6405,3357.41,,,,bullish,0.0,none,2.0,2.0,1,0,0,1,0,0,0.0,18.0,2.0,11.445357142857151,3.7138300505849364e-07,HOLD,11.445357142857151
2025-07-16 19:00:00+00:00,3350.325,3350.512,3346.014,3347.08,6873,,3346.014,,,bullish,0.0,none,2.0,2.0,1,0,0,1,0,0,0.0,19.0,2.0,11.459357142857176,3.7469370791882797e-07,HOLD,11.459357142857177
2025-07-16 20:00:00+00:00,3347.116,3349.516,3346.257,3347.547,3804,,,,,bullish,4.0,inverted_hammer,2.0,2.0,0,0,0,1,0,1,0.0,20.0,2.0,11.38771428571431,4.4868947744188146e-07,HOLD,11.38771428571431
2025-07-16 22:00:00+00:00,3350.233,3352.247,3346.27,3349.595,3835,3352.247,,,,bullish,0.0,none,2.0,2.0,1,0,0,1,0,0,0.0,22.0,2.0,11.51135714285715,3.713009328389253e-07,HOLD,11.51135714285715
2025-07-16 23:00:00+00:00,3349.594,3350.151,3345.265,3346.526,3407,3350.151,,,,bullish,0.0,none,1.0,1.0,1,0,0,0,0,0,0.0,23.0,2.0,11.50464285714286,0.9999980633677947,BUY,11.50464285714286
2025-07-17 00:00:00+00:00,3346.556,3347.405,3339.581,3340.81,5592,,,,,bullish,0.0,none,0.0,0.0,0,0,0,0,0,0,0.0,0.0,3.0,11.770714285714282,1.602882126766394e-06,HOLD,11.770714285714282
2025-07-17 01:00:00+00:00,3340.914,3344.492,3337.204,3343.905,7325,,,,,bullish,0.0,none,1.0,1.0,0,0,0,1,0,0,0.0,1.0,3.0,11.835000000000004,0.9999981553244519,BUY,11.835000000000004
2025-07-17 02:00:00+00:00,3343.877,3344.637,3337.719,3341.335,5574,,3337.719,,choch ↓,bearish,0.0,none,3.0,3.0,1,1,0,1,0,0,0.0,2.0,3.0,11.856428571428555,4.901141315033413e-07,HOLD,11.856428571428555
2025-07-17 03:00:00+00:00,3341.398,3342.45,3336.241,3341.486,5162,,,,,bearish,5.0,doji,2.0,2.0,0,0,0,1,0,1,0.0,3.0,3.0,11.581857142857125,4.479954215597192e-07,HOLD,11.581857142857123
2025-07-17 04:00:00+00:00,3341.511,3344.726,3338.384,3342.763,4184,3344.726,,,,bearish,3.0,hammer,3.0,3.0,1,0,0,1,0,1,0.0,4.0,3.0,10.785571428571432,5.757597052754713e-07,HOLD,10.785571428571432
2025-07-17 05:00:00+00:00,3342.718,3342.928,3335.878,3339.325,5208,3342.928,,,,bearish,0.0,none,1.0,1.0,1,0,0,0,0,0,0.0,5.0,3.0,9.6385714285714,0.9999983977745656,BUY,9.6385714285714
2025-07-17 06:00:00+00:00,3339.328,3339.738,3328.215,3335.446,9255,,,,,bearish,0.0,none,0.0,0.0,0,0,0,0,0,0,0.0,6.0,3.0,7.496142857142786,1.5408986264324313e-06,HOLD,7.496142857142786
2025-07-17 07:00:00+00:00,3335.439,3336.205,3325.209,3325.886,8333,,,,,bearish,0.0,none,0.0,0.0,0,0,0,0,0,0,0.0,7.0,3.0,7.119714285714216,1.183751908738507e-06,HOLD,7.119714285714216
2025-07-17 08:00:00+00:00,3325.925,3332.032,3325.519,3328.828,5997,,,,,bearish,0.0,none,1.0,1.0,0,0,0,1,0,0,0.0,8.0,3.0,6.973714285714258,0.9999982342101422,BUY,6.973714285714258
2025-07-17 09:00:00+00:00,3328.843,3332.523,3324.656,3325.609,5525,,,,,bearish,2.0,bearish_engulfing,1.0,1.0,0,0,0,0,0,1,0.0,9.0,3.0,6.939285714285721,0.9999981679542422,BUY,6.939285714285721
2025-07-17 10:00:00+00:00,3325.508,3331.125,3324.893,3325.788,6113,,,,,bearish,5.0,doji,2.0,2.0,0,0,0,1,0,1,0.0,10.0,3.0,7.063142857142858,4.938354084321142e-07,HOLD,7.063142857142858
2025-07-17 11:00:00+00:00,3325.814,3328.527,3322.39,3324.254,7249,,,,,bearish,2.0,bearish_engulfing,1.0,1.0,0,0,0,0,0,1,0.0,11.0,3.0,7.268714285714298,0.9999981470724627,BUY,7.268714285714298
2025-07-17 12:00:00+00:00,3324.261,3328.607,3309.883,3313.06,18353,,3309.883,bos ↓,,bearish,0.0,none,2.0,2.0,1,1,0,0,0,0,0.0,12.0,3.0,8.17921428571432,4.620367126218836e-07,HOLD,8.17921428571432
2025-07-17 13:00:00+00:00,3313.151,3321.891,3311.072,3319.015,19124,,3311.072,,,bearish,0.0,none,2.0,2.0,1,0,0,1,0,0,0.0,13.0,3.0,8.603000000000034,3.9312315603332765e-07,HOLD,8.603000000000034
2025-07-17 14:00:00+00:00,3319.037,3335.16,3318.287,3334.143,11424,,,,,bearish,0.0,none,0.0,0.0,0,0,0,0,0,0,0.0,14.0,3.0,9.249357142857177,1.3060300701251263e-06,HOLD,9.249357142857175
2025-07-17 15:00:00+00:00,3334.183,3338.451,3331.302,3336.707,8639,,,,,bearish,0.0,none,0.0,0.0,0,0,0,0,0,0,0.0,15.0,3.0,9.239428571428594,1.563399039325747e-06,HOLD,9.239428571428594
2025-07-17 16:00:00+00:00,3336.675,3339.944,3335.378,3338.821,6331,3339.944,,,,bearish,0.0,none,1.0,1.0,1,0,0,0,0,0,0.0,16.0,3.0,9.071428571428571,0.9999984943945679,BUY,9.071428571428571
2025-07-17 17:00:00+00:00,3338.861,3341.098,3336.316,3337.444,5504,3341.098,,,choch ↑,bullish,0.0,none,3.0,3.0,1,1,0,1,0,0,0.0,17.0,3.0,8.969500000000023,6.810280001196916e-07,HOLD,8.969500000000023
2025-07-17 18:00:00+00:00,3337.445,3338.97,3335.594,3338.523,4519,,,,,bullish,0.0,none,1.0,1.0,0,0,0,1,0,0,0.0,18.0,3.0,8.757642857142855,0.9999984943945661,BUY,8.757642857142855
2025-07-17 19:00:00+00:00,3338.537,3340.771,3338.2,3339.763,4358,,,,,bullish,0.0,none,0.0,0.0,0,0,0,0,0,0,0.0,19.0,3.0,8.43771428571433,1.6839504476654801e-06,HOLD,8.43771428571433
2025-07-17 20:00:00+00:00,3339.768,3340.229,3337.481,3338.733,2606,,,,,bullish,0.0,none,1.0,1.0,0,0,0,1,0,0,0.0,20.0,3.0,7.810928571428609,0.9999984943945661,BUY,7.810928571428609
2025-07-17 22:00:00+00:00,3340.927,3344.009,3338.203,3343.339,5064,3344.009,,bos ↑,,bullish,0.0,none,2.0,2.0,1,1,0,0,0,0,0.0,22.0,3.0,7.440214285714319,3.8852200656282646e-07,HOLD,7.440214285714319
2025-07-17 23:00:00+00:00,3343.339,3343.448,3339.523,3340.139,3675,3343.448,,,,bullish,0.0,none,2.0,2.0,1,0,0,1,0,0,0.0,23.0,3.0,7.25535714285713,3.932546836442147e-07,HOLD,7.25535714285713
2025-07-18 00:00:00+00:00,3340.176,3341.492,3337.979,3339.866,4700,,,,,bullish,5.0,doji,2.0,2.0,0,0,0,1,0,1,0.0,0.0,4.0,6.944357142857143,4.7064121428163697e-07,HOLD,6.944357142857143
2025-07-18 01:00:00+00:00,3339.9,3343.035,3335.352,3337.698,7644,,,,,bullish,0.0,none,0.0,0.0,0,0,0,0,0,0,0.0,1.0,4.0,7.048000000000002,1.7103747582027016e-06,HOLD,7.048000000000002
2025-07-18 02:00:00+00:00,3337.666,3344.261,3336.889,3337.844,6702,3344.261,,bos ↑,,bullish,5.0,doji,4.0,4.0,1,1,0,1,0,1,0.0,2.0,4.0,7.1362142857142645,6.674675219831988e-07,HOLD,7.1362142857142645
2025-07-18 03:00:00+00:00,3337.78,3338.487,3334.038,3334.528,4870,,,,,bullish,0.0,none,0.0,0.0,0,0,0,0,0,0,0.0,3.0,4.0,6.1165714285714,1.3059959100239705e-06,HOLD,6.1165714285714
2025-07-18 04:00:00+00:00,3334.598,3336.985,3333.738,3336.985,4152,,,,,bullish,0.0,none,1.0,1.0,0,0,0,1,0,0,0.0,4.0,4.0,5.575714285714282,0.9999982772074447,BUY,5.575714285714282
2025-07-18 05:00:00+00:00,3337.09,3340.402,3333.335,3333.433,5727,,3333.335,,,bullish,2.0,bearish_engulfing,2.0,2.0,1,0,0,0,0,1,0.0,5.0,4.0,4.875285714285708,5.214031873619019e-07,HOLD,4.875285714285708
2025-07-18 06:00:00+00:00,3333.469,3342.729,3331.762,3342.043,7187,,3331.762,,choch ↓,bearish,0.0,none,2.0,2.0,1,1,0,0,0,0,0.0,6.0,4.0,5.147999999999976,3.709666550305291e-07,HOLD,5.147999999999976
2025-07-18 07:00:00+00:00,3342.004,3350.131,3340.67,3349.823,6296,,,,,bearish,0.0,none,0.0,0.0,0,0,0,0,0,0,0.0,7.0,4.0,5.497642857142831,1.6268546768345726e-06,HOLD,5.497642857142831
2025-07-18 08:00:00+00:00,3349.849,3350.446,3346.237,3347.467,5506,,,,,bearish,0.0,none,1.0,1.0,0,0,0,1,0,0,0.0,8.0,4.0,5.456714285714237,0.9999982523697484,BUY,5.456714285714237
2025-07-18 09:00:00+00:00,3347.504,3354.882,3347.421,3352.322,5826,,,,,bearish,0.0,none,1.0,1.0,0,0,0,0,1,0,0.0,9.0,4.0,5.748499999999987,0.9999984199895198,BUY,5.748499999999987
2025-07-18 10:00:00+00:00,3352.223,3352.772,3347.87,3351.349,6226,,,,,bearish,0.0,none,1.0,1.0,0,0,0,1,0,0,0.0,10.0,4.0,5.914999999999964,0.9999983526902365,BUY,5.914999999999964
2025-07-18 11:00:00+00:00,3351.324,3357.714,3350.819,3354.435,6407,,,,,bearish,1.0,bullish_engulfing,2.0,2.0,0,0,0,0,1,1,0.0,11.0,4.0,6.211214285714277,5.06219674007831e-07,HOLD,6.211214285714277
2025-07-18 12:00:00+00:00,3354.458,3361.273,3354.205,3359.916,8855,3361.273,,,choch ↑,bullish,0.0,none,3.0,3.0,1,1,0,0,1,0,0.0,12.0,4.0,6.301357142857147,5.481437678011914e-07,HOLD,6.301357142857147
2025-07-18 13:00:00+00:00,3359.954,3360.363,3352.207,3355.534,12976,3360.363,,,,bullish,0.0,none,3.0,3.0,1,0,0,1,1,0,0.0,13.0,4.0,6.603571428571448,5.479463345489821e-07,HOLD,6.603571428571448
2025-07-18 14:00:00+00:00,3355.565,3359.141,3351.143,3354.707,11234,,3351.143,,,bullish,0.0,none,3.0,3.0,1,0,0,1,1,0,0.0,14.0,4.0,6.923928571428568,5.773273540966421e-07,HOLD,6.923928571428568
2025-07-18 15:00:00+00:00,3354.706,3356.413,3352.288,3353.654,8005,,,,,bullish,0.0,none,2.0,2.0,0,0,0,1,1,0,0.0,15.0,4.0,6.669785714285711,4.1951735842932043e-07,HOLD,6.669785714285711
2025-07-18 16:00:00+00:00,3353.619,3357.506,3351.196,3353.732,7246,,,,,bullish,5.0,doji,3.0,3.0,0,0,0,1,1,1,0.0,16.0,4.0,6.593928571428576,7.733540584369917e-07,HOLD,6.593928571428576
2025-07-18 17:00:00+00:00,3353.75,3353.75,3350.518,3352.223,5518,,,,,bullish,2.0,bearish_engulfing,2.0,2.0,0,0,0,0,1,1,0.0,17.0,4.0,6.506999999999997,4.960410800489453e-07,HOLD,6.506999999999997
2025-07-18 18:00:00+00:00,3352.218,3353.367,3350.163,3351.365,4451,,,,,bullish,0.0,none,0.0,0.0,0,0,0,0,0,0,0.0,18.0,4.0,6.50392857142856,1.670551944646354e-06,HOLD,6.50392857142856
2025-07-18 19:00:00+00:00,3351.348,3352.778,3347.596,3348.325,4695,,,,,bullish,0.0,none,0.0,0.0,0,0,0,0,0,0,0.0,19.0,4.0,6.369285714285687,1.633585063703129e-06,HOLD,6.369285714285687
2025-07-18 20:00:00+00:00,3348.279,3352.079,3347.804,3350.395,3463,,,,,bullish,0.0,none,1.0,1.0,0,0,0,1,0,0,0.0,20.0,4.0,5.891285714285719,0.9999983144264225,BUY,5.891285714285719
2025-07-20 22:00:00+00:00,3348.695,3350.115,3345.01,3347.755,4181,,3345.01,,choch ↓,bearish,0.0,none,2.0,2.0,1,1,0,0,0,0,0.0,22.0,6.0,5.600142857142861,3.8852200739671795e-07,HOLD,5.600142857142861
2025-07-20 23:00:00+00:00,3347.778,3349.552,3345.405,3349.122,3627,,3345.405,,,bearish,0.0,none,2.0,2.0,1,0,0,1,0,0,0.0,23.0,6.0,5.595714285714296,3.880258517690934e-07,HOLD,5.595714285714296
2025-07-21 00:00:00+00:00,3349.168,3354.538,3347.624,3352.272,4989,,,,,bearish,0.0,none,1.0,1.0,0,0,0,0,1,0,0.0,0.0,0.0,5.556642857142866,0.9999981866427428,BUY,5.556642857142866
2025-07-21 01:00:00+00:00,3352.241,3358.641,3351.869,3356.425,6826,3358.641,,,,bearish,0.0,none,2.0,2.0,1,0,0,0,1,0,0.0,1.0,0.0,5.690214285714286,3.863046710315582e-07,HOLD,5.690214285714286
2025-07-21 02:00:00+00:00,3356.478,3357.403,3352.293,3354.098,5393,,,,,bearish,0.0,none,2.0,2.0,0,0,0,1,1,0,0.0,2.0,0.0,5.562714285714264,3.863046786808748e-07,HOLD,5.562714285714264
2025-07-21 03:00:00+00:00,3354.163,3356.926,3351.053,3351.286,4561,,3351.053,,,bearish,0.0,none,2.0,2.0,1,0,0,1,0,0,0.0,3.0,0.0,5.47735714285711,3.5460208213852673e-07,HOLD,5.47735714285711
2025-07-21 04:00:00+00:00,3351.275,3358.757,3350.618,3357.812,3989,,3350.618,bos ↓,,bearish,1.0,bullish_engulfing,4.0,4.0,1,1,0,0,1,1,0.0,4.0,0.0,5.476142857142837,8.736663246702964e-07,HOLD,5.476142857142837
2025-07-21 05:00:00+00:00,3357.764,3369.701,3357.652,3366.661,8560,,,,,bearish,0.0,none,1.0,1.0,0,0,0,0,1,0,0.0,5.0,0.0,5.765499999999975,0.9999982945680109,BUY,5.7654999999999745
2025-07-21 06:00:00+00:00,3366.689,3370.785,3365.377,3368.384,6712,3370.785,,,choch ↑,bullish,0.0,none,3.0,3.0,1,1,0,0,1,0,0.0,6.0,0.0,5.857142857142825,4.665267277004453e-07,HOLD,5.857142857142825
2025-07-21 07:00:00+00:00,3368.34,3370.492,3363.875,3364.763,6530,3370.492,,,,bullish,0.0,none,3.0,3.0,1,0,0,1,1,0,0.0,7.0,0.0,5.879071428571414,4.665267380651892e-07,HOLD,5.879071428571414
2025-07-21 08:00:00+00:00,3364.8,3366.92,3363.107,3365.909,6162,,,,,bullish,0.0,none,2.0,2.0,0,0,0,1,1,0,0.0,8.0,0.0,5.920571428571423,3.973417636914762e-07,HOLD,5.920571428571423
2025-07-21 09:00:00+00:00,3365.947,3366.413,3362.674,3366.005,5097,,3362.674,,,bullish,5.0,doji,4.0,4.0,1,0,0,1,1,1,0.0,9.0,0.0,5.958785714285698,1.1682379903237587e-06,HOLD,5.958785714285698
2025-07-21 10:00:00+00:00,3366.108,3368.04,3362.776,3365.996,4697,,3362.776,,,bullish,5.0,doji,4.0,4.0,1,0,0,1,1,1,0.0,10.0,0.0,5.964642857142865,1.0330211296969791e-06,HOLD,5.964642857142865
2025-07-21 11:00:00+00:00,3366.019,3375.603,3365.26,3375.302,7029,,,,,bullish,0.0,none,1.0,1.0,0,0,0,0,1,0,0.0,11.0,0.0,6.398071428571419,0.9999983892038601,BUY,6.398071428571419
2025-07-21 12:00:00+00:00,3375.271,3388.606,3374.531,3387.23,10408,,,,,bullish,0.0,none,1.0,1.0,0,0,0,0,1,0,0.0,12.0,0.0,7.018785714285741,0.9999983931091612,BUY,7.018785714285741
2025-07-21 13:00:00+00:00,3387.261,3395.321,3383.657,3388.615,14564,,,,,bullish,4.0,inverted_hammer,2.0,2.0,0,0,0,0,1,1,0.0,13.0,0.0,7.5557142857143,4.844847959488513e-07,HOLD,7.5557142857143
2025-07-21 14:00:00+00:00,3388.6,3401.575,3386.141,3400.342,15636,3401.575,,bos ↑,,bullish,0.0,none,3.0,3.0,1,1,0,0,1,0,0.0,14.0,0.0,8.164285714285695,5.363796761379031e-07,HOLD,8.164285714285695
2025-07-21 15:00:00+00:00,3400.316,3401.022,3395.597,3397.994,10604,3401.022,,,,bullish,0.0,none,3.0,3.0,1,0,0,1,1,0,0.0,15.0,0.0,8.068071428571395,5.363796740599658e-07,HOLD,8.068071428571395
2025-07-21 16:00:00+00:00,3397.983,3399.032,3393.731,3395.595,7947,,,,,bullish,0.0,none,2.0,2.0,0,0,0,1,1,0,0.0,16.0,0.0,8.08171428571427,4.045858201928264e-07,HOLD,8.08171428571427
2025-07-21 17:00:00+00:00,3395.587,3395.825,3391.492,3393.224,6193,,3391.492,,,bullish,0.0,none,3.0,3.0,1,0,0,1,1,0,0.0,17.0,0.0,7.97171428571424,5.363796740597009e-07,HOLD,7.97171428571424
2025-07-21 18:00:00+00:00,3393.267,3395.844,3393.01,3395.333,5458,,3393.01,,,bullish,0.0,none,3.0,3.0,1,0,0,1,1,0,0.0,18.0,0.0,7.592785714285648,5.363796740597867e-07,HOLD,7.592785714285648
2025-07-21 19:00:00+00:00,3395.43,3399.787,3395.077,3398.811,6482,,,,,bullish,0.0,none,2.0,2.0,0,0,0,1,1,0,0.0,19.0,0.0,7.0685714285713335,4.04585820192973e-07,HOLD,7.0685714285713335
2025-07-21 20:00:00+00:00,3398.744,3399.276,3396.698,3397.578,3270,,,,,bullish,0.0,none,2.0,2.0,0,0,0,1,1,0,0.0,20.0,0.0,6.866428571428481,4.0458582019289103e-07,HOLD,6.866428571428481
2025-07-21 22:00:00+00:00,3399.028,3401.115,3398.061,3399.329,2633,3401.115,,bos ↑,,bullish,5.0,doji,4.0,4.0,1,1,0,0,1,1,0.0,22.0,0.0,6.646428571428454,9.8186361977823e-07,HOLD,6.646428571428454
2025-07-21 23:00:00+00:00,3399.369,3402.783,3393.208,3396.532,5396,3402.783,,bos ↑,,bullish,2.0,bearish_engulfing,5.0,5.0,1,1,0,1,1,1,0.0,23.0,0.0,7.057999999999863,5.532676362228495e-07,HOLD,7.057999999999863
2025-07-22 00:00:00+00:00,3396.54,3397.665,3390.42,3394.481,7649,,,,,bullish,0.0,none,1.0,1.0,0,0,0,0,1,0,0.0,0.0,1.0,7.308428571428424,0.9999982940577007,BUY,7.308428571428424
2025-07-22 01:00:00+00:00,3394.526,3395.843,3385.076,3385.964,9374,,3385.076,,choch ↓,bearish,0.0,none,3.0,3.0,1,1,0,0,1,0,0.0,1.0,1.0,7.701499999999831,4.659518505772226e-07,HOLD,7.7014999999998315
2025-07-22 02:00:00+00:00,3385.952,3391.955,3385.241,3391.566,6476,,3385.241,,,bearish,0.0,none,3.0,3.0,1,0,0,1,1,0,0.0,2.0,1.0,7.442285714285552,4.65951850577293e-07,HOLD,7.4422857142855525
2025-07-22 03:00:00+00:00,3391.526,3393.742,3388.737,3392.593,5092,,,,,bearish,3.0,hammer,3.0,3.0,0,0,0,1,1,1,0.0,3.0,1.0,6.794428571428398,5.641755330124299e-07,HOLD,6.794428571428398
2025-07-22 04:00:00+00:00,3392.517,3392.55,3390.728,3390.728,294,,,,,bearish,0.0,none,2.0,2.0,0,0,0,1,1,0,0.0,4.0,1.0,6.094499999999828,3.863046278199031e-07,HOLD,6.094499999999828
